photo_url_large,taxon_name,ancestry,extension
http://inaturalist-open-data.s3.amazonaws.com/photos/3347741/large.JPG,Abaeis xantochlora xantochlora,48460/1/47120/372739/47158/184884/47157/47224/48508/119556/81728/1246878,JPG
http://inaturalist-open-data.s3.amazonaws.com/photos/9896608/large.jpg,Abaeis xantochlora xantochlora,48460/1/47120/372739/47158/184884/47157/47224/48508/119556/81728/1246878,jpg
http://inaturalist-open-data.s3.amazonaws.com/photos/11350728/large.jpeg,Abaeis xantochlora xantochlora,48460/1/47120/372739/47158/184884/47157/47224/48508/119556/81728/1246878,jpeg
http://inaturalist-open-data.s3.amazonaws.com/photos/31226380/large.jpg,Abaeis xantochlora xantochlora,48460/1/47120/372739/47158/184884/47157/47224/48508/119556/81728/1246878,jpg
http://inaturalist-open-data.s3.amazonaws.com/photos/45679891/large.jpeg,Abaeis xantochlora xantochlora,48460/1/47120/372739/47158/184884/47157/47224/48508/119556/81728/1246878,jpeg
http://inaturalist-open-data.s3.amazonaws.com/photos/47193367/large.jpg,Abaeis xantochlora xantochlora,48460/1/47120/372739/47158/184884/47157/47224/48508/119556/81728/1246878,jpg
http://inaturalist-open-data.s3.amazonaws.com/photos/46863868/large.jpg,Abaeis xantochlora xantochlora,48460/1/47120/372739/47158/184884/47157/47224/48508/119556/81728/1246878,jpg
http://inaturalist-open-data.s3.amazonaws.com/photos/54089360/large.jpeg,Abaeis xantochlora xantochlora,48460/1/47120/372739/47158/184884/47157/47224/48508/119556/81728/1246878,jpeg
http://inaturalist-open-data.s3.amazonaws.com/photos/54089377/large.jpeg,Abaeis xantochlora xantochlora,48460/1/47120/372739/47158/184884/47157/47224/48508/119556/81728/1246878,jpeg
http://inaturalist-open-data.s3.amazonaws.com/photos/54089431/large.jpeg,Abaeis xantochlora xantochlora,48460/1/47120/372739/47158/184884/47157/47224/48508/119556/81728/1246878,jpeg
http://inaturalist-open-data.s3.amazonaws.com/photos/54089449/large.jpeg,Abaeis xantochlora xantochlora,48460/1/47120/372739/47158/184884/47157/47224/48508/119556/81728/1246878,jpeg
http://inaturalist-open-data.s3.amazonaws.com/photos/57826327/large.jpg,Abaeis xantochlora xantochlora,48460/1/47120/372739/47158/184884/47157/47224/48508/119556/81728/1246878,jpg
http://inaturalist-open-data.s3.amazonaws.com/photos/60152451/large.jpg,Abaeis xantochlora xantochlora,48460/1/47120/372739/47158/184884/47157/47224/48508/119556/81728/1246878,jpg
http://inaturalist-open-data.s3.amazonaws.com/photos/70154667/large.jpg,Abaeis xantochlora xantochlora,48460/1/47120/372739/47158/184884/47157/47224/48508/119556/81728/1246878,jpg
http://inaturalist-open-data.s3.amazonaws.com/photos/70155151/large.jpg,Abaeis xantochlora xantochlora,48460/1/47120/372739/47158/184884/47157/47224/48508/119556/81728/1246878,jpg
http://inaturalist-open-data.s3.amazonaws.com/photos/86217099/large.jpeg,Abaeis xantochlora xantochlora,48460/1/47120/372739/47158/184884/47157/47224/48508/119556/81728/1246878,jpeg
http://inaturalist-open-data.s3.amazonaws.com/photos/95004005/large.jpeg,Abaeis xantochlora xantochlora,48460/1/47120/372739/47158/184884/47157/47224/48508/119556/81728/1246878,jpeg
http://inaturalist-open-data.s3.amazonaws.com/photos/95004035/large.jpeg,Abaeis xantochlora xantochlora,48460/1/47120/372739/47158/184884/47157/47224/48508/119556/81728/1246878,jpeg
http://inaturalist-open-data.s3.amazonaws.com/photos/95004063/large.jpeg,Abaeis xantochlora xantochlora,48460/1/47120/372739/47158/184884/47157/47224/48508/119556/81728/1246878,jpeg
http://inaturalist-open-data.s3.amazonaws.com/photos/95004090/large.jpeg,Abaeis xantochlora xantochlora,48460/1/47120/372739/47158/184884/47157/47224/48508/119556/81728/1246878,jpeg
http://inaturalist-open-data.s3.amazonaws.com/photos/98194032/large.jpg,Abaeis xantochlora xantochlora,48460/1/47120/372739/47158/184884/47157/47224/48508/119556/81728/1246878,jpg
http://inaturalist-open-data.s3.amazonaws.com/photos/102968437/large.jpg,Abaeis xantochlora xantochlora,48460/1/47120/372739/47158/184884/47157/47224/48508/119556/81728/1246878,jpg
http://inaturalist-open-data.s3.amazonaws.com/photos/105636165/large.jpeg,Abaeis xantochlora xantochlora,48460/1/47120/372739/47158/184884/47157/47224/48508/119556/81728/1246878,jpeg
http://inaturalist-open-data.s3.amazonaws.com/photos/105651434/large.jpeg,Abaeis xantochlora xantochlora,48460/1/47120/372739/47158/184884/47157/47224/48508/119556/81728/1246878,jpeg
http://inaturalist-open-data.s3.amazonaws.com/photos/105693024/large.jpeg,Abaeis xantochlora xantochlora,48460/1/47120/372739/47158/184884/47157/47224/48508/119556/81728/1246878,jpeg
http://inaturalist-open-data.s3.amazonaws.com/photos/105692947/large.jpeg,Abaeis xantochlora xantochlora,48460/1/47120/372739/47158/184884/47157/47224/48508/119556/81728/1246878,jpeg
http://inaturalist-open-data.s3.amazonaws.com/photos/105693328/large.jpeg,Abaeis xantochlora xantochlora,48460/1/47120/372739/47158/184884/47157/47224/48508/119556/81728/1246878,jpeg
http://inaturalist-open-data.s3.amazonaws.com/photos/110274572/large.jpg,Abaeis xantochlora xantochlora,48460/1/47120/372739/47158/184884/47157/47224/48508/119556/81728/1246878,jpg
http://inaturalist-open-data.s3.amazonaws.com/photos/110277133/large.jpg,Abaeis xantochlora xantochlora,48460/1/47120/372739/47158/184884/47157/47224/48508/119556/81728/1246878,jpg
http://inaturalist-open-data.s3.amazonaws.com/photos/129332260/large.jpg,Abaeis xantochlora xantochlora,48460/1/47120/372739/47158/184884/47157/47224/48508/119556/81728/1246878,jpg
