photo_url_large,taxon_name,ancestry,extension
http://inaturalist-open-data.s3.amazonaws.com/photos/38635391/large.jpg,Abaeis deva deva,48460/1/47120/372739/47158/184884/47157/47224/48508/119556/81728/1282677,jpg
http://inaturalist-open-data.s3.amazonaws.com/photos/39573364/large.jpg,Abaeis deva deva,48460/1/47120/372739/47158/184884/47157/47224/48508/119556/81728/1282677,jpg
http://inaturalist-open-data.s3.amazonaws.com/photos/39898012/large.jpg,Abaeis deva deva,48460/1/47120/372739/47158/184884/47157/47224/48508/119556/81728/1282677,jpg
http://inaturalist-open-data.s3.amazonaws.com/photos/40392846/large.jpg,Abaeis deva deva,48460/1/47120/372739/47158/184884/47157/47224/48508/119556/81728/1282677,jpg
http://inaturalist-open-data.s3.amazonaws.com/photos/48784798/large.jpeg,Abaeis deva deva,48460/1/47120/372739/47158/184884/47157/47224/48508/119556/81728/1282677,jpeg
http://inaturalist-open-data.s3.amazonaws.com/photos/52002233/large.jpg,Abaeis deva deva,48460/1/47120/372739/47158/184884/47157/47224/48508/119556/81728/1282677,jpg
http://inaturalist-open-data.s3.amazonaws.com/photos/57596553/large.jpeg,Abaeis deva deva,48460/1/47120/372739/47158/184884/47157/47224/48508/119556/81728/1282677,jpeg
http://inaturalist-open-data.s3.amazonaws.com/photos/57596565/large.jpeg,Abaeis deva deva,48460/1/47120/372739/47158/184884/47157/47224/48508/119556/81728/1282677,jpeg
http://inaturalist-open-data.s3.amazonaws.com/photos/57596570/large.jpeg,Abaeis deva deva,48460/1/47120/372739/47158/184884/47157/47224/48508/119556/81728/1282677,jpeg
http://inaturalist-open-data.s3.amazonaws.com/photos/57596573/large.jpeg,Abaeis deva deva,48460/1/47120/372739/47158/184884/47157/47224/48508/119556/81728/1282677,jpeg
http://inaturalist-open-data.s3.amazonaws.com/photos/57596580/large.jpeg,Abaeis deva deva,48460/1/47120/372739/47158/184884/47157/47224/48508/119556/81728/1282677,jpeg
http://inaturalist-open-data.s3.amazonaws.com/photos/64459775/large.jpeg,Abaeis deva deva,48460/1/47120/372739/47158/184884/47157/47224/48508/119556/81728/1282677,jpeg
http://inaturalist-open-data.s3.amazonaws.com/photos/64459087/large.jpeg,Abaeis deva deva,48460/1/47120/372739/47158/184884/47157/47224/48508/119556/81728/1282677,jpeg
http://inaturalist-open-data.s3.amazonaws.com/photos/64459779/large.jpeg,Abaeis deva deva,48460/1/47120/372739/47158/184884/47157/47224/48508/119556/81728/1282677,jpeg
http://inaturalist-open-data.s3.amazonaws.com/photos/64871348/large.jpg,Abaeis deva deva,48460/1/47120/372739/47158/184884/47157/47224/48508/119556/81728/1282677,jpg
http://inaturalist-open-data.s3.amazonaws.com/photos/67945324/large.jpeg,Abaeis deva deva,48460/1/47120/372739/47158/184884/47157/47224/48508/119556/81728/1282677,jpeg
http://inaturalist-open-data.s3.amazonaws.com/photos/68748790/large.jpeg,Abaeis deva deva,48460/1/47120/372739/47158/184884/47157/47224/48508/119556/81728/1282677,jpeg
http://inaturalist-open-data.s3.amazonaws.com/photos/68753374/large.jpeg,Abaeis deva deva,48460/1/47120/372739/47158/184884/47157/47224/48508/119556/81728/1282677,jpeg
http://inaturalist-open-data.s3.amazonaws.com/photos/70775961/large.jpeg,Abaeis deva deva,48460/1/47120/372739/47158/184884/47157/47224/48508/119556/81728/1282677,jpeg
http://inaturalist-open-data.s3.amazonaws.com/photos/70775915/large.jpeg,Abaeis deva deva,48460/1/47120/372739/47158/184884/47157/47224/48508/119556/81728/1282677,jpeg
http://inaturalist-open-data.s3.amazonaws.com/photos/70775979/large.jpeg,Abaeis deva deva,48460/1/47120/372739/47158/184884/47157/47224/48508/119556/81728/1282677,jpeg
http://inaturalist-open-data.s3.amazonaws.com/photos/70775936/large.jpeg,Abaeis deva deva,48460/1/47120/372739/47158/184884/47157/47224/48508/119556/81728/1282677,jpeg
http://inaturalist-open-data.s3.amazonaws.com/photos/70815959/large.jpeg,Abaeis deva deva,48460/1/47120/372739/47158/184884/47157/47224/48508/119556/81728/1282677,jpeg
http://inaturalist-open-data.s3.amazonaws.com/photos/70815971/large.jpeg,Abaeis deva deva,48460/1/47120/372739/47158/184884/47157/47224/48508/119556/81728/1282677,jpeg
http://inaturalist-open-data.s3.amazonaws.com/photos/70816020/large.jpeg,Abaeis deva deva,48460/1/47120/372739/47158/184884/47157/47224/48508/119556/81728/1282677,jpeg
http://inaturalist-open-data.s3.amazonaws.com/photos/71041551/large.jpg,Abaeis deva deva,48460/1/47120/372739/47158/184884/47157/47224/48508/119556/81728/1282677,jpg
http://inaturalist-open-data.s3.amazonaws.com/photos/71563741/large.jpg,Abaeis deva deva,48460/1/47120/372739/47158/184884/47157/47224/48508/119556/81728/1282677,jpg
http://inaturalist-open-data.s3.amazonaws.com/photos/71681631/large.jpeg,Abaeis deva deva,48460/1/47120/372739/47158/184884/47157/47224/48508/119556/81728/1282677,jpeg
http://inaturalist-open-data.s3.amazonaws.com/photos/73204268/large.jpg,Abaeis deva deva,48460/1/47120/372739/47158/184884/47157/47224/48508/119556/81728/1282677,jpg
http://inaturalist-open-data.s3.amazonaws.com/photos/73204412/large.jpg,Abaeis deva deva,48460/1/47120/372739/47158/184884/47157/47224/48508/119556/81728/1282677,jpg
http://inaturalist-open-data.s3.amazonaws.com/photos/73807520/large.jpg,Abaeis deva deva,48460/1/47120/372739/47158/184884/47157/47224/48508/119556/81728/1282677,jpg
http://inaturalist-open-data.s3.amazonaws.com/photos/79910757/large.jpg,Abaeis deva deva,48460/1/47120/372739/47158/184884/47157/47224/48508/119556/81728/1282677,jpg
http://inaturalist-open-data.s3.amazonaws.com/photos/79910566/large.jpg,Abaeis deva deva,48460/1/47120/372739/47158/184884/47157/47224/48508/119556/81728/1282677,jpg
http://inaturalist-open-data.s3.amazonaws.com/photos/91247949/large.jpeg,Abaeis deva deva,48460/1/47120/372739/47158/184884/47157/47224/48508/119556/81728/1282677,jpeg
http://inaturalist-open-data.s3.amazonaws.com/photos/97595034/large.jpg,Abaeis deva deva,48460/1/47120/372739/47158/184884/47157/47224/48508/119556/81728/1282677,jpg
http://inaturalist-open-data.s3.amazonaws.com/photos/98336684/large.jpeg,Abaeis deva deva,48460/1/47120/372739/47158/184884/47157/47224/48508/119556/81728/1282677,jpeg
http://inaturalist-open-data.s3.amazonaws.com/photos/102521809/large.jpeg,Abaeis deva deva,48460/1/47120/372739/47158/184884/47157/47224/48508/119556/81728/1282677,jpeg
http://inaturalist-open-data.s3.amazonaws.com/photos/103273164/large.jpeg,Abaeis deva deva,48460/1/47120/372739/47158/184884/47157/47224/48508/119556/81728/1282677,jpeg
http://inaturalist-open-data.s3.amazonaws.com/photos/106063396/large.jpg,Abaeis deva deva,48460/1/47120/372739/47158/184884/47157/47224/48508/119556/81728/1282677,jpg
http://inaturalist-open-data.s3.amazonaws.com/photos/106063626/large.jpg,Abaeis deva deva,48460/1/47120/372739/47158/184884/47157/47224/48508/119556/81728/1282677,jpg
http://inaturalist-open-data.s3.amazonaws.com/photos/106063719/large.jpeg,Abaeis deva deva,48460/1/47120/372739/47158/184884/47157/47224/48508/119556/81728/1282677,jpeg
http://inaturalist-open-data.s3.amazonaws.com/photos/106063811/large.jpg,Abaeis deva deva,48460/1/47120/372739/47158/184884/47157/47224/48508/119556/81728/1282677,jpg
http://inaturalist-open-data.s3.amazonaws.com/photos/106063915/large.jpg,Abaeis deva deva,48460/1/47120/372739/47158/184884/47157/47224/48508/119556/81728/1282677,jpg
http://inaturalist-open-data.s3.amazonaws.com/photos/106063966/large.jpeg,Abaeis deva deva,48460/1/47120/372739/47158/184884/47157/47224/48508/119556/81728/1282677,jpeg
http://inaturalist-open-data.s3.amazonaws.com/photos/106064031/large.jpeg,Abaeis deva deva,48460/1/47120/372739/47158/184884/47157/47224/48508/119556/81728/1282677,jpeg
http://inaturalist-open-data.s3.amazonaws.com/photos/106064098/large.jpeg,Abaeis deva deva,48460/1/47120/372739/47158/184884/47157/47224/48508/119556/81728/1282677,jpeg
http://inaturalist-open-data.s3.amazonaws.com/photos/106064164/large.jpg,Abaeis deva deva,48460/1/47120/372739/47158/184884/47157/47224/48508/119556/81728/1282677,jpg
http://inaturalist-open-data.s3.amazonaws.com/photos/106064285/large.jpg,Abaeis deva deva,48460/1/47120/372739/47158/184884/47157/47224/48508/119556/81728/1282677,jpg
http://inaturalist-open-data.s3.amazonaws.com/photos/106064351/large.jpeg,Abaeis deva deva,48460/1/47120/372739/47158/184884/47157/47224/48508/119556/81728/1282677,jpeg
http://inaturalist-open-data.s3.amazonaws.com/photos/106064460/large.jpeg,Abaeis deva deva,48460/1/47120/372739/47158/184884/47157/47224/48508/119556/81728/1282677,jpeg
http://inaturalist-open-data.s3.amazonaws.com/photos/106064672/large.jpeg,Abaeis deva deva,48460/1/47120/372739/47158/184884/47157/47224/48508/119556/81728/1282677,jpeg
http://inaturalist-open-data.s3.amazonaws.com/photos/106064760/large.jpg,Abaeis deva deva,48460/1/47120/372739/47158/184884/47157/47224/48508/119556/81728/1282677,jpg
http://inaturalist-open-data.s3.amazonaws.com/photos/106064833/large.jpg,Abaeis deva deva,48460/1/47120/372739/47158/184884/47157/47224/48508/119556/81728/1282677,jpg
http://inaturalist-open-data.s3.amazonaws.com/photos/106065092/large.jpeg,Abaeis deva deva,48460/1/47120/372739/47158/184884/47157/47224/48508/119556/81728/1282677,jpeg
http://inaturalist-open-data.s3.amazonaws.com/photos/106065188/large.jpg,Abaeis deva deva,48460/1/47120/372739/47158/184884/47157/47224/48508/119556/81728/1282677,jpg
http://inaturalist-open-data.s3.amazonaws.com/photos/106065256/large.jpeg,Abaeis deva deva,48460/1/47120/372739/47158/184884/47157/47224/48508/119556/81728/1282677,jpeg
http://inaturalist-open-data.s3.amazonaws.com/photos/106065308/large.jpeg,Abaeis deva deva,48460/1/47120/372739/47158/184884/47157/47224/48508/119556/81728/1282677,jpeg
http://inaturalist-open-data.s3.amazonaws.com/photos/106065366/large.jpeg,Abaeis deva deva,48460/1/47120/372739/47158/184884/47157/47224/48508/119556/81728/1282677,jpeg
http://inaturalist-open-data.s3.amazonaws.com/photos/106065439/large.jpeg,Abaeis deva deva,48460/1/47120/372739/47158/184884/47157/47224/48508/119556/81728/1282677,jpeg
http://inaturalist-open-data.s3.amazonaws.com/photos/106065507/large.jpeg,Abaeis deva deva,48460/1/47120/372739/47158/184884/47157/47224/48508/119556/81728/1282677,jpeg
http://inaturalist-open-data.s3.amazonaws.com/photos/106065579/large.jpeg,Abaeis deva deva,48460/1/47120/372739/47158/184884/47157/47224/48508/119556/81728/1282677,jpeg
http://inaturalist-open-data.s3.amazonaws.com/photos/106065649/large.jpg,Abaeis deva deva,48460/1/47120/372739/47158/184884/47157/47224/48508/119556/81728/1282677,jpg
http://inaturalist-open-data.s3.amazonaws.com/photos/108167480/large.jpeg,Abaeis deva deva,48460/1/47120/372739/47158/184884/47157/47224/48508/119556/81728/1282677,jpeg
http://inaturalist-open-data.s3.amazonaws.com/photos/114113014/large.jpeg,Abaeis deva deva,48460/1/47120/372739/47158/184884/47157/47224/48508/119556/81728/1282677,jpeg
http://inaturalist-open-data.s3.amazonaws.com/photos/115080528/large.jpg,Abaeis deva deva,48460/1/47120/372739/47158/184884/47157/47224/48508/119556/81728/1282677,jpg
http://inaturalist-open-data.s3.amazonaws.com/photos/115215463/large.jpeg,Abaeis deva deva,48460/1/47120/372739/47158/184884/47157/47224/48508/119556/81728/1282677,jpeg
http://inaturalist-open-data.s3.amazonaws.com/photos/119226115/large.jpeg,Abaeis deva deva,48460/1/47120/372739/47158/184884/47157/47224/48508/119556/81728/1282677,jpeg
http://inaturalist-open-data.s3.amazonaws.com/photos/122425453/large.jpeg,Abaeis deva deva,48460/1/47120/372739/47158/184884/47157/47224/48508/119556/81728/1282677,jpeg
http://inaturalist-open-data.s3.amazonaws.com/photos/122425473/large.jpeg,Abaeis deva deva,48460/1/47120/372739/47158/184884/47157/47224/48508/119556/81728/1282677,jpeg
http://inaturalist-open-data.s3.amazonaws.com/photos/123922970/large.jpg,Abaeis deva deva,48460/1/47120/372739/47158/184884/47157/47224/48508/119556/81728/1282677,jpg
http://inaturalist-open-data.s3.amazonaws.com/photos/134704258/large.jpeg,Abaeis deva deva,48460/1/47120/372739/47158/184884/47157/47224/48508/119556/81728/1282677,jpeg
http://inaturalist-open-data.s3.amazonaws.com/photos/136790464/large.jpeg,Abaeis deva deva,48460/1/47120/372739/47158/184884/47157/47224/48508/119556/81728/1282677,jpeg
http://inaturalist-open-data.s3.amazonaws.com/photos/146436946/large.jpeg,Abaeis deva deva,48460/1/47120/372739/47158/184884/47157/47224/48508/119556/81728/1282677,jpeg
http://inaturalist-open-data.s3.amazonaws.com/photos/146436985/large.jpeg,Abaeis deva deva,48460/1/47120/372739/47158/184884/47157/47224/48508/119556/81728/1282677,jpeg
http://inaturalist-open-data.s3.amazonaws.com/photos/146437023/large.jpeg,Abaeis deva deva,48460/1/47120/372739/47158/184884/47157/47224/48508/119556/81728/1282677,jpeg
http://inaturalist-open-data.s3.amazonaws.com/photos/170892165/large.jpeg,Abaeis deva deva,48460/1/47120/372739/47158/184884/47157/47224/48508/119556/81728/1282677,jpeg
http://inaturalist-open-data.s3.amazonaws.com/photos/171445515/large.jpg,Abaeis deva deva,48460/1/47120/372739/47158/184884/47157/47224/48508/119556/81728/1282677,jpg
