photo_url_large,taxon_name,ancestry,extension
http://inaturalist-open-data.s3.amazonaws.com/photos/31729680/large.jpeg,Acanthacris ruficornis citrina,48460/1/47120/372739/47158/184884/47651/67688/700600/47650/47649/337688/132430/132429,jpeg
http://inaturalist-open-data.s3.amazonaws.com/photos/131982783/large.jpeg,Acanthacris ruficornis citrina,48460/1/47120/372739/47158/184884/47651/67688/700600/47650/47649/337688/132430/132429,jpeg
http://inaturalist-open-data.s3.amazonaws.com/photos/131982801/large.jpeg,Acanthacris ruficornis citrina,48460/1/47120/372739/47158/184884/47651/67688/700600/47650/47649/337688/132430/132429,jpeg
http://inaturalist-open-data.s3.amazonaws.com/photos/175606390/large.jpg,Acanthacris ruficornis citrina,48460/1/47120/372739/47158/184884/47651/67688/700600/47650/47649/337688/132430/132429,jpg
