photo_url_large,taxon_name,ancestry,extension
http://inaturalist-open-data.s3.amazonaws.com/photos/6068583/large.jpeg,Acmaeodera quadrifasciata prunneri,48460/1/47120/372739/47158/184884/47208/71130/372854/54965/54964/510061/510062/886834/1075630/524884,jpeg
http://inaturalist-open-data.s3.amazonaws.com/photos/6068584/large.jpeg,Acmaeodera quadrifasciata prunneri,48460/1/47120/372739/47158/184884/47208/71130/372854/54965/54964/510061/510062/886834/1075630/524884,jpeg
http://inaturalist-open-data.s3.amazonaws.com/photos/6068585/large.jpeg,Acmaeodera quadrifasciata prunneri,48460/1/47120/372739/47158/184884/47208/71130/372854/54965/54964/510061/510062/886834/1075630/524884,jpeg
http://inaturalist-open-data.s3.amazonaws.com/photos/6068604/large.jpg,Acmaeodera quadrifasciata prunneri,48460/1/47120/372739/47158/184884/47208/71130/372854/54965/54964/510061/510062/886834/1075630/524884,jpg
http://inaturalist-open-data.s3.amazonaws.com/photos/6068580/large.jpeg,Acmaeodera quadrifasciata prunneri,48460/1/47120/372739/47158/184884/47208/71130/372854/54965/54964/510061/510062/886834/1075630/524884,jpeg
http://inaturalist-open-data.s3.amazonaws.com/photos/42506630/large.jpeg,Acmaeodera quadrifasciata prunneri,48460/1/47120/372739/47158/184884/47208/71130/372854/54965/54964/510061/510062/886834/1075630/524884,jpeg
http://inaturalist-open-data.s3.amazonaws.com/photos/42506652/large.jpeg,Acmaeodera quadrifasciata prunneri,48460/1/47120/372739/47158/184884/47208/71130/372854/54965/54964/510061/510062/886834/1075630/524884,jpeg
http://inaturalist-open-data.s3.amazonaws.com/photos/141444916/large.jpg,Acmaeodera quadrifasciata prunneri,48460/1/47120/372739/47158/184884/47208/71130/372854/54965/54964/510061/510062/886834/1075630/524884,jpg
http://inaturalist-open-data.s3.amazonaws.com/photos/149717304/large.jpeg,Acmaeodera quadrifasciata prunneri,48460/1/47120/372739/47158/184884/47208/71130/372854/54965/54964/510061/510062/886834/1075630/524884,jpeg
http://inaturalist-open-data.s3.amazonaws.com/photos/149717410/large.jpeg,Acmaeodera quadrifasciata prunneri,48460/1/47120/372739/47158/184884/47208/71130/372854/54965/54964/510061/510062/886834/1075630/524884,jpeg
http://inaturalist-open-data.s3.amazonaws.com/photos/149717381/large.jpeg,Acmaeodera quadrifasciata prunneri,48460/1/47120/372739/47158/184884/47208/71130/372854/54965/54964/510061/510062/886834/1075630/524884,jpeg
http://inaturalist-open-data.s3.amazonaws.com/photos/149717391/large.jpeg,Acmaeodera quadrifasciata prunneri,48460/1/47120/372739/47158/184884/47208/71130/372854/54965/54964/510061/510062/886834/1075630/524884,jpeg
http://inaturalist-open-data.s3.amazonaws.com/photos/149717429/large.jpeg,Acmaeodera quadrifasciata prunneri,48460/1/47120/372739/47158/184884/47208/71130/372854/54965/54964/510061/510062/886834/1075630/524884,jpeg
http://inaturalist-open-data.s3.amazonaws.com/photos/149717365/large.jpeg,Acmaeodera quadrifasciata prunneri,48460/1/47120/372739/47158/184884/47208/71130/372854/54965/54964/510061/510062/886834/1075630/524884,jpeg
http://inaturalist-open-data.s3.amazonaws.com/photos/149717357/large.jpeg,Acmaeodera quadrifasciata prunneri,48460/1/47120/372739/47158/184884/47208/71130/372854/54965/54964/510061/510062/886834/1075630/524884,jpeg
http://inaturalist-open-data.s3.amazonaws.com/photos/149717339/large.jpeg,Acmaeodera quadrifasciata prunneri,48460/1/47120/372739/47158/184884/47208/71130/372854/54965/54964/510061/510062/886834/1075630/524884,jpeg
http://inaturalist-open-data.s3.amazonaws.com/photos/149717319/large.jpeg,Acmaeodera quadrifasciata prunneri,48460/1/47120/372739/47158/184884/47208/71130/372854/54965/54964/510061/510062/886834/1075630/524884,jpeg
http://inaturalist-open-data.s3.amazonaws.com/photos/157518728/large.jpg,Acmaeodera quadrifasciata prunneri,48460/1/47120/372739/47158/184884/47208/71130/372854/54965/54964/510061/510062/886834/1075630/524884,jpg
http://inaturalist-open-data.s3.amazonaws.com/photos/164877243/large.jpeg,Acmaeodera quadrifasciata prunneri,48460/1/47120/372739/47158/184884/47208/71130/372854/54965/54964/510061/510062/886834/1075630/524884,jpeg
http://inaturalist-open-data.s3.amazonaws.com/photos/164879654/large.jpeg,Acmaeodera quadrifasciata prunneri,48460/1/47120/372739/47158/184884/47208/71130/372854/54965/54964/510061/510062/886834/1075630/524884,jpeg
