photo_url_large,taxon_name,ancestry,extension
http://inaturalist-open-data.s3.amazonaws.com/photos/1076208/large.JPG,Acraea acrita acrita,48460/1/47120/372739/47158/184884/47157/47224/47922/60854/134176/68481/357382,JPG
http://inaturalist-open-data.s3.amazonaws.com/photos/10865752/large.jpeg,Acraea acrita acrita,48460/1/47120/372739/47158/184884/47157/47224/47922/60854/134176/68481/357382,jpeg
http://inaturalist-open-data.s3.amazonaws.com/photos/10865795/large.jpeg,Acraea acrita acrita,48460/1/47120/372739/47158/184884/47157/47224/47922/60854/134176/68481/357382,jpeg
http://inaturalist-open-data.s3.amazonaws.com/photos/10865797/large.jpeg,Acraea acrita acrita,48460/1/47120/372739/47158/184884/47157/47224/47922/60854/134176/68481/357382,jpeg
http://inaturalist-open-data.s3.amazonaws.com/photos/10865799/large.jpeg,Acraea acrita acrita,48460/1/47120/372739/47158/184884/47157/47224/47922/60854/134176/68481/357382,jpeg
http://inaturalist-open-data.s3.amazonaws.com/photos/18652448/large.jpg,Acraea acrita acrita,48460/1/47120/372739/47158/184884/47157/47224/47922/60854/134176/68481/357382,jpg
http://inaturalist-open-data.s3.amazonaws.com/photos/18652450/large.jpg,Acraea acrita acrita,48460/1/47120/372739/47158/184884/47157/47224/47922/60854/134176/68481/357382,jpg
http://inaturalist-open-data.s3.amazonaws.com/photos/19024069/large.jpg,Acraea acrita acrita,48460/1/47120/372739/47158/184884/47157/47224/47922/60854/134176/68481/357382,jpg
http://inaturalist-open-data.s3.amazonaws.com/photos/20495930/large.jpeg,Acraea acrita acrita,48460/1/47120/372739/47158/184884/47157/47224/47922/60854/134176/68481/357382,jpeg
http://inaturalist-open-data.s3.amazonaws.com/photos/25179644/large.jpg,Acraea acrita acrita,48460/1/47120/372739/47158/184884/47157/47224/47922/60854/134176/68481/357382,jpg
http://inaturalist-open-data.s3.amazonaws.com/photos/25179660/large.jpg,Acraea acrita acrita,48460/1/47120/372739/47158/184884/47157/47224/47922/60854/134176/68481/357382,jpg
http://inaturalist-open-data.s3.amazonaws.com/photos/25179647/large.jpg,Acraea acrita acrita,48460/1/47120/372739/47158/184884/47157/47224/47922/60854/134176/68481/357382,jpg
http://inaturalist-open-data.s3.amazonaws.com/photos/39321992/large.jpg,Acraea acrita acrita,48460/1/47120/372739/47158/184884/47157/47224/47922/60854/134176/68481/357382,jpg
http://inaturalist-open-data.s3.amazonaws.com/photos/39322018/large.jpg,Acraea acrita acrita,48460/1/47120/372739/47158/184884/47157/47224/47922/60854/134176/68481/357382,jpg
http://inaturalist-open-data.s3.amazonaws.com/photos/39322010/large.jpg,Acraea acrita acrita,48460/1/47120/372739/47158/184884/47157/47224/47922/60854/134176/68481/357382,jpg
http://inaturalist-open-data.s3.amazonaws.com/photos/45401570/large.jpeg,Acraea acrita acrita,48460/1/47120/372739/47158/184884/47157/47224/47922/60854/134176/68481/357382,jpeg
http://inaturalist-open-data.s3.amazonaws.com/photos/45401691/large.jpeg,Acraea acrita acrita,48460/1/47120/372739/47158/184884/47157/47224/47922/60854/134176/68481/357382,jpeg
http://inaturalist-open-data.s3.amazonaws.com/photos/53260112/large.jpeg,Acraea acrita acrita,48460/1/47120/372739/47158/184884/47157/47224/47922/60854/134176/68481/357382,jpeg
http://inaturalist-open-data.s3.amazonaws.com/photos/53260135/large.jpeg,Acraea acrita acrita,48460/1/47120/372739/47158/184884/47157/47224/47922/60854/134176/68481/357382,jpeg
http://inaturalist-open-data.s3.amazonaws.com/photos/55028776/large.jpg,Acraea acrita acrita,48460/1/47120/372739/47158/184884/47157/47224/47922/60854/134176/68481/357382,jpg
http://inaturalist-open-data.s3.amazonaws.com/photos/55028908/large.jpg,Acraea acrita acrita,48460/1/47120/372739/47158/184884/47157/47224/47922/60854/134176/68481/357382,jpg
http://inaturalist-open-data.s3.amazonaws.com/photos/162051602/large.jpg,Acraea acrita acrita,48460/1/47120/372739/47158/184884/47157/47224/47922/60854/134176/68481/357382,jpg
http://inaturalist-open-data.s3.amazonaws.com/photos/162051578/large.jpg,Acraea acrita acrita,48460/1/47120/372739/47158/184884/47157/47224/47922/60854/134176/68481/357382,jpg
http://inaturalist-open-data.s3.amazonaws.com/photos/162051624/large.jpg,Acraea acrita acrita,48460/1/47120/372739/47158/184884/47157/47224/47922/60854/134176/68481/357382,jpg
