photo_url_large,taxon_name,ancestry,extension
http://inaturalist-open-data.s3.amazonaws.com/photos/9083032/large.jpg,Acraea aganice aganice,48460/1/47120/372739/47158/184884/47157/47224/47922/60854/134176/68481/553408,jpg
http://inaturalist-open-data.s3.amazonaws.com/photos/10746379/large.jpeg,Acraea aganice aganice,48460/1/47120/372739/47158/184884/47157/47224/47922/60854/134176/68481/553408,jpeg
http://inaturalist-open-data.s3.amazonaws.com/photos/15242312/large.jpg,Acraea aganice aganice,48460/1/47120/372739/47158/184884/47157/47224/47922/60854/134176/68481/553408,jpg
http://inaturalist-open-data.s3.amazonaws.com/photos/15242315/large.jpg,Acraea aganice aganice,48460/1/47120/372739/47158/184884/47157/47224/47922/60854/134176/68481/553408,jpg
http://inaturalist-open-data.s3.amazonaws.com/photos/15242321/large.jpg,Acraea aganice aganice,48460/1/47120/372739/47158/184884/47157/47224/47922/60854/134176/68481/553408,jpg
http://inaturalist-open-data.s3.amazonaws.com/photos/15245000/large.jpg,Acraea aganice aganice,48460/1/47120/372739/47158/184884/47157/47224/47922/60854/134176/68481/553408,jpg
http://inaturalist-open-data.s3.amazonaws.com/photos/15245003/large.jpg,Acraea aganice aganice,48460/1/47120/372739/47158/184884/47157/47224/47922/60854/134176/68481/553408,jpg
http://inaturalist-open-data.s3.amazonaws.com/photos/15272845/large.jpg,Acraea aganice aganice,48460/1/47120/372739/47158/184884/47157/47224/47922/60854/134176/68481/553408,jpg
http://inaturalist-open-data.s3.amazonaws.com/photos/15272843/large.jpg,Acraea aganice aganice,48460/1/47120/372739/47158/184884/47157/47224/47922/60854/134176/68481/553408,jpg
http://inaturalist-open-data.s3.amazonaws.com/photos/15284873/large.jpg,Acraea aganice aganice,48460/1/47120/372739/47158/184884/47157/47224/47922/60854/134176/68481/553408,jpg
http://inaturalist-open-data.s3.amazonaws.com/photos/15285292/large.jpg,Acraea aganice aganice,48460/1/47120/372739/47158/184884/47157/47224/47922/60854/134176/68481/553408,jpg
http://inaturalist-open-data.s3.amazonaws.com/photos/15456469/large.jpg,Acraea aganice aganice,48460/1/47120/372739/47158/184884/47157/47224/47922/60854/134176/68481/553408,jpg
http://inaturalist-open-data.s3.amazonaws.com/photos/15456476/large.jpg,Acraea aganice aganice,48460/1/47120/372739/47158/184884/47157/47224/47922/60854/134176/68481/553408,jpg
http://inaturalist-open-data.s3.amazonaws.com/photos/15456479/large.jpg,Acraea aganice aganice,48460/1/47120/372739/47158/184884/47157/47224/47922/60854/134176/68481/553408,jpg
http://inaturalist-open-data.s3.amazonaws.com/photos/15456481/large.jpg,Acraea aganice aganice,48460/1/47120/372739/47158/184884/47157/47224/47922/60854/134176/68481/553408,jpg
http://inaturalist-open-data.s3.amazonaws.com/photos/15456482/large.jpg,Acraea aganice aganice,48460/1/47120/372739/47158/184884/47157/47224/47922/60854/134176/68481/553408,jpg
http://inaturalist-open-data.s3.amazonaws.com/photos/15586346/large.jpg,Acraea aganice aganice,48460/1/47120/372739/47158/184884/47157/47224/47922/60854/134176/68481/553408,jpg
http://inaturalist-open-data.s3.amazonaws.com/photos/15953789/large.jpg,Acraea aganice aganice,48460/1/47120/372739/47158/184884/47157/47224/47922/60854/134176/68481/553408,jpg
http://inaturalist-open-data.s3.amazonaws.com/photos/15953792/large.jpg,Acraea aganice aganice,48460/1/47120/372739/47158/184884/47157/47224/47922/60854/134176/68481/553408,jpg
http://inaturalist-open-data.s3.amazonaws.com/photos/15973819/large.jpg,Acraea aganice aganice,48460/1/47120/372739/47158/184884/47157/47224/47922/60854/134176/68481/553408,jpg
http://inaturalist-open-data.s3.amazonaws.com/photos/16120354/large.jpg,Acraea aganice aganice,48460/1/47120/372739/47158/184884/47157/47224/47922/60854/134176/68481/553408,jpg
http://inaturalist-open-data.s3.amazonaws.com/photos/16120355/large.jpg,Acraea aganice aganice,48460/1/47120/372739/47158/184884/47157/47224/47922/60854/134176/68481/553408,jpg
http://inaturalist-open-data.s3.amazonaws.com/photos/16147298/large.jpg,Acraea aganice aganice,48460/1/47120/372739/47158/184884/47157/47224/47922/60854/134176/68481/553408,jpg
http://inaturalist-open-data.s3.amazonaws.com/photos/16147302/large.jpg,Acraea aganice aganice,48460/1/47120/372739/47158/184884/47157/47224/47922/60854/134176/68481/553408,jpg
http://inaturalist-open-data.s3.amazonaws.com/photos/16147304/large.jpg,Acraea aganice aganice,48460/1/47120/372739/47158/184884/47157/47224/47922/60854/134176/68481/553408,jpg
http://inaturalist-open-data.s3.amazonaws.com/photos/17769132/large.jpeg,Acraea aganice aganice,48460/1/47120/372739/47158/184884/47157/47224/47922/60854/134176/68481/553408,jpeg
http://inaturalist-open-data.s3.amazonaws.com/photos/17769077/large.jpeg,Acraea aganice aganice,48460/1/47120/372739/47158/184884/47157/47224/47922/60854/134176/68481/553408,jpeg
http://inaturalist-open-data.s3.amazonaws.com/photos/22392492/large.jpeg,Acraea aganice aganice,48460/1/47120/372739/47158/184884/47157/47224/47922/60854/134176/68481/553408,jpeg
http://inaturalist-open-data.s3.amazonaws.com/photos/28347769/large.jpeg,Acraea aganice aganice,48460/1/47120/372739/47158/184884/47157/47224/47922/60854/134176/68481/553408,jpeg
http://inaturalist-open-data.s3.amazonaws.com/photos/28347766/large.jpeg,Acraea aganice aganice,48460/1/47120/372739/47158/184884/47157/47224/47922/60854/134176/68481/553408,jpeg
http://inaturalist-open-data.s3.amazonaws.com/photos/31122660/large.jpeg,Acraea aganice aganice,48460/1/47120/372739/47158/184884/47157/47224/47922/60854/134176/68481/553408,jpeg
http://inaturalist-open-data.s3.amazonaws.com/photos/31122658/large.jpeg,Acraea aganice aganice,48460/1/47120/372739/47158/184884/47157/47224/47922/60854/134176/68481/553408,jpeg
http://inaturalist-open-data.s3.amazonaws.com/photos/31122659/large.jpeg,Acraea aganice aganice,48460/1/47120/372739/47158/184884/47157/47224/47922/60854/134176/68481/553408,jpeg
http://inaturalist-open-data.s3.amazonaws.com/photos/37899441/large.jpeg,Acraea aganice aganice,48460/1/47120/372739/47158/184884/47157/47224/47922/60854/134176/68481/553408,jpeg
http://inaturalist-open-data.s3.amazonaws.com/photos/37899238/large.jpeg,Acraea aganice aganice,48460/1/47120/372739/47158/184884/47157/47224/47922/60854/134176/68481/553408,jpeg
http://inaturalist-open-data.s3.amazonaws.com/photos/38755253/large.jpeg,Acraea aganice aganice,48460/1/47120/372739/47158/184884/47157/47224/47922/60854/134176/68481/553408,jpeg
http://inaturalist-open-data.s3.amazonaws.com/photos/39479531/large.jpeg,Acraea aganice aganice,48460/1/47120/372739/47158/184884/47157/47224/47922/60854/134176/68481/553408,jpeg
http://inaturalist-open-data.s3.amazonaws.com/photos/39479595/large.jpeg,Acraea aganice aganice,48460/1/47120/372739/47158/184884/47157/47224/47922/60854/134176/68481/553408,jpeg
http://inaturalist-open-data.s3.amazonaws.com/photos/41621148/large.jpeg,Acraea aganice aganice,48460/1/47120/372739/47158/184884/47157/47224/47922/60854/134176/68481/553408,jpeg
http://inaturalist-open-data.s3.amazonaws.com/photos/41621169/large.jpeg,Acraea aganice aganice,48460/1/47120/372739/47158/184884/47157/47224/47922/60854/134176/68481/553408,jpeg
http://inaturalist-open-data.s3.amazonaws.com/photos/46628655/large.jpg,Acraea aganice aganice,48460/1/47120/372739/47158/184884/47157/47224/47922/60854/134176/68481/553408,jpg
http://inaturalist-open-data.s3.amazonaws.com/photos/51151965/large.jpeg,Acraea aganice aganice,48460/1/47120/372739/47158/184884/47157/47224/47922/60854/134176/68481/553408,jpeg
http://inaturalist-open-data.s3.amazonaws.com/photos/51151928/large.jpeg,Acraea aganice aganice,48460/1/47120/372739/47158/184884/47157/47224/47922/60854/134176/68481/553408,jpeg
http://inaturalist-open-data.s3.amazonaws.com/photos/51231978/large.jpeg,Acraea aganice aganice,48460/1/47120/372739/47158/184884/47157/47224/47922/60854/134176/68481/553408,jpeg
http://inaturalist-open-data.s3.amazonaws.com/photos/51231843/large.jpeg,Acraea aganice aganice,48460/1/47120/372739/47158/184884/47157/47224/47922/60854/134176/68481/553408,jpeg
http://inaturalist-open-data.s3.amazonaws.com/photos/51232081/large.jpeg,Acraea aganice aganice,48460/1/47120/372739/47158/184884/47157/47224/47922/60854/134176/68481/553408,jpeg
http://inaturalist-open-data.s3.amazonaws.com/photos/56093218/large.jpeg,Acraea aganice aganice,48460/1/47120/372739/47158/184884/47157/47224/47922/60854/134176/68481/553408,jpeg
http://inaturalist-open-data.s3.amazonaws.com/photos/74407408/large.jpeg,Acraea aganice aganice,48460/1/47120/372739/47158/184884/47157/47224/47922/60854/134176/68481/553408,jpeg
http://inaturalist-open-data.s3.amazonaws.com/photos/74407394/large.jpeg,Acraea aganice aganice,48460/1/47120/372739/47158/184884/47157/47224/47922/60854/134176/68481/553408,jpeg
http://inaturalist-open-data.s3.amazonaws.com/photos/77830006/large.jpeg,Acraea aganice aganice,48460/1/47120/372739/47158/184884/47157/47224/47922/60854/134176/68481/553408,jpeg
http://inaturalist-open-data.s3.amazonaws.com/photos/81992957/large.jpg,Acraea aganice aganice,48460/1/47120/372739/47158/184884/47157/47224/47922/60854/134176/68481/553408,jpg
http://inaturalist-open-data.s3.amazonaws.com/photos/123791664/large.jpeg,Acraea aganice aganice,48460/1/47120/372739/47158/184884/47157/47224/47922/60854/134176/68481/553408,jpeg
http://inaturalist-open-data.s3.amazonaws.com/photos/124209394/large.jpg,Acraea aganice aganice,48460/1/47120/372739/47158/184884/47157/47224/47922/60854/134176/68481/553408,jpg
http://inaturalist-open-data.s3.amazonaws.com/photos/130948290/large.jpg,Acraea aganice aganice,48460/1/47120/372739/47158/184884/47157/47224/47922/60854/134176/68481/553408,jpg
http://inaturalist-open-data.s3.amazonaws.com/photos/130948226/large.jpg,Acraea aganice aganice,48460/1/47120/372739/47158/184884/47157/47224/47922/60854/134176/68481/553408,jpg
http://inaturalist-open-data.s3.amazonaws.com/photos/153514745/large.jpeg,Acraea aganice aganice,48460/1/47120/372739/47158/184884/47157/47224/47922/60854/134176/68481/553408,jpeg
