photo_url_large,taxon_name,ancestry,extension
http://inaturalist-open-data.s3.amazonaws.com/photos/8511950/large.jpeg,Acronicta albarufa exempta,48460/1/47120/372739/47158/184884/47157/47607/48670/122465/55624/1096161/1293498/205827,jpeg
http://inaturalist-open-data.s3.amazonaws.com/photos/13479584/large.jpeg,Acronicta albarufa exempta,48460/1/47120/372739/47158/184884/47157/47607/48670/122465/55624/1096161/1293498/205827,jpeg
http://inaturalist-open-data.s3.amazonaws.com/photos/22620082/large.jpeg,Acronicta albarufa exempta,48460/1/47120/372739/47158/184884/47157/47607/48670/122465/55624/1096161/1293498/205827,jpeg
http://inaturalist-open-data.s3.amazonaws.com/photos/30424357/large.jpeg,Acronicta albarufa exempta,48460/1/47120/372739/47158/184884/47157/47607/48670/122465/55624/1096161/1293498/205827,jpeg
http://inaturalist-open-data.s3.amazonaws.com/photos/85862695/large.jpeg,Acronicta albarufa exempta,48460/1/47120/372739/47158/184884/47157/47607/48670/122465/55624/1096161/1293498/205827,jpeg
