photo_url_large,taxon_name,ancestry,extension
http://inaturalist-open-data.s3.amazonaws.com/photos/10168901/large.jpeg,Actinote anteas anteas,48460/1/47120/372739/47158/184884/47157/47224/47922/60854/134176/134174/209715,jpeg
http://inaturalist-open-data.s3.amazonaws.com/photos/10168902/large.jpeg,Actinote anteas anteas,48460/1/47120/372739/47158/184884/47157/47224/47922/60854/134176/134174/209715,jpeg
http://inaturalist-open-data.s3.amazonaws.com/photos/9851512/large.jpeg,Actinote anteas anteas,48460/1/47120/372739/47158/184884/47157/47224/47922/60854/134176/134174/209715,jpeg
http://inaturalist-open-data.s3.amazonaws.com/photos/9851514/large.jpeg,Actinote anteas anteas,48460/1/47120/372739/47158/184884/47157/47224/47922/60854/134176/134174/209715,jpeg
http://inaturalist-open-data.s3.amazonaws.com/photos/31723469/large.jpeg,Actinote anteas anteas,48460/1/47120/372739/47158/184884/47157/47224/47922/60854/134176/134174/209715,jpeg
http://inaturalist-open-data.s3.amazonaws.com/photos/31723465/large.jpeg,Actinote anteas anteas,48460/1/47120/372739/47158/184884/47157/47224/47922/60854/134176/134174/209715,jpeg
http://inaturalist-open-data.s3.amazonaws.com/photos/31731039/large.jpeg,Actinote anteas anteas,48460/1/47120/372739/47158/184884/47157/47224/47922/60854/134176/134174/209715,jpeg
http://inaturalist-open-data.s3.amazonaws.com/photos/38370131/large.jpg,Actinote anteas anteas,48460/1/47120/372739/47158/184884/47157/47224/47922/60854/134176/134174/209715,jpg
http://inaturalist-open-data.s3.amazonaws.com/photos/39209088/large.jpg,Actinote anteas anteas,48460/1/47120/372739/47158/184884/47157/47224/47922/60854/134176/134174/209715,jpg
http://inaturalist-open-data.s3.amazonaws.com/photos/39209267/large.jpg,Actinote anteas anteas,48460/1/47120/372739/47158/184884/47157/47224/47922/60854/134176/134174/209715,jpg
http://inaturalist-open-data.s3.amazonaws.com/photos/44873369/large.jpeg,Actinote anteas anteas,48460/1/47120/372739/47158/184884/47157/47224/47922/60854/134176/134174/209715,jpeg
http://inaturalist-open-data.s3.amazonaws.com/photos/44873363/large.jpeg,Actinote anteas anteas,48460/1/47120/372739/47158/184884/47157/47224/47922/60854/134176/134174/209715,jpeg
http://inaturalist-open-data.s3.amazonaws.com/photos/44873365/large.jpeg,Actinote anteas anteas,48460/1/47120/372739/47158/184884/47157/47224/47922/60854/134176/134174/209715,jpeg
http://inaturalist-open-data.s3.amazonaws.com/photos/44990113/large.jpeg,Actinote anteas anteas,48460/1/47120/372739/47158/184884/47157/47224/47922/60854/134176/134174/209715,jpeg
http://inaturalist-open-data.s3.amazonaws.com/photos/44990116/large.jpeg,Actinote anteas anteas,48460/1/47120/372739/47158/184884/47157/47224/47922/60854/134176/134174/209715,jpeg
http://inaturalist-open-data.s3.amazonaws.com/photos/44995253/large.jpeg,Actinote anteas anteas,48460/1/47120/372739/47158/184884/47157/47224/47922/60854/134176/134174/209715,jpeg
http://inaturalist-open-data.s3.amazonaws.com/photos/44995257/large.jpeg,Actinote anteas anteas,48460/1/47120/372739/47158/184884/47157/47224/47922/60854/134176/134174/209715,jpeg
http://inaturalist-open-data.s3.amazonaws.com/photos/47805829/large.jpg,Actinote anteas anteas,48460/1/47120/372739/47158/184884/47157/47224/47922/60854/134176/134174/209715,jpg
http://inaturalist-open-data.s3.amazonaws.com/photos/50741288/large.jpg,Actinote anteas anteas,48460/1/47120/372739/47158/184884/47157/47224/47922/60854/134176/134174/209715,jpg
http://inaturalist-open-data.s3.amazonaws.com/photos/50741299/large.jpg,Actinote anteas anteas,48460/1/47120/372739/47158/184884/47157/47224/47922/60854/134176/134174/209715,jpg
http://inaturalist-open-data.s3.amazonaws.com/photos/63857960/large.jpg,Actinote anteas anteas,48460/1/47120/372739/47158/184884/47157/47224/47922/60854/134176/134174/209715,jpg
http://inaturalist-open-data.s3.amazonaws.com/photos/63857958/large.jpg,Actinote anteas anteas,48460/1/47120/372739/47158/184884/47157/47224/47922/60854/134176/134174/209715,jpg
http://inaturalist-open-data.s3.amazonaws.com/photos/63857862/large.jpg,Actinote anteas anteas,48460/1/47120/372739/47158/184884/47157/47224/47922/60854/134176/134174/209715,jpg
http://inaturalist-open-data.s3.amazonaws.com/photos/64078413/large.jpeg,Actinote anteas anteas,48460/1/47120/372739/47158/184884/47157/47224/47922/60854/134176/134174/209715,jpeg
http://inaturalist-open-data.s3.amazonaws.com/photos/64078830/large.jpeg,Actinote anteas anteas,48460/1/47120/372739/47158/184884/47157/47224/47922/60854/134176/134174/209715,jpeg
http://inaturalist-open-data.s3.amazonaws.com/photos/64078487/large.jpeg,Actinote anteas anteas,48460/1/47120/372739/47158/184884/47157/47224/47922/60854/134176/134174/209715,jpeg
http://inaturalist-open-data.s3.amazonaws.com/photos/64078535/large.jpeg,Actinote anteas anteas,48460/1/47120/372739/47158/184884/47157/47224/47922/60854/134176/134174/209715,jpeg
http://inaturalist-open-data.s3.amazonaws.com/photos/70323019/large.jpeg,Actinote anteas anteas,48460/1/47120/372739/47158/184884/47157/47224/47922/60854/134176/134174/209715,jpeg
http://inaturalist-open-data.s3.amazonaws.com/photos/75321363/large.jpg,Actinote anteas anteas,48460/1/47120/372739/47158/184884/47157/47224/47922/60854/134176/134174/209715,jpg
http://inaturalist-open-data.s3.amazonaws.com/photos/96087604/large.jpg,Actinote anteas anteas,48460/1/47120/372739/47158/184884/47157/47224/47922/60854/134176/134174/209715,jpg
http://inaturalist-open-data.s3.amazonaws.com/photos/101921609/large.jpeg,Actinote anteas anteas,48460/1/47120/372739/47158/184884/47157/47224/47922/60854/134176/134174/209715,jpeg
http://inaturalist-open-data.s3.amazonaws.com/photos/105516224/large.jpg,Actinote anteas anteas,48460/1/47120/372739/47158/184884/47157/47224/47922/60854/134176/134174/209715,jpg
http://inaturalist-open-data.s3.amazonaws.com/photos/105516227/large.jpg,Actinote anteas anteas,48460/1/47120/372739/47158/184884/47157/47224/47922/60854/134176/134174/209715,jpg
http://inaturalist-open-data.s3.amazonaws.com/photos/105516279/large.jpg,Actinote anteas anteas,48460/1/47120/372739/47158/184884/47157/47224/47922/60854/134176/134174/209715,jpg
http://inaturalist-open-data.s3.amazonaws.com/photos/105516275/large.jpg,Actinote anteas anteas,48460/1/47120/372739/47158/184884/47157/47224/47922/60854/134176/134174/209715,jpg
http://inaturalist-open-data.s3.amazonaws.com/photos/105516426/large.jpg,Actinote anteas anteas,48460/1/47120/372739/47158/184884/47157/47224/47922/60854/134176/134174/209715,jpg
http://inaturalist-open-data.s3.amazonaws.com/photos/105516427/large.jpg,Actinote anteas anteas,48460/1/47120/372739/47158/184884/47157/47224/47922/60854/134176/134174/209715,jpg
http://inaturalist-open-data.s3.amazonaws.com/photos/105516428/large.jpg,Actinote anteas anteas,48460/1/47120/372739/47158/184884/47157/47224/47922/60854/134176/134174/209715,jpg
http://inaturalist-open-data.s3.amazonaws.com/photos/105516429/large.jpg,Actinote anteas anteas,48460/1/47120/372739/47158/184884/47157/47224/47922/60854/134176/134174/209715,jpg
http://inaturalist-open-data.s3.amazonaws.com/photos/105516484/large.jpg,Actinote anteas anteas,48460/1/47120/372739/47158/184884/47157/47224/47922/60854/134176/134174/209715,jpg
http://inaturalist-open-data.s3.amazonaws.com/photos/105516477/large.jpg,Actinote anteas anteas,48460/1/47120/372739/47158/184884/47157/47224/47922/60854/134176/134174/209715,jpg
http://inaturalist-open-data.s3.amazonaws.com/photos/105516479/large.jpg,Actinote anteas anteas,48460/1/47120/372739/47158/184884/47157/47224/47922/60854/134176/134174/209715,jpg
http://inaturalist-open-data.s3.amazonaws.com/photos/105516482/large.jpg,Actinote anteas anteas,48460/1/47120/372739/47158/184884/47157/47224/47922/60854/134176/134174/209715,jpg
http://inaturalist-open-data.s3.amazonaws.com/photos/105516713/large.jpg,Actinote anteas anteas,48460/1/47120/372739/47158/184884/47157/47224/47922/60854/134176/134174/209715,jpg
http://inaturalist-open-data.s3.amazonaws.com/photos/105516717/large.jpg,Actinote anteas anteas,48460/1/47120/372739/47158/184884/47157/47224/47922/60854/134176/134174/209715,jpg
http://inaturalist-open-data.s3.amazonaws.com/photos/105516720/large.jpg,Actinote anteas anteas,48460/1/47120/372739/47158/184884/47157/47224/47922/60854/134176/134174/209715,jpg
http://inaturalist-open-data.s3.amazonaws.com/photos/105516722/large.jpg,Actinote anteas anteas,48460/1/47120/372739/47158/184884/47157/47224/47922/60854/134176/134174/209715,jpg
http://inaturalist-open-data.s3.amazonaws.com/photos/105516789/large.jpg,Actinote anteas anteas,48460/1/47120/372739/47158/184884/47157/47224/47922/60854/134176/134174/209715,jpg
http://inaturalist-open-data.s3.amazonaws.com/photos/105516793/large.jpg,Actinote anteas anteas,48460/1/47120/372739/47158/184884/47157/47224/47922/60854/134176/134174/209715,jpg
http://inaturalist-open-data.s3.amazonaws.com/photos/105516786/large.jpg,Actinote anteas anteas,48460/1/47120/372739/47158/184884/47157/47224/47922/60854/134176/134174/209715,jpg
http://inaturalist-open-data.s3.amazonaws.com/photos/105516795/large.jpg,Actinote anteas anteas,48460/1/47120/372739/47158/184884/47157/47224/47922/60854/134176/134174/209715,jpg
