photo_url_large,taxon_name,ancestry,extension
http://inaturalist-open-data.s3.amazonaws.com/photos/107909804/large.jpg,Adalia bipunctata frigida,48460/1/47120/372739/47158/184884/47208/71130/372852/471714/48486/333790/333796/52507/52506,jpg
http://inaturalist-open-data.s3.amazonaws.com/photos/140431823/large.jpeg,Adalia bipunctata frigida,48460/1/47120/372739/47158/184884/47208/71130/372852/471714/48486/333790/333796/52507/52506,jpeg
http://inaturalist-open-data.s3.amazonaws.com/photos/140431851/large.jpeg,Adalia bipunctata frigida,48460/1/47120/372739/47158/184884/47208/71130/372852/471714/48486/333790/333796/52507/52506,jpeg
http://inaturalist-open-data.s3.amazonaws.com/photos/140431876/large.jpeg,Adalia bipunctata frigida,48460/1/47120/372739/47158/184884/47208/71130/372852/471714/48486/333790/333796/52507/52506,jpeg
http://inaturalist-open-data.s3.amazonaws.com/photos/140431899/large.jpeg,Adalia bipunctata frigida,48460/1/47120/372739/47158/184884/47208/71130/372852/471714/48486/333790/333796/52507/52506,jpeg
http://inaturalist-open-data.s3.amazonaws.com/photos/140431910/large.jpeg,Adalia bipunctata frigida,48460/1/47120/372739/47158/184884/47208/71130/372852/471714/48486/333790/333796/52507/52506,jpeg
http://inaturalist-open-data.s3.amazonaws.com/photos/143419400/large.jpeg,Adalia bipunctata frigida,48460/1/47120/372739/47158/184884/47208/71130/372852/471714/48486/333790/333796/52507/52506,jpeg
http://inaturalist-open-data.s3.amazonaws.com/photos/143419503/large.jpeg,Adalia bipunctata frigida,48460/1/47120/372739/47158/184884/47208/71130/372852/471714/48486/333790/333796/52507/52506,jpeg
http://inaturalist-open-data.s3.amazonaws.com/photos/143419559/large.jpeg,Adalia bipunctata frigida,48460/1/47120/372739/47158/184884/47208/71130/372852/471714/48486/333790/333796/52507/52506,jpeg
http://inaturalist-open-data.s3.amazonaws.com/photos/143419644/large.jpeg,Adalia bipunctata frigida,48460/1/47120/372739/47158/184884/47208/71130/372852/471714/48486/333790/333796/52507/52506,jpeg
http://inaturalist-open-data.s3.amazonaws.com/photos/143419670/large.jpeg,Adalia bipunctata frigida,48460/1/47120/372739/47158/184884/47208/71130/372852/471714/48486/333790/333796/52507/52506,jpeg
http://inaturalist-open-data.s3.amazonaws.com/photos/143419695/large.jpeg,Adalia bipunctata frigida,48460/1/47120/372739/47158/184884/47208/71130/372852/471714/48486/333790/333796/52507/52506,jpeg
http://inaturalist-open-data.s3.amazonaws.com/photos/143419733/large.jpeg,Adalia bipunctata frigida,48460/1/47120/372739/47158/184884/47208/71130/372852/471714/48486/333790/333796/52507/52506,jpeg
http://inaturalist-open-data.s3.amazonaws.com/photos/143419774/large.jpeg,Adalia bipunctata frigida,48460/1/47120/372739/47158/184884/47208/71130/372852/471714/48486/333790/333796/52507/52506,jpeg
