photo_url_large,taxon_name,ancestry,extension
http://inaturalist-open-data.s3.amazonaws.com/photos/2957597/large.jpg,Adelpha naxia naxia,48460/1/47120/372739/47158/184884/47157/47224/47922/134171/134175/48661/148663,jpg
http://inaturalist-open-data.s3.amazonaws.com/photos/10149508/large.jpg,Adelpha naxia naxia,48460/1/47120/372739/47158/184884/47157/47224/47922/134171/134175/48661/148663,jpg
http://inaturalist-open-data.s3.amazonaws.com/photos/11744990/large.jpg,Adelpha naxia naxia,48460/1/47120/372739/47158/184884/47157/47224/47922/134171/134175/48661/148663,jpg
http://inaturalist-open-data.s3.amazonaws.com/photos/11886790/large.jpg,Adelpha naxia naxia,48460/1/47120/372739/47158/184884/47157/47224/47922/134171/134175/48661/148663,jpg
http://inaturalist-open-data.s3.amazonaws.com/photos/12339666/large.jpg,Adelpha naxia naxia,48460/1/47120/372739/47158/184884/47157/47224/47922/134171/134175/48661/148663,jpg
http://inaturalist-open-data.s3.amazonaws.com/photos/106676540/large.jpg,Adelpha naxia naxia,48460/1/47120/372739/47158/184884/47157/47224/47922/134171/134175/48661/148663,jpg
