photo_url_large,taxon_name,ancestry,extension
http://inaturalist-open-data.s3.amazonaws.com/photos/419750/large.jpg,Adelpha cytherea marcia,48460/1/47120/372739/47158/184884/47157/47224/47922/134171/134175/48661/119080,jpg
http://inaturalist-open-data.s3.amazonaws.com/photos/3821653/large.JPG,Adelpha cytherea marcia,48460/1/47120/372739/47158/184884/47157/47224/47922/134171/134175/48661/119080,JPG
http://inaturalist-open-data.s3.amazonaws.com/photos/9928609/large.jpeg,Adelpha cytherea marcia,48460/1/47120/372739/47158/184884/47157/47224/47922/134171/134175/48661/119080,jpeg
http://inaturalist-open-data.s3.amazonaws.com/photos/9928608/large.jpeg,Adelpha cytherea marcia,48460/1/47120/372739/47158/184884/47157/47224/47922/134171/134175/48661/119080,jpeg
http://inaturalist-open-data.s3.amazonaws.com/photos/10515665/large.jpeg,Adelpha cytherea marcia,48460/1/47120/372739/47158/184884/47157/47224/47922/134171/134175/48661/119080,jpeg
http://inaturalist-open-data.s3.amazonaws.com/photos/10515668/large.jpeg,Adelpha cytherea marcia,48460/1/47120/372739/47158/184884/47157/47224/47922/134171/134175/48661/119080,jpeg
http://inaturalist-open-data.s3.amazonaws.com/photos/14089986/large.jpg,Adelpha cytherea marcia,48460/1/47120/372739/47158/184884/47157/47224/47922/134171/134175/48661/119080,jpg
http://inaturalist-open-data.s3.amazonaws.com/photos/14089988/large.jpg,Adelpha cytherea marcia,48460/1/47120/372739/47158/184884/47157/47224/47922/134171/134175/48661/119080,jpg
http://inaturalist-open-data.s3.amazonaws.com/photos/110603056/large.jpeg,Adelpha cytherea marcia,48460/1/47120/372739/47158/184884/47157/47224/47922/134171/134175/48661/119080,jpeg
http://inaturalist-open-data.s3.amazonaws.com/photos/110672498/large.jpeg,Adelpha cytherea marcia,48460/1/47120/372739/47158/184884/47157/47224/47922/134171/134175/48661/119080,jpeg
http://inaturalist-open-data.s3.amazonaws.com/photos/110672502/large.jpeg,Adelpha cytherea marcia,48460/1/47120/372739/47158/184884/47157/47224/47922/134171/134175/48661/119080,jpeg
http://inaturalist-open-data.s3.amazonaws.com/photos/153733176/large.jpg,Adelpha cytherea marcia,48460/1/47120/372739/47158/184884/47157/47224/47922/134171/134175/48661/119080,jpg
http://inaturalist-open-data.s3.amazonaws.com/photos/153733190/large.jpg,Adelpha cytherea marcia,48460/1/47120/372739/47158/184884/47157/47224/47922/134171/134175/48661/119080,jpg
