photo_url_large,taxon_name,ancestry,extension
http://inaturalist-open-data.s3.amazonaws.com/photos/618308/large.JPG,Adelpha capucinus capucinus,48460/1/47120/372739/47158/184884/47157/47224/47922/134171/134175/48661/428317,JPG
http://inaturalist-open-data.s3.amazonaws.com/photos/12954375/large.jpeg,Adelpha capucinus capucinus,48460/1/47120/372739/47158/184884/47157/47224/47922/134171/134175/48661/428317,jpeg
http://inaturalist-open-data.s3.amazonaws.com/photos/33037066/large.jpg,Adelpha capucinus capucinus,48460/1/47120/372739/47158/184884/47157/47224/47922/134171/134175/48661/428317,jpg
http://inaturalist-open-data.s3.amazonaws.com/photos/160952695/large.jpeg,Adelpha capucinus capucinus,48460/1/47120/372739/47158/184884/47157/47224/47922/134171/134175/48661/428317,jpeg
http://inaturalist-open-data.s3.amazonaws.com/photos/160952702/large.jpeg,Adelpha capucinus capucinus,48460/1/47120/372739/47158/184884/47157/47224/47922/134171/134175/48661/428317,jpeg
http://inaturalist-open-data.s3.amazonaws.com/photos/174978961/large.jpeg,Adelpha capucinus capucinus,48460/1/47120/372739/47158/184884/47157/47224/47922/134171/134175/48661/428317,jpeg
