photo_url_large,taxon_name,ancestry,extension
http://inaturalist-open-data.s3.amazonaws.com/photos/163226/large.JPG,Adelpha corcyra collina,48460/1/47120/372739/47158/184884/47157/47224/47922/134171/134175/48661/202300,JPG
http://inaturalist-open-data.s3.amazonaws.com/photos/235925/large.jpg,Adelpha corcyra collina,48460/1/47120/372739/47158/184884/47157/47224/47922/134171/134175/48661/202300,jpg
http://inaturalist-open-data.s3.amazonaws.com/photos/1717218/large.JPG,Adelpha corcyra collina,48460/1/47120/372739/47158/184884/47157/47224/47922/134171/134175/48661/202300,JPG
http://inaturalist-open-data.s3.amazonaws.com/photos/6203451/large.jpeg,Adelpha corcyra collina,48460/1/47120/372739/47158/184884/47157/47224/47922/134171/134175/48661/202300,jpeg
http://inaturalist-open-data.s3.amazonaws.com/photos/11459498/large.jpeg,Adelpha corcyra collina,48460/1/47120/372739/47158/184884/47157/47224/47922/134171/134175/48661/202300,jpeg
http://inaturalist-open-data.s3.amazonaws.com/photos/30223710/large.jpg,Adelpha corcyra collina,48460/1/47120/372739/47158/184884/47157/47224/47922/134171/134175/48661/202300,jpg
http://inaturalist-open-data.s3.amazonaws.com/photos/30245463/large.jpg,Adelpha corcyra collina,48460/1/47120/372739/47158/184884/47157/47224/47922/134171/134175/48661/202300,jpg
http://inaturalist-open-data.s3.amazonaws.com/photos/35985783/large.jpeg,Adelpha corcyra collina,48460/1/47120/372739/47158/184884/47157/47224/47922/134171/134175/48661/202300,jpeg
http://inaturalist-open-data.s3.amazonaws.com/photos/35986047/large.jpeg,Adelpha corcyra collina,48460/1/47120/372739/47158/184884/47157/47224/47922/134171/134175/48661/202300,jpeg
http://inaturalist-open-data.s3.amazonaws.com/photos/47742113/large.jpeg,Adelpha corcyra collina,48460/1/47120/372739/47158/184884/47157/47224/47922/134171/134175/48661/202300,jpeg
http://inaturalist-open-data.s3.amazonaws.com/photos/54563043/large.jpg,Adelpha corcyra collina,48460/1/47120/372739/47158/184884/47157/47224/47922/134171/134175/48661/202300,jpg
http://inaturalist-open-data.s3.amazonaws.com/photos/60122863/large.jpg,Adelpha corcyra collina,48460/1/47120/372739/47158/184884/47157/47224/47922/134171/134175/48661/202300,jpg
http://inaturalist-open-data.s3.amazonaws.com/photos/72568848/large.jpeg,Adelpha corcyra collina,48460/1/47120/372739/47158/184884/47157/47224/47922/134171/134175/48661/202300,jpeg
http://inaturalist-open-data.s3.amazonaws.com/photos/84720663/large.jpeg,Adelpha corcyra collina,48460/1/47120/372739/47158/184884/47157/47224/47922/134171/134175/48661/202300,jpeg
http://inaturalist-open-data.s3.amazonaws.com/photos/94560052/large.jpeg,Adelpha corcyra collina,48460/1/47120/372739/47158/184884/47157/47224/47922/134171/134175/48661/202300,jpeg
http://inaturalist-open-data.s3.amazonaws.com/photos/94560091/large.jpeg,Adelpha corcyra collina,48460/1/47120/372739/47158/184884/47157/47224/47922/134171/134175/48661/202300,jpeg
http://inaturalist-open-data.s3.amazonaws.com/photos/94560225/large.jpeg,Adelpha corcyra collina,48460/1/47120/372739/47158/184884/47157/47224/47922/134171/134175/48661/202300,jpeg
http://inaturalist-open-data.s3.amazonaws.com/photos/94560144/large.jpeg,Adelpha corcyra collina,48460/1/47120/372739/47158/184884/47157/47224/47922/134171/134175/48661/202300,jpeg
http://inaturalist-open-data.s3.amazonaws.com/photos/94754556/large.jpeg,Adelpha corcyra collina,48460/1/47120/372739/47158/184884/47157/47224/47922/134171/134175/48661/202300,jpeg
http://inaturalist-open-data.s3.amazonaws.com/photos/98109366/large.jpeg,Adelpha corcyra collina,48460/1/47120/372739/47158/184884/47157/47224/47922/134171/134175/48661/202300,jpeg
http://inaturalist-open-data.s3.amazonaws.com/photos/98109414/large.jpeg,Adelpha corcyra collina,48460/1/47120/372739/47158/184884/47157/47224/47922/134171/134175/48661/202300,jpeg
http://inaturalist-open-data.s3.amazonaws.com/photos/147409324/large.jpeg,Adelpha corcyra collina,48460/1/47120/372739/47158/184884/47157/47224/47922/134171/134175/48661/202300,jpeg
http://inaturalist-open-data.s3.amazonaws.com/photos/147409355/large.jpeg,Adelpha corcyra collina,48460/1/47120/372739/47158/184884/47157/47224/47922/134171/134175/48661/202300,jpeg
