photo_url_large,taxon_name,ancestry,extension
http://inaturalist-open-data.s3.amazonaws.com/photos/90702423/large.jpg,Adelpha diocles creton,48460/1/47120/372739/47158/184884/47157/47224/47922/134171/134175/48661/257902,jpg
http://inaturalist-open-data.s3.amazonaws.com/photos/90702140/large.jpg,Adelpha diocles creton,48460/1/47120/372739/47158/184884/47157/47224/47922/134171/134175/48661/257902,jpg
http://inaturalist-open-data.s3.amazonaws.com/photos/169284248/large.jpeg,Adelpha diocles creton,48460/1/47120/372739/47158/184884/47157/47224/47922/134171/134175/48661/257902,jpeg
http://inaturalist-open-data.s3.amazonaws.com/photos/174555065/large.jpeg,Adelpha diocles creton,48460/1/47120/372739/47158/184884/47157/47224/47922/134171/134175/48661/257902,jpeg
