photo_url_large,taxon_name,ancestry,extension
http://inaturalist-open-data.s3.amazonaws.com/photos/157933079/large.jpeg,Adelpha ethelda ethelda,48460/1/47120/372739/47158/184884/47157/47224/47922/134171/134175/48661/179782,jpeg
http://inaturalist-open-data.s3.amazonaws.com/photos/157933131/large.jpeg,Adelpha ethelda ethelda,48460/1/47120/372739/47158/184884/47157/47224/47922/134171/134175/48661/179782,jpeg
http://inaturalist-open-data.s3.amazonaws.com/photos/157933070/large.jpeg,Adelpha ethelda ethelda,48460/1/47120/372739/47158/184884/47157/47224/47922/134171/134175/48661/179782,jpeg
http://inaturalist-open-data.s3.amazonaws.com/photos/157933142/large.jpeg,Adelpha ethelda ethelda,48460/1/47120/372739/47158/184884/47157/47224/47922/134171/134175/48661/179782,jpeg
http://inaturalist-open-data.s3.amazonaws.com/photos/157933150/large.jpeg,Adelpha ethelda ethelda,48460/1/47120/372739/47158/184884/47157/47224/47922/134171/134175/48661/179782,jpeg
http://inaturalist-open-data.s3.amazonaws.com/photos/157933162/large.jpeg,Adelpha ethelda ethelda,48460/1/47120/372739/47158/184884/47157/47224/47922/134171/134175/48661/179782,jpeg
http://inaturalist-open-data.s3.amazonaws.com/photos/157933177/large.jpeg,Adelpha ethelda ethelda,48460/1/47120/372739/47158/184884/47157/47224/47922/134171/134175/48661/179782,jpeg
http://inaturalist-open-data.s3.amazonaws.com/photos/158014956/large.jpeg,Adelpha ethelda ethelda,48460/1/47120/372739/47158/184884/47157/47224/47922/134171/134175/48661/179782,jpeg
http://inaturalist-open-data.s3.amazonaws.com/photos/158014973/large.jpeg,Adelpha ethelda ethelda,48460/1/47120/372739/47158/184884/47157/47224/47922/134171/134175/48661/179782,jpeg
