photo_url_large,taxon_name,ancestry,extension
http://inaturalist-open-data.s3.amazonaws.com/photos/2011628/large.jpg,Aeshna interrupta interrupta,48460/1/47120/372739/47158/184884/47792/47927/1317180/51469/52520/67725,jpg
http://inaturalist-open-data.s3.amazonaws.com/photos/2652163/large.JPG,Aeshna interrupta interrupta,48460/1/47120/372739/47158/184884/47792/47927/1317180/51469/52520/67725,JPG
http://inaturalist-open-data.s3.amazonaws.com/photos/2652164/large.JPG,Aeshna interrupta interrupta,48460/1/47120/372739/47158/184884/47792/47927/1317180/51469/52520/67725,JPG
http://inaturalist-open-data.s3.amazonaws.com/photos/2711819/large.JPG,Aeshna interrupta interrupta,48460/1/47120/372739/47158/184884/47792/47927/1317180/51469/52520/67725,JPG
http://inaturalist-open-data.s3.amazonaws.com/photos/2711818/large.JPG,Aeshna interrupta interrupta,48460/1/47120/372739/47158/184884/47792/47927/1317180/51469/52520/67725,JPG
http://inaturalist-open-data.s3.amazonaws.com/photos/2711820/large.JPG,Aeshna interrupta interrupta,48460/1/47120/372739/47158/184884/47792/47927/1317180/51469/52520/67725,JPG
http://inaturalist-open-data.s3.amazonaws.com/photos/2711821/large.JPG,Aeshna interrupta interrupta,48460/1/47120/372739/47158/184884/47792/47927/1317180/51469/52520/67725,JPG
http://inaturalist-open-data.s3.amazonaws.com/photos/2711822/large.JPG,Aeshna interrupta interrupta,48460/1/47120/372739/47158/184884/47792/47927/1317180/51469/52520/67725,JPG
http://inaturalist-open-data.s3.amazonaws.com/photos/4950744/large.jpg,Aeshna interrupta interrupta,48460/1/47120/372739/47158/184884/47792/47927/1317180/51469/52520/67725,jpg
http://inaturalist-open-data.s3.amazonaws.com/photos/8973151/large.jpg,Aeshna interrupta interrupta,48460/1/47120/372739/47158/184884/47792/47927/1317180/51469/52520/67725,jpg
http://inaturalist-open-data.s3.amazonaws.com/photos/9146994/large.jpeg,Aeshna interrupta interrupta,48460/1/47120/372739/47158/184884/47792/47927/1317180/51469/52520/67725,jpeg
http://inaturalist-open-data.s3.amazonaws.com/photos/10400965/large.jpg,Aeshna interrupta interrupta,48460/1/47120/372739/47158/184884/47792/47927/1317180/51469/52520/67725,jpg
http://inaturalist-open-data.s3.amazonaws.com/photos/10400976/large.jpg,Aeshna interrupta interrupta,48460/1/47120/372739/47158/184884/47792/47927/1317180/51469/52520/67725,jpg
http://inaturalist-open-data.s3.amazonaws.com/photos/10400963/large.jpg,Aeshna interrupta interrupta,48460/1/47120/372739/47158/184884/47792/47927/1317180/51469/52520/67725,jpg
http://inaturalist-open-data.s3.amazonaws.com/photos/10400968/large.jpg,Aeshna interrupta interrupta,48460/1/47120/372739/47158/184884/47792/47927/1317180/51469/52520/67725,jpg
http://inaturalist-open-data.s3.amazonaws.com/photos/10722409/large.jpeg,Aeshna interrupta interrupta,48460/1/47120/372739/47158/184884/47792/47927/1317180/51469/52520/67725,jpeg
http://inaturalist-open-data.s3.amazonaws.com/photos/14690368/large.jpg,Aeshna interrupta interrupta,48460/1/47120/372739/47158/184884/47792/47927/1317180/51469/52520/67725,jpg
http://inaturalist-open-data.s3.amazonaws.com/photos/10948959/large.jpg,Aeshna interrupta interrupta,48460/1/47120/372739/47158/184884/47792/47927/1317180/51469/52520/67725,jpg
http://inaturalist-open-data.s3.amazonaws.com/photos/12503129/large.jpg,Aeshna interrupta interrupta,48460/1/47120/372739/47158/184884/47792/47927/1317180/51469/52520/67725,jpg
http://inaturalist-open-data.s3.amazonaws.com/photos/15333673/large.jpg,Aeshna interrupta interrupta,48460/1/47120/372739/47158/184884/47792/47927/1317180/51469/52520/67725,jpg
http://inaturalist-open-data.s3.amazonaws.com/photos/21689130/large.jpeg,Aeshna interrupta interrupta,48460/1/47120/372739/47158/184884/47792/47927/1317180/51469/52520/67725,jpeg
http://inaturalist-open-data.s3.amazonaws.com/photos/23262571/large.jpeg,Aeshna interrupta interrupta,48460/1/47120/372739/47158/184884/47792/47927/1317180/51469/52520/67725,jpeg
http://inaturalist-open-data.s3.amazonaws.com/photos/23368676/large.jpg,Aeshna interrupta interrupta,48460/1/47120/372739/47158/184884/47792/47927/1317180/51469/52520/67725,jpg
http://inaturalist-open-data.s3.amazonaws.com/photos/23367404/large.jpg,Aeshna interrupta interrupta,48460/1/47120/372739/47158/184884/47792/47927/1317180/51469/52520/67725,jpg
http://inaturalist-open-data.s3.amazonaws.com/photos/23640443/large.jpg,Aeshna interrupta interrupta,48460/1/47120/372739/47158/184884/47792/47927/1317180/51469/52520/67725,jpg
http://inaturalist-open-data.s3.amazonaws.com/photos/23817565/large.jpeg,Aeshna interrupta interrupta,48460/1/47120/372739/47158/184884/47792/47927/1317180/51469/52520/67725,jpeg
http://inaturalist-open-data.s3.amazonaws.com/photos/24159285/large.jpeg,Aeshna interrupta interrupta,48460/1/47120/372739/47158/184884/47792/47927/1317180/51469/52520/67725,jpeg
http://inaturalist-open-data.s3.amazonaws.com/photos/28550092/large.jpg,Aeshna interrupta interrupta,48460/1/47120/372739/47158/184884/47792/47927/1317180/51469/52520/67725,jpg
http://inaturalist-open-data.s3.amazonaws.com/photos/28663965/large.jpeg,Aeshna interrupta interrupta,48460/1/47120/372739/47158/184884/47792/47927/1317180/51469/52520/67725,jpeg
http://inaturalist-open-data.s3.amazonaws.com/photos/28916516/large.jpeg,Aeshna interrupta interrupta,48460/1/47120/372739/47158/184884/47792/47927/1317180/51469/52520/67725,jpeg
http://inaturalist-open-data.s3.amazonaws.com/photos/28916523/large.jpeg,Aeshna interrupta interrupta,48460/1/47120/372739/47158/184884/47792/47927/1317180/51469/52520/67725,jpeg
http://inaturalist-open-data.s3.amazonaws.com/photos/29301332/large.jpeg,Aeshna interrupta interrupta,48460/1/47120/372739/47158/184884/47792/47927/1317180/51469/52520/67725,jpeg
http://inaturalist-open-data.s3.amazonaws.com/photos/29301338/large.jpeg,Aeshna interrupta interrupta,48460/1/47120/372739/47158/184884/47792/47927/1317180/51469/52520/67725,jpeg
http://inaturalist-open-data.s3.amazonaws.com/photos/29301339/large.jpeg,Aeshna interrupta interrupta,48460/1/47120/372739/47158/184884/47792/47927/1317180/51469/52520/67725,jpeg
http://inaturalist-open-data.s3.amazonaws.com/photos/29301343/large.jpeg,Aeshna interrupta interrupta,48460/1/47120/372739/47158/184884/47792/47927/1317180/51469/52520/67725,jpeg
http://inaturalist-open-data.s3.amazonaws.com/photos/33734699/large.jpeg,Aeshna interrupta interrupta,48460/1/47120/372739/47158/184884/47792/47927/1317180/51469/52520/67725,jpeg
http://inaturalist-open-data.s3.amazonaws.com/photos/33734707/large.jpeg,Aeshna interrupta interrupta,48460/1/47120/372739/47158/184884/47792/47927/1317180/51469/52520/67725,jpeg
http://inaturalist-open-data.s3.amazonaws.com/photos/38852085/large.jpg,Aeshna interrupta interrupta,48460/1/47120/372739/47158/184884/47792/47927/1317180/51469/52520/67725,jpg
http://inaturalist-open-data.s3.amazonaws.com/photos/39018986/large.jpg,Aeshna interrupta interrupta,48460/1/47120/372739/47158/184884/47792/47927/1317180/51469/52520/67725,jpg
http://inaturalist-open-data.s3.amazonaws.com/photos/46252987/large.jpg,Aeshna interrupta interrupta,48460/1/47120/372739/47158/184884/47792/47927/1317180/51469/52520/67725,jpg
http://inaturalist-open-data.s3.amazonaws.com/photos/46253053/large.jpg,Aeshna interrupta interrupta,48460/1/47120/372739/47158/184884/47792/47927/1317180/51469/52520/67725,jpg
http://inaturalist-open-data.s3.amazonaws.com/photos/49021345/large.jpg,Aeshna interrupta interrupta,48460/1/47120/372739/47158/184884/47792/47927/1317180/51469/52520/67725,jpg
http://inaturalist-open-data.s3.amazonaws.com/photos/49621684/large.jpeg,Aeshna interrupta interrupta,48460/1/47120/372739/47158/184884/47792/47927/1317180/51469/52520/67725,jpeg
http://inaturalist-open-data.s3.amazonaws.com/photos/53220096/large.jpeg,Aeshna interrupta interrupta,48460/1/47120/372739/47158/184884/47792/47927/1317180/51469/52520/67725,jpeg
http://inaturalist-open-data.s3.amazonaws.com/photos/53220107/large.jpeg,Aeshna interrupta interrupta,48460/1/47120/372739/47158/184884/47792/47927/1317180/51469/52520/67725,jpeg
http://inaturalist-open-data.s3.amazonaws.com/photos/53220115/large.jpeg,Aeshna interrupta interrupta,48460/1/47120/372739/47158/184884/47792/47927/1317180/51469/52520/67725,jpeg
http://inaturalist-open-data.s3.amazonaws.com/photos/56095878/large.jpg,Aeshna interrupta interrupta,48460/1/47120/372739/47158/184884/47792/47927/1317180/51469/52520/67725,jpg
http://inaturalist-open-data.s3.amazonaws.com/photos/56287407/large.jpeg,Aeshna interrupta interrupta,48460/1/47120/372739/47158/184884/47792/47927/1317180/51469/52520/67725,jpeg
http://inaturalist-open-data.s3.amazonaws.com/photos/56324008/large.jpg,Aeshna interrupta interrupta,48460/1/47120/372739/47158/184884/47792/47927/1317180/51469/52520/67725,jpg
http://inaturalist-open-data.s3.amazonaws.com/photos/57120943/large.jpg,Aeshna interrupta interrupta,48460/1/47120/372739/47158/184884/47792/47927/1317180/51469/52520/67725,jpg
http://inaturalist-open-data.s3.amazonaws.com/photos/58242466/large.jpeg,Aeshna interrupta interrupta,48460/1/47120/372739/47158/184884/47792/47927/1317180/51469/52520/67725,jpeg
http://inaturalist-open-data.s3.amazonaws.com/photos/58242433/large.jpeg,Aeshna interrupta interrupta,48460/1/47120/372739/47158/184884/47792/47927/1317180/51469/52520/67725,jpeg
http://inaturalist-open-data.s3.amazonaws.com/photos/58242468/large.jpeg,Aeshna interrupta interrupta,48460/1/47120/372739/47158/184884/47792/47927/1317180/51469/52520/67725,jpeg
http://inaturalist-open-data.s3.amazonaws.com/photos/58243440/large.jpeg,Aeshna interrupta interrupta,48460/1/47120/372739/47158/184884/47792/47927/1317180/51469/52520/67725,jpeg
http://inaturalist-open-data.s3.amazonaws.com/photos/59341642/large.jpeg,Aeshna interrupta interrupta,48460/1/47120/372739/47158/184884/47792/47927/1317180/51469/52520/67725,jpeg
http://inaturalist-open-data.s3.amazonaws.com/photos/59341644/large.jpeg,Aeshna interrupta interrupta,48460/1/47120/372739/47158/184884/47792/47927/1317180/51469/52520/67725,jpeg
http://inaturalist-open-data.s3.amazonaws.com/photos/59341653/large.jpeg,Aeshna interrupta interrupta,48460/1/47120/372739/47158/184884/47792/47927/1317180/51469/52520/67725,jpeg
http://inaturalist-open-data.s3.amazonaws.com/photos/59342342/large.jpeg,Aeshna interrupta interrupta,48460/1/47120/372739/47158/184884/47792/47927/1317180/51469/52520/67725,jpeg
http://inaturalist-open-data.s3.amazonaws.com/photos/59342345/large.jpeg,Aeshna interrupta interrupta,48460/1/47120/372739/47158/184884/47792/47927/1317180/51469/52520/67725,jpeg
http://inaturalist-open-data.s3.amazonaws.com/photos/59342350/large.jpeg,Aeshna interrupta interrupta,48460/1/47120/372739/47158/184884/47792/47927/1317180/51469/52520/67725,jpeg
http://inaturalist-open-data.s3.amazonaws.com/photos/59660210/large.jpg,Aeshna interrupta interrupta,48460/1/47120/372739/47158/184884/47792/47927/1317180/51469/52520/67725,jpg
http://inaturalist-open-data.s3.amazonaws.com/photos/87160941/large.jpeg,Aeshna interrupta interrupta,48460/1/47120/372739/47158/184884/47792/47927/1317180/51469/52520/67725,jpeg
http://inaturalist-open-data.s3.amazonaws.com/photos/89280319/large.jpeg,Aeshna interrupta interrupta,48460/1/47120/372739/47158/184884/47792/47927/1317180/51469/52520/67725,jpeg
http://inaturalist-open-data.s3.amazonaws.com/photos/83438736/large.jpeg,Aeshna interrupta interrupta,48460/1/47120/372739/47158/184884/47792/47927/1317180/51469/52520/67725,jpeg
http://inaturalist-open-data.s3.amazonaws.com/photos/91672808/large.jpeg,Aeshna interrupta interrupta,48460/1/47120/372739/47158/184884/47792/47927/1317180/51469/52520/67725,jpeg
http://inaturalist-open-data.s3.amazonaws.com/photos/91672837/large.jpeg,Aeshna interrupta interrupta,48460/1/47120/372739/47158/184884/47792/47927/1317180/51469/52520/67725,jpeg
http://inaturalist-open-data.s3.amazonaws.com/photos/92661322/large.jpg,Aeshna interrupta interrupta,48460/1/47120/372739/47158/184884/47792/47927/1317180/51469/52520/67725,jpg
http://inaturalist-open-data.s3.amazonaws.com/photos/92566944/large.jpg,Aeshna interrupta interrupta,48460/1/47120/372739/47158/184884/47792/47927/1317180/51469/52520/67725,jpg
http://inaturalist-open-data.s3.amazonaws.com/photos/114063207/large.jpeg,Aeshna interrupta interrupta,48460/1/47120/372739/47158/184884/47792/47927/1317180/51469/52520/67725,jpeg
http://inaturalist-open-data.s3.amazonaws.com/photos/148861465/large.jpeg,Aeshna interrupta interrupta,48460/1/47120/372739/47158/184884/47792/47927/1317180/51469/52520/67725,jpeg
http://inaturalist-open-data.s3.amazonaws.com/photos/149688234/large.jpeg,Aeshna interrupta interrupta,48460/1/47120/372739/47158/184884/47792/47927/1317180/51469/52520/67725,jpeg
http://inaturalist-open-data.s3.amazonaws.com/photos/149688300/large.jpeg,Aeshna interrupta interrupta,48460/1/47120/372739/47158/184884/47792/47927/1317180/51469/52520/67725,jpeg
http://inaturalist-open-data.s3.amazonaws.com/photos/149688395/large.jpeg,Aeshna interrupta interrupta,48460/1/47120/372739/47158/184884/47792/47927/1317180/51469/52520/67725,jpeg
http://inaturalist-open-data.s3.amazonaws.com/photos/151207613/large.jpg,Aeshna interrupta interrupta,48460/1/47120/372739/47158/184884/47792/47927/1317180/51469/52520/67725,jpg
http://inaturalist-open-data.s3.amazonaws.com/photos/151207638/large.jpg,Aeshna interrupta interrupta,48460/1/47120/372739/47158/184884/47792/47927/1317180/51469/52520/67725,jpg
http://inaturalist-open-data.s3.amazonaws.com/photos/157509641/large.jpeg,Aeshna interrupta interrupta,48460/1/47120/372739/47158/184884/47792/47927/1317180/51469/52520/67725,jpeg
