photo_url_large,taxon_name,ancestry,extension
http://inaturalist-open-data.s3.amazonaws.com/photos/16589633/large.jpeg,Agriocnemis femina oryzae,48460/1/47120/372739/47158/184884/47792/47928/426081/47925/86283/93547,jpeg
http://inaturalist-open-data.s3.amazonaws.com/photos/17485134/large.jpeg,Agriocnemis femina oryzae,48460/1/47120/372739/47158/184884/47792/47928/426081/47925/86283/93547,jpeg
http://inaturalist-open-data.s3.amazonaws.com/photos/17687593/large.jpeg,Agriocnemis femina oryzae,48460/1/47120/372739/47158/184884/47792/47928/426081/47925/86283/93547,jpeg
http://inaturalist-open-data.s3.amazonaws.com/photos/18162437/large.jpg,Agriocnemis femina oryzae,48460/1/47120/372739/47158/184884/47792/47928/426081/47925/86283/93547,jpg
http://inaturalist-open-data.s3.amazonaws.com/photos/18342055/large.jpg,Agriocnemis femina oryzae,48460/1/47120/372739/47158/184884/47792/47928/426081/47925/86283/93547,jpg
http://inaturalist-open-data.s3.amazonaws.com/photos/19247857/large.jpg,Agriocnemis femina oryzae,48460/1/47120/372739/47158/184884/47792/47928/426081/47925/86283/93547,jpg
http://inaturalist-open-data.s3.amazonaws.com/photos/19247864/large.jpg,Agriocnemis femina oryzae,48460/1/47120/372739/47158/184884/47792/47928/426081/47925/86283/93547,jpg
http://inaturalist-open-data.s3.amazonaws.com/photos/19247868/large.jpg,Agriocnemis femina oryzae,48460/1/47120/372739/47158/184884/47792/47928/426081/47925/86283/93547,jpg
http://inaturalist-open-data.s3.amazonaws.com/photos/19356130/large.jpg,Agriocnemis femina oryzae,48460/1/47120/372739/47158/184884/47792/47928/426081/47925/86283/93547,jpg
http://inaturalist-open-data.s3.amazonaws.com/photos/19748282/large.jpg,Agriocnemis femina oryzae,48460/1/47120/372739/47158/184884/47792/47928/426081/47925/86283/93547,jpg
http://inaturalist-open-data.s3.amazonaws.com/photos/22217465/large.jpeg,Agriocnemis femina oryzae,48460/1/47120/372739/47158/184884/47792/47928/426081/47925/86283/93547,jpeg
http://inaturalist-open-data.s3.amazonaws.com/photos/22220739/large.jpeg,Agriocnemis femina oryzae,48460/1/47120/372739/47158/184884/47792/47928/426081/47925/86283/93547,jpeg
http://inaturalist-open-data.s3.amazonaws.com/photos/22220716/large.jpeg,Agriocnemis femina oryzae,48460/1/47120/372739/47158/184884/47792/47928/426081/47925/86283/93547,jpeg
http://inaturalist-open-data.s3.amazonaws.com/photos/22220740/large.jpeg,Agriocnemis femina oryzae,48460/1/47120/372739/47158/184884/47792/47928/426081/47925/86283/93547,jpeg
http://inaturalist-open-data.s3.amazonaws.com/photos/22220713/large.jpeg,Agriocnemis femina oryzae,48460/1/47120/372739/47158/184884/47792/47928/426081/47925/86283/93547,jpeg
http://inaturalist-open-data.s3.amazonaws.com/photos/22220714/large.jpeg,Agriocnemis femina oryzae,48460/1/47120/372739/47158/184884/47792/47928/426081/47925/86283/93547,jpeg
http://inaturalist-open-data.s3.amazonaws.com/photos/22220715/large.jpeg,Agriocnemis femina oryzae,48460/1/47120/372739/47158/184884/47792/47928/426081/47925/86283/93547,jpeg
http://inaturalist-open-data.s3.amazonaws.com/photos/22786504/large.jpeg,Agriocnemis femina oryzae,48460/1/47120/372739/47158/184884/47792/47928/426081/47925/86283/93547,jpeg
http://inaturalist-open-data.s3.amazonaws.com/photos/22786501/large.jpeg,Agriocnemis femina oryzae,48460/1/47120/372739/47158/184884/47792/47928/426081/47925/86283/93547,jpeg
http://inaturalist-open-data.s3.amazonaws.com/photos/23574439/large.jpg,Agriocnemis femina oryzae,48460/1/47120/372739/47158/184884/47792/47928/426081/47925/86283/93547,jpg
http://inaturalist-open-data.s3.amazonaws.com/photos/23677332/large.jpeg,Agriocnemis femina oryzae,48460/1/47120/372739/47158/184884/47792/47928/426081/47925/86283/93547,jpeg
http://inaturalist-open-data.s3.amazonaws.com/photos/24298644/large.jpg,Agriocnemis femina oryzae,48460/1/47120/372739/47158/184884/47792/47928/426081/47925/86283/93547,jpg
http://inaturalist-open-data.s3.amazonaws.com/photos/24298684/large.jpg,Agriocnemis femina oryzae,48460/1/47120/372739/47158/184884/47792/47928/426081/47925/86283/93547,jpg
http://inaturalist-open-data.s3.amazonaws.com/photos/24702557/large.jpeg,Agriocnemis femina oryzae,48460/1/47120/372739/47158/184884/47792/47928/426081/47925/86283/93547,jpeg
http://inaturalist-open-data.s3.amazonaws.com/photos/28073754/large.jpg,Agriocnemis femina oryzae,48460/1/47120/372739/47158/184884/47792/47928/426081/47925/86283/93547,jpg
http://inaturalist-open-data.s3.amazonaws.com/photos/28073757/large.jpg,Agriocnemis femina oryzae,48460/1/47120/372739/47158/184884/47792/47928/426081/47925/86283/93547,jpg
http://inaturalist-open-data.s3.amazonaws.com/photos/29721112/large.jpeg,Agriocnemis femina oryzae,48460/1/47120/372739/47158/184884/47792/47928/426081/47925/86283/93547,jpeg
http://inaturalist-open-data.s3.amazonaws.com/photos/29721113/large.jpeg,Agriocnemis femina oryzae,48460/1/47120/372739/47158/184884/47792/47928/426081/47925/86283/93547,jpeg
http://inaturalist-open-data.s3.amazonaws.com/photos/32873705/large.jpeg,Agriocnemis femina oryzae,48460/1/47120/372739/47158/184884/47792/47928/426081/47925/86283/93547,jpeg
http://inaturalist-open-data.s3.amazonaws.com/photos/32873715/large.jpeg,Agriocnemis femina oryzae,48460/1/47120/372739/47158/184884/47792/47928/426081/47925/86283/93547,jpeg
http://inaturalist-open-data.s3.amazonaws.com/photos/32873724/large.jpeg,Agriocnemis femina oryzae,48460/1/47120/372739/47158/184884/47792/47928/426081/47925/86283/93547,jpeg
http://inaturalist-open-data.s3.amazonaws.com/photos/32873730/large.jpeg,Agriocnemis femina oryzae,48460/1/47120/372739/47158/184884/47792/47928/426081/47925/86283/93547,jpeg
http://inaturalist-open-data.s3.amazonaws.com/photos/32874303/large.jpeg,Agriocnemis femina oryzae,48460/1/47120/372739/47158/184884/47792/47928/426081/47925/86283/93547,jpeg
http://inaturalist-open-data.s3.amazonaws.com/photos/32874313/large.jpeg,Agriocnemis femina oryzae,48460/1/47120/372739/47158/184884/47792/47928/426081/47925/86283/93547,jpeg
http://inaturalist-open-data.s3.amazonaws.com/photos/32874320/large.jpeg,Agriocnemis femina oryzae,48460/1/47120/372739/47158/184884/47792/47928/426081/47925/86283/93547,jpeg
http://inaturalist-open-data.s3.amazonaws.com/photos/32874331/large.jpeg,Agriocnemis femina oryzae,48460/1/47120/372739/47158/184884/47792/47928/426081/47925/86283/93547,jpeg
http://inaturalist-open-data.s3.amazonaws.com/photos/37894414/large.jpeg,Agriocnemis femina oryzae,48460/1/47120/372739/47158/184884/47792/47928/426081/47925/86283/93547,jpeg
http://inaturalist-open-data.s3.amazonaws.com/photos/37894431/large.jpeg,Agriocnemis femina oryzae,48460/1/47120/372739/47158/184884/47792/47928/426081/47925/86283/93547,jpeg
http://inaturalist-open-data.s3.amazonaws.com/photos/38478894/large.jpeg,Agriocnemis femina oryzae,48460/1/47120/372739/47158/184884/47792/47928/426081/47925/86283/93547,jpeg
http://inaturalist-open-data.s3.amazonaws.com/photos/38562743/large.jpg,Agriocnemis femina oryzae,48460/1/47120/372739/47158/184884/47792/47928/426081/47925/86283/93547,jpg
http://inaturalist-open-data.s3.amazonaws.com/photos/38562967/large.jpg,Agriocnemis femina oryzae,48460/1/47120/372739/47158/184884/47792/47928/426081/47925/86283/93547,jpg
http://inaturalist-open-data.s3.amazonaws.com/photos/38562957/large.jpg,Agriocnemis femina oryzae,48460/1/47120/372739/47158/184884/47792/47928/426081/47925/86283/93547,jpg
http://inaturalist-open-data.s3.amazonaws.com/photos/38562973/large.jpg,Agriocnemis femina oryzae,48460/1/47120/372739/47158/184884/47792/47928/426081/47925/86283/93547,jpg
http://inaturalist-open-data.s3.amazonaws.com/photos/38562981/large.jpg,Agriocnemis femina oryzae,48460/1/47120/372739/47158/184884/47792/47928/426081/47925/86283/93547,jpg
http://inaturalist-open-data.s3.amazonaws.com/photos/38562961/large.jpg,Agriocnemis femina oryzae,48460/1/47120/372739/47158/184884/47792/47928/426081/47925/86283/93547,jpg
http://inaturalist-open-data.s3.amazonaws.com/photos/40434470/large.jpeg,Agriocnemis femina oryzae,48460/1/47120/372739/47158/184884/47792/47928/426081/47925/86283/93547,jpeg
http://inaturalist-open-data.s3.amazonaws.com/photos/40434106/large.jpeg,Agriocnemis femina oryzae,48460/1/47120/372739/47158/184884/47792/47928/426081/47925/86283/93547,jpeg
http://inaturalist-open-data.s3.amazonaws.com/photos/40434567/large.jpeg,Agriocnemis femina oryzae,48460/1/47120/372739/47158/184884/47792/47928/426081/47925/86283/93547,jpeg
http://inaturalist-open-data.s3.amazonaws.com/photos/40435353/large.jpeg,Agriocnemis femina oryzae,48460/1/47120/372739/47158/184884/47792/47928/426081/47925/86283/93547,jpeg
http://inaturalist-open-data.s3.amazonaws.com/photos/40434944/large.jpeg,Agriocnemis femina oryzae,48460/1/47120/372739/47158/184884/47792/47928/426081/47925/86283/93547,jpeg
http://inaturalist-open-data.s3.amazonaws.com/photos/40435284/large.jpeg,Agriocnemis femina oryzae,48460/1/47120/372739/47158/184884/47792/47928/426081/47925/86283/93547,jpeg
http://inaturalist-open-data.s3.amazonaws.com/photos/45853045/large.jpeg,Agriocnemis femina oryzae,48460/1/47120/372739/47158/184884/47792/47928/426081/47925/86283/93547,jpeg
http://inaturalist-open-data.s3.amazonaws.com/photos/45853144/large.jpeg,Agriocnemis femina oryzae,48460/1/47120/372739/47158/184884/47792/47928/426081/47925/86283/93547,jpeg
http://inaturalist-open-data.s3.amazonaws.com/photos/45853215/large.jpeg,Agriocnemis femina oryzae,48460/1/47120/372739/47158/184884/47792/47928/426081/47925/86283/93547,jpeg
http://inaturalist-open-data.s3.amazonaws.com/photos/45853270/large.jpeg,Agriocnemis femina oryzae,48460/1/47120/372739/47158/184884/47792/47928/426081/47925/86283/93547,jpeg
http://inaturalist-open-data.s3.amazonaws.com/photos/45853291/large.jpeg,Agriocnemis femina oryzae,48460/1/47120/372739/47158/184884/47792/47928/426081/47925/86283/93547,jpeg
http://inaturalist-open-data.s3.amazonaws.com/photos/45853315/large.jpeg,Agriocnemis femina oryzae,48460/1/47120/372739/47158/184884/47792/47928/426081/47925/86283/93547,jpeg
http://inaturalist-open-data.s3.amazonaws.com/photos/47798477/large.jpeg,Agriocnemis femina oryzae,48460/1/47120/372739/47158/184884/47792/47928/426081/47925/86283/93547,jpeg
http://inaturalist-open-data.s3.amazonaws.com/photos/48235702/large.jpeg,Agriocnemis femina oryzae,48460/1/47120/372739/47158/184884/47792/47928/426081/47925/86283/93547,jpeg
http://inaturalist-open-data.s3.amazonaws.com/photos/48235713/large.jpeg,Agriocnemis femina oryzae,48460/1/47120/372739/47158/184884/47792/47928/426081/47925/86283/93547,jpeg
http://inaturalist-open-data.s3.amazonaws.com/photos/48235723/large.jpeg,Agriocnemis femina oryzae,48460/1/47120/372739/47158/184884/47792/47928/426081/47925/86283/93547,jpeg
http://inaturalist-open-data.s3.amazonaws.com/photos/52306978/large.jpeg,Agriocnemis femina oryzae,48460/1/47120/372739/47158/184884/47792/47928/426081/47925/86283/93547,jpeg
http://inaturalist-open-data.s3.amazonaws.com/photos/54691078/large.jpeg,Agriocnemis femina oryzae,48460/1/47120/372739/47158/184884/47792/47928/426081/47925/86283/93547,jpeg
http://inaturalist-open-data.s3.amazonaws.com/photos/66201658/large.jpg,Agriocnemis femina oryzae,48460/1/47120/372739/47158/184884/47792/47928/426081/47925/86283/93547,jpg
http://inaturalist-open-data.s3.amazonaws.com/photos/66201763/large.jpg,Agriocnemis femina oryzae,48460/1/47120/372739/47158/184884/47792/47928/426081/47925/86283/93547,jpg
http://inaturalist-open-data.s3.amazonaws.com/photos/69928283/large.jpeg,Agriocnemis femina oryzae,48460/1/47120/372739/47158/184884/47792/47928/426081/47925/86283/93547,jpeg
http://inaturalist-open-data.s3.amazonaws.com/photos/69928738/large.jpeg,Agriocnemis femina oryzae,48460/1/47120/372739/47158/184884/47792/47928/426081/47925/86283/93547,jpeg
http://inaturalist-open-data.s3.amazonaws.com/photos/70097644/large.jpeg,Agriocnemis femina oryzae,48460/1/47120/372739/47158/184884/47792/47928/426081/47925/86283/93547,jpeg
http://inaturalist-open-data.s3.amazonaws.com/photos/70323746/large.jpg,Agriocnemis femina oryzae,48460/1/47120/372739/47158/184884/47792/47928/426081/47925/86283/93547,jpg
http://inaturalist-open-data.s3.amazonaws.com/photos/70323533/large.jpeg,Agriocnemis femina oryzae,48460/1/47120/372739/47158/184884/47792/47928/426081/47925/86283/93547,jpeg
http://inaturalist-open-data.s3.amazonaws.com/photos/70323627/large.jpeg,Agriocnemis femina oryzae,48460/1/47120/372739/47158/184884/47792/47928/426081/47925/86283/93547,jpeg
http://inaturalist-open-data.s3.amazonaws.com/photos/74131304/large.jpeg,Agriocnemis femina oryzae,48460/1/47120/372739/47158/184884/47792/47928/426081/47925/86283/93547,jpeg
http://inaturalist-open-data.s3.amazonaws.com/photos/77779765/large.jpeg,Agriocnemis femina oryzae,48460/1/47120/372739/47158/184884/47792/47928/426081/47925/86283/93547,jpeg
http://inaturalist-open-data.s3.amazonaws.com/photos/77779799/large.jpeg,Agriocnemis femina oryzae,48460/1/47120/372739/47158/184884/47792/47928/426081/47925/86283/93547,jpeg
http://inaturalist-open-data.s3.amazonaws.com/photos/77780663/large.jpeg,Agriocnemis femina oryzae,48460/1/47120/372739/47158/184884/47792/47928/426081/47925/86283/93547,jpeg
http://inaturalist-open-data.s3.amazonaws.com/photos/80659017/large.jpg,Agriocnemis femina oryzae,48460/1/47120/372739/47158/184884/47792/47928/426081/47925/86283/93547,jpg
http://inaturalist-open-data.s3.amazonaws.com/photos/89577664/large.jpeg,Agriocnemis femina oryzae,48460/1/47120/372739/47158/184884/47792/47928/426081/47925/86283/93547,jpeg
http://inaturalist-open-data.s3.amazonaws.com/photos/89577689/large.jpeg,Agriocnemis femina oryzae,48460/1/47120/372739/47158/184884/47792/47928/426081/47925/86283/93547,jpeg
http://inaturalist-open-data.s3.amazonaws.com/photos/90223597/large.jpeg,Agriocnemis femina oryzae,48460/1/47120/372739/47158/184884/47792/47928/426081/47925/86283/93547,jpeg
http://inaturalist-open-data.s3.amazonaws.com/photos/96189959/large.jpeg,Agriocnemis femina oryzae,48460/1/47120/372739/47158/184884/47792/47928/426081/47925/86283/93547,jpeg
http://inaturalist-open-data.s3.amazonaws.com/photos/126270152/large.jpeg,Agriocnemis femina oryzae,48460/1/47120/372739/47158/184884/47792/47928/426081/47925/86283/93547,jpeg
http://inaturalist-open-data.s3.amazonaws.com/photos/126315501/large.jpeg,Agriocnemis femina oryzae,48460/1/47120/372739/47158/184884/47792/47928/426081/47925/86283/93547,jpeg
http://inaturalist-open-data.s3.amazonaws.com/photos/126316103/large.jpeg,Agriocnemis femina oryzae,48460/1/47120/372739/47158/184884/47792/47928/426081/47925/86283/93547,jpeg
http://inaturalist-open-data.s3.amazonaws.com/photos/126316277/large.jpeg,Agriocnemis femina oryzae,48460/1/47120/372739/47158/184884/47792/47928/426081/47925/86283/93547,jpeg
http://inaturalist-open-data.s3.amazonaws.com/photos/126316262/large.jpeg,Agriocnemis femina oryzae,48460/1/47120/372739/47158/184884/47792/47928/426081/47925/86283/93547,jpeg
http://inaturalist-open-data.s3.amazonaws.com/photos/126316245/large.jpeg,Agriocnemis femina oryzae,48460/1/47120/372739/47158/184884/47792/47928/426081/47925/86283/93547,jpeg
http://inaturalist-open-data.s3.amazonaws.com/photos/137771679/large.jpg,Agriocnemis femina oryzae,48460/1/47120/372739/47158/184884/47792/47928/426081/47925/86283/93547,jpg
http://inaturalist-open-data.s3.amazonaws.com/photos/154534644/large.jpeg,Agriocnemis femina oryzae,48460/1/47120/372739/47158/184884/47792/47928/426081/47925/86283/93547,jpeg
http://inaturalist-open-data.s3.amazonaws.com/photos/161470300/large.jpeg,Agriocnemis femina oryzae,48460/1/47120/372739/47158/184884/47792/47928/426081/47925/86283/93547,jpeg
