photo_url_large,taxon_name,ancestry,extension
http://inaturalist-open-data.s3.amazonaws.com/photos/348637/large.jpg,Aguna asander asander,48460/1/47120/372739/47158/184884/47157/47224/47653/320509/1070950/148582/148542,jpg
http://inaturalist-open-data.s3.amazonaws.com/photos/592575/large.JPG,Aguna asander asander,48460/1/47120/372739/47158/184884/47157/47224/47653/320509/1070950/148582/148542,JPG
http://inaturalist-open-data.s3.amazonaws.com/photos/605236/large.JPG,Aguna asander asander,48460/1/47120/372739/47158/184884/47157/47224/47653/320509/1070950/148582/148542,JPG
http://inaturalist-open-data.s3.amazonaws.com/photos/3848561/large.JPG,Aguna asander asander,48460/1/47120/372739/47158/184884/47157/47224/47653/320509/1070950/148582/148542,JPG
http://inaturalist-open-data.s3.amazonaws.com/photos/4043230/large.JPG,Aguna asander asander,48460/1/47120/372739/47158/184884/47157/47224/47653/320509/1070950/148582/148542,JPG
http://inaturalist-open-data.s3.amazonaws.com/photos/5320531/large.jpeg,Aguna asander asander,48460/1/47120/372739/47158/184884/47157/47224/47653/320509/1070950/148582/148542,jpeg
http://inaturalist-open-data.s3.amazonaws.com/photos/5484920/large.jpeg,Aguna asander asander,48460/1/47120/372739/47158/184884/47157/47224/47653/320509/1070950/148582/148542,jpeg
http://inaturalist-open-data.s3.amazonaws.com/photos/5484962/large.jpeg,Aguna asander asander,48460/1/47120/372739/47158/184884/47157/47224/47653/320509/1070950/148582/148542,jpeg
http://inaturalist-open-data.s3.amazonaws.com/photos/5484963/large.jpg,Aguna asander asander,48460/1/47120/372739/47158/184884/47157/47224/47653/320509/1070950/148582/148542,jpg
http://inaturalist-open-data.s3.amazonaws.com/photos/5537196/large.jpeg,Aguna asander asander,48460/1/47120/372739/47158/184884/47157/47224/47653/320509/1070950/148582/148542,jpeg
http://inaturalist-open-data.s3.amazonaws.com/photos/5537203/large.jpeg,Aguna asander asander,48460/1/47120/372739/47158/184884/47157/47224/47653/320509/1070950/148582/148542,jpeg
http://inaturalist-open-data.s3.amazonaws.com/photos/15279357/large.jpeg,Aguna asander asander,48460/1/47120/372739/47158/184884/47157/47224/47653/320509/1070950/148582/148542,jpeg
http://inaturalist-open-data.s3.amazonaws.com/photos/15279388/large.jpeg,Aguna asander asander,48460/1/47120/372739/47158/184884/47157/47224/47653/320509/1070950/148582/148542,jpeg
http://inaturalist-open-data.s3.amazonaws.com/photos/24632008/large.jpg,Aguna asander asander,48460/1/47120/372739/47158/184884/47157/47224/47653/320509/1070950/148582/148542,jpg
http://inaturalist-open-data.s3.amazonaws.com/photos/33514911/large.jpg,Aguna asander asander,48460/1/47120/372739/47158/184884/47157/47224/47653/320509/1070950/148582/148542,jpg
http://inaturalist-open-data.s3.amazonaws.com/photos/41171365/large.jpg,Aguna asander asander,48460/1/47120/372739/47158/184884/47157/47224/47653/320509/1070950/148582/148542,jpg
http://inaturalist-open-data.s3.amazonaws.com/photos/46237449/large.jpeg,Aguna asander asander,48460/1/47120/372739/47158/184884/47157/47224/47653/320509/1070950/148582/148542,jpeg
http://inaturalist-open-data.s3.amazonaws.com/photos/50986455/large.jpg,Aguna asander asander,48460/1/47120/372739/47158/184884/47157/47224/47653/320509/1070950/148582/148542,jpg
http://inaturalist-open-data.s3.amazonaws.com/photos/50986421/large.jpg,Aguna asander asander,48460/1/47120/372739/47158/184884/47157/47224/47653/320509/1070950/148582/148542,jpg
http://inaturalist-open-data.s3.amazonaws.com/photos/50986410/large.jpg,Aguna asander asander,48460/1/47120/372739/47158/184884/47157/47224/47653/320509/1070950/148582/148542,jpg
http://inaturalist-open-data.s3.amazonaws.com/photos/50986432/large.jpg,Aguna asander asander,48460/1/47120/372739/47158/184884/47157/47224/47653/320509/1070950/148582/148542,jpg
http://inaturalist-open-data.s3.amazonaws.com/photos/50986444/large.jpg,Aguna asander asander,48460/1/47120/372739/47158/184884/47157/47224/47653/320509/1070950/148582/148542,jpg
http://inaturalist-open-data.s3.amazonaws.com/photos/52398632/large.jpeg,Aguna asander asander,48460/1/47120/372739/47158/184884/47157/47224/47653/320509/1070950/148582/148542,jpeg
http://inaturalist-open-data.s3.amazonaws.com/photos/52398690/large.jpeg,Aguna asander asander,48460/1/47120/372739/47158/184884/47157/47224/47653/320509/1070950/148582/148542,jpeg
http://inaturalist-open-data.s3.amazonaws.com/photos/52398684/large.jpeg,Aguna asander asander,48460/1/47120/372739/47158/184884/47157/47224/47653/320509/1070950/148582/148542,jpeg
http://inaturalist-open-data.s3.amazonaws.com/photos/53296058/large.jpeg,Aguna asander asander,48460/1/47120/372739/47158/184884/47157/47224/47653/320509/1070950/148582/148542,jpeg
http://inaturalist-open-data.s3.amazonaws.com/photos/60767197/large.jpg,Aguna asander asander,48460/1/47120/372739/47158/184884/47157/47224/47653/320509/1070950/148582/148542,jpg
http://inaturalist-open-data.s3.amazonaws.com/photos/65093365/large.jpeg,Aguna asander asander,48460/1/47120/372739/47158/184884/47157/47224/47653/320509/1070950/148582/148542,jpeg
http://inaturalist-open-data.s3.amazonaws.com/photos/68113688/large.jpeg,Aguna asander asander,48460/1/47120/372739/47158/184884/47157/47224/47653/320509/1070950/148582/148542,jpeg
http://inaturalist-open-data.s3.amazonaws.com/photos/72186941/large.jpg,Aguna asander asander,48460/1/47120/372739/47158/184884/47157/47224/47653/320509/1070950/148582/148542,jpg
http://inaturalist-open-data.s3.amazonaws.com/photos/80866787/large.jpeg,Aguna asander asander,48460/1/47120/372739/47158/184884/47157/47224/47653/320509/1070950/148582/148542,jpeg
http://inaturalist-open-data.s3.amazonaws.com/photos/85941456/large.jpg,Aguna asander asander,48460/1/47120/372739/47158/184884/47157/47224/47653/320509/1070950/148582/148542,jpg
http://inaturalist-open-data.s3.amazonaws.com/photos/86051535/large.jpeg,Aguna asander asander,48460/1/47120/372739/47158/184884/47157/47224/47653/320509/1070950/148582/148542,jpeg
http://inaturalist-open-data.s3.amazonaws.com/photos/86995544/large.jpeg,Aguna asander asander,48460/1/47120/372739/47158/184884/47157/47224/47653/320509/1070950/148582/148542,jpeg
http://inaturalist-open-data.s3.amazonaws.com/photos/87325429/large.jpeg,Aguna asander asander,48460/1/47120/372739/47158/184884/47157/47224/47653/320509/1070950/148582/148542,jpeg
http://inaturalist-open-data.s3.amazonaws.com/photos/87325441/large.jpeg,Aguna asander asander,48460/1/47120/372739/47158/184884/47157/47224/47653/320509/1070950/148582/148542,jpeg
http://inaturalist-open-data.s3.amazonaws.com/photos/87325425/large.jpeg,Aguna asander asander,48460/1/47120/372739/47158/184884/47157/47224/47653/320509/1070950/148582/148542,jpeg
http://inaturalist-open-data.s3.amazonaws.com/photos/87324696/large.jpeg,Aguna asander asander,48460/1/47120/372739/47158/184884/47157/47224/47653/320509/1070950/148582/148542,jpeg
http://inaturalist-open-data.s3.amazonaws.com/photos/87484028/large.jpg,Aguna asander asander,48460/1/47120/372739/47158/184884/47157/47224/47653/320509/1070950/148582/148542,jpg
http://inaturalist-open-data.s3.amazonaws.com/photos/87484056/large.jpg,Aguna asander asander,48460/1/47120/372739/47158/184884/47157/47224/47653/320509/1070950/148582/148542,jpg
http://inaturalist-open-data.s3.amazonaws.com/photos/87489335/large.jpg,Aguna asander asander,48460/1/47120/372739/47158/184884/47157/47224/47653/320509/1070950/148582/148542,jpg
http://inaturalist-open-data.s3.amazonaws.com/photos/87683667/large.jpg,Aguna asander asander,48460/1/47120/372739/47158/184884/47157/47224/47653/320509/1070950/148582/148542,jpg
http://inaturalist-open-data.s3.amazonaws.com/photos/88407019/large.jpg,Aguna asander asander,48460/1/47120/372739/47158/184884/47157/47224/47653/320509/1070950/148582/148542,jpg
http://inaturalist-open-data.s3.amazonaws.com/photos/88407152/large.jpg,Aguna asander asander,48460/1/47120/372739/47158/184884/47157/47224/47653/320509/1070950/148582/148542,jpg
http://inaturalist-open-data.s3.amazonaws.com/photos/88473245/large.jpg,Aguna asander asander,48460/1/47120/372739/47158/184884/47157/47224/47653/320509/1070950/148582/148542,jpg
http://inaturalist-open-data.s3.amazonaws.com/photos/88473236/large.jpg,Aguna asander asander,48460/1/47120/372739/47158/184884/47157/47224/47653/320509/1070950/148582/148542,jpg
http://inaturalist-open-data.s3.amazonaws.com/photos/88477203/large.jpg,Aguna asander asander,48460/1/47120/372739/47158/184884/47157/47224/47653/320509/1070950/148582/148542,jpg
http://inaturalist-open-data.s3.amazonaws.com/photos/90175962/large.jpeg,Aguna asander asander,48460/1/47120/372739/47158/184884/47157/47224/47653/320509/1070950/148582/148542,jpeg
http://inaturalist-open-data.s3.amazonaws.com/photos/90175976/large.jpeg,Aguna asander asander,48460/1/47120/372739/47158/184884/47157/47224/47653/320509/1070950/148582/148542,jpeg
http://inaturalist-open-data.s3.amazonaws.com/photos/90175992/large.jpeg,Aguna asander asander,48460/1/47120/372739/47158/184884/47157/47224/47653/320509/1070950/148582/148542,jpeg
http://inaturalist-open-data.s3.amazonaws.com/photos/90863700/large.jpeg,Aguna asander asander,48460/1/47120/372739/47158/184884/47157/47224/47653/320509/1070950/148582/148542,jpeg
http://inaturalist-open-data.s3.amazonaws.com/photos/90863678/large.jpeg,Aguna asander asander,48460/1/47120/372739/47158/184884/47157/47224/47653/320509/1070950/148582/148542,jpeg
http://inaturalist-open-data.s3.amazonaws.com/photos/94247448/large.jpeg,Aguna asander asander,48460/1/47120/372739/47158/184884/47157/47224/47653/320509/1070950/148582/148542,jpeg
http://inaturalist-open-data.s3.amazonaws.com/photos/94693424/large.jpeg,Aguna asander asander,48460/1/47120/372739/47158/184884/47157/47224/47653/320509/1070950/148582/148542,jpeg
http://inaturalist-open-data.s3.amazonaws.com/photos/94693357/large.jpeg,Aguna asander asander,48460/1/47120/372739/47158/184884/47157/47224/47653/320509/1070950/148582/148542,jpeg
http://inaturalist-open-data.s3.amazonaws.com/photos/112062812/large.jpg,Aguna asander asander,48460/1/47120/372739/47158/184884/47157/47224/47653/320509/1070950/148582/148542,jpg
http://inaturalist-open-data.s3.amazonaws.com/photos/121237492/large.jpeg,Aguna asander asander,48460/1/47120/372739/47158/184884/47157/47224/47653/320509/1070950/148582/148542,jpeg
http://inaturalist-open-data.s3.amazonaws.com/photos/134041777/large.jpg,Aguna asander asander,48460/1/47120/372739/47158/184884/47157/47224/47653/320509/1070950/148582/148542,jpg
http://inaturalist-open-data.s3.amazonaws.com/photos/134041806/large.jpg,Aguna asander asander,48460/1/47120/372739/47158/184884/47157/47224/47653/320509/1070950/148582/148542,jpg
http://inaturalist-open-data.s3.amazonaws.com/photos/134041863/large.jpg,Aguna asander asander,48460/1/47120/372739/47158/184884/47157/47224/47653/320509/1070950/148582/148542,jpg
http://inaturalist-open-data.s3.amazonaws.com/photos/143004674/large.jpeg,Aguna asander asander,48460/1/47120/372739/47158/184884/47157/47224/47653/320509/1070950/148582/148542,jpeg
http://inaturalist-open-data.s3.amazonaws.com/photos/148813949/large.jpeg,Aguna asander asander,48460/1/47120/372739/47158/184884/47157/47224/47653/320509/1070950/148582/148542,jpeg
http://inaturalist-open-data.s3.amazonaws.com/photos/148813908/large.jpeg,Aguna asander asander,48460/1/47120/372739/47158/184884/47157/47224/47653/320509/1070950/148582/148542,jpeg
http://inaturalist-open-data.s3.amazonaws.com/photos/154847113/large.jpeg,Aguna asander asander,48460/1/47120/372739/47158/184884/47157/47224/47653/320509/1070950/148582/148542,jpeg
http://inaturalist-open-data.s3.amazonaws.com/photos/155230280/large.jpeg,Aguna asander asander,48460/1/47120/372739/47158/184884/47157/47224/47653/320509/1070950/148582/148542,jpeg
http://inaturalist-open-data.s3.amazonaws.com/photos/155230292/large.jpeg,Aguna asander asander,48460/1/47120/372739/47158/184884/47157/47224/47653/320509/1070950/148582/148542,jpeg
http://inaturalist-open-data.s3.amazonaws.com/photos/155230308/large.jpeg,Aguna asander asander,48460/1/47120/372739/47158/184884/47157/47224/47653/320509/1070950/148582/148542,jpeg
http://inaturalist-open-data.s3.amazonaws.com/photos/157246446/large.jpeg,Aguna asander asander,48460/1/47120/372739/47158/184884/47157/47224/47653/320509/1070950/148582/148542,jpeg
http://inaturalist-open-data.s3.amazonaws.com/photos/158200863/large.jpeg,Aguna asander asander,48460/1/47120/372739/47158/184884/47157/47224/47653/320509/1070950/148582/148542,jpeg
http://inaturalist-open-data.s3.amazonaws.com/photos/160933090/large.jpeg,Aguna asander asander,48460/1/47120/372739/47158/184884/47157/47224/47653/320509/1070950/148582/148542,jpeg
http://inaturalist-open-data.s3.amazonaws.com/photos/170370480/large.jpg,Aguna asander asander,48460/1/47120/372739/47158/184884/47157/47224/47653/320509/1070950/148582/148542,jpg
http://inaturalist-open-data.s3.amazonaws.com/photos/170370655/large.jpg,Aguna asander asander,48460/1/47120/372739/47158/184884/47157/47224/47653/320509/1070950/148582/148542,jpg
http://inaturalist-open-data.s3.amazonaws.com/photos/171659003/large.jpg,Aguna asander asander,48460/1/47120/372739/47158/184884/47157/47224/47653/320509/1070950/148582/148542,jpg
