photo_url_large,taxon_name,ancestry,extension
http://inaturalist-open-data.s3.amazonaws.com/photos/15258323/large.jpg,Aloeides damarensis mashona,48460/1/47120/372739/47158/184884/47157/47224/47923/889808/86354/696727,jpg
http://inaturalist-open-data.s3.amazonaws.com/photos/15258330/large.jpg,Aloeides damarensis mashona,48460/1/47120/372739/47158/184884/47157/47224/47923/889808/86354/696727,jpg
http://inaturalist-open-data.s3.amazonaws.com/photos/15258335/large.jpg,Aloeides damarensis mashona,48460/1/47120/372739/47158/184884/47157/47224/47923/889808/86354/696727,jpg
http://inaturalist-open-data.s3.amazonaws.com/photos/15258339/large.jpg,Aloeides damarensis mashona,48460/1/47120/372739/47158/184884/47157/47224/47923/889808/86354/696727,jpg
http://inaturalist-open-data.s3.amazonaws.com/photos/15311375/large.jpg,Aloeides damarensis mashona,48460/1/47120/372739/47158/184884/47157/47224/47923/889808/86354/696727,jpg
http://inaturalist-open-data.s3.amazonaws.com/photos/15393572/large.jpg,Aloeides damarensis mashona,48460/1/47120/372739/47158/184884/47157/47224/47923/889808/86354/696727,jpg
http://inaturalist-open-data.s3.amazonaws.com/photos/15393583/large.jpg,Aloeides damarensis mashona,48460/1/47120/372739/47158/184884/47157/47224/47923/889808/86354/696727,jpg
http://inaturalist-open-data.s3.amazonaws.com/photos/15501925/large.jpg,Aloeides damarensis mashona,48460/1/47120/372739/47158/184884/47157/47224/47923/889808/86354/696727,jpg
http://inaturalist-open-data.s3.amazonaws.com/photos/15501926/large.jpg,Aloeides damarensis mashona,48460/1/47120/372739/47158/184884/47157/47224/47923/889808/86354/696727,jpg
http://inaturalist-open-data.s3.amazonaws.com/photos/15501928/large.jpg,Aloeides damarensis mashona,48460/1/47120/372739/47158/184884/47157/47224/47923/889808/86354/696727,jpg
http://inaturalist-open-data.s3.amazonaws.com/photos/15501931/large.jpg,Aloeides damarensis mashona,48460/1/47120/372739/47158/184884/47157/47224/47923/889808/86354/696727,jpg
http://inaturalist-open-data.s3.amazonaws.com/photos/15501934/large.jpg,Aloeides damarensis mashona,48460/1/47120/372739/47158/184884/47157/47224/47923/889808/86354/696727,jpg
http://inaturalist-open-data.s3.amazonaws.com/photos/15501937/large.jpg,Aloeides damarensis mashona,48460/1/47120/372739/47158/184884/47157/47224/47923/889808/86354/696727,jpg
http://inaturalist-open-data.s3.amazonaws.com/photos/15514784/large.jpg,Aloeides damarensis mashona,48460/1/47120/372739/47158/184884/47157/47224/47923/889808/86354/696727,jpg
http://inaturalist-open-data.s3.amazonaws.com/photos/89016282/large.jpg,Aloeides damarensis mashona,48460/1/47120/372739/47158/184884/47157/47224/47923/889808/86354/696727,jpg
http://inaturalist-open-data.s3.amazonaws.com/photos/100257708/large.jpeg,Aloeides damarensis mashona,48460/1/47120/372739/47158/184884/47157/47224/47923/889808/86354/696727,jpeg
http://inaturalist-open-data.s3.amazonaws.com/photos/100257716/large.jpeg,Aloeides damarensis mashona,48460/1/47120/372739/47158/184884/47157/47224/47923/889808/86354/696727,jpeg
http://inaturalist-open-data.s3.amazonaws.com/photos/100257725/large.jpeg,Aloeides damarensis mashona,48460/1/47120/372739/47158/184884/47157/47224/47923/889808/86354/696727,jpeg
