photo_url_large,taxon_name,ancestry,extension
http://inaturalist-open-data.s3.amazonaws.com/photos/15430819/large.jpg,Amauris niavius dominicanus,48460/1/47120/372739/47158/184884/47157/47224/47922/61244/134169/967574/86372/967581/354675,jpg
http://inaturalist-open-data.s3.amazonaws.com/photos/17347018/large.jpeg,Amauris niavius dominicanus,48460/1/47120/372739/47158/184884/47157/47224/47922/61244/134169/967574/86372/967581/354675,jpeg
http://inaturalist-open-data.s3.amazonaws.com/photos/17347037/large.jpeg,Amauris niavius dominicanus,48460/1/47120/372739/47158/184884/47157/47224/47922/61244/134169/967574/86372/967581/354675,jpeg
http://inaturalist-open-data.s3.amazonaws.com/photos/30361230/large.jpeg,Amauris niavius dominicanus,48460/1/47120/372739/47158/184884/47157/47224/47922/61244/134169/967574/86372/967581/354675,jpeg
http://inaturalist-open-data.s3.amazonaws.com/photos/30555832/large.jpg,Amauris niavius dominicanus,48460/1/47120/372739/47158/184884/47157/47224/47922/61244/134169/967574/86372/967581/354675,jpg
http://inaturalist-open-data.s3.amazonaws.com/photos/30555828/large.jpg,Amauris niavius dominicanus,48460/1/47120/372739/47158/184884/47157/47224/47922/61244/134169/967574/86372/967581/354675,jpg
http://inaturalist-open-data.s3.amazonaws.com/photos/35206216/large.jpeg,Amauris niavius dominicanus,48460/1/47120/372739/47158/184884/47157/47224/47922/61244/134169/967574/86372/967581/354675,jpeg
http://inaturalist-open-data.s3.amazonaws.com/photos/35885811/large.jpeg,Amauris niavius dominicanus,48460/1/47120/372739/47158/184884/47157/47224/47922/61244/134169/967574/86372/967581/354675,jpeg
http://inaturalist-open-data.s3.amazonaws.com/photos/38030701/large.jpeg,Amauris niavius dominicanus,48460/1/47120/372739/47158/184884/47157/47224/47922/61244/134169/967574/86372/967581/354675,jpeg
http://inaturalist-open-data.s3.amazonaws.com/photos/54096368/large.jpeg,Amauris niavius dominicanus,48460/1/47120/372739/47158/184884/47157/47224/47922/61244/134169/967574/86372/967581/354675,jpeg
http://inaturalist-open-data.s3.amazonaws.com/photos/54096339/large.jpeg,Amauris niavius dominicanus,48460/1/47120/372739/47158/184884/47157/47224/47922/61244/134169/967574/86372/967581/354675,jpeg
http://inaturalist-open-data.s3.amazonaws.com/photos/54096332/large.jpeg,Amauris niavius dominicanus,48460/1/47120/372739/47158/184884/47157/47224/47922/61244/134169/967574/86372/967581/354675,jpeg
http://inaturalist-open-data.s3.amazonaws.com/photos/54166462/large.jpeg,Amauris niavius dominicanus,48460/1/47120/372739/47158/184884/47157/47224/47922/61244/134169/967574/86372/967581/354675,jpeg
http://inaturalist-open-data.s3.amazonaws.com/photos/56092448/large.jpeg,Amauris niavius dominicanus,48460/1/47120/372739/47158/184884/47157/47224/47922/61244/134169/967574/86372/967581/354675,jpeg
http://inaturalist-open-data.s3.amazonaws.com/photos/59329150/large.jpg,Amauris niavius dominicanus,48460/1/47120/372739/47158/184884/47157/47224/47922/61244/134169/967574/86372/967581/354675,jpg
http://inaturalist-open-data.s3.amazonaws.com/photos/59329118/large.jpeg,Amauris niavius dominicanus,48460/1/47120/372739/47158/184884/47157/47224/47922/61244/134169/967574/86372/967581/354675,jpeg
http://inaturalist-open-data.s3.amazonaws.com/photos/59962772/large.jpeg,Amauris niavius dominicanus,48460/1/47120/372739/47158/184884/47157/47224/47922/61244/134169/967574/86372/967581/354675,jpeg
http://inaturalist-open-data.s3.amazonaws.com/photos/59962811/large.jpg,Amauris niavius dominicanus,48460/1/47120/372739/47158/184884/47157/47224/47922/61244/134169/967574/86372/967581/354675,jpg
http://inaturalist-open-data.s3.amazonaws.com/photos/60170788/large.jpeg,Amauris niavius dominicanus,48460/1/47120/372739/47158/184884/47157/47224/47922/61244/134169/967574/86372/967581/354675,jpeg
http://inaturalist-open-data.s3.amazonaws.com/photos/60170899/large.jpg,Amauris niavius dominicanus,48460/1/47120/372739/47158/184884/47157/47224/47922/61244/134169/967574/86372/967581/354675,jpg
http://inaturalist-open-data.s3.amazonaws.com/photos/61752552/large.jpeg,Amauris niavius dominicanus,48460/1/47120/372739/47158/184884/47157/47224/47922/61244/134169/967574/86372/967581/354675,jpeg
http://inaturalist-open-data.s3.amazonaws.com/photos/61752472/large.jpeg,Amauris niavius dominicanus,48460/1/47120/372739/47158/184884/47157/47224/47922/61244/134169/967574/86372/967581/354675,jpeg
http://inaturalist-open-data.s3.amazonaws.com/photos/62143519/large.jpeg,Amauris niavius dominicanus,48460/1/47120/372739/47158/184884/47157/47224/47922/61244/134169/967574/86372/967581/354675,jpeg
http://inaturalist-open-data.s3.amazonaws.com/photos/83556986/large.jpeg,Amauris niavius dominicanus,48460/1/47120/372739/47158/184884/47157/47224/47922/61244/134169/967574/86372/967581/354675,jpeg
http://inaturalist-open-data.s3.amazonaws.com/photos/84330890/large.jpeg,Amauris niavius dominicanus,48460/1/47120/372739/47158/184884/47157/47224/47922/61244/134169/967574/86372/967581/354675,jpeg
http://inaturalist-open-data.s3.amazonaws.com/photos/86200993/large.jpeg,Amauris niavius dominicanus,48460/1/47120/372739/47158/184884/47157/47224/47922/61244/134169/967574/86372/967581/354675,jpeg
http://inaturalist-open-data.s3.amazonaws.com/photos/108285483/large.jpeg,Amauris niavius dominicanus,48460/1/47120/372739/47158/184884/47157/47224/47922/61244/134169/967574/86372/967581/354675,jpeg
http://inaturalist-open-data.s3.amazonaws.com/photos/127449577/large.jpg,Amauris niavius dominicanus,48460/1/47120/372739/47158/184884/47157/47224/47922/61244/134169/967574/86372/967581/354675,jpg
http://inaturalist-open-data.s3.amazonaws.com/photos/127449606/large.jpg,Amauris niavius dominicanus,48460/1/47120/372739/47158/184884/47157/47224/47922/61244/134169/967574/86372/967581/354675,jpg
http://inaturalist-open-data.s3.amazonaws.com/photos/134839473/large.jpg,Amauris niavius dominicanus,48460/1/47120/372739/47158/184884/47157/47224/47922/61244/134169/967574/86372/967581/354675,jpg
http://inaturalist-open-data.s3.amazonaws.com/photos/134839481/large.jpeg,Amauris niavius dominicanus,48460/1/47120/372739/47158/184884/47157/47224/47922/61244/134169/967574/86372/967581/354675,jpeg
http://inaturalist-open-data.s3.amazonaws.com/photos/134839438/large.jpeg,Amauris niavius dominicanus,48460/1/47120/372739/47158/184884/47157/47224/47922/61244/134169/967574/86372/967581/354675,jpeg
http://inaturalist-open-data.s3.amazonaws.com/photos/156013762/large.jpg,Amauris niavius dominicanus,48460/1/47120/372739/47158/184884/47157/47224/47922/61244/134169/967574/86372/967581/354675,jpg
http://inaturalist-open-data.s3.amazonaws.com/photos/169715229/large.jpg,Amauris niavius dominicanus,48460/1/47120/372739/47158/184884/47157/47224/47922/61244/134169/967574/86372/967581/354675,jpg
http://inaturalist-open-data.s3.amazonaws.com/photos/169715234/large.jpg,Amauris niavius dominicanus,48460/1/47120/372739/47158/184884/47157/47224/47922/61244/134169/967574/86372/967581/354675,jpg
