photo_url_large,taxon_name,ancestry,extension
http://inaturalist-open-data.s3.amazonaws.com/photos/11005636/large.jpg,Amauris albimaculata albimaculata,48460/1/47120/372739/47158/184884/47157/47224/47922/61244/134169/967574/86372/967582/199272,jpg
http://inaturalist-open-data.s3.amazonaws.com/photos/15398385/large.jpg,Amauris albimaculata albimaculata,48460/1/47120/372739/47158/184884/47157/47224/47922/61244/134169/967574/86372/967582/199272,jpg
http://inaturalist-open-data.s3.amazonaws.com/photos/15398416/large.jpg,Amauris albimaculata albimaculata,48460/1/47120/372739/47158/184884/47157/47224/47922/61244/134169/967574/86372/967582/199272,jpg
http://inaturalist-open-data.s3.amazonaws.com/photos/15414223/large.jpg,Amauris albimaculata albimaculata,48460/1/47120/372739/47158/184884/47157/47224/47922/61244/134169/967574/86372/967582/199272,jpg
http://inaturalist-open-data.s3.amazonaws.com/photos/15423777/large.jpg,Amauris albimaculata albimaculata,48460/1/47120/372739/47158/184884/47157/47224/47922/61244/134169/967574/86372/967582/199272,jpg
http://inaturalist-open-data.s3.amazonaws.com/photos/15423779/large.jpg,Amauris albimaculata albimaculata,48460/1/47120/372739/47158/184884/47157/47224/47922/61244/134169/967574/86372/967582/199272,jpg
http://inaturalist-open-data.s3.amazonaws.com/photos/15459999/large.jpg,Amauris albimaculata albimaculata,48460/1/47120/372739/47158/184884/47157/47224/47922/61244/134169/967574/86372/967582/199272,jpg
http://inaturalist-open-data.s3.amazonaws.com/photos/15460004/large.jpg,Amauris albimaculata albimaculata,48460/1/47120/372739/47158/184884/47157/47224/47922/61244/134169/967574/86372/967582/199272,jpg
http://inaturalist-open-data.s3.amazonaws.com/photos/15460011/large.jpg,Amauris albimaculata albimaculata,48460/1/47120/372739/47158/184884/47157/47224/47922/61244/134169/967574/86372/967582/199272,jpg
http://inaturalist-open-data.s3.amazonaws.com/photos/15526355/large.jpg,Amauris albimaculata albimaculata,48460/1/47120/372739/47158/184884/47157/47224/47922/61244/134169/967574/86372/967582/199272,jpg
http://inaturalist-open-data.s3.amazonaws.com/photos/15538619/large.jpg,Amauris albimaculata albimaculata,48460/1/47120/372739/47158/184884/47157/47224/47922/61244/134169/967574/86372/967582/199272,jpg
http://inaturalist-open-data.s3.amazonaws.com/photos/15538613/large.jpg,Amauris albimaculata albimaculata,48460/1/47120/372739/47158/184884/47157/47224/47922/61244/134169/967574/86372/967582/199272,jpg
http://inaturalist-open-data.s3.amazonaws.com/photos/15538616/large.jpg,Amauris albimaculata albimaculata,48460/1/47120/372739/47158/184884/47157/47224/47922/61244/134169/967574/86372/967582/199272,jpg
http://inaturalist-open-data.s3.amazonaws.com/photos/15560688/large.jpg,Amauris albimaculata albimaculata,48460/1/47120/372739/47158/184884/47157/47224/47922/61244/134169/967574/86372/967582/199272,jpg
http://inaturalist-open-data.s3.amazonaws.com/photos/15560691/large.jpg,Amauris albimaculata albimaculata,48460/1/47120/372739/47158/184884/47157/47224/47922/61244/134169/967574/86372/967582/199272,jpg
http://inaturalist-open-data.s3.amazonaws.com/photos/15601052/large.jpg,Amauris albimaculata albimaculata,48460/1/47120/372739/47158/184884/47157/47224/47922/61244/134169/967574/86372/967582/199272,jpg
http://inaturalist-open-data.s3.amazonaws.com/photos/15586423/large.jpg,Amauris albimaculata albimaculata,48460/1/47120/372739/47158/184884/47157/47224/47922/61244/134169/967574/86372/967582/199272,jpg
http://inaturalist-open-data.s3.amazonaws.com/photos/15669547/large.jpg,Amauris albimaculata albimaculata,48460/1/47120/372739/47158/184884/47157/47224/47922/61244/134169/967574/86372/967582/199272,jpg
http://inaturalist-open-data.s3.amazonaws.com/photos/15673132/large.jpg,Amauris albimaculata albimaculata,48460/1/47120/372739/47158/184884/47157/47224/47922/61244/134169/967574/86372/967582/199272,jpg
http://inaturalist-open-data.s3.amazonaws.com/photos/15673135/large.jpg,Amauris albimaculata albimaculata,48460/1/47120/372739/47158/184884/47157/47224/47922/61244/134169/967574/86372/967582/199272,jpg
http://inaturalist-open-data.s3.amazonaws.com/photos/15673137/large.jpg,Amauris albimaculata albimaculata,48460/1/47120/372739/47158/184884/47157/47224/47922/61244/134169/967574/86372/967582/199272,jpg
http://inaturalist-open-data.s3.amazonaws.com/photos/15709028/large.jpg,Amauris albimaculata albimaculata,48460/1/47120/372739/47158/184884/47157/47224/47922/61244/134169/967574/86372/967582/199272,jpg
http://inaturalist-open-data.s3.amazonaws.com/photos/15709029/large.jpg,Amauris albimaculata albimaculata,48460/1/47120/372739/47158/184884/47157/47224/47922/61244/134169/967574/86372/967582/199272,jpg
http://inaturalist-open-data.s3.amazonaws.com/photos/15740638/large.jpg,Amauris albimaculata albimaculata,48460/1/47120/372739/47158/184884/47157/47224/47922/61244/134169/967574/86372/967582/199272,jpg
http://inaturalist-open-data.s3.amazonaws.com/photos/15740636/large.jpg,Amauris albimaculata albimaculata,48460/1/47120/372739/47158/184884/47157/47224/47922/61244/134169/967574/86372/967582/199272,jpg
http://inaturalist-open-data.s3.amazonaws.com/photos/15757294/large.jpg,Amauris albimaculata albimaculata,48460/1/47120/372739/47158/184884/47157/47224/47922/61244/134169/967574/86372/967582/199272,jpg
http://inaturalist-open-data.s3.amazonaws.com/photos/15818505/large.jpg,Amauris albimaculata albimaculata,48460/1/47120/372739/47158/184884/47157/47224/47922/61244/134169/967574/86372/967582/199272,jpg
http://inaturalist-open-data.s3.amazonaws.com/photos/15803857/large.jpg,Amauris albimaculata albimaculata,48460/1/47120/372739/47158/184884/47157/47224/47922/61244/134169/967574/86372/967582/199272,jpg
http://inaturalist-open-data.s3.amazonaws.com/photos/15843444/large.jpg,Amauris albimaculata albimaculata,48460/1/47120/372739/47158/184884/47157/47224/47922/61244/134169/967574/86372/967582/199272,jpg
http://inaturalist-open-data.s3.amazonaws.com/photos/15954449/large.jpg,Amauris albimaculata albimaculata,48460/1/47120/372739/47158/184884/47157/47224/47922/61244/134169/967574/86372/967582/199272,jpg
http://inaturalist-open-data.s3.amazonaws.com/photos/16062623/large.jpg,Amauris albimaculata albimaculata,48460/1/47120/372739/47158/184884/47157/47224/47922/61244/134169/967574/86372/967582/199272,jpg
http://inaturalist-open-data.s3.amazonaws.com/photos/16062620/large.jpg,Amauris albimaculata albimaculata,48460/1/47120/372739/47158/184884/47157/47224/47922/61244/134169/967574/86372/967582/199272,jpg
http://inaturalist-open-data.s3.amazonaws.com/photos/16122166/large.jpg,Amauris albimaculata albimaculata,48460/1/47120/372739/47158/184884/47157/47224/47922/61244/134169/967574/86372/967582/199272,jpg
http://inaturalist-open-data.s3.amazonaws.com/photos/16145611/large.jpg,Amauris albimaculata albimaculata,48460/1/47120/372739/47158/184884/47157/47224/47922/61244/134169/967574/86372/967582/199272,jpg
http://inaturalist-open-data.s3.amazonaws.com/photos/17769051/large.jpeg,Amauris albimaculata albimaculata,48460/1/47120/372739/47158/184884/47157/47224/47922/61244/134169/967574/86372/967582/199272,jpeg
http://inaturalist-open-data.s3.amazonaws.com/photos/17769162/large.jpeg,Amauris albimaculata albimaculata,48460/1/47120/372739/47158/184884/47157/47224/47922/61244/134169/967574/86372/967582/199272,jpeg
http://inaturalist-open-data.s3.amazonaws.com/photos/17769210/large.jpeg,Amauris albimaculata albimaculata,48460/1/47120/372739/47158/184884/47157/47224/47922/61244/134169/967574/86372/967582/199272,jpeg
http://inaturalist-open-data.s3.amazonaws.com/photos/17769246/large.jpeg,Amauris albimaculata albimaculata,48460/1/47120/372739/47158/184884/47157/47224/47922/61244/134169/967574/86372/967582/199272,jpeg
http://inaturalist-open-data.s3.amazonaws.com/photos/17769263/large.jpeg,Amauris albimaculata albimaculata,48460/1/47120/372739/47158/184884/47157/47224/47922/61244/134169/967574/86372/967582/199272,jpeg
http://inaturalist-open-data.s3.amazonaws.com/photos/17769297/large.jpeg,Amauris albimaculata albimaculata,48460/1/47120/372739/47158/184884/47157/47224/47922/61244/134169/967574/86372/967582/199272,jpeg
http://inaturalist-open-data.s3.amazonaws.com/photos/17769321/large.jpeg,Amauris albimaculata albimaculata,48460/1/47120/372739/47158/184884/47157/47224/47922/61244/134169/967574/86372/967582/199272,jpeg
http://inaturalist-open-data.s3.amazonaws.com/photos/17769377/large.jpeg,Amauris albimaculata albimaculata,48460/1/47120/372739/47158/184884/47157/47224/47922/61244/134169/967574/86372/967582/199272,jpeg
http://inaturalist-open-data.s3.amazonaws.com/photos/20158397/large.jpeg,Amauris albimaculata albimaculata,48460/1/47120/372739/47158/184884/47157/47224/47922/61244/134169/967574/86372/967582/199272,jpeg
http://inaturalist-open-data.s3.amazonaws.com/photos/20158400/large.jpeg,Amauris albimaculata albimaculata,48460/1/47120/372739/47158/184884/47157/47224/47922/61244/134169/967574/86372/967582/199272,jpeg
http://inaturalist-open-data.s3.amazonaws.com/photos/20570332/large.jpeg,Amauris albimaculata albimaculata,48460/1/47120/372739/47158/184884/47157/47224/47922/61244/134169/967574/86372/967582/199272,jpeg
http://inaturalist-open-data.s3.amazonaws.com/photos/20570323/large.jpeg,Amauris albimaculata albimaculata,48460/1/47120/372739/47158/184884/47157/47224/47922/61244/134169/967574/86372/967582/199272,jpeg
http://inaturalist-open-data.s3.amazonaws.com/photos/22066201/large.jpeg,Amauris albimaculata albimaculata,48460/1/47120/372739/47158/184884/47157/47224/47922/61244/134169/967574/86372/967582/199272,jpeg
http://inaturalist-open-data.s3.amazonaws.com/photos/22066212/large.jpeg,Amauris albimaculata albimaculata,48460/1/47120/372739/47158/184884/47157/47224/47922/61244/134169/967574/86372/967582/199272,jpeg
http://inaturalist-open-data.s3.amazonaws.com/photos/20391671/large.jpeg,Amauris albimaculata albimaculata,48460/1/47120/372739/47158/184884/47157/47224/47922/61244/134169/967574/86372/967582/199272,jpeg
http://inaturalist-open-data.s3.amazonaws.com/photos/23567711/large.jpeg,Amauris albimaculata albimaculata,48460/1/47120/372739/47158/184884/47157/47224/47922/61244/134169/967574/86372/967582/199272,jpeg
http://inaturalist-open-data.s3.amazonaws.com/photos/23567696/large.jpeg,Amauris albimaculata albimaculata,48460/1/47120/372739/47158/184884/47157/47224/47922/61244/134169/967574/86372/967582/199272,jpeg
http://inaturalist-open-data.s3.amazonaws.com/photos/23567727/large.jpeg,Amauris albimaculata albimaculata,48460/1/47120/372739/47158/184884/47157/47224/47922/61244/134169/967574/86372/967582/199272,jpeg
http://inaturalist-open-data.s3.amazonaws.com/photos/24130209/large.jpeg,Amauris albimaculata albimaculata,48460/1/47120/372739/47158/184884/47157/47224/47922/61244/134169/967574/86372/967582/199272,jpeg
http://inaturalist-open-data.s3.amazonaws.com/photos/24130029/large.jpeg,Amauris albimaculata albimaculata,48460/1/47120/372739/47158/184884/47157/47224/47922/61244/134169/967574/86372/967582/199272,jpeg
http://inaturalist-open-data.s3.amazonaws.com/photos/24630115/large.jpeg,Amauris albimaculata albimaculata,48460/1/47120/372739/47158/184884/47157/47224/47922/61244/134169/967574/86372/967582/199272,jpeg
http://inaturalist-open-data.s3.amazonaws.com/photos/24630061/large.jpeg,Amauris albimaculata albimaculata,48460/1/47120/372739/47158/184884/47157/47224/47922/61244/134169/967574/86372/967582/199272,jpeg
http://inaturalist-open-data.s3.amazonaws.com/photos/28535257/large.jpeg,Amauris albimaculata albimaculata,48460/1/47120/372739/47158/184884/47157/47224/47922/61244/134169/967574/86372/967582/199272,jpeg
http://inaturalist-open-data.s3.amazonaws.com/photos/30854861/large.jpeg,Amauris albimaculata albimaculata,48460/1/47120/372739/47158/184884/47157/47224/47922/61244/134169/967574/86372/967582/199272,jpeg
http://inaturalist-open-data.s3.amazonaws.com/photos/31136722/large.jpeg,Amauris albimaculata albimaculata,48460/1/47120/372739/47158/184884/47157/47224/47922/61244/134169/967574/86372/967582/199272,jpeg
http://inaturalist-open-data.s3.amazonaws.com/photos/31136724/large.jpeg,Amauris albimaculata albimaculata,48460/1/47120/372739/47158/184884/47157/47224/47922/61244/134169/967574/86372/967582/199272,jpeg
http://inaturalist-open-data.s3.amazonaws.com/photos/32825226/large.jpeg,Amauris albimaculata albimaculata,48460/1/47120/372739/47158/184884/47157/47224/47922/61244/134169/967574/86372/967582/199272,jpeg
http://inaturalist-open-data.s3.amazonaws.com/photos/32826073/large.jpeg,Amauris albimaculata albimaculata,48460/1/47120/372739/47158/184884/47157/47224/47922/61244/134169/967574/86372/967582/199272,jpeg
http://inaturalist-open-data.s3.amazonaws.com/photos/38412507/large.jpeg,Amauris albimaculata albimaculata,48460/1/47120/372739/47158/184884/47157/47224/47922/61244/134169/967574/86372/967582/199272,jpeg
http://inaturalist-open-data.s3.amazonaws.com/photos/38692516/large.jpeg,Amauris albimaculata albimaculata,48460/1/47120/372739/47158/184884/47157/47224/47922/61244/134169/967574/86372/967582/199272,jpeg
http://inaturalist-open-data.s3.amazonaws.com/photos/38692507/large.jpeg,Amauris albimaculata albimaculata,48460/1/47120/372739/47158/184884/47157/47224/47922/61244/134169/967574/86372/967582/199272,jpeg
http://inaturalist-open-data.s3.amazonaws.com/photos/38692537/large.jpeg,Amauris albimaculata albimaculata,48460/1/47120/372739/47158/184884/47157/47224/47922/61244/134169/967574/86372/967582/199272,jpeg
http://inaturalist-open-data.s3.amazonaws.com/photos/39978820/large.jpeg,Amauris albimaculata albimaculata,48460/1/47120/372739/47158/184884/47157/47224/47922/61244/134169/967574/86372/967582/199272,jpeg
http://inaturalist-open-data.s3.amazonaws.com/photos/42983316/large.jpg,Amauris albimaculata albimaculata,48460/1/47120/372739/47158/184884/47157/47224/47922/61244/134169/967574/86372/967582/199272,jpg
http://inaturalist-open-data.s3.amazonaws.com/photos/42983346/large.jpg,Amauris albimaculata albimaculata,48460/1/47120/372739/47158/184884/47157/47224/47922/61244/134169/967574/86372/967582/199272,jpg
http://inaturalist-open-data.s3.amazonaws.com/photos/44696256/large.jpeg,Amauris albimaculata albimaculata,48460/1/47120/372739/47158/184884/47157/47224/47922/61244/134169/967574/86372/967582/199272,jpeg
http://inaturalist-open-data.s3.amazonaws.com/photos/45925953/large.jpeg,Amauris albimaculata albimaculata,48460/1/47120/372739/47158/184884/47157/47224/47922/61244/134169/967574/86372/967582/199272,jpeg
http://inaturalist-open-data.s3.amazonaws.com/photos/45925978/large.jpeg,Amauris albimaculata albimaculata,48460/1/47120/372739/47158/184884/47157/47224/47922/61244/134169/967574/86372/967582/199272,jpeg
http://inaturalist-open-data.s3.amazonaws.com/photos/46889022/large.jpeg,Amauris albimaculata albimaculata,48460/1/47120/372739/47158/184884/47157/47224/47922/61244/134169/967574/86372/967582/199272,jpeg
http://inaturalist-open-data.s3.amazonaws.com/photos/47018078/large.jpg,Amauris albimaculata albimaculata,48460/1/47120/372739/47158/184884/47157/47224/47922/61244/134169/967574/86372/967582/199272,jpg
http://inaturalist-open-data.s3.amazonaws.com/photos/47018156/large.jpg,Amauris albimaculata albimaculata,48460/1/47120/372739/47158/184884/47157/47224/47922/61244/134169/967574/86372/967582/199272,jpg
http://inaturalist-open-data.s3.amazonaws.com/photos/47142611/large.jpeg,Amauris albimaculata albimaculata,48460/1/47120/372739/47158/184884/47157/47224/47922/61244/134169/967574/86372/967582/199272,jpeg
http://inaturalist-open-data.s3.amazonaws.com/photos/47596709/large.jpeg,Amauris albimaculata albimaculata,48460/1/47120/372739/47158/184884/47157/47224/47922/61244/134169/967574/86372/967582/199272,jpeg
http://inaturalist-open-data.s3.amazonaws.com/photos/47596684/large.jpeg,Amauris albimaculata albimaculata,48460/1/47120/372739/47158/184884/47157/47224/47922/61244/134169/967574/86372/967582/199272,jpeg
http://inaturalist-open-data.s3.amazonaws.com/photos/48335114/large.jpeg,Amauris albimaculata albimaculata,48460/1/47120/372739/47158/184884/47157/47224/47922/61244/134169/967574/86372/967582/199272,jpeg
http://inaturalist-open-data.s3.amazonaws.com/photos/48335361/large.jpeg,Amauris albimaculata albimaculata,48460/1/47120/372739/47158/184884/47157/47224/47922/61244/134169/967574/86372/967582/199272,jpeg
http://inaturalist-open-data.s3.amazonaws.com/photos/58845740/large.jpeg,Amauris albimaculata albimaculata,48460/1/47120/372739/47158/184884/47157/47224/47922/61244/134169/967574/86372/967582/199272,jpeg
http://inaturalist-open-data.s3.amazonaws.com/photos/58845733/large.jpeg,Amauris albimaculata albimaculata,48460/1/47120/372739/47158/184884/47157/47224/47922/61244/134169/967574/86372/967582/199272,jpeg
http://inaturalist-open-data.s3.amazonaws.com/photos/65094767/large.jpeg,Amauris albimaculata albimaculata,48460/1/47120/372739/47158/184884/47157/47224/47922/61244/134169/967574/86372/967582/199272,jpeg
http://inaturalist-open-data.s3.amazonaws.com/photos/65094837/large.jpeg,Amauris albimaculata albimaculata,48460/1/47120/372739/47158/184884/47157/47224/47922/61244/134169/967574/86372/967582/199272,jpeg
http://inaturalist-open-data.s3.amazonaws.com/photos/65095050/large.jpeg,Amauris albimaculata albimaculata,48460/1/47120/372739/47158/184884/47157/47224/47922/61244/134169/967574/86372/967582/199272,jpeg
http://inaturalist-open-data.s3.amazonaws.com/photos/65094928/large.jpeg,Amauris albimaculata albimaculata,48460/1/47120/372739/47158/184884/47157/47224/47922/61244/134169/967574/86372/967582/199272,jpeg
http://inaturalist-open-data.s3.amazonaws.com/photos/69876682/large.jpeg,Amauris albimaculata albimaculata,48460/1/47120/372739/47158/184884/47157/47224/47922/61244/134169/967574/86372/967582/199272,jpeg
http://inaturalist-open-data.s3.amazonaws.com/photos/69876979/large.jpeg,Amauris albimaculata albimaculata,48460/1/47120/372739/47158/184884/47157/47224/47922/61244/134169/967574/86372/967582/199272,jpeg
http://inaturalist-open-data.s3.amazonaws.com/photos/69877213/large.jpeg,Amauris albimaculata albimaculata,48460/1/47120/372739/47158/184884/47157/47224/47922/61244/134169/967574/86372/967582/199272,jpeg
http://inaturalist-open-data.s3.amazonaws.com/photos/70299829/large.jpeg,Amauris albimaculata albimaculata,48460/1/47120/372739/47158/184884/47157/47224/47922/61244/134169/967574/86372/967582/199272,jpeg
http://inaturalist-open-data.s3.amazonaws.com/photos/70851882/large.jpeg,Amauris albimaculata albimaculata,48460/1/47120/372739/47158/184884/47157/47224/47922/61244/134169/967574/86372/967582/199272,jpeg
http://inaturalist-open-data.s3.amazonaws.com/photos/71270866/large.jpeg,Amauris albimaculata albimaculata,48460/1/47120/372739/47158/184884/47157/47224/47922/61244/134169/967574/86372/967582/199272,jpeg
http://inaturalist-open-data.s3.amazonaws.com/photos/74229803/large.jpeg,Amauris albimaculata albimaculata,48460/1/47120/372739/47158/184884/47157/47224/47922/61244/134169/967574/86372/967582/199272,jpeg
http://inaturalist-open-data.s3.amazonaws.com/photos/75767092/large.jpeg,Amauris albimaculata albimaculata,48460/1/47120/372739/47158/184884/47157/47224/47922/61244/134169/967574/86372/967582/199272,jpeg
http://inaturalist-open-data.s3.amazonaws.com/photos/76347449/large.jpeg,Amauris albimaculata albimaculata,48460/1/47120/372739/47158/184884/47157/47224/47922/61244/134169/967574/86372/967582/199272,jpeg
http://inaturalist-open-data.s3.amazonaws.com/photos/76347469/large.jpeg,Amauris albimaculata albimaculata,48460/1/47120/372739/47158/184884/47157/47224/47922/61244/134169/967574/86372/967582/199272,jpeg
http://inaturalist-open-data.s3.amazonaws.com/photos/86798932/large.jpg,Amauris albimaculata albimaculata,48460/1/47120/372739/47158/184884/47157/47224/47922/61244/134169/967574/86372/967582/199272,jpg
http://inaturalist-open-data.s3.amazonaws.com/photos/89249628/large.jpeg,Amauris albimaculata albimaculata,48460/1/47120/372739/47158/184884/47157/47224/47922/61244/134169/967574/86372/967582/199272,jpeg
http://inaturalist-open-data.s3.amazonaws.com/photos/89249657/large.jpeg,Amauris albimaculata albimaculata,48460/1/47120/372739/47158/184884/47157/47224/47922/61244/134169/967574/86372/967582/199272,jpeg
http://inaturalist-open-data.s3.amazonaws.com/photos/89249739/large.jpeg,Amauris albimaculata albimaculata,48460/1/47120/372739/47158/184884/47157/47224/47922/61244/134169/967574/86372/967582/199272,jpeg
http://inaturalist-open-data.s3.amazonaws.com/photos/89249680/large.jpeg,Amauris albimaculata albimaculata,48460/1/47120/372739/47158/184884/47157/47224/47922/61244/134169/967574/86372/967582/199272,jpeg
http://inaturalist-open-data.s3.amazonaws.com/photos/90606392/large.jpeg,Amauris albimaculata albimaculata,48460/1/47120/372739/47158/184884/47157/47224/47922/61244/134169/967574/86372/967582/199272,jpeg
http://inaturalist-open-data.s3.amazonaws.com/photos/94979938/large.jpeg,Amauris albimaculata albimaculata,48460/1/47120/372739/47158/184884/47157/47224/47922/61244/134169/967574/86372/967582/199272,jpeg
http://inaturalist-open-data.s3.amazonaws.com/photos/96730856/large.jpeg,Amauris albimaculata albimaculata,48460/1/47120/372739/47158/184884/47157/47224/47922/61244/134169/967574/86372/967582/199272,jpeg
http://inaturalist-open-data.s3.amazonaws.com/photos/110922430/large.jpeg,Amauris albimaculata albimaculata,48460/1/47120/372739/47158/184884/47157/47224/47922/61244/134169/967574/86372/967582/199272,jpeg
http://inaturalist-open-data.s3.amazonaws.com/photos/112433931/large.jpg,Amauris albimaculata albimaculata,48460/1/47120/372739/47158/184884/47157/47224/47922/61244/134169/967574/86372/967582/199272,jpg
http://inaturalist-open-data.s3.amazonaws.com/photos/112434299/large.jpg,Amauris albimaculata albimaculata,48460/1/47120/372739/47158/184884/47157/47224/47922/61244/134169/967574/86372/967582/199272,jpg
http://inaturalist-open-data.s3.amazonaws.com/photos/112934957/large.jpeg,Amauris albimaculata albimaculata,48460/1/47120/372739/47158/184884/47157/47224/47922/61244/134169/967574/86372/967582/199272,jpeg
http://inaturalist-open-data.s3.amazonaws.com/photos/112934369/large.jpeg,Amauris albimaculata albimaculata,48460/1/47120/372739/47158/184884/47157/47224/47922/61244/134169/967574/86372/967582/199272,jpeg
http://inaturalist-open-data.s3.amazonaws.com/photos/126735745/large.jpg,Amauris albimaculata albimaculata,48460/1/47120/372739/47158/184884/47157/47224/47922/61244/134169/967574/86372/967582/199272,jpg
http://inaturalist-open-data.s3.amazonaws.com/photos/126735790/large.jpg,Amauris albimaculata albimaculata,48460/1/47120/372739/47158/184884/47157/47224/47922/61244/134169/967574/86372/967582/199272,jpg
http://inaturalist-open-data.s3.amazonaws.com/photos/126735863/large.jpeg,Amauris albimaculata albimaculata,48460/1/47120/372739/47158/184884/47157/47224/47922/61244/134169/967574/86372/967582/199272,jpeg
http://inaturalist-open-data.s3.amazonaws.com/photos/126735895/large.jpg,Amauris albimaculata albimaculata,48460/1/47120/372739/47158/184884/47157/47224/47922/61244/134169/967574/86372/967582/199272,jpg
http://inaturalist-open-data.s3.amazonaws.com/photos/126735871/large.jpeg,Amauris albimaculata albimaculata,48460/1/47120/372739/47158/184884/47157/47224/47922/61244/134169/967574/86372/967582/199272,jpeg
http://inaturalist-open-data.s3.amazonaws.com/photos/131298011/large.jpeg,Amauris albimaculata albimaculata,48460/1/47120/372739/47158/184884/47157/47224/47922/61244/134169/967574/86372/967582/199272,jpeg
http://inaturalist-open-data.s3.amazonaws.com/photos/138295013/large.jpeg,Amauris albimaculata albimaculata,48460/1/47120/372739/47158/184884/47157/47224/47922/61244/134169/967574/86372/967582/199272,jpeg
http://inaturalist-open-data.s3.amazonaws.com/photos/138294972/large.jpeg,Amauris albimaculata albimaculata,48460/1/47120/372739/47158/184884/47157/47224/47922/61244/134169/967574/86372/967582/199272,jpeg
http://inaturalist-open-data.s3.amazonaws.com/photos/138295029/large.jpeg,Amauris albimaculata albimaculata,48460/1/47120/372739/47158/184884/47157/47224/47922/61244/134169/967574/86372/967582/199272,jpeg
http://inaturalist-open-data.s3.amazonaws.com/photos/139969516/large.jpeg,Amauris albimaculata albimaculata,48460/1/47120/372739/47158/184884/47157/47224/47922/61244/134169/967574/86372/967582/199272,jpeg
http://inaturalist-open-data.s3.amazonaws.com/photos/139969566/large.jpg,Amauris albimaculata albimaculata,48460/1/47120/372739/47158/184884/47157/47224/47922/61244/134169/967574/86372/967582/199272,jpg
http://inaturalist-open-data.s3.amazonaws.com/photos/139969559/large.jpg,Amauris albimaculata albimaculata,48460/1/47120/372739/47158/184884/47157/47224/47922/61244/134169/967574/86372/967582/199272,jpg
http://inaturalist-open-data.s3.amazonaws.com/photos/139969602/large.jpeg,Amauris albimaculata albimaculata,48460/1/47120/372739/47158/184884/47157/47224/47922/61244/134169/967574/86372/967582/199272,jpeg
http://inaturalist-open-data.s3.amazonaws.com/photos/139969609/large.jpeg,Amauris albimaculata albimaculata,48460/1/47120/372739/47158/184884/47157/47224/47922/61244/134169/967574/86372/967582/199272,jpeg
http://inaturalist-open-data.s3.amazonaws.com/photos/139969659/large.jpeg,Amauris albimaculata albimaculata,48460/1/47120/372739/47158/184884/47157/47224/47922/61244/134169/967574/86372/967582/199272,jpeg
http://inaturalist-open-data.s3.amazonaws.com/photos/139969653/large.jpeg,Amauris albimaculata albimaculata,48460/1/47120/372739/47158/184884/47157/47224/47922/61244/134169/967574/86372/967582/199272,jpeg
http://inaturalist-open-data.s3.amazonaws.com/photos/139969650/large.jpeg,Amauris albimaculata albimaculata,48460/1/47120/372739/47158/184884/47157/47224/47922/61244/134169/967574/86372/967582/199272,jpeg
http://inaturalist-open-data.s3.amazonaws.com/photos/139969545/large.jpg,Amauris albimaculata albimaculata,48460/1/47120/372739/47158/184884/47157/47224/47922/61244/134169/967574/86372/967582/199272,jpg
http://inaturalist-open-data.s3.amazonaws.com/photos/146740689/large.jpeg,Amauris albimaculata albimaculata,48460/1/47120/372739/47158/184884/47157/47224/47922/61244/134169/967574/86372/967582/199272,jpeg
http://inaturalist-open-data.s3.amazonaws.com/photos/146740717/large.jpeg,Amauris albimaculata albimaculata,48460/1/47120/372739/47158/184884/47157/47224/47922/61244/134169/967574/86372/967582/199272,jpeg
http://inaturalist-open-data.s3.amazonaws.com/photos/148938727/large.jpeg,Amauris albimaculata albimaculata,48460/1/47120/372739/47158/184884/47157/47224/47922/61244/134169/967574/86372/967582/199272,jpeg
http://inaturalist-open-data.s3.amazonaws.com/photos/148938753/large.jpeg,Amauris albimaculata albimaculata,48460/1/47120/372739/47158/184884/47157/47224/47922/61244/134169/967574/86372/967582/199272,jpeg
http://inaturalist-open-data.s3.amazonaws.com/photos/148938776/large.jpeg,Amauris albimaculata albimaculata,48460/1/47120/372739/47158/184884/47157/47224/47922/61244/134169/967574/86372/967582/199272,jpeg
http://inaturalist-open-data.s3.amazonaws.com/photos/150312261/large.jpg,Amauris albimaculata albimaculata,48460/1/47120/372739/47158/184884/47157/47224/47922/61244/134169/967574/86372/967582/199272,jpg
http://inaturalist-open-data.s3.amazonaws.com/photos/162578893/large.jpeg,Amauris albimaculata albimaculata,48460/1/47120/372739/47158/184884/47157/47224/47922/61244/134169/967574/86372/967582/199272,jpeg
http://inaturalist-open-data.s3.amazonaws.com/photos/162578928/large.jpeg,Amauris albimaculata albimaculata,48460/1/47120/372739/47158/184884/47157/47224/47922/61244/134169/967574/86372/967582/199272,jpeg
http://inaturalist-open-data.s3.amazonaws.com/photos/162578952/large.jpeg,Amauris albimaculata albimaculata,48460/1/47120/372739/47158/184884/47157/47224/47922/61244/134169/967574/86372/967582/199272,jpeg
http://inaturalist-open-data.s3.amazonaws.com/photos/163749056/large.jpg,Amauris albimaculata albimaculata,48460/1/47120/372739/47158/184884/47157/47224/47922/61244/134169/967574/86372/967582/199272,jpg
http://inaturalist-open-data.s3.amazonaws.com/photos/164540720/large.jpg,Amauris albimaculata albimaculata,48460/1/47120/372739/47158/184884/47157/47224/47922/61244/134169/967574/86372/967582/199272,jpg
http://inaturalist-open-data.s3.amazonaws.com/photos/164540809/large.jpg,Amauris albimaculata albimaculata,48460/1/47120/372739/47158/184884/47157/47224/47922/61244/134169/967574/86372/967582/199272,jpg
http://inaturalist-open-data.s3.amazonaws.com/photos/166370629/large.jpeg,Amauris albimaculata albimaculata,48460/1/47120/372739/47158/184884/47157/47224/47922/61244/134169/967574/86372/967582/199272,jpeg
http://inaturalist-open-data.s3.amazonaws.com/photos/166370618/large.jpeg,Amauris albimaculata albimaculata,48460/1/47120/372739/47158/184884/47157/47224/47922/61244/134169/967574/86372/967582/199272,jpeg
http://inaturalist-open-data.s3.amazonaws.com/photos/166370601/large.jpeg,Amauris albimaculata albimaculata,48460/1/47120/372739/47158/184884/47157/47224/47922/61244/134169/967574/86372/967582/199272,jpeg
http://inaturalist-open-data.s3.amazonaws.com/photos/172247555/large.jpeg,Amauris albimaculata albimaculata,48460/1/47120/372739/47158/184884/47157/47224/47922/61244/134169/967574/86372/967582/199272,jpeg
