photo_url_large,taxon_name,ancestry,extension
http://inaturalist-open-data.s3.amazonaws.com/photos/73871090/large.jpeg,Ampelophaga rubiginosa rubiginosa,48460/1/47120/372739/47158/184884/47157/47214/47213/124071/124065/124050/244156/336140,jpeg
http://inaturalist-open-data.s3.amazonaws.com/photos/105965809/large.jpeg,Ampelophaga rubiginosa rubiginosa,48460/1/47120/372739/47158/184884/47157/47214/47213/124071/124065/124050/244156/336140,jpeg
http://inaturalist-open-data.s3.amazonaws.com/photos/106310722/large.jpeg,Ampelophaga rubiginosa rubiginosa,48460/1/47120/372739/47158/184884/47157/47214/47213/124071/124065/124050/244156/336140,jpeg
http://inaturalist-open-data.s3.amazonaws.com/photos/114245131/large.jpeg,Ampelophaga rubiginosa rubiginosa,48460/1/47120/372739/47158/184884/47157/47214/47213/124071/124065/124050/244156/336140,jpeg
http://inaturalist-open-data.s3.amazonaws.com/photos/136581635/large.jpg,Ampelophaga rubiginosa rubiginosa,48460/1/47120/372739/47158/184884/47157/47214/47213/124071/124065/124050/244156/336140,jpg
http://inaturalist-open-data.s3.amazonaws.com/photos/149986827/large.jpg,Ampelophaga rubiginosa rubiginosa,48460/1/47120/372739/47158/184884/47157/47214/47213/124071/124065/124050/244156/336140,jpg
http://inaturalist-open-data.s3.amazonaws.com/photos/153629035/large.jpeg,Ampelophaga rubiginosa rubiginosa,48460/1/47120/372739/47158/184884/47157/47214/47213/124071/124065/124050/244156/336140,jpeg
