photo_url_large,taxon_name,ancestry,extension
http://inaturalist-open-data.s3.amazonaws.com/photos/101283356/large.jpeg,Anoplius lepidus atramentarius,48460/1/47120/372739/47158/184884/47201/124417/326777/1269342/54028/201315/366768/173119/519170/299994,jpeg
http://inaturalist-open-data.s3.amazonaws.com/photos/101283372/large.jpeg,Anoplius lepidus atramentarius,48460/1/47120/372739/47158/184884/47201/124417/326777/1269342/54028/201315/366768/173119/519170/299994,jpeg
http://inaturalist-open-data.s3.amazonaws.com/photos/101283382/large.jpeg,Anoplius lepidus atramentarius,48460/1/47120/372739/47158/184884/47201/124417/326777/1269342/54028/201315/366768/173119/519170/299994,jpeg
http://inaturalist-open-data.s3.amazonaws.com/photos/101283403/large.jpeg,Anoplius lepidus atramentarius,48460/1/47120/372739/47158/184884/47201/124417/326777/1269342/54028/201315/366768/173119/519170/299994,jpeg
http://inaturalist-open-data.s3.amazonaws.com/photos/101283409/large.jpeg,Anoplius lepidus atramentarius,48460/1/47120/372739/47158/184884/47201/124417/326777/1269342/54028/201315/366768/173119/519170/299994,jpeg
