photo_url_large,taxon_name,ancestry,extension
http://inaturalist-open-data.s3.amazonaws.com/photos/6923154/large.jpeg,Anthocharis cethura pima,48460/1/47120/372739/47158/184884/47157/47224/48508/209720/321383/51498/1267517/199298,jpeg
http://inaturalist-open-data.s3.amazonaws.com/photos/30795418/large.jpeg,Anthocharis cethura pima,48460/1/47120/372739/47158/184884/47157/47224/48508/209720/321383/51498/1267517/199298,jpeg
http://inaturalist-open-data.s3.amazonaws.com/photos/31382014/large.jpg,Anthocharis cethura pima,48460/1/47120/372739/47158/184884/47157/47224/48508/209720/321383/51498/1267517/199298,jpg
http://inaturalist-open-data.s3.amazonaws.com/photos/31382013/large.jpg,Anthocharis cethura pima,48460/1/47120/372739/47158/184884/47157/47224/48508/209720/321383/51498/1267517/199298,jpg
http://inaturalist-open-data.s3.amazonaws.com/photos/32297838/large.jpg,Anthocharis cethura pima,48460/1/47120/372739/47158/184884/47157/47224/48508/209720/321383/51498/1267517/199298,jpg
http://inaturalist-open-data.s3.amazonaws.com/photos/32297862/large.jpg,Anthocharis cethura pima,48460/1/47120/372739/47158/184884/47157/47224/48508/209720/321383/51498/1267517/199298,jpg
http://inaturalist-open-data.s3.amazonaws.com/photos/32297876/large.jpg,Anthocharis cethura pima,48460/1/47120/372739/47158/184884/47157/47224/48508/209720/321383/51498/1267517/199298,jpg
http://inaturalist-open-data.s3.amazonaws.com/photos/49686983/large.jpg,Anthocharis cethura pima,48460/1/47120/372739/47158/184884/47157/47224/48508/209720/321383/51498/1267517/199298,jpg
http://inaturalist-open-data.s3.amazonaws.com/photos/49686980/large.jpg,Anthocharis cethura pima,48460/1/47120/372739/47158/184884/47157/47224/48508/209720/321383/51498/1267517/199298,jpg
http://inaturalist-open-data.s3.amazonaws.com/photos/54890176/large.jpg,Anthocharis cethura pima,48460/1/47120/372739/47158/184884/47157/47224/48508/209720/321383/51498/1267517/199298,jpg
http://inaturalist-open-data.s3.amazonaws.com/photos/61302642/large.jpg,Anthocharis cethura pima,48460/1/47120/372739/47158/184884/47157/47224/48508/209720/321383/51498/1267517/199298,jpg
http://inaturalist-open-data.s3.amazonaws.com/photos/62145109/large.jpg,Anthocharis cethura pima,48460/1/47120/372739/47158/184884/47157/47224/48508/209720/321383/51498/1267517/199298,jpg
http://inaturalist-open-data.s3.amazonaws.com/photos/62145100/large.jpg,Anthocharis cethura pima,48460/1/47120/372739/47158/184884/47157/47224/48508/209720/321383/51498/1267517/199298,jpg
http://inaturalist-open-data.s3.amazonaws.com/photos/62145133/large.jpg,Anthocharis cethura pima,48460/1/47120/372739/47158/184884/47157/47224/48508/209720/321383/51498/1267517/199298,jpg
http://inaturalist-open-data.s3.amazonaws.com/photos/62145125/large.jpg,Anthocharis cethura pima,48460/1/47120/372739/47158/184884/47157/47224/48508/209720/321383/51498/1267517/199298,jpg
http://inaturalist-open-data.s3.amazonaws.com/photos/62145142/large.jpg,Anthocharis cethura pima,48460/1/47120/372739/47158/184884/47157/47224/48508/209720/321383/51498/1267517/199298,jpg
http://inaturalist-open-data.s3.amazonaws.com/photos/62209777/large.jpg,Anthocharis cethura pima,48460/1/47120/372739/47158/184884/47157/47224/48508/209720/321383/51498/1267517/199298,jpg
http://inaturalist-open-data.s3.amazonaws.com/photos/62251243/large.jpeg,Anthocharis cethura pima,48460/1/47120/372739/47158/184884/47157/47224/48508/209720/321383/51498/1267517/199298,jpeg
http://inaturalist-open-data.s3.amazonaws.com/photos/62334860/large.jpeg,Anthocharis cethura pima,48460/1/47120/372739/47158/184884/47157/47224/48508/209720/321383/51498/1267517/199298,jpeg
http://inaturalist-open-data.s3.amazonaws.com/photos/62379740/large.jpeg,Anthocharis cethura pima,48460/1/47120/372739/47158/184884/47157/47224/48508/209720/321383/51498/1267517/199298,jpeg
http://inaturalist-open-data.s3.amazonaws.com/photos/62470299/large.jpeg,Anthocharis cethura pima,48460/1/47120/372739/47158/184884/47157/47224/48508/209720/321383/51498/1267517/199298,jpeg
http://inaturalist-open-data.s3.amazonaws.com/photos/62470297/large.jpeg,Anthocharis cethura pima,48460/1/47120/372739/47158/184884/47157/47224/48508/209720/321383/51498/1267517/199298,jpeg
http://inaturalist-open-data.s3.amazonaws.com/photos/62902593/large.jpeg,Anthocharis cethura pima,48460/1/47120/372739/47158/184884/47157/47224/48508/209720/321383/51498/1267517/199298,jpeg
http://inaturalist-open-data.s3.amazonaws.com/photos/62902598/large.jpeg,Anthocharis cethura pima,48460/1/47120/372739/47158/184884/47157/47224/48508/209720/321383/51498/1267517/199298,jpeg
http://inaturalist-open-data.s3.amazonaws.com/photos/64482394/large.jpeg,Anthocharis cethura pima,48460/1/47120/372739/47158/184884/47157/47224/48508/209720/321383/51498/1267517/199298,jpeg
http://inaturalist-open-data.s3.amazonaws.com/photos/64482553/large.jpeg,Anthocharis cethura pima,48460/1/47120/372739/47158/184884/47157/47224/48508/209720/321383/51498/1267517/199298,jpeg
http://inaturalist-open-data.s3.amazonaws.com/photos/115712861/large.jpeg,Anthocharis cethura pima,48460/1/47120/372739/47158/184884/47157/47224/48508/209720/321383/51498/1267517/199298,jpeg
http://inaturalist-open-data.s3.amazonaws.com/photos/115712885/large.jpeg,Anthocharis cethura pima,48460/1/47120/372739/47158/184884/47157/47224/48508/209720/321383/51498/1267517/199298,jpeg
http://inaturalist-open-data.s3.amazonaws.com/photos/115846320/large.jpeg,Anthocharis cethura pima,48460/1/47120/372739/47158/184884/47157/47224/48508/209720/321383/51498/1267517/199298,jpeg
http://inaturalist-open-data.s3.amazonaws.com/photos/115846311/large.jpeg,Anthocharis cethura pima,48460/1/47120/372739/47158/184884/47157/47224/48508/209720/321383/51498/1267517/199298,jpeg
http://inaturalist-open-data.s3.amazonaws.com/photos/119824785/large.jpg,Anthocharis cethura pima,48460/1/47120/372739/47158/184884/47157/47224/48508/209720/321383/51498/1267517/199298,jpg
http://inaturalist-open-data.s3.amazonaws.com/photos/119824467/large.jpg,Anthocharis cethura pima,48460/1/47120/372739/47158/184884/47157/47224/48508/209720/321383/51498/1267517/199298,jpg
http://inaturalist-open-data.s3.amazonaws.com/photos/174887669/large.jpg,Anthocharis cethura pima,48460/1/47120/372739/47158/184884/47157/47224/48508/209720/321383/51498/1267517/199298,jpg
http://inaturalist-open-data.s3.amazonaws.com/photos/174888642/large.jpeg,Anthocharis cethura pima,48460/1/47120/372739/47158/184884/47157/47224/48508/209720/321383/51498/1267517/199298,jpeg
http://inaturalist-open-data.s3.amazonaws.com/photos/174888385/large.jpeg,Anthocharis cethura pima,48460/1/47120/372739/47158/184884/47157/47224/48508/209720/321383/51498/1267517/199298,jpeg
