photo_url_large,taxon_name,ancestry,extension
http://inaturalist-open-data.s3.amazonaws.com/photos/7032386/large.jpg,Anthocharis julia flora,48460/1/47120/372739/47158/184884/47157/47224/48508/209720/321383/51498/1267519/900255,jpg
http://inaturalist-open-data.s3.amazonaws.com/photos/7032369/large.jpg,Anthocharis julia flora,48460/1/47120/372739/47158/184884/47157/47224/48508/209720/321383/51498/1267519/900255,jpg
http://inaturalist-open-data.s3.amazonaws.com/photos/7032348/large.jpg,Anthocharis julia flora,48460/1/47120/372739/47158/184884/47157/47224/48508/209720/321383/51498/1267519/900255,jpg
http://inaturalist-open-data.s3.amazonaws.com/photos/7793794/large.jpeg,Anthocharis julia flora,48460/1/47120/372739/47158/184884/47157/47224/48508/209720/321383/51498/1267519/900255,jpeg
http://inaturalist-open-data.s3.amazonaws.com/photos/7793802/large.jpeg,Anthocharis julia flora,48460/1/47120/372739/47158/184884/47157/47224/48508/209720/321383/51498/1267519/900255,jpeg
http://inaturalist-open-data.s3.amazonaws.com/photos/14577108/large.jpeg,Anthocharis julia flora,48460/1/47120/372739/47158/184884/47157/47224/48508/209720/321383/51498/1267519/900255,jpeg
http://inaturalist-open-data.s3.amazonaws.com/photos/16428787/large.jpg,Anthocharis julia flora,48460/1/47120/372739/47158/184884/47157/47224/48508/209720/321383/51498/1267519/900255,jpg
http://inaturalist-open-data.s3.amazonaws.com/photos/17154065/large.jpeg,Anthocharis julia flora,48460/1/47120/372739/47158/184884/47157/47224/48508/209720/321383/51498/1267519/900255,jpeg
http://inaturalist-open-data.s3.amazonaws.com/photos/17154069/large.jpeg,Anthocharis julia flora,48460/1/47120/372739/47158/184884/47157/47224/48508/209720/321383/51498/1267519/900255,jpeg
http://inaturalist-open-data.s3.amazonaws.com/photos/18151783/large.jpg,Anthocharis julia flora,48460/1/47120/372739/47158/184884/47157/47224/48508/209720/321383/51498/1267519/900255,jpg
http://inaturalist-open-data.s3.amazonaws.com/photos/18151791/large.jpg,Anthocharis julia flora,48460/1/47120/372739/47158/184884/47157/47224/48508/209720/321383/51498/1267519/900255,jpg
http://inaturalist-open-data.s3.amazonaws.com/photos/18151799/large.jpg,Anthocharis julia flora,48460/1/47120/372739/47158/184884/47157/47224/48508/209720/321383/51498/1267519/900255,jpg
http://inaturalist-open-data.s3.amazonaws.com/photos/18151898/large.jpg,Anthocharis julia flora,48460/1/47120/372739/47158/184884/47157/47224/48508/209720/321383/51498/1267519/900255,jpg
http://inaturalist-open-data.s3.amazonaws.com/photos/18151905/large.jpg,Anthocharis julia flora,48460/1/47120/372739/47158/184884/47157/47224/48508/209720/321383/51498/1267519/900255,jpg
http://inaturalist-open-data.s3.amazonaws.com/photos/18814298/large.jpg,Anthocharis julia flora,48460/1/47120/372739/47158/184884/47157/47224/48508/209720/321383/51498/1267519/900255,jpg
http://inaturalist-open-data.s3.amazonaws.com/photos/24501586/large.jpeg,Anthocharis julia flora,48460/1/47120/372739/47158/184884/47157/47224/48508/209720/321383/51498/1267519/900255,jpeg
http://inaturalist-open-data.s3.amazonaws.com/photos/31102493/large.jpeg,Anthocharis julia flora,48460/1/47120/372739/47158/184884/47157/47224/48508/209720/321383/51498/1267519/900255,jpeg
http://inaturalist-open-data.s3.amazonaws.com/photos/31102499/large.jpeg,Anthocharis julia flora,48460/1/47120/372739/47158/184884/47157/47224/48508/209720/321383/51498/1267519/900255,jpeg
http://inaturalist-open-data.s3.amazonaws.com/photos/33390725/large.jpg,Anthocharis julia flora,48460/1/47120/372739/47158/184884/47157/47224/48508/209720/321383/51498/1267519/900255,jpg
http://inaturalist-open-data.s3.amazonaws.com/photos/33390782/large.jpg,Anthocharis julia flora,48460/1/47120/372739/47158/184884/47157/47224/48508/209720/321383/51498/1267519/900255,jpg
http://inaturalist-open-data.s3.amazonaws.com/photos/33952363/large.jpeg,Anthocharis julia flora,48460/1/47120/372739/47158/184884/47157/47224/48508/209720/321383/51498/1267519/900255,jpeg
http://inaturalist-open-data.s3.amazonaws.com/photos/33952384/large.jpeg,Anthocharis julia flora,48460/1/47120/372739/47158/184884/47157/47224/48508/209720/321383/51498/1267519/900255,jpeg
http://inaturalist-open-data.s3.amazonaws.com/photos/33952141/large.jpeg,Anthocharis julia flora,48460/1/47120/372739/47158/184884/47157/47224/48508/209720/321383/51498/1267519/900255,jpeg
http://inaturalist-open-data.s3.amazonaws.com/photos/38574215/large.jpg,Anthocharis julia flora,48460/1/47120/372739/47158/184884/47157/47224/48508/209720/321383/51498/1267519/900255,jpg
http://inaturalist-open-data.s3.amazonaws.com/photos/38835219/large.jpg,Anthocharis julia flora,48460/1/47120/372739/47158/184884/47157/47224/48508/209720/321383/51498/1267519/900255,jpg
http://inaturalist-open-data.s3.amazonaws.com/photos/39245230/large.jpg,Anthocharis julia flora,48460/1/47120/372739/47158/184884/47157/47224/48508/209720/321383/51498/1267519/900255,jpg
http://inaturalist-open-data.s3.amazonaws.com/photos/39431827/large.jpeg,Anthocharis julia flora,48460/1/47120/372739/47158/184884/47157/47224/48508/209720/321383/51498/1267519/900255,jpeg
http://inaturalist-open-data.s3.amazonaws.com/photos/39431106/large.jpeg,Anthocharis julia flora,48460/1/47120/372739/47158/184884/47157/47224/48508/209720/321383/51498/1267519/900255,jpeg
http://inaturalist-open-data.s3.amazonaws.com/photos/41929308/large.jpg,Anthocharis julia flora,48460/1/47120/372739/47158/184884/47157/47224/48508/209720/321383/51498/1267519/900255,jpg
http://inaturalist-open-data.s3.amazonaws.com/photos/41929487/large.jpg,Anthocharis julia flora,48460/1/47120/372739/47158/184884/47157/47224/48508/209720/321383/51498/1267519/900255,jpg
http://inaturalist-open-data.s3.amazonaws.com/photos/43225886/large.jpeg,Anthocharis julia flora,48460/1/47120/372739/47158/184884/47157/47224/48508/209720/321383/51498/1267519/900255,jpeg
http://inaturalist-open-data.s3.amazonaws.com/photos/45704235/large.jpeg,Anthocharis julia flora,48460/1/47120/372739/47158/184884/47157/47224/48508/209720/321383/51498/1267519/900255,jpeg
http://inaturalist-open-data.s3.amazonaws.com/photos/67078006/large.jpg,Anthocharis julia flora,48460/1/47120/372739/47158/184884/47157/47224/48508/209720/321383/51498/1267519/900255,jpg
http://inaturalist-open-data.s3.amazonaws.com/photos/67078096/large.jpg,Anthocharis julia flora,48460/1/47120/372739/47158/184884/47157/47224/48508/209720/321383/51498/1267519/900255,jpg
http://inaturalist-open-data.s3.amazonaws.com/photos/67246747/large.jpg,Anthocharis julia flora,48460/1/47120/372739/47158/184884/47157/47224/48508/209720/321383/51498/1267519/900255,jpg
http://inaturalist-open-data.s3.amazonaws.com/photos/67583260/large.jpg,Anthocharis julia flora,48460/1/47120/372739/47158/184884/47157/47224/48508/209720/321383/51498/1267519/900255,jpg
http://inaturalist-open-data.s3.amazonaws.com/photos/67583247/large.jpg,Anthocharis julia flora,48460/1/47120/372739/47158/184884/47157/47224/48508/209720/321383/51498/1267519/900255,jpg
http://inaturalist-open-data.s3.amazonaws.com/photos/67583141/large.jpg,Anthocharis julia flora,48460/1/47120/372739/47158/184884/47157/47224/48508/209720/321383/51498/1267519/900255,jpg
http://inaturalist-open-data.s3.amazonaws.com/photos/67583242/large.jpg,Anthocharis julia flora,48460/1/47120/372739/47158/184884/47157/47224/48508/209720/321383/51498/1267519/900255,jpg
http://inaturalist-open-data.s3.amazonaws.com/photos/67705029/large.jpg,Anthocharis julia flora,48460/1/47120/372739/47158/184884/47157/47224/48508/209720/321383/51498/1267519/900255,jpg
http://inaturalist-open-data.s3.amazonaws.com/photos/71094988/large.jpg,Anthocharis julia flora,48460/1/47120/372739/47158/184884/47157/47224/48508/209720/321383/51498/1267519/900255,jpg
http://inaturalist-open-data.s3.amazonaws.com/photos/71094980/large.jpg,Anthocharis julia flora,48460/1/47120/372739/47158/184884/47157/47224/48508/209720/321383/51498/1267519/900255,jpg
http://inaturalist-open-data.s3.amazonaws.com/photos/71498783/large.jpeg,Anthocharis julia flora,48460/1/47120/372739/47158/184884/47157/47224/48508/209720/321383/51498/1267519/900255,jpeg
http://inaturalist-open-data.s3.amazonaws.com/photos/71498756/large.jpeg,Anthocharis julia flora,48460/1/47120/372739/47158/184884/47157/47224/48508/209720/321383/51498/1267519/900255,jpeg
http://inaturalist-open-data.s3.amazonaws.com/photos/71833737/large.jpeg,Anthocharis julia flora,48460/1/47120/372739/47158/184884/47157/47224/48508/209720/321383/51498/1267519/900255,jpeg
http://inaturalist-open-data.s3.amazonaws.com/photos/72065936/large.jpeg,Anthocharis julia flora,48460/1/47120/372739/47158/184884/47157/47224/48508/209720/321383/51498/1267519/900255,jpeg
http://inaturalist-open-data.s3.amazonaws.com/photos/72321412/large.jpg,Anthocharis julia flora,48460/1/47120/372739/47158/184884/47157/47224/48508/209720/321383/51498/1267519/900255,jpg
http://inaturalist-open-data.s3.amazonaws.com/photos/72321416/large.jpg,Anthocharis julia flora,48460/1/47120/372739/47158/184884/47157/47224/48508/209720/321383/51498/1267519/900255,jpg
http://inaturalist-open-data.s3.amazonaws.com/photos/73045018/large.jpeg,Anthocharis julia flora,48460/1/47120/372739/47158/184884/47157/47224/48508/209720/321383/51498/1267519/900255,jpeg
http://inaturalist-open-data.s3.amazonaws.com/photos/73045023/large.jpeg,Anthocharis julia flora,48460/1/47120/372739/47158/184884/47157/47224/48508/209720/321383/51498/1267519/900255,jpeg
http://inaturalist-open-data.s3.amazonaws.com/photos/73045031/large.jpeg,Anthocharis julia flora,48460/1/47120/372739/47158/184884/47157/47224/48508/209720/321383/51498/1267519/900255,jpeg
http://inaturalist-open-data.s3.amazonaws.com/photos/73816459/large.jpeg,Anthocharis julia flora,48460/1/47120/372739/47158/184884/47157/47224/48508/209720/321383/51498/1267519/900255,jpeg
http://inaturalist-open-data.s3.amazonaws.com/photos/73690634/large.jpg,Anthocharis julia flora,48460/1/47120/372739/47158/184884/47157/47224/48508/209720/321383/51498/1267519/900255,jpg
http://inaturalist-open-data.s3.amazonaws.com/photos/73867756/large.jpg,Anthocharis julia flora,48460/1/47120/372739/47158/184884/47157/47224/48508/209720/321383/51498/1267519/900255,jpg
http://inaturalist-open-data.s3.amazonaws.com/photos/73867760/large.jpg,Anthocharis julia flora,48460/1/47120/372739/47158/184884/47157/47224/48508/209720/321383/51498/1267519/900255,jpg
http://inaturalist-open-data.s3.amazonaws.com/photos/73867751/large.jpg,Anthocharis julia flora,48460/1/47120/372739/47158/184884/47157/47224/48508/209720/321383/51498/1267519/900255,jpg
http://inaturalist-open-data.s3.amazonaws.com/photos/74603209/large.jpg,Anthocharis julia flora,48460/1/47120/372739/47158/184884/47157/47224/48508/209720/321383/51498/1267519/900255,jpg
http://inaturalist-open-data.s3.amazonaws.com/photos/80203478/large.jpeg,Anthocharis julia flora,48460/1/47120/372739/47158/184884/47157/47224/48508/209720/321383/51498/1267519/900255,jpeg
http://inaturalist-open-data.s3.amazonaws.com/photos/80204130/large.jpeg,Anthocharis julia flora,48460/1/47120/372739/47158/184884/47157/47224/48508/209720/321383/51498/1267519/900255,jpeg
http://inaturalist-open-data.s3.amazonaws.com/photos/118315462/large.jpeg,Anthocharis julia flora,48460/1/47120/372739/47158/184884/47157/47224/48508/209720/321383/51498/1267519/900255,jpeg
http://inaturalist-open-data.s3.amazonaws.com/photos/119056723/large.jpeg,Anthocharis julia flora,48460/1/47120/372739/47158/184884/47157/47224/48508/209720/321383/51498/1267519/900255,jpeg
http://inaturalist-open-data.s3.amazonaws.com/photos/119056729/large.jpeg,Anthocharis julia flora,48460/1/47120/372739/47158/184884/47157/47224/48508/209720/321383/51498/1267519/900255,jpeg
http://inaturalist-open-data.s3.amazonaws.com/photos/119275250/large.jpeg,Anthocharis julia flora,48460/1/47120/372739/47158/184884/47157/47224/48508/209720/321383/51498/1267519/900255,jpeg
http://inaturalist-open-data.s3.amazonaws.com/photos/119275273/large.jpeg,Anthocharis julia flora,48460/1/47120/372739/47158/184884/47157/47224/48508/209720/321383/51498/1267519/900255,jpeg
http://inaturalist-open-data.s3.amazonaws.com/photos/119275281/large.jpeg,Anthocharis julia flora,48460/1/47120/372739/47158/184884/47157/47224/48508/209720/321383/51498/1267519/900255,jpeg
http://inaturalist-open-data.s3.amazonaws.com/photos/119275290/large.jpeg,Anthocharis julia flora,48460/1/47120/372739/47158/184884/47157/47224/48508/209720/321383/51498/1267519/900255,jpeg
http://inaturalist-open-data.s3.amazonaws.com/photos/119275299/large.jpeg,Anthocharis julia flora,48460/1/47120/372739/47158/184884/47157/47224/48508/209720/321383/51498/1267519/900255,jpeg
http://inaturalist-open-data.s3.amazonaws.com/photos/119275313/large.jpeg,Anthocharis julia flora,48460/1/47120/372739/47158/184884/47157/47224/48508/209720/321383/51498/1267519/900255,jpeg
http://inaturalist-open-data.s3.amazonaws.com/photos/119275323/large.jpeg,Anthocharis julia flora,48460/1/47120/372739/47158/184884/47157/47224/48508/209720/321383/51498/1267519/900255,jpeg
http://inaturalist-open-data.s3.amazonaws.com/photos/119275338/large.jpeg,Anthocharis julia flora,48460/1/47120/372739/47158/184884/47157/47224/48508/209720/321383/51498/1267519/900255,jpeg
http://inaturalist-open-data.s3.amazonaws.com/photos/119275333/large.jpeg,Anthocharis julia flora,48460/1/47120/372739/47158/184884/47157/47224/48508/209720/321383/51498/1267519/900255,jpeg
http://inaturalist-open-data.s3.amazonaws.com/photos/120670775/large.jpeg,Anthocharis julia flora,48460/1/47120/372739/47158/184884/47157/47224/48508/209720/321383/51498/1267519/900255,jpeg
http://inaturalist-open-data.s3.amazonaws.com/photos/121096539/large.jpg,Anthocharis julia flora,48460/1/47120/372739/47158/184884/47157/47224/48508/209720/321383/51498/1267519/900255,jpg
http://inaturalist-open-data.s3.amazonaws.com/photos/121248697/large.jpg,Anthocharis julia flora,48460/1/47120/372739/47158/184884/47157/47224/48508/209720/321383/51498/1267519/900255,jpg
http://inaturalist-open-data.s3.amazonaws.com/photos/121249655/large.jpg,Anthocharis julia flora,48460/1/47120/372739/47158/184884/47157/47224/48508/209720/321383/51498/1267519/900255,jpg
http://inaturalist-open-data.s3.amazonaws.com/photos/121254299/large.jpeg,Anthocharis julia flora,48460/1/47120/372739/47158/184884/47157/47224/48508/209720/321383/51498/1267519/900255,jpeg
http://inaturalist-open-data.s3.amazonaws.com/photos/121254314/large.jpeg,Anthocharis julia flora,48460/1/47120/372739/47158/184884/47157/47224/48508/209720/321383/51498/1267519/900255,jpeg
http://inaturalist-open-data.s3.amazonaws.com/photos/123915555/large.jpeg,Anthocharis julia flora,48460/1/47120/372739/47158/184884/47157/47224/48508/209720/321383/51498/1267519/900255,jpeg
http://inaturalist-open-data.s3.amazonaws.com/photos/123904640/large.jpeg,Anthocharis julia flora,48460/1/47120/372739/47158/184884/47157/47224/48508/209720/321383/51498/1267519/900255,jpeg
http://inaturalist-open-data.s3.amazonaws.com/photos/123904692/large.jpeg,Anthocharis julia flora,48460/1/47120/372739/47158/184884/47157/47224/48508/209720/321383/51498/1267519/900255,jpeg
http://inaturalist-open-data.s3.amazonaws.com/photos/123904577/large.jpeg,Anthocharis julia flora,48460/1/47120/372739/47158/184884/47157/47224/48508/209720/321383/51498/1267519/900255,jpeg
http://inaturalist-open-data.s3.amazonaws.com/photos/123904527/large.jpeg,Anthocharis julia flora,48460/1/47120/372739/47158/184884/47157/47224/48508/209720/321383/51498/1267519/900255,jpeg
http://inaturalist-open-data.s3.amazonaws.com/photos/123904751/large.jpeg,Anthocharis julia flora,48460/1/47120/372739/47158/184884/47157/47224/48508/209720/321383/51498/1267519/900255,jpeg
