photo_url_large,taxon_name,ancestry,extension
http://inaturalist-open-data.s3.amazonaws.com/photos/33350552/large.jpeg,Apaturopsis cleochares cleochares,48460/1/47120/372739/47158/184884/47157/47224/47922/134166/641808/696911,jpeg
http://inaturalist-open-data.s3.amazonaws.com/photos/33350713/large.jpeg,Apaturopsis cleochares cleochares,48460/1/47120/372739/47158/184884/47157/47224/47922/134166/641808/696911,jpeg
http://inaturalist-open-data.s3.amazonaws.com/photos/33350651/large.jpeg,Apaturopsis cleochares cleochares,48460/1/47120/372739/47158/184884/47157/47224/47922/134166/641808/696911,jpeg
http://inaturalist-open-data.s3.amazonaws.com/photos/33350784/large.jpeg,Apaturopsis cleochares cleochares,48460/1/47120/372739/47158/184884/47157/47224/47922/134166/641808/696911,jpeg
http://inaturalist-open-data.s3.amazonaws.com/photos/168378571/large.jpg,Apaturopsis cleochares cleochares,48460/1/47120/372739/47158/184884/47157/47224/47922/134166/641808/696911,jpg
