photo_url_large,taxon_name,ancestry,extension
http://inaturalist-open-data.s3.amazonaws.com/photos/3402489/large.JPG,Aphis cytisorum cytisorum,48460/1/47120/372739/47158/184884/47744/334037/901813/52380/52381/194066/373639/517607/55215/492360,JPG
http://inaturalist-open-data.s3.amazonaws.com/photos/3901319/large.JPG,Aphis cytisorum cytisorum,48460/1/47120/372739/47158/184884/47744/334037/901813/52380/52381/194066/373639/517607/55215/492360,JPG
http://inaturalist-open-data.s3.amazonaws.com/photos/3901675/large.JPG,Aphis cytisorum cytisorum,48460/1/47120/372739/47158/184884/47744/334037/901813/52380/52381/194066/373639/517607/55215/492360,JPG
http://inaturalist-open-data.s3.amazonaws.com/photos/3911477/large.jpg,Aphis cytisorum cytisorum,48460/1/47120/372739/47158/184884/47744/334037/901813/52380/52381/194066/373639/517607/55215/492360,jpg
