photo_url_large,taxon_name,ancestry,extension
http://inaturalist-open-data.s3.amazonaws.com/photos/505485/large.JPG,Aphrissa statira statira,48460/1/47120/372739/47158/184884/47157/47224/48508/119556/173095/213959,JPG
http://inaturalist-open-data.s3.amazonaws.com/photos/1425201/large.JPG,Aphrissa statira statira,48460/1/47120/372739/47158/184884/47157/47224/48508/119556/173095/213959,JPG
http://inaturalist-open-data.s3.amazonaws.com/photos/1433660/large.JPG,Aphrissa statira statira,48460/1/47120/372739/47158/184884/47157/47224/48508/119556/173095/213959,JPG
http://inaturalist-open-data.s3.amazonaws.com/photos/1435860/large.JPG,Aphrissa statira statira,48460/1/47120/372739/47158/184884/47157/47224/48508/119556/173095/213959,JPG
http://inaturalist-open-data.s3.amazonaws.com/photos/2142279/large.JPG,Aphrissa statira statira,48460/1/47120/372739/47158/184884/47157/47224/48508/119556/173095/213959,JPG
http://inaturalist-open-data.s3.amazonaws.com/photos/2142281/large.JPG,Aphrissa statira statira,48460/1/47120/372739/47158/184884/47157/47224/48508/119556/173095/213959,JPG
http://inaturalist-open-data.s3.amazonaws.com/photos/2525167/large.jpeg,Aphrissa statira statira,48460/1/47120/372739/47158/184884/47157/47224/48508/119556/173095/213959,jpeg
http://inaturalist-open-data.s3.amazonaws.com/photos/2694959/large.jpg,Aphrissa statira statira,48460/1/47120/372739/47158/184884/47157/47224/48508/119556/173095/213959,jpg
http://inaturalist-open-data.s3.amazonaws.com/photos/2694960/large.jpg,Aphrissa statira statira,48460/1/47120/372739/47158/184884/47157/47224/48508/119556/173095/213959,jpg
http://inaturalist-open-data.s3.amazonaws.com/photos/2694961/large.jpg,Aphrissa statira statira,48460/1/47120/372739/47158/184884/47157/47224/48508/119556/173095/213959,jpg
http://inaturalist-open-data.s3.amazonaws.com/photos/2747469/large.jpg,Aphrissa statira statira,48460/1/47120/372739/47158/184884/47157/47224/48508/119556/173095/213959,jpg
http://inaturalist-open-data.s3.amazonaws.com/photos/2747465/large.jpg,Aphrissa statira statira,48460/1/47120/372739/47158/184884/47157/47224/48508/119556/173095/213959,jpg
http://inaturalist-open-data.s3.amazonaws.com/photos/2747466/large.jpg,Aphrissa statira statira,48460/1/47120/372739/47158/184884/47157/47224/48508/119556/173095/213959,jpg
http://inaturalist-open-data.s3.amazonaws.com/photos/2747467/large.jpg,Aphrissa statira statira,48460/1/47120/372739/47158/184884/47157/47224/48508/119556/173095/213959,jpg
http://inaturalist-open-data.s3.amazonaws.com/photos/2747468/large.jpg,Aphrissa statira statira,48460/1/47120/372739/47158/184884/47157/47224/48508/119556/173095/213959,jpg
http://inaturalist-open-data.s3.amazonaws.com/photos/2789758/large.JPG,Aphrissa statira statira,48460/1/47120/372739/47158/184884/47157/47224/48508/119556/173095/213959,JPG
http://inaturalist-open-data.s3.amazonaws.com/photos/2792954/large.JPG,Aphrissa statira statira,48460/1/47120/372739/47158/184884/47157/47224/48508/119556/173095/213959,JPG
http://inaturalist-open-data.s3.amazonaws.com/photos/3043278/large.jpg,Aphrissa statira statira,48460/1/47120/372739/47158/184884/47157/47224/48508/119556/173095/213959,jpg
http://inaturalist-open-data.s3.amazonaws.com/photos/3195812/large.jpg,Aphrissa statira statira,48460/1/47120/372739/47158/184884/47157/47224/48508/119556/173095/213959,jpg
http://inaturalist-open-data.s3.amazonaws.com/photos/3205005/large.jpg,Aphrissa statira statira,48460/1/47120/372739/47158/184884/47157/47224/48508/119556/173095/213959,jpg
http://inaturalist-open-data.s3.amazonaws.com/photos/3278577/large.JPG,Aphrissa statira statira,48460/1/47120/372739/47158/184884/47157/47224/48508/119556/173095/213959,JPG
http://inaturalist-open-data.s3.amazonaws.com/photos/3264793/large.jpg,Aphrissa statira statira,48460/1/47120/372739/47158/184884/47157/47224/48508/119556/173095/213959,jpg
http://inaturalist-open-data.s3.amazonaws.com/photos/3269050/large.JPG,Aphrissa statira statira,48460/1/47120/372739/47158/184884/47157/47224/48508/119556/173095/213959,JPG
http://inaturalist-open-data.s3.amazonaws.com/photos/3391740/large.JPG,Aphrissa statira statira,48460/1/47120/372739/47158/184884/47157/47224/48508/119556/173095/213959,JPG
http://inaturalist-open-data.s3.amazonaws.com/photos/3414551/large.jpg,Aphrissa statira statira,48460/1/47120/372739/47158/184884/47157/47224/48508/119556/173095/213959,jpg
http://inaturalist-open-data.s3.amazonaws.com/photos/3909744/large.JPG,Aphrissa statira statira,48460/1/47120/372739/47158/184884/47157/47224/48508/119556/173095/213959,JPG
http://inaturalist-open-data.s3.amazonaws.com/photos/3940642/large.JPG,Aphrissa statira statira,48460/1/47120/372739/47158/184884/47157/47224/48508/119556/173095/213959,JPG
http://inaturalist-open-data.s3.amazonaws.com/photos/3968750/large.JPG,Aphrissa statira statira,48460/1/47120/372739/47158/184884/47157/47224/48508/119556/173095/213959,JPG
http://inaturalist-open-data.s3.amazonaws.com/photos/4112566/large.JPG,Aphrissa statira statira,48460/1/47120/372739/47158/184884/47157/47224/48508/119556/173095/213959,JPG
http://inaturalist-open-data.s3.amazonaws.com/photos/4154400/large.JPG,Aphrissa statira statira,48460/1/47120/372739/47158/184884/47157/47224/48508/119556/173095/213959,JPG
http://inaturalist-open-data.s3.amazonaws.com/photos/4633685/large.jpeg,Aphrissa statira statira,48460/1/47120/372739/47158/184884/47157/47224/48508/119556/173095/213959,jpeg
http://inaturalist-open-data.s3.amazonaws.com/photos/5359827/large.jpeg,Aphrissa statira statira,48460/1/47120/372739/47158/184884/47157/47224/48508/119556/173095/213959,jpeg
http://inaturalist-open-data.s3.amazonaws.com/photos/5427890/large.jpg,Aphrissa statira statira,48460/1/47120/372739/47158/184884/47157/47224/48508/119556/173095/213959,jpg
http://inaturalist-open-data.s3.amazonaws.com/photos/5427900/large.jpg,Aphrissa statira statira,48460/1/47120/372739/47158/184884/47157/47224/48508/119556/173095/213959,jpg
http://inaturalist-open-data.s3.amazonaws.com/photos/5427899/large.jpg,Aphrissa statira statira,48460/1/47120/372739/47158/184884/47157/47224/48508/119556/173095/213959,jpg
http://inaturalist-open-data.s3.amazonaws.com/photos/5685072/large.jpg,Aphrissa statira statira,48460/1/47120/372739/47158/184884/47157/47224/48508/119556/173095/213959,jpg
http://inaturalist-open-data.s3.amazonaws.com/photos/5948755/large.jpg,Aphrissa statira statira,48460/1/47120/372739/47158/184884/47157/47224/48508/119556/173095/213959,jpg
http://inaturalist-open-data.s3.amazonaws.com/photos/9375853/large.jpeg,Aphrissa statira statira,48460/1/47120/372739/47158/184884/47157/47224/48508/119556/173095/213959,jpeg
http://inaturalist-open-data.s3.amazonaws.com/photos/9375856/large.jpeg,Aphrissa statira statira,48460/1/47120/372739/47158/184884/47157/47224/48508/119556/173095/213959,jpeg
http://inaturalist-open-data.s3.amazonaws.com/photos/9630856/large.jpeg,Aphrissa statira statira,48460/1/47120/372739/47158/184884/47157/47224/48508/119556/173095/213959,jpeg
http://inaturalist-open-data.s3.amazonaws.com/photos/9630858/large.jpeg,Aphrissa statira statira,48460/1/47120/372739/47158/184884/47157/47224/48508/119556/173095/213959,jpeg
http://inaturalist-open-data.s3.amazonaws.com/photos/11706658/large.jpeg,Aphrissa statira statira,48460/1/47120/372739/47158/184884/47157/47224/48508/119556/173095/213959,jpeg
http://inaturalist-open-data.s3.amazonaws.com/photos/12215805/large.jpeg,Aphrissa statira statira,48460/1/47120/372739/47158/184884/47157/47224/48508/119556/173095/213959,jpeg
http://inaturalist-open-data.s3.amazonaws.com/photos/12252506/large.jpeg,Aphrissa statira statira,48460/1/47120/372739/47158/184884/47157/47224/48508/119556/173095/213959,jpeg
http://inaturalist-open-data.s3.amazonaws.com/photos/12288786/large.jpg,Aphrissa statira statira,48460/1/47120/372739/47158/184884/47157/47224/48508/119556/173095/213959,jpg
http://inaturalist-open-data.s3.amazonaws.com/photos/12647219/large.jpeg,Aphrissa statira statira,48460/1/47120/372739/47158/184884/47157/47224/48508/119556/173095/213959,jpeg
http://inaturalist-open-data.s3.amazonaws.com/photos/12688563/large.jpeg,Aphrissa statira statira,48460/1/47120/372739/47158/184884/47157/47224/48508/119556/173095/213959,jpeg
http://inaturalist-open-data.s3.amazonaws.com/photos/22972579/large.jpeg,Aphrissa statira statira,48460/1/47120/372739/47158/184884/47157/47224/48508/119556/173095/213959,jpeg
http://inaturalist-open-data.s3.amazonaws.com/photos/23411201/large.jpeg,Aphrissa statira statira,48460/1/47120/372739/47158/184884/47157/47224/48508/119556/173095/213959,jpeg
http://inaturalist-open-data.s3.amazonaws.com/photos/24258612/large.jpg,Aphrissa statira statira,48460/1/47120/372739/47158/184884/47157/47224/48508/119556/173095/213959,jpg
http://inaturalist-open-data.s3.amazonaws.com/photos/24258698/large.jpg,Aphrissa statira statira,48460/1/47120/372739/47158/184884/47157/47224/48508/119556/173095/213959,jpg
http://inaturalist-open-data.s3.amazonaws.com/photos/25801959/large.jpeg,Aphrissa statira statira,48460/1/47120/372739/47158/184884/47157/47224/48508/119556/173095/213959,jpeg
http://inaturalist-open-data.s3.amazonaws.com/photos/27544089/large.jpeg,Aphrissa statira statira,48460/1/47120/372739/47158/184884/47157/47224/48508/119556/173095/213959,jpeg
http://inaturalist-open-data.s3.amazonaws.com/photos/27544097/large.jpeg,Aphrissa statira statira,48460/1/47120/372739/47158/184884/47157/47224/48508/119556/173095/213959,jpeg
http://inaturalist-open-data.s3.amazonaws.com/photos/28062176/large.jpeg,Aphrissa statira statira,48460/1/47120/372739/47158/184884/47157/47224/48508/119556/173095/213959,jpeg
http://inaturalist-open-data.s3.amazonaws.com/photos/28670233/large.jpeg,Aphrissa statira statira,48460/1/47120/372739/47158/184884/47157/47224/48508/119556/173095/213959,jpeg
http://inaturalist-open-data.s3.amazonaws.com/photos/28670222/large.jpeg,Aphrissa statira statira,48460/1/47120/372739/47158/184884/47157/47224/48508/119556/173095/213959,jpeg
http://inaturalist-open-data.s3.amazonaws.com/photos/28739555/large.jpeg,Aphrissa statira statira,48460/1/47120/372739/47158/184884/47157/47224/48508/119556/173095/213959,jpeg
http://inaturalist-open-data.s3.amazonaws.com/photos/28743145/large.jpeg,Aphrissa statira statira,48460/1/47120/372739/47158/184884/47157/47224/48508/119556/173095/213959,jpeg
http://inaturalist-open-data.s3.amazonaws.com/photos/28743140/large.jpeg,Aphrissa statira statira,48460/1/47120/372739/47158/184884/47157/47224/48508/119556/173095/213959,jpeg
http://inaturalist-open-data.s3.amazonaws.com/photos/28743147/large.jpeg,Aphrissa statira statira,48460/1/47120/372739/47158/184884/47157/47224/48508/119556/173095/213959,jpeg
http://inaturalist-open-data.s3.amazonaws.com/photos/28890298/large.jpeg,Aphrissa statira statira,48460/1/47120/372739/47158/184884/47157/47224/48508/119556/173095/213959,jpeg
http://inaturalist-open-data.s3.amazonaws.com/photos/28947087/large.jpeg,Aphrissa statira statira,48460/1/47120/372739/47158/184884/47157/47224/48508/119556/173095/213959,jpeg
http://inaturalist-open-data.s3.amazonaws.com/photos/29172489/large.jpeg,Aphrissa statira statira,48460/1/47120/372739/47158/184884/47157/47224/48508/119556/173095/213959,jpeg
http://inaturalist-open-data.s3.amazonaws.com/photos/29172482/large.jpeg,Aphrissa statira statira,48460/1/47120/372739/47158/184884/47157/47224/48508/119556/173095/213959,jpeg
http://inaturalist-open-data.s3.amazonaws.com/photos/30015339/large.jpeg,Aphrissa statira statira,48460/1/47120/372739/47158/184884/47157/47224/48508/119556/173095/213959,jpeg
http://inaturalist-open-data.s3.amazonaws.com/photos/39063146/large.jpeg,Aphrissa statira statira,48460/1/47120/372739/47158/184884/47157/47224/48508/119556/173095/213959,jpeg
http://inaturalist-open-data.s3.amazonaws.com/photos/44878518/large.jpeg,Aphrissa statira statira,48460/1/47120/372739/47158/184884/47157/47224/48508/119556/173095/213959,jpeg
http://inaturalist-open-data.s3.amazonaws.com/photos/45956476/large.jpeg,Aphrissa statira statira,48460/1/47120/372739/47158/184884/47157/47224/48508/119556/173095/213959,jpeg
http://inaturalist-open-data.s3.amazonaws.com/photos/47313109/large.jpeg,Aphrissa statira statira,48460/1/47120/372739/47158/184884/47157/47224/48508/119556/173095/213959,jpeg
http://inaturalist-open-data.s3.amazonaws.com/photos/49144361/large.jpg,Aphrissa statira statira,48460/1/47120/372739/47158/184884/47157/47224/48508/119556/173095/213959,jpg
http://inaturalist-open-data.s3.amazonaws.com/photos/53165931/large.jpg,Aphrissa statira statira,48460/1/47120/372739/47158/184884/47157/47224/48508/119556/173095/213959,jpg
http://inaturalist-open-data.s3.amazonaws.com/photos/56261080/large.jpeg,Aphrissa statira statira,48460/1/47120/372739/47158/184884/47157/47224/48508/119556/173095/213959,jpeg
http://inaturalist-open-data.s3.amazonaws.com/photos/56261084/large.jpeg,Aphrissa statira statira,48460/1/47120/372739/47158/184884/47157/47224/48508/119556/173095/213959,jpeg
http://inaturalist-open-data.s3.amazonaws.com/photos/56261089/large.jpeg,Aphrissa statira statira,48460/1/47120/372739/47158/184884/47157/47224/48508/119556/173095/213959,jpeg
http://inaturalist-open-data.s3.amazonaws.com/photos/57737571/large.jpeg,Aphrissa statira statira,48460/1/47120/372739/47158/184884/47157/47224/48508/119556/173095/213959,jpeg
http://inaturalist-open-data.s3.amazonaws.com/photos/59350433/large.jpeg,Aphrissa statira statira,48460/1/47120/372739/47158/184884/47157/47224/48508/119556/173095/213959,jpeg
http://inaturalist-open-data.s3.amazonaws.com/photos/60452028/large.jpg,Aphrissa statira statira,48460/1/47120/372739/47158/184884/47157/47224/48508/119556/173095/213959,jpg
http://inaturalist-open-data.s3.amazonaws.com/photos/75548784/large.jpg,Aphrissa statira statira,48460/1/47120/372739/47158/184884/47157/47224/48508/119556/173095/213959,jpg
http://inaturalist-open-data.s3.amazonaws.com/photos/75548800/large.jpg,Aphrissa statira statira,48460/1/47120/372739/47158/184884/47157/47224/48508/119556/173095/213959,jpg
http://inaturalist-open-data.s3.amazonaws.com/photos/75649300/large.jpg,Aphrissa statira statira,48460/1/47120/372739/47158/184884/47157/47224/48508/119556/173095/213959,jpg
http://inaturalist-open-data.s3.amazonaws.com/photos/75649423/large.jpg,Aphrissa statira statira,48460/1/47120/372739/47158/184884/47157/47224/48508/119556/173095/213959,jpg
http://inaturalist-open-data.s3.amazonaws.com/photos/84763118/large.jpeg,Aphrissa statira statira,48460/1/47120/372739/47158/184884/47157/47224/48508/119556/173095/213959,jpeg
http://inaturalist-open-data.s3.amazonaws.com/photos/85708316/large.jpeg,Aphrissa statira statira,48460/1/47120/372739/47158/184884/47157/47224/48508/119556/173095/213959,jpeg
http://inaturalist-open-data.s3.amazonaws.com/photos/91361826/large.jpeg,Aphrissa statira statira,48460/1/47120/372739/47158/184884/47157/47224/48508/119556/173095/213959,jpeg
http://inaturalist-open-data.s3.amazonaws.com/photos/91361840/large.jpeg,Aphrissa statira statira,48460/1/47120/372739/47158/184884/47157/47224/48508/119556/173095/213959,jpeg
http://inaturalist-open-data.s3.amazonaws.com/photos/92520971/large.jpeg,Aphrissa statira statira,48460/1/47120/372739/47158/184884/47157/47224/48508/119556/173095/213959,jpeg
http://inaturalist-open-data.s3.amazonaws.com/photos/92520991/large.jpeg,Aphrissa statira statira,48460/1/47120/372739/47158/184884/47157/47224/48508/119556/173095/213959,jpeg
http://inaturalist-open-data.s3.amazonaws.com/photos/92521014/large.jpeg,Aphrissa statira statira,48460/1/47120/372739/47158/184884/47157/47224/48508/119556/173095/213959,jpeg
http://inaturalist-open-data.s3.amazonaws.com/photos/92526754/large.jpeg,Aphrissa statira statira,48460/1/47120/372739/47158/184884/47157/47224/48508/119556/173095/213959,jpeg
http://inaturalist-open-data.s3.amazonaws.com/photos/92526772/large.jpeg,Aphrissa statira statira,48460/1/47120/372739/47158/184884/47157/47224/48508/119556/173095/213959,jpeg
http://inaturalist-open-data.s3.amazonaws.com/photos/92871983/large.jpeg,Aphrissa statira statira,48460/1/47120/372739/47158/184884/47157/47224/48508/119556/173095/213959,jpeg
http://inaturalist-open-data.s3.amazonaws.com/photos/92871998/large.jpeg,Aphrissa statira statira,48460/1/47120/372739/47158/184884/47157/47224/48508/119556/173095/213959,jpeg
http://inaturalist-open-data.s3.amazonaws.com/photos/92872020/large.jpeg,Aphrissa statira statira,48460/1/47120/372739/47158/184884/47157/47224/48508/119556/173095/213959,jpeg
http://inaturalist-open-data.s3.amazonaws.com/photos/92872049/large.jpeg,Aphrissa statira statira,48460/1/47120/372739/47158/184884/47157/47224/48508/119556/173095/213959,jpeg
http://inaturalist-open-data.s3.amazonaws.com/photos/92873045/large.jpeg,Aphrissa statira statira,48460/1/47120/372739/47158/184884/47157/47224/48508/119556/173095/213959,jpeg
http://inaturalist-open-data.s3.amazonaws.com/photos/92873077/large.jpeg,Aphrissa statira statira,48460/1/47120/372739/47158/184884/47157/47224/48508/119556/173095/213959,jpeg
http://inaturalist-open-data.s3.amazonaws.com/photos/92873109/large.jpeg,Aphrissa statira statira,48460/1/47120/372739/47158/184884/47157/47224/48508/119556/173095/213959,jpeg
http://inaturalist-open-data.s3.amazonaws.com/photos/92873126/large.jpeg,Aphrissa statira statira,48460/1/47120/372739/47158/184884/47157/47224/48508/119556/173095/213959,jpeg
http://inaturalist-open-data.s3.amazonaws.com/photos/92873148/large.jpeg,Aphrissa statira statira,48460/1/47120/372739/47158/184884/47157/47224/48508/119556/173095/213959,jpeg
http://inaturalist-open-data.s3.amazonaws.com/photos/92873166/large.jpeg,Aphrissa statira statira,48460/1/47120/372739/47158/184884/47157/47224/48508/119556/173095/213959,jpeg
http://inaturalist-open-data.s3.amazonaws.com/photos/97549919/large.jpeg,Aphrissa statira statira,48460/1/47120/372739/47158/184884/47157/47224/48508/119556/173095/213959,jpeg
http://inaturalist-open-data.s3.amazonaws.com/photos/97874747/large.jpg,Aphrissa statira statira,48460/1/47120/372739/47158/184884/47157/47224/48508/119556/173095/213959,jpg
http://inaturalist-open-data.s3.amazonaws.com/photos/97874784/large.jpg,Aphrissa statira statira,48460/1/47120/372739/47158/184884/47157/47224/48508/119556/173095/213959,jpg
http://inaturalist-open-data.s3.amazonaws.com/photos/106212377/large.jpg,Aphrissa statira statira,48460/1/47120/372739/47158/184884/47157/47224/48508/119556/173095/213959,jpg
http://inaturalist-open-data.s3.amazonaws.com/photos/106212417/large.jpeg,Aphrissa statira statira,48460/1/47120/372739/47158/184884/47157/47224/48508/119556/173095/213959,jpeg
http://inaturalist-open-data.s3.amazonaws.com/photos/106212470/large.jpg,Aphrissa statira statira,48460/1/47120/372739/47158/184884/47157/47224/48508/119556/173095/213959,jpg
http://inaturalist-open-data.s3.amazonaws.com/photos/107451413/large.jpeg,Aphrissa statira statira,48460/1/47120/372739/47158/184884/47157/47224/48508/119556/173095/213959,jpeg
http://inaturalist-open-data.s3.amazonaws.com/photos/107613424/large.jpg,Aphrissa statira statira,48460/1/47120/372739/47158/184884/47157/47224/48508/119556/173095/213959,jpg
http://inaturalist-open-data.s3.amazonaws.com/photos/108396270/large.jpeg,Aphrissa statira statira,48460/1/47120/372739/47158/184884/47157/47224/48508/119556/173095/213959,jpeg
http://inaturalist-open-data.s3.amazonaws.com/photos/109616452/large.jpeg,Aphrissa statira statira,48460/1/47120/372739/47158/184884/47157/47224/48508/119556/173095/213959,jpeg
http://inaturalist-open-data.s3.amazonaws.com/photos/109616490/large.jpeg,Aphrissa statira statira,48460/1/47120/372739/47158/184884/47157/47224/48508/119556/173095/213959,jpeg
http://inaturalist-open-data.s3.amazonaws.com/photos/109616559/large.jpeg,Aphrissa statira statira,48460/1/47120/372739/47158/184884/47157/47224/48508/119556/173095/213959,jpeg
http://inaturalist-open-data.s3.amazonaws.com/photos/109616583/large.jpeg,Aphrissa statira statira,48460/1/47120/372739/47158/184884/47157/47224/48508/119556/173095/213959,jpeg
http://inaturalist-open-data.s3.amazonaws.com/photos/109616474/large.jpeg,Aphrissa statira statira,48460/1/47120/372739/47158/184884/47157/47224/48508/119556/173095/213959,jpeg
http://inaturalist-open-data.s3.amazonaws.com/photos/109616517/large.jpeg,Aphrissa statira statira,48460/1/47120/372739/47158/184884/47157/47224/48508/119556/173095/213959,jpeg
http://inaturalist-open-data.s3.amazonaws.com/photos/109616574/large.jpeg,Aphrissa statira statira,48460/1/47120/372739/47158/184884/47157/47224/48508/119556/173095/213959,jpeg
http://inaturalist-open-data.s3.amazonaws.com/photos/112239980/large.jpg,Aphrissa statira statira,48460/1/47120/372739/47158/184884/47157/47224/48508/119556/173095/213959,jpg
http://inaturalist-open-data.s3.amazonaws.com/photos/116418115/large.jpg,Aphrissa statira statira,48460/1/47120/372739/47158/184884/47157/47224/48508/119556/173095/213959,jpg
http://inaturalist-open-data.s3.amazonaws.com/photos/120849485/large.jpeg,Aphrissa statira statira,48460/1/47120/372739/47158/184884/47157/47224/48508/119556/173095/213959,jpeg
http://inaturalist-open-data.s3.amazonaws.com/photos/124782342/large.jpeg,Aphrissa statira statira,48460/1/47120/372739/47158/184884/47157/47224/48508/119556/173095/213959,jpeg
http://inaturalist-open-data.s3.amazonaws.com/photos/127265260/large.jpeg,Aphrissa statira statira,48460/1/47120/372739/47158/184884/47157/47224/48508/119556/173095/213959,jpeg
http://inaturalist-open-data.s3.amazonaws.com/photos/129161058/large.jpeg,Aphrissa statira statira,48460/1/47120/372739/47158/184884/47157/47224/48508/119556/173095/213959,jpeg
http://inaturalist-open-data.s3.amazonaws.com/photos/129161099/large.jpeg,Aphrissa statira statira,48460/1/47120/372739/47158/184884/47157/47224/48508/119556/173095/213959,jpeg
http://inaturalist-open-data.s3.amazonaws.com/photos/133640017/large.jpeg,Aphrissa statira statira,48460/1/47120/372739/47158/184884/47157/47224/48508/119556/173095/213959,jpeg
http://inaturalist-open-data.s3.amazonaws.com/photos/148195445/large.jpeg,Aphrissa statira statira,48460/1/47120/372739/47158/184884/47157/47224/48508/119556/173095/213959,jpeg
http://inaturalist-open-data.s3.amazonaws.com/photos/148195463/large.jpeg,Aphrissa statira statira,48460/1/47120/372739/47158/184884/47157/47224/48508/119556/173095/213959,jpeg
http://inaturalist-open-data.s3.amazonaws.com/photos/162127218/large.jpeg,Aphrissa statira statira,48460/1/47120/372739/47158/184884/47157/47224/48508/119556/173095/213959,jpeg
http://inaturalist-open-data.s3.amazonaws.com/photos/164415230/large.jpeg,Aphrissa statira statira,48460/1/47120/372739/47158/184884/47157/47224/48508/119556/173095/213959,jpeg
http://inaturalist-open-data.s3.amazonaws.com/photos/176520398/large.jpeg,Aphrissa statira statira,48460/1/47120/372739/47158/184884/47157/47224/48508/119556/173095/213959,jpeg
http://inaturalist-open-data.s3.amazonaws.com/photos/177254144/large.jpeg,Aphrissa statira statira,48460/1/47120/372739/47158/184884/47157/47224/48508/119556/173095/213959,jpeg
