photo_url_large,taxon_name,ancestry,extension
http://inaturalist-open-data.s3.amazonaws.com/photos/83867921/large.jpg,Apodemia virgulti dialeuca,48460/1/47120/372739/47158/184884/47157/47224/59166/522808/784971/59167/1144329/119068,jpg
http://inaturalist-open-data.s3.amazonaws.com/photos/84125540/large.jpg,Apodemia virgulti dialeuca,48460/1/47120/372739/47158/184884/47157/47224/59166/522808/784971/59167/1144329/119068,jpg
http://inaturalist-open-data.s3.amazonaws.com/photos/84231719/large.jpeg,Apodemia virgulti dialeuca,48460/1/47120/372739/47158/184884/47157/47224/59166/522808/784971/59167/1144329/119068,jpeg
http://inaturalist-open-data.s3.amazonaws.com/photos/84231736/large.jpeg,Apodemia virgulti dialeuca,48460/1/47120/372739/47158/184884/47157/47224/59166/522808/784971/59167/1144329/119068,jpeg
http://inaturalist-open-data.s3.amazonaws.com/photos/84231772/large.jpeg,Apodemia virgulti dialeuca,48460/1/47120/372739/47158/184884/47157/47224/59166/522808/784971/59167/1144329/119068,jpeg
http://inaturalist-open-data.s3.amazonaws.com/photos/84231748/large.jpeg,Apodemia virgulti dialeuca,48460/1/47120/372739/47158/184884/47157/47224/59166/522808/784971/59167/1144329/119068,jpeg
http://inaturalist-open-data.s3.amazonaws.com/photos/126107487/large.jpg,Apodemia virgulti dialeuca,48460/1/47120/372739/47158/184884/47157/47224/59166/522808/784971/59167/1144329/119068,jpg
http://inaturalist-open-data.s3.amazonaws.com/photos/126107523/large.jpg,Apodemia virgulti dialeuca,48460/1/47120/372739/47158/184884/47157/47224/59166/522808/784971/59167/1144329/119068,jpg
http://inaturalist-open-data.s3.amazonaws.com/photos/126498813/large.jpg,Apodemia virgulti dialeuca,48460/1/47120/372739/47158/184884/47157/47224/59166/522808/784971/59167/1144329/119068,jpg
http://inaturalist-open-data.s3.amazonaws.com/photos/126498793/large.jpg,Apodemia virgulti dialeuca,48460/1/47120/372739/47158/184884/47157/47224/59166/522808/784971/59167/1144329/119068,jpg
http://inaturalist-open-data.s3.amazonaws.com/photos/126498772/large.jpg,Apodemia virgulti dialeuca,48460/1/47120/372739/47158/184884/47157/47224/59166/522808/784971/59167/1144329/119068,jpg
http://inaturalist-open-data.s3.amazonaws.com/photos/126971819/large.jpeg,Apodemia virgulti dialeuca,48460/1/47120/372739/47158/184884/47157/47224/59166/522808/784971/59167/1144329/119068,jpeg
