photo_url_large,taxon_name,ancestry,extension
http://inaturalist-open-data.s3.amazonaws.com/photos/23636918/large.jpg,Apodemia virgulti arenaria,48460/1/47120/372739/47158/184884/47157/47224/59166/522808/784971/59167/1144329/119068,jpg
http://inaturalist-open-data.s3.amazonaws.com/photos/23636907/large.jpg,Apodemia virgulti arenaria,48460/1/47120/372739/47158/184884/47157/47224/59166/522808/784971/59167/1144329/119068,jpg
http://inaturalist-open-data.s3.amazonaws.com/photos/23702075/large.jpg,Apodemia virgulti arenaria,48460/1/47120/372739/47158/184884/47157/47224/59166/522808/784971/59167/1144329/119068,jpg
http://inaturalist-open-data.s3.amazonaws.com/photos/41002078/large.jpg,Apodemia virgulti arenaria,48460/1/47120/372739/47158/184884/47157/47224/59166/522808/784971/59167/1144329/119068,jpg
http://inaturalist-open-data.s3.amazonaws.com/photos/41002045/large.jpg,Apodemia virgulti arenaria,48460/1/47120/372739/47158/184884/47157/47224/59166/522808/784971/59167/1144329/119068,jpg
http://inaturalist-open-data.s3.amazonaws.com/photos/41002058/large.jpg,Apodemia virgulti arenaria,48460/1/47120/372739/47158/184884/47157/47224/59166/522808/784971/59167/1144329/119068,jpg
http://inaturalist-open-data.s3.amazonaws.com/photos/47448605/large.jpg,Apodemia virgulti arenaria,48460/1/47120/372739/47158/184884/47157/47224/59166/522808/784971/59167/1144329/119068,jpg
http://inaturalist-open-data.s3.amazonaws.com/photos/47448613/large.jpg,Apodemia virgulti arenaria,48460/1/47120/372739/47158/184884/47157/47224/59166/522808/784971/59167/1144329/119068,jpg
