photo_url_large,taxon_name,ancestry,extension
http://inaturalist-open-data.s3.amazonaws.com/photos/14167339/large.jpg,Appias epaphia contracta,48460/1/47120/372739/47158/184884/47157/47224/48508/209720/321384/475030/70181/209698,jpg
http://inaturalist-open-data.s3.amazonaws.com/photos/14462850/large.jpeg,Appias epaphia contracta,48460/1/47120/372739/47158/184884/47157/47224/48508/209720/321384/475030/70181/209698,jpeg
http://inaturalist-open-data.s3.amazonaws.com/photos/14462992/large.jpeg,Appias epaphia contracta,48460/1/47120/372739/47158/184884/47157/47224/48508/209720/321384/475030/70181/209698,jpeg
http://inaturalist-open-data.s3.amazonaws.com/photos/14462887/large.jpeg,Appias epaphia contracta,48460/1/47120/372739/47158/184884/47157/47224/48508/209720/321384/475030/70181/209698,jpeg
http://inaturalist-open-data.s3.amazonaws.com/photos/14462863/large.jpeg,Appias epaphia contracta,48460/1/47120/372739/47158/184884/47157/47224/48508/209720/321384/475030/70181/209698,jpeg
http://inaturalist-open-data.s3.amazonaws.com/photos/14812669/large.jpeg,Appias epaphia contracta,48460/1/47120/372739/47158/184884/47157/47224/48508/209720/321384/475030/70181/209698,jpeg
http://inaturalist-open-data.s3.amazonaws.com/photos/15702123/large.jpg,Appias epaphia contracta,48460/1/47120/372739/47158/184884/47157/47224/48508/209720/321384/475030/70181/209698,jpg
http://inaturalist-open-data.s3.amazonaws.com/photos/15702124/large.jpg,Appias epaphia contracta,48460/1/47120/372739/47158/184884/47157/47224/48508/209720/321384/475030/70181/209698,jpg
http://inaturalist-open-data.s3.amazonaws.com/photos/15702125/large.jpg,Appias epaphia contracta,48460/1/47120/372739/47158/184884/47157/47224/48508/209720/321384/475030/70181/209698,jpg
http://inaturalist-open-data.s3.amazonaws.com/photos/16102709/large.jpg,Appias epaphia contracta,48460/1/47120/372739/47158/184884/47157/47224/48508/209720/321384/475030/70181/209698,jpg
http://inaturalist-open-data.s3.amazonaws.com/photos/16126677/large.jpg,Appias epaphia contracta,48460/1/47120/372739/47158/184884/47157/47224/48508/209720/321384/475030/70181/209698,jpg
http://inaturalist-open-data.s3.amazonaws.com/photos/16126679/large.jpg,Appias epaphia contracta,48460/1/47120/372739/47158/184884/47157/47224/48508/209720/321384/475030/70181/209698,jpg
http://inaturalist-open-data.s3.amazonaws.com/photos/17500260/large.jpeg,Appias epaphia contracta,48460/1/47120/372739/47158/184884/47157/47224/48508/209720/321384/475030/70181/209698,jpeg
http://inaturalist-open-data.s3.amazonaws.com/photos/17780086/large.jpg,Appias epaphia contracta,48460/1/47120/372739/47158/184884/47157/47224/48508/209720/321384/475030/70181/209698,jpg
http://inaturalist-open-data.s3.amazonaws.com/photos/19063045/large.jpeg,Appias epaphia contracta,48460/1/47120/372739/47158/184884/47157/47224/48508/209720/321384/475030/70181/209698,jpeg
http://inaturalist-open-data.s3.amazonaws.com/photos/19063040/large.jpeg,Appias epaphia contracta,48460/1/47120/372739/47158/184884/47157/47224/48508/209720/321384/475030/70181/209698,jpeg
http://inaturalist-open-data.s3.amazonaws.com/photos/19063181/large.jpeg,Appias epaphia contracta,48460/1/47120/372739/47158/184884/47157/47224/48508/209720/321384/475030/70181/209698,jpeg
http://inaturalist-open-data.s3.amazonaws.com/photos/19063143/large.jpeg,Appias epaphia contracta,48460/1/47120/372739/47158/184884/47157/47224/48508/209720/321384/475030/70181/209698,jpeg
http://inaturalist-open-data.s3.amazonaws.com/photos/19063192/large.jpeg,Appias epaphia contracta,48460/1/47120/372739/47158/184884/47157/47224/48508/209720/321384/475030/70181/209698,jpeg
http://inaturalist-open-data.s3.amazonaws.com/photos/19063229/large.jpeg,Appias epaphia contracta,48460/1/47120/372739/47158/184884/47157/47224/48508/209720/321384/475030/70181/209698,jpeg
http://inaturalist-open-data.s3.amazonaws.com/photos/24522193/large.jpeg,Appias epaphia contracta,48460/1/47120/372739/47158/184884/47157/47224/48508/209720/321384/475030/70181/209698,jpeg
http://inaturalist-open-data.s3.amazonaws.com/photos/24522249/large.jpeg,Appias epaphia contracta,48460/1/47120/372739/47158/184884/47157/47224/48508/209720/321384/475030/70181/209698,jpeg
http://inaturalist-open-data.s3.amazonaws.com/photos/24522324/large.jpeg,Appias epaphia contracta,48460/1/47120/372739/47158/184884/47157/47224/48508/209720/321384/475030/70181/209698,jpeg
http://inaturalist-open-data.s3.amazonaws.com/photos/24522852/large.jpeg,Appias epaphia contracta,48460/1/47120/372739/47158/184884/47157/47224/48508/209720/321384/475030/70181/209698,jpeg
http://inaturalist-open-data.s3.amazonaws.com/photos/26051440/large.jpeg,Appias epaphia contracta,48460/1/47120/372739/47158/184884/47157/47224/48508/209720/321384/475030/70181/209698,jpeg
http://inaturalist-open-data.s3.amazonaws.com/photos/28083906/large.jpeg,Appias epaphia contracta,48460/1/47120/372739/47158/184884/47157/47224/48508/209720/321384/475030/70181/209698,jpeg
http://inaturalist-open-data.s3.amazonaws.com/photos/28083895/large.jpeg,Appias epaphia contracta,48460/1/47120/372739/47158/184884/47157/47224/48508/209720/321384/475030/70181/209698,jpeg
http://inaturalist-open-data.s3.amazonaws.com/photos/28083897/large.jpeg,Appias epaphia contracta,48460/1/47120/372739/47158/184884/47157/47224/48508/209720/321384/475030/70181/209698,jpeg
http://inaturalist-open-data.s3.amazonaws.com/photos/28083936/large.jpeg,Appias epaphia contracta,48460/1/47120/372739/47158/184884/47157/47224/48508/209720/321384/475030/70181/209698,jpeg
http://inaturalist-open-data.s3.amazonaws.com/photos/28083967/large.jpg,Appias epaphia contracta,48460/1/47120/372739/47158/184884/47157/47224/48508/209720/321384/475030/70181/209698,jpg
http://inaturalist-open-data.s3.amazonaws.com/photos/31113796/large.jpeg,Appias epaphia contracta,48460/1/47120/372739/47158/184884/47157/47224/48508/209720/321384/475030/70181/209698,jpeg
http://inaturalist-open-data.s3.amazonaws.com/photos/31113797/large.jpeg,Appias epaphia contracta,48460/1/47120/372739/47158/184884/47157/47224/48508/209720/321384/475030/70181/209698,jpeg
http://inaturalist-open-data.s3.amazonaws.com/photos/34026719/large.jpg,Appias epaphia contracta,48460/1/47120/372739/47158/184884/47157/47224/48508/209720/321384/475030/70181/209698,jpg
http://inaturalist-open-data.s3.amazonaws.com/photos/35123388/large.jpg,Appias epaphia contracta,48460/1/47120/372739/47158/184884/47157/47224/48508/209720/321384/475030/70181/209698,jpg
http://inaturalist-open-data.s3.amazonaws.com/photos/37506867/large.jpg,Appias epaphia contracta,48460/1/47120/372739/47158/184884/47157/47224/48508/209720/321384/475030/70181/209698,jpg
http://inaturalist-open-data.s3.amazonaws.com/photos/37506881/large.jpg,Appias epaphia contracta,48460/1/47120/372739/47158/184884/47157/47224/48508/209720/321384/475030/70181/209698,jpg
http://inaturalist-open-data.s3.amazonaws.com/photos/42881256/large.jpg,Appias epaphia contracta,48460/1/47120/372739/47158/184884/47157/47224/48508/209720/321384/475030/70181/209698,jpg
http://inaturalist-open-data.s3.amazonaws.com/photos/52434111/large.jpeg,Appias epaphia contracta,48460/1/47120/372739/47158/184884/47157/47224/48508/209720/321384/475030/70181/209698,jpeg
http://inaturalist-open-data.s3.amazonaws.com/photos/52434115/large.jpeg,Appias epaphia contracta,48460/1/47120/372739/47158/184884/47157/47224/48508/209720/321384/475030/70181/209698,jpeg
http://inaturalist-open-data.s3.amazonaws.com/photos/62795928/large.jpg,Appias epaphia contracta,48460/1/47120/372739/47158/184884/47157/47224/48508/209720/321384/475030/70181/209698,jpg
http://inaturalist-open-data.s3.amazonaws.com/photos/69564636/large.jpg,Appias epaphia contracta,48460/1/47120/372739/47158/184884/47157/47224/48508/209720/321384/475030/70181/209698,jpg
http://inaturalist-open-data.s3.amazonaws.com/photos/73266054/large.jpeg,Appias epaphia contracta,48460/1/47120/372739/47158/184884/47157/47224/48508/209720/321384/475030/70181/209698,jpeg
http://inaturalist-open-data.s3.amazonaws.com/photos/78531682/large.jpeg,Appias epaphia contracta,48460/1/47120/372739/47158/184884/47157/47224/48508/209720/321384/475030/70181/209698,jpeg
http://inaturalist-open-data.s3.amazonaws.com/photos/86125164/large.jpeg,Appias epaphia contracta,48460/1/47120/372739/47158/184884/47157/47224/48508/209720/321384/475030/70181/209698,jpeg
http://inaturalist-open-data.s3.amazonaws.com/photos/86329274/large.jpeg,Appias epaphia contracta,48460/1/47120/372739/47158/184884/47157/47224/48508/209720/321384/475030/70181/209698,jpeg
http://inaturalist-open-data.s3.amazonaws.com/photos/89782903/large.jpeg,Appias epaphia contracta,48460/1/47120/372739/47158/184884/47157/47224/48508/209720/321384/475030/70181/209698,jpeg
http://inaturalist-open-data.s3.amazonaws.com/photos/89783006/large.jpeg,Appias epaphia contracta,48460/1/47120/372739/47158/184884/47157/47224/48508/209720/321384/475030/70181/209698,jpeg
http://inaturalist-open-data.s3.amazonaws.com/photos/101578364/large.jpeg,Appias epaphia contracta,48460/1/47120/372739/47158/184884/47157/47224/48508/209720/321384/475030/70181/209698,jpeg
http://inaturalist-open-data.s3.amazonaws.com/photos/106860667/large.jpg,Appias epaphia contracta,48460/1/47120/372739/47158/184884/47157/47224/48508/209720/321384/475030/70181/209698,jpg
http://inaturalist-open-data.s3.amazonaws.com/photos/110619417/large.jpeg,Appias epaphia contracta,48460/1/47120/372739/47158/184884/47157/47224/48508/209720/321384/475030/70181/209698,jpeg
http://inaturalist-open-data.s3.amazonaws.com/photos/110619432/large.jpeg,Appias epaphia contracta,48460/1/47120/372739/47158/184884/47157/47224/48508/209720/321384/475030/70181/209698,jpeg
http://inaturalist-open-data.s3.amazonaws.com/photos/110619452/large.jpeg,Appias epaphia contracta,48460/1/47120/372739/47158/184884/47157/47224/48508/209720/321384/475030/70181/209698,jpeg
http://inaturalist-open-data.s3.amazonaws.com/photos/110619436/large.jpeg,Appias epaphia contracta,48460/1/47120/372739/47158/184884/47157/47224/48508/209720/321384/475030/70181/209698,jpeg
http://inaturalist-open-data.s3.amazonaws.com/photos/113015055/large.jpeg,Appias epaphia contracta,48460/1/47120/372739/47158/184884/47157/47224/48508/209720/321384/475030/70181/209698,jpeg
http://inaturalist-open-data.s3.amazonaws.com/photos/113015122/large.jpeg,Appias epaphia contracta,48460/1/47120/372739/47158/184884/47157/47224/48508/209720/321384/475030/70181/209698,jpeg
http://inaturalist-open-data.s3.amazonaws.com/photos/115538760/large.jpeg,Appias epaphia contracta,48460/1/47120/372739/47158/184884/47157/47224/48508/209720/321384/475030/70181/209698,jpeg
http://inaturalist-open-data.s3.amazonaws.com/photos/115538766/large.jpeg,Appias epaphia contracta,48460/1/47120/372739/47158/184884/47157/47224/48508/209720/321384/475030/70181/209698,jpeg
http://inaturalist-open-data.s3.amazonaws.com/photos/115538785/large.jpeg,Appias epaphia contracta,48460/1/47120/372739/47158/184884/47157/47224/48508/209720/321384/475030/70181/209698,jpeg
http://inaturalist-open-data.s3.amazonaws.com/photos/115538868/large.jpeg,Appias epaphia contracta,48460/1/47120/372739/47158/184884/47157/47224/48508/209720/321384/475030/70181/209698,jpeg
http://inaturalist-open-data.s3.amazonaws.com/photos/116508828/large.jpeg,Appias epaphia contracta,48460/1/47120/372739/47158/184884/47157/47224/48508/209720/321384/475030/70181/209698,jpeg
http://inaturalist-open-data.s3.amazonaws.com/photos/118608291/large.jpg,Appias epaphia contracta,48460/1/47120/372739/47158/184884/47157/47224/48508/209720/321384/475030/70181/209698,jpg
http://inaturalist-open-data.s3.amazonaws.com/photos/120458923/large.jpeg,Appias epaphia contracta,48460/1/47120/372739/47158/184884/47157/47224/48508/209720/321384/475030/70181/209698,jpeg
http://inaturalist-open-data.s3.amazonaws.com/photos/120458930/large.jpeg,Appias epaphia contracta,48460/1/47120/372739/47158/184884/47157/47224/48508/209720/321384/475030/70181/209698,jpeg
http://inaturalist-open-data.s3.amazonaws.com/photos/123239439/large.jpeg,Appias epaphia contracta,48460/1/47120/372739/47158/184884/47157/47224/48508/209720/321384/475030/70181/209698,jpeg
http://inaturalist-open-data.s3.amazonaws.com/photos/123239500/large.jpeg,Appias epaphia contracta,48460/1/47120/372739/47158/184884/47157/47224/48508/209720/321384/475030/70181/209698,jpeg
http://inaturalist-open-data.s3.amazonaws.com/photos/123239506/large.jpeg,Appias epaphia contracta,48460/1/47120/372739/47158/184884/47157/47224/48508/209720/321384/475030/70181/209698,jpeg
http://inaturalist-open-data.s3.amazonaws.com/photos/123239523/large.jpeg,Appias epaphia contracta,48460/1/47120/372739/47158/184884/47157/47224/48508/209720/321384/475030/70181/209698,jpeg
http://inaturalist-open-data.s3.amazonaws.com/photos/123239622/large.jpeg,Appias epaphia contracta,48460/1/47120/372739/47158/184884/47157/47224/48508/209720/321384/475030/70181/209698,jpeg
http://inaturalist-open-data.s3.amazonaws.com/photos/123239615/large.jpeg,Appias epaphia contracta,48460/1/47120/372739/47158/184884/47157/47224/48508/209720/321384/475030/70181/209698,jpeg
http://inaturalist-open-data.s3.amazonaws.com/photos/123239685/large.jpeg,Appias epaphia contracta,48460/1/47120/372739/47158/184884/47157/47224/48508/209720/321384/475030/70181/209698,jpeg
http://inaturalist-open-data.s3.amazonaws.com/photos/123239683/large.jpeg,Appias epaphia contracta,48460/1/47120/372739/47158/184884/47157/47224/48508/209720/321384/475030/70181/209698,jpeg
http://inaturalist-open-data.s3.amazonaws.com/photos/127449621/large.jpg,Appias epaphia contracta,48460/1/47120/372739/47158/184884/47157/47224/48508/209720/321384/475030/70181/209698,jpg
http://inaturalist-open-data.s3.amazonaws.com/photos/140108142/large.jpeg,Appias epaphia contracta,48460/1/47120/372739/47158/184884/47157/47224/48508/209720/321384/475030/70181/209698,jpeg
http://inaturalist-open-data.s3.amazonaws.com/photos/140108122/large.jpeg,Appias epaphia contracta,48460/1/47120/372739/47158/184884/47157/47224/48508/209720/321384/475030/70181/209698,jpeg
http://inaturalist-open-data.s3.amazonaws.com/photos/140108113/large.jpeg,Appias epaphia contracta,48460/1/47120/372739/47158/184884/47157/47224/48508/209720/321384/475030/70181/209698,jpeg
http://inaturalist-open-data.s3.amazonaws.com/photos/158079904/large.jpeg,Appias epaphia contracta,48460/1/47120/372739/47158/184884/47157/47224/48508/209720/321384/475030/70181/209698,jpeg
http://inaturalist-open-data.s3.amazonaws.com/photos/161475341/large.jpeg,Appias epaphia contracta,48460/1/47120/372739/47158/184884/47157/47224/48508/209720/321384/475030/70181/209698,jpeg
http://inaturalist-open-data.s3.amazonaws.com/photos/161475553/large.jpeg,Appias epaphia contracta,48460/1/47120/372739/47158/184884/47157/47224/48508/209720/321384/475030/70181/209698,jpeg
http://inaturalist-open-data.s3.amazonaws.com/photos/164846808/large.jpeg,Appias epaphia contracta,48460/1/47120/372739/47158/184884/47157/47224/48508/209720/321384/475030/70181/209698,jpeg
http://inaturalist-open-data.s3.amazonaws.com/photos/174987488/large.jpeg,Appias epaphia contracta,48460/1/47120/372739/47158/184884/47157/47224/48508/209720/321384/475030/70181/209698,jpeg
http://inaturalist-open-data.s3.amazonaws.com/photos/174987695/large.jpeg,Appias epaphia contracta,48460/1/47120/372739/47158/184884/47157/47224/48508/209720/321384/475030/70181/209698,jpeg
http://inaturalist-open-data.s3.amazonaws.com/photos/174987708/large.jpeg,Appias epaphia contracta,48460/1/47120/372739/47158/184884/47157/47224/48508/209720/321384/475030/70181/209698,jpeg
