photo_url_large,taxon_name,ancestry,extension
http://inaturalist-open-data.s3.amazonaws.com/photos/51319082/large.jpg,Appias nero nero,48460/1/47120/372739/47158/184884/47157/47224/48508/209720/321384/475030/70181/196826,jpg
http://inaturalist-open-data.s3.amazonaws.com/photos/109943000/large.jpg,Appias nero nero,48460/1/47120/372739/47158/184884/47157/47224/48508/209720/321384/475030/70181/196826,jpg
http://inaturalist-open-data.s3.amazonaws.com/photos/109943018/large.jpg,Appias nero nero,48460/1/47120/372739/47158/184884/47157/47224/48508/209720/321384/475030/70181/196826,jpg
http://inaturalist-open-data.s3.amazonaws.com/photos/109943011/large.jpg,Appias nero nero,48460/1/47120/372739/47158/184884/47157/47224/48508/209720/321384/475030/70181/196826,jpg
http://inaturalist-open-data.s3.amazonaws.com/photos/109942983/large.jpg,Appias nero nero,48460/1/47120/372739/47158/184884/47157/47224/48508/209720/321384/475030/70181/196826,jpg
http://inaturalist-open-data.s3.amazonaws.com/photos/109942992/large.jpg,Appias nero nero,48460/1/47120/372739/47158/184884/47157/47224/48508/209720/321384/475030/70181/196826,jpg
