photo_url_large,taxon_name,ancestry,extension
http://inaturalist-open-data.s3.amazonaws.com/photos/111122648/large.jpg,Appias indra indra,48460/1/47120/372739/47158/184884/47157/47224/48508/209720/321384/475030/70181/127894,jpg
http://inaturalist-open-data.s3.amazonaws.com/photos/111122662/large.jpg,Appias indra indra,48460/1/47120/372739/47158/184884/47157/47224/48508/209720/321384/475030/70181/127894,jpg
http://inaturalist-open-data.s3.amazonaws.com/photos/111122654/large.jpg,Appias indra indra,48460/1/47120/372739/47158/184884/47157/47224/48508/209720/321384/475030/70181/127894,jpg
http://inaturalist-open-data.s3.amazonaws.com/photos/111122666/large.jpg,Appias indra indra,48460/1/47120/372739/47158/184884/47157/47224/48508/209720/321384/475030/70181/127894,jpg
