photo_url_large,taxon_name,ancestry,extension
http://inaturalist-open-data.s3.amazonaws.com/photos/1556320/large.jpg,Apyrrothrix araxes arizonae,48460/1/47120/372739/47158/184884/47157/47224/47653/51312/320550/133424/129365,jpg
http://inaturalist-open-data.s3.amazonaws.com/photos/23040468/large.jpg,Apyrrothrix araxes arizonae,48460/1/47120/372739/47158/184884/47157/47224/47653/51312/320550/133424/129365,jpg
http://inaturalist-open-data.s3.amazonaws.com/photos/23040399/large.jpg,Apyrrothrix araxes arizonae,48460/1/47120/372739/47158/184884/47157/47224/47653/51312/320550/133424/129365,jpg
http://inaturalist-open-data.s3.amazonaws.com/photos/23059495/large.jpg,Apyrrothrix araxes arizonae,48460/1/47120/372739/47158/184884/47157/47224/47653/51312/320550/133424/129365,jpg
http://inaturalist-open-data.s3.amazonaws.com/photos/23059539/large.jpg,Apyrrothrix araxes arizonae,48460/1/47120/372739/47158/184884/47157/47224/47653/51312/320550/133424/129365,jpg
http://inaturalist-open-data.s3.amazonaws.com/photos/23059513/large.jpg,Apyrrothrix araxes arizonae,48460/1/47120/372739/47158/184884/47157/47224/47653/51312/320550/133424/129365,jpg
http://inaturalist-open-data.s3.amazonaws.com/photos/24669809/large.jpeg,Apyrrothrix araxes arizonae,48460/1/47120/372739/47158/184884/47157/47224/47653/51312/320550/133424/129365,jpeg
http://inaturalist-open-data.s3.amazonaws.com/photos/24670050/large.jpeg,Apyrrothrix araxes arizonae,48460/1/47120/372739/47158/184884/47157/47224/47653/51312/320550/133424/129365,jpeg
http://inaturalist-open-data.s3.amazonaws.com/photos/34023049/large.jpeg,Apyrrothrix araxes arizonae,48460/1/47120/372739/47158/184884/47157/47224/47653/51312/320550/133424/129365,jpeg
http://inaturalist-open-data.s3.amazonaws.com/photos/38312500/large.jpg,Apyrrothrix araxes arizonae,48460/1/47120/372739/47158/184884/47157/47224/47653/51312/320550/133424/129365,jpg
http://inaturalist-open-data.s3.amazonaws.com/photos/57750966/large.jpg,Apyrrothrix araxes arizonae,48460/1/47120/372739/47158/184884/47157/47224/47653/51312/320550/133424/129365,jpg
http://inaturalist-open-data.s3.amazonaws.com/photos/57750970/large.jpg,Apyrrothrix araxes arizonae,48460/1/47120/372739/47158/184884/47157/47224/47653/51312/320550/133424/129365,jpg
http://inaturalist-open-data.s3.amazonaws.com/photos/85689905/large.jpeg,Apyrrothrix araxes arizonae,48460/1/47120/372739/47158/184884/47157/47224/47653/51312/320550/133424/129365,jpeg
http://inaturalist-open-data.s3.amazonaws.com/photos/91835276/large.jpeg,Apyrrothrix araxes arizonae,48460/1/47120/372739/47158/184884/47157/47224/47653/51312/320550/133424/129365,jpeg
http://inaturalist-open-data.s3.amazonaws.com/photos/112924596/large.jpg,Apyrrothrix araxes arizonae,48460/1/47120/372739/47158/184884/47157/47224/47653/51312/320550/133424/129365,jpg
http://inaturalist-open-data.s3.amazonaws.com/photos/116197919/large.jpeg,Apyrrothrix araxes arizonae,48460/1/47120/372739/47158/184884/47157/47224/47653/51312/320550/133424/129365,jpeg
