photo_url_large,taxon_name,ancestry,extension
http://inaturalist-open-data.s3.amazonaws.com/photos/29124542/large.jpeg,Argynnis hyperbius hyperbius,48460/1/47120/372739/47158/184884/47157/47224/47922/60854/134168/1117856/323769,jpeg
http://inaturalist-open-data.s3.amazonaws.com/photos/30291387/large.jpg,Argynnis hyperbius hyperbius,48460/1/47120/372739/47158/184884/47157/47224/47922/60854/134168/1117856/323769,jpg
http://inaturalist-open-data.s3.amazonaws.com/photos/30777628/large.jpg,Argynnis hyperbius hyperbius,48460/1/47120/372739/47158/184884/47157/47224/47922/60854/134168/1117856/323769,jpg
http://inaturalist-open-data.s3.amazonaws.com/photos/33801016/large.jpeg,Argynnis hyperbius hyperbius,48460/1/47120/372739/47158/184884/47157/47224/47922/60854/134168/1117856/323769,jpeg
http://inaturalist-open-data.s3.amazonaws.com/photos/33801030/large.jpeg,Argynnis hyperbius hyperbius,48460/1/47120/372739/47158/184884/47157/47224/47922/60854/134168/1117856/323769,jpeg
http://inaturalist-open-data.s3.amazonaws.com/photos/35009618/large.jpg,Argynnis hyperbius hyperbius,48460/1/47120/372739/47158/184884/47157/47224/47922/60854/134168/1117856/323769,jpg
http://inaturalist-open-data.s3.amazonaws.com/photos/35009559/large.jpg,Argynnis hyperbius hyperbius,48460/1/47120/372739/47158/184884/47157/47224/47922/60854/134168/1117856/323769,jpg
http://inaturalist-open-data.s3.amazonaws.com/photos/36106482/large.jpeg,Argynnis hyperbius hyperbius,48460/1/47120/372739/47158/184884/47157/47224/47922/60854/134168/1117856/323769,jpeg
http://inaturalist-open-data.s3.amazonaws.com/photos/36106509/large.jpeg,Argynnis hyperbius hyperbius,48460/1/47120/372739/47158/184884/47157/47224/47922/60854/134168/1117856/323769,jpeg
http://inaturalist-open-data.s3.amazonaws.com/photos/36106542/large.jpeg,Argynnis hyperbius hyperbius,48460/1/47120/372739/47158/184884/47157/47224/47922/60854/134168/1117856/323769,jpeg
http://inaturalist-open-data.s3.amazonaws.com/photos/42285570/large.jpg,Argynnis hyperbius hyperbius,48460/1/47120/372739/47158/184884/47157/47224/47922/60854/134168/1117856/323769,jpg
http://inaturalist-open-data.s3.amazonaws.com/photos/42285559/large.jpg,Argynnis hyperbius hyperbius,48460/1/47120/372739/47158/184884/47157/47224/47922/60854/134168/1117856/323769,jpg
http://inaturalist-open-data.s3.amazonaws.com/photos/42285580/large.jpg,Argynnis hyperbius hyperbius,48460/1/47120/372739/47158/184884/47157/47224/47922/60854/134168/1117856/323769,jpg
http://inaturalist-open-data.s3.amazonaws.com/photos/42285588/large.jpg,Argynnis hyperbius hyperbius,48460/1/47120/372739/47158/184884/47157/47224/47922/60854/134168/1117856/323769,jpg
http://inaturalist-open-data.s3.amazonaws.com/photos/43313983/large.jpeg,Argynnis hyperbius hyperbius,48460/1/47120/372739/47158/184884/47157/47224/47922/60854/134168/1117856/323769,jpeg
http://inaturalist-open-data.s3.amazonaws.com/photos/43620168/large.jpeg,Argynnis hyperbius hyperbius,48460/1/47120/372739/47158/184884/47157/47224/47922/60854/134168/1117856/323769,jpeg
http://inaturalist-open-data.s3.amazonaws.com/photos/44089337/large.jpeg,Argynnis hyperbius hyperbius,48460/1/47120/372739/47158/184884/47157/47224/47922/60854/134168/1117856/323769,jpeg
http://inaturalist-open-data.s3.amazonaws.com/photos/44089386/large.jpeg,Argynnis hyperbius hyperbius,48460/1/47120/372739/47158/184884/47157/47224/47922/60854/134168/1117856/323769,jpeg
http://inaturalist-open-data.s3.amazonaws.com/photos/45216975/large.jpg,Argynnis hyperbius hyperbius,48460/1/47120/372739/47158/184884/47157/47224/47922/60854/134168/1117856/323769,jpg
http://inaturalist-open-data.s3.amazonaws.com/photos/45216973/large.jpg,Argynnis hyperbius hyperbius,48460/1/47120/372739/47158/184884/47157/47224/47922/60854/134168/1117856/323769,jpg
http://inaturalist-open-data.s3.amazonaws.com/photos/46052582/large.jpg,Argynnis hyperbius hyperbius,48460/1/47120/372739/47158/184884/47157/47224/47922/60854/134168/1117856/323769,jpg
http://inaturalist-open-data.s3.amazonaws.com/photos/46052587/large.jpg,Argynnis hyperbius hyperbius,48460/1/47120/372739/47158/184884/47157/47224/47922/60854/134168/1117856/323769,jpg
http://inaturalist-open-data.s3.amazonaws.com/photos/49877848/large.jpg,Argynnis hyperbius hyperbius,48460/1/47120/372739/47158/184884/47157/47224/47922/60854/134168/1117856/323769,jpg
http://inaturalist-open-data.s3.amazonaws.com/photos/50408260/large.jpeg,Argynnis hyperbius hyperbius,48460/1/47120/372739/47158/184884/47157/47224/47922/60854/134168/1117856/323769,jpeg
http://inaturalist-open-data.s3.amazonaws.com/photos/50408272/large.jpeg,Argynnis hyperbius hyperbius,48460/1/47120/372739/47158/184884/47157/47224/47922/60854/134168/1117856/323769,jpeg
http://inaturalist-open-data.s3.amazonaws.com/photos/53105223/large.jpg,Argynnis hyperbius hyperbius,48460/1/47120/372739/47158/184884/47157/47224/47922/60854/134168/1117856/323769,jpg
http://inaturalist-open-data.s3.amazonaws.com/photos/53105920/large.jpg,Argynnis hyperbius hyperbius,48460/1/47120/372739/47158/184884/47157/47224/47922/60854/134168/1117856/323769,jpg
http://inaturalist-open-data.s3.amazonaws.com/photos/53105927/large.jpg,Argynnis hyperbius hyperbius,48460/1/47120/372739/47158/184884/47157/47224/47922/60854/134168/1117856/323769,jpg
http://inaturalist-open-data.s3.amazonaws.com/photos/56436952/large.jpeg,Argynnis hyperbius hyperbius,48460/1/47120/372739/47158/184884/47157/47224/47922/60854/134168/1117856/323769,jpeg
http://inaturalist-open-data.s3.amazonaws.com/photos/56436964/large.jpeg,Argynnis hyperbius hyperbius,48460/1/47120/372739/47158/184884/47157/47224/47922/60854/134168/1117856/323769,jpeg
http://inaturalist-open-data.s3.amazonaws.com/photos/56436981/large.jpeg,Argynnis hyperbius hyperbius,48460/1/47120/372739/47158/184884/47157/47224/47922/60854/134168/1117856/323769,jpeg
http://inaturalist-open-data.s3.amazonaws.com/photos/56437010/large.jpeg,Argynnis hyperbius hyperbius,48460/1/47120/372739/47158/184884/47157/47224/47922/60854/134168/1117856/323769,jpeg
http://inaturalist-open-data.s3.amazonaws.com/photos/56437035/large.jpeg,Argynnis hyperbius hyperbius,48460/1/47120/372739/47158/184884/47157/47224/47922/60854/134168/1117856/323769,jpeg
http://inaturalist-open-data.s3.amazonaws.com/photos/56708149/large.jpeg,Argynnis hyperbius hyperbius,48460/1/47120/372739/47158/184884/47157/47224/47922/60854/134168/1117856/323769,jpeg
http://inaturalist-open-data.s3.amazonaws.com/photos/56709927/large.jpeg,Argynnis hyperbius hyperbius,48460/1/47120/372739/47158/184884/47157/47224/47922/60854/134168/1117856/323769,jpeg
http://inaturalist-open-data.s3.amazonaws.com/photos/56709935/large.jpeg,Argynnis hyperbius hyperbius,48460/1/47120/372739/47158/184884/47157/47224/47922/60854/134168/1117856/323769,jpeg
http://inaturalist-open-data.s3.amazonaws.com/photos/56709929/large.jpeg,Argynnis hyperbius hyperbius,48460/1/47120/372739/47158/184884/47157/47224/47922/60854/134168/1117856/323769,jpeg
http://inaturalist-open-data.s3.amazonaws.com/photos/57076302/large.jpg,Argynnis hyperbius hyperbius,48460/1/47120/372739/47158/184884/47157/47224/47922/60854/134168/1117856/323769,jpg
http://inaturalist-open-data.s3.amazonaws.com/photos/57640423/large.jpg,Argynnis hyperbius hyperbius,48460/1/47120/372739/47158/184884/47157/47224/47922/60854/134168/1117856/323769,jpg
http://inaturalist-open-data.s3.amazonaws.com/photos/57640466/large.jpg,Argynnis hyperbius hyperbius,48460/1/47120/372739/47158/184884/47157/47224/47922/60854/134168/1117856/323769,jpg
http://inaturalist-open-data.s3.amazonaws.com/photos/58516509/large.jpg,Argynnis hyperbius hyperbius,48460/1/47120/372739/47158/184884/47157/47224/47922/60854/134168/1117856/323769,jpg
http://inaturalist-open-data.s3.amazonaws.com/photos/58516499/large.jpg,Argynnis hyperbius hyperbius,48460/1/47120/372739/47158/184884/47157/47224/47922/60854/134168/1117856/323769,jpg
http://inaturalist-open-data.s3.amazonaws.com/photos/61427056/large.jpeg,Argynnis hyperbius hyperbius,48460/1/47120/372739/47158/184884/47157/47224/47922/60854/134168/1117856/323769,jpeg
http://inaturalist-open-data.s3.amazonaws.com/photos/63451737/large.jpeg,Argynnis hyperbius hyperbius,48460/1/47120/372739/47158/184884/47157/47224/47922/60854/134168/1117856/323769,jpeg
http://inaturalist-open-data.s3.amazonaws.com/photos/63455103/large.jpeg,Argynnis hyperbius hyperbius,48460/1/47120/372739/47158/184884/47157/47224/47922/60854/134168/1117856/323769,jpeg
http://inaturalist-open-data.s3.amazonaws.com/photos/69240694/large.jpg,Argynnis hyperbius hyperbius,48460/1/47120/372739/47158/184884/47157/47224/47922/60854/134168/1117856/323769,jpg
http://inaturalist-open-data.s3.amazonaws.com/photos/70066027/large.jpg,Argynnis hyperbius hyperbius,48460/1/47120/372739/47158/184884/47157/47224/47922/60854/134168/1117856/323769,jpg
http://inaturalist-open-data.s3.amazonaws.com/photos/70066099/large.jpg,Argynnis hyperbius hyperbius,48460/1/47120/372739/47158/184884/47157/47224/47922/60854/134168/1117856/323769,jpg
http://inaturalist-open-data.s3.amazonaws.com/photos/70066239/large.jpg,Argynnis hyperbius hyperbius,48460/1/47120/372739/47158/184884/47157/47224/47922/60854/134168/1117856/323769,jpg
http://inaturalist-open-data.s3.amazonaws.com/photos/70847663/large.jpg,Argynnis hyperbius hyperbius,48460/1/47120/372739/47158/184884/47157/47224/47922/60854/134168/1117856/323769,jpg
http://inaturalist-open-data.s3.amazonaws.com/photos/71108075/large.jpeg,Argynnis hyperbius hyperbius,48460/1/47120/372739/47158/184884/47157/47224/47922/60854/134168/1117856/323769,jpeg
http://inaturalist-open-data.s3.amazonaws.com/photos/71108081/large.jpeg,Argynnis hyperbius hyperbius,48460/1/47120/372739/47158/184884/47157/47224/47922/60854/134168/1117856/323769,jpeg
http://inaturalist-open-data.s3.amazonaws.com/photos/71738087/large.jpg,Argynnis hyperbius hyperbius,48460/1/47120/372739/47158/184884/47157/47224/47922/60854/134168/1117856/323769,jpg
http://inaturalist-open-data.s3.amazonaws.com/photos/74024134/large.jpeg,Argynnis hyperbius hyperbius,48460/1/47120/372739/47158/184884/47157/47224/47922/60854/134168/1117856/323769,jpeg
http://inaturalist-open-data.s3.amazonaws.com/photos/77750330/large.jpeg,Argynnis hyperbius hyperbius,48460/1/47120/372739/47158/184884/47157/47224/47922/60854/134168/1117856/323769,jpeg
http://inaturalist-open-data.s3.amazonaws.com/photos/79610199/large.jpg,Argynnis hyperbius hyperbius,48460/1/47120/372739/47158/184884/47157/47224/47922/60854/134168/1117856/323769,jpg
http://inaturalist-open-data.s3.amazonaws.com/photos/80231892/large.jpeg,Argynnis hyperbius hyperbius,48460/1/47120/372739/47158/184884/47157/47224/47922/60854/134168/1117856/323769,jpeg
http://inaturalist-open-data.s3.amazonaws.com/photos/80926824/large.jpeg,Argynnis hyperbius hyperbius,48460/1/47120/372739/47158/184884/47157/47224/47922/60854/134168/1117856/323769,jpeg
http://inaturalist-open-data.s3.amazonaws.com/photos/81361670/large.jpg,Argynnis hyperbius hyperbius,48460/1/47120/372739/47158/184884/47157/47224/47922/60854/134168/1117856/323769,jpg
http://inaturalist-open-data.s3.amazonaws.com/photos/82477368/large.jpg,Argynnis hyperbius hyperbius,48460/1/47120/372739/47158/184884/47157/47224/47922/60854/134168/1117856/323769,jpg
http://inaturalist-open-data.s3.amazonaws.com/photos/82477385/large.jpg,Argynnis hyperbius hyperbius,48460/1/47120/372739/47158/184884/47157/47224/47922/60854/134168/1117856/323769,jpg
http://inaturalist-open-data.s3.amazonaws.com/photos/82480936/large.jpeg,Argynnis hyperbius hyperbius,48460/1/47120/372739/47158/184884/47157/47224/47922/60854/134168/1117856/323769,jpeg
http://inaturalist-open-data.s3.amazonaws.com/photos/82480772/large.jpeg,Argynnis hyperbius hyperbius,48460/1/47120/372739/47158/184884/47157/47224/47922/60854/134168/1117856/323769,jpeg
http://inaturalist-open-data.s3.amazonaws.com/photos/82480949/large.jpeg,Argynnis hyperbius hyperbius,48460/1/47120/372739/47158/184884/47157/47224/47922/60854/134168/1117856/323769,jpeg
http://inaturalist-open-data.s3.amazonaws.com/photos/83719583/large.jpeg,Argynnis hyperbius hyperbius,48460/1/47120/372739/47158/184884/47157/47224/47922/60854/134168/1117856/323769,jpeg
http://inaturalist-open-data.s3.amazonaws.com/photos/83863397/large.jpg,Argynnis hyperbius hyperbius,48460/1/47120/372739/47158/184884/47157/47224/47922/60854/134168/1117856/323769,jpg
http://inaturalist-open-data.s3.amazonaws.com/photos/83917176/large.jpeg,Argynnis hyperbius hyperbius,48460/1/47120/372739/47158/184884/47157/47224/47922/60854/134168/1117856/323769,jpeg
http://inaturalist-open-data.s3.amazonaws.com/photos/83954046/large.jpg,Argynnis hyperbius hyperbius,48460/1/47120/372739/47158/184884/47157/47224/47922/60854/134168/1117856/323769,jpg
http://inaturalist-open-data.s3.amazonaws.com/photos/84084410/large.jpeg,Argynnis hyperbius hyperbius,48460/1/47120/372739/47158/184884/47157/47224/47922/60854/134168/1117856/323769,jpeg
http://inaturalist-open-data.s3.amazonaws.com/photos/84967044/large.jpeg,Argynnis hyperbius hyperbius,48460/1/47120/372739/47158/184884/47157/47224/47922/60854/134168/1117856/323769,jpeg
http://inaturalist-open-data.s3.amazonaws.com/photos/85040386/large.jpg,Argynnis hyperbius hyperbius,48460/1/47120/372739/47158/184884/47157/47224/47922/60854/134168/1117856/323769,jpg
http://inaturalist-open-data.s3.amazonaws.com/photos/85041011/large.jpeg,Argynnis hyperbius hyperbius,48460/1/47120/372739/47158/184884/47157/47224/47922/60854/134168/1117856/323769,jpeg
http://inaturalist-open-data.s3.amazonaws.com/photos/85408307/large.jpeg,Argynnis hyperbius hyperbius,48460/1/47120/372739/47158/184884/47157/47224/47922/60854/134168/1117856/323769,jpeg
http://inaturalist-open-data.s3.amazonaws.com/photos/85408321/large.jpeg,Argynnis hyperbius hyperbius,48460/1/47120/372739/47158/184884/47157/47224/47922/60854/134168/1117856/323769,jpeg
http://inaturalist-open-data.s3.amazonaws.com/photos/85408335/large.jpeg,Argynnis hyperbius hyperbius,48460/1/47120/372739/47158/184884/47157/47224/47922/60854/134168/1117856/323769,jpeg
http://inaturalist-open-data.s3.amazonaws.com/photos/87206725/large.jpg,Argynnis hyperbius hyperbius,48460/1/47120/372739/47158/184884/47157/47224/47922/60854/134168/1117856/323769,jpg
http://inaturalist-open-data.s3.amazonaws.com/photos/87206760/large.jpg,Argynnis hyperbius hyperbius,48460/1/47120/372739/47158/184884/47157/47224/47922/60854/134168/1117856/323769,jpg
http://inaturalist-open-data.s3.amazonaws.com/photos/87397813/large.jpg,Argynnis hyperbius hyperbius,48460/1/47120/372739/47158/184884/47157/47224/47922/60854/134168/1117856/323769,jpg
http://inaturalist-open-data.s3.amazonaws.com/photos/87813193/large.jpeg,Argynnis hyperbius hyperbius,48460/1/47120/372739/47158/184884/47157/47224/47922/60854/134168/1117856/323769,jpeg
http://inaturalist-open-data.s3.amazonaws.com/photos/87813239/large.jpeg,Argynnis hyperbius hyperbius,48460/1/47120/372739/47158/184884/47157/47224/47922/60854/134168/1117856/323769,jpeg
http://inaturalist-open-data.s3.amazonaws.com/photos/87813279/large.jpeg,Argynnis hyperbius hyperbius,48460/1/47120/372739/47158/184884/47157/47224/47922/60854/134168/1117856/323769,jpeg
http://inaturalist-open-data.s3.amazonaws.com/photos/87966441/large.jpg,Argynnis hyperbius hyperbius,48460/1/47120/372739/47158/184884/47157/47224/47922/60854/134168/1117856/323769,jpg
http://inaturalist-open-data.s3.amazonaws.com/photos/87966507/large.jpg,Argynnis hyperbius hyperbius,48460/1/47120/372739/47158/184884/47157/47224/47922/60854/134168/1117856/323769,jpg
http://inaturalist-open-data.s3.amazonaws.com/photos/89059430/large.jpg,Argynnis hyperbius hyperbius,48460/1/47120/372739/47158/184884/47157/47224/47922/60854/134168/1117856/323769,jpg
http://inaturalist-open-data.s3.amazonaws.com/photos/89059440/large.jpg,Argynnis hyperbius hyperbius,48460/1/47120/372739/47158/184884/47157/47224/47922/60854/134168/1117856/323769,jpg
http://inaturalist-open-data.s3.amazonaws.com/photos/89591819/large.jpeg,Argynnis hyperbius hyperbius,48460/1/47120/372739/47158/184884/47157/47224/47922/60854/134168/1117856/323769,jpeg
http://inaturalist-open-data.s3.amazonaws.com/photos/89591851/large.jpeg,Argynnis hyperbius hyperbius,48460/1/47120/372739/47158/184884/47157/47224/47922/60854/134168/1117856/323769,jpeg
http://inaturalist-open-data.s3.amazonaws.com/photos/90274083/large.jpg,Argynnis hyperbius hyperbius,48460/1/47120/372739/47158/184884/47157/47224/47922/60854/134168/1117856/323769,jpg
http://inaturalist-open-data.s3.amazonaws.com/photos/90557031/large.jpg,Argynnis hyperbius hyperbius,48460/1/47120/372739/47158/184884/47157/47224/47922/60854/134168/1117856/323769,jpg
http://inaturalist-open-data.s3.amazonaws.com/photos/90900356/large.jpeg,Argynnis hyperbius hyperbius,48460/1/47120/372739/47158/184884/47157/47224/47922/60854/134168/1117856/323769,jpeg
http://inaturalist-open-data.s3.amazonaws.com/photos/91098374/large.jpg,Argynnis hyperbius hyperbius,48460/1/47120/372739/47158/184884/47157/47224/47922/60854/134168/1117856/323769,jpg
http://inaturalist-open-data.s3.amazonaws.com/photos/91766456/large.jpg,Argynnis hyperbius hyperbius,48460/1/47120/372739/47158/184884/47157/47224/47922/60854/134168/1117856/323769,jpg
http://inaturalist-open-data.s3.amazonaws.com/photos/92429276/large.jpeg,Argynnis hyperbius hyperbius,48460/1/47120/372739/47158/184884/47157/47224/47922/60854/134168/1117856/323769,jpeg
http://inaturalist-open-data.s3.amazonaws.com/photos/92429289/large.jpeg,Argynnis hyperbius hyperbius,48460/1/47120/372739/47158/184884/47157/47224/47922/60854/134168/1117856/323769,jpeg
http://inaturalist-open-data.s3.amazonaws.com/photos/93100123/large.jpg,Argynnis hyperbius hyperbius,48460/1/47120/372739/47158/184884/47157/47224/47922/60854/134168/1117856/323769,jpg
http://inaturalist-open-data.s3.amazonaws.com/photos/93100189/large.jpg,Argynnis hyperbius hyperbius,48460/1/47120/372739/47158/184884/47157/47224/47922/60854/134168/1117856/323769,jpg
http://inaturalist-open-data.s3.amazonaws.com/photos/94217387/large.jpg,Argynnis hyperbius hyperbius,48460/1/47120/372739/47158/184884/47157/47224/47922/60854/134168/1117856/323769,jpg
http://inaturalist-open-data.s3.amazonaws.com/photos/94217423/large.jpg,Argynnis hyperbius hyperbius,48460/1/47120/372739/47158/184884/47157/47224/47922/60854/134168/1117856/323769,jpg
http://inaturalist-open-data.s3.amazonaws.com/photos/94302460/large.jpeg,Argynnis hyperbius hyperbius,48460/1/47120/372739/47158/184884/47157/47224/47922/60854/134168/1117856/323769,jpeg
http://inaturalist-open-data.s3.amazonaws.com/photos/94740821/large.jpeg,Argynnis hyperbius hyperbius,48460/1/47120/372739/47158/184884/47157/47224/47922/60854/134168/1117856/323769,jpeg
http://inaturalist-open-data.s3.amazonaws.com/photos/94740952/large.jpeg,Argynnis hyperbius hyperbius,48460/1/47120/372739/47158/184884/47157/47224/47922/60854/134168/1117856/323769,jpeg
http://inaturalist-open-data.s3.amazonaws.com/photos/95988554/large.jpg,Argynnis hyperbius hyperbius,48460/1/47120/372739/47158/184884/47157/47224/47922/60854/134168/1117856/323769,jpg
http://inaturalist-open-data.s3.amazonaws.com/photos/98216903/large.jpg,Argynnis hyperbius hyperbius,48460/1/47120/372739/47158/184884/47157/47224/47922/60854/134168/1117856/323769,jpg
http://inaturalist-open-data.s3.amazonaws.com/photos/98233556/large.jpg,Argynnis hyperbius hyperbius,48460/1/47120/372739/47158/184884/47157/47224/47922/60854/134168/1117856/323769,jpg
http://inaturalist-open-data.s3.amazonaws.com/photos/98864633/large.jpeg,Argynnis hyperbius hyperbius,48460/1/47120/372739/47158/184884/47157/47224/47922/60854/134168/1117856/323769,jpeg
http://inaturalist-open-data.s3.amazonaws.com/photos/100094333/large.jpeg,Argynnis hyperbius hyperbius,48460/1/47120/372739/47158/184884/47157/47224/47922/60854/134168/1117856/323769,jpeg
http://inaturalist-open-data.s3.amazonaws.com/photos/100094337/large.jpeg,Argynnis hyperbius hyperbius,48460/1/47120/372739/47158/184884/47157/47224/47922/60854/134168/1117856/323769,jpeg
http://inaturalist-open-data.s3.amazonaws.com/photos/102372048/large.jpeg,Argynnis hyperbius hyperbius,48460/1/47120/372739/47158/184884/47157/47224/47922/60854/134168/1117856/323769,jpeg
http://inaturalist-open-data.s3.amazonaws.com/photos/103036444/large.jpeg,Argynnis hyperbius hyperbius,48460/1/47120/372739/47158/184884/47157/47224/47922/60854/134168/1117856/323769,jpeg
http://inaturalist-open-data.s3.amazonaws.com/photos/105857884/large.jpeg,Argynnis hyperbius hyperbius,48460/1/47120/372739/47158/184884/47157/47224/47922/60854/134168/1117856/323769,jpeg
http://inaturalist-open-data.s3.amazonaws.com/photos/108705344/large.jpg,Argynnis hyperbius hyperbius,48460/1/47120/372739/47158/184884/47157/47224/47922/60854/134168/1117856/323769,jpg
http://inaturalist-open-data.s3.amazonaws.com/photos/108705607/large.jpg,Argynnis hyperbius hyperbius,48460/1/47120/372739/47158/184884/47157/47224/47922/60854/134168/1117856/323769,jpg
http://inaturalist-open-data.s3.amazonaws.com/photos/108705595/large.jpg,Argynnis hyperbius hyperbius,48460/1/47120/372739/47158/184884/47157/47224/47922/60854/134168/1117856/323769,jpg
http://inaturalist-open-data.s3.amazonaws.com/photos/108803970/large.jpg,Argynnis hyperbius hyperbius,48460/1/47120/372739/47158/184884/47157/47224/47922/60854/134168/1117856/323769,jpg
http://inaturalist-open-data.s3.amazonaws.com/photos/108803978/large.jpg,Argynnis hyperbius hyperbius,48460/1/47120/372739/47158/184884/47157/47224/47922/60854/134168/1117856/323769,jpg
http://inaturalist-open-data.s3.amazonaws.com/photos/113068015/large.jpeg,Argynnis hyperbius hyperbius,48460/1/47120/372739/47158/184884/47157/47224/47922/60854/134168/1117856/323769,jpeg
http://inaturalist-open-data.s3.amazonaws.com/photos/115773994/large.jpeg,Argynnis hyperbius hyperbius,48460/1/47120/372739/47158/184884/47157/47224/47922/60854/134168/1117856/323769,jpeg
http://inaturalist-open-data.s3.amazonaws.com/photos/117775278/large.jpeg,Argynnis hyperbius hyperbius,48460/1/47120/372739/47158/184884/47157/47224/47922/60854/134168/1117856/323769,jpeg
http://inaturalist-open-data.s3.amazonaws.com/photos/124424886/large.jpg,Argynnis hyperbius hyperbius,48460/1/47120/372739/47158/184884/47157/47224/47922/60854/134168/1117856/323769,jpg
http://inaturalist-open-data.s3.amazonaws.com/photos/125050832/large.jpeg,Argynnis hyperbius hyperbius,48460/1/47120/372739/47158/184884/47157/47224/47922/60854/134168/1117856/323769,jpeg
http://inaturalist-open-data.s3.amazonaws.com/photos/126393944/large.jpeg,Argynnis hyperbius hyperbius,48460/1/47120/372739/47158/184884/47157/47224/47922/60854/134168/1117856/323769,jpeg
http://inaturalist-open-data.s3.amazonaws.com/photos/126393978/large.jpeg,Argynnis hyperbius hyperbius,48460/1/47120/372739/47158/184884/47157/47224/47922/60854/134168/1117856/323769,jpeg
http://inaturalist-open-data.s3.amazonaws.com/photos/127684432/large.jpeg,Argynnis hyperbius hyperbius,48460/1/47120/372739/47158/184884/47157/47224/47922/60854/134168/1117856/323769,jpeg
http://inaturalist-open-data.s3.amazonaws.com/photos/127684405/large.jpeg,Argynnis hyperbius hyperbius,48460/1/47120/372739/47158/184884/47157/47224/47922/60854/134168/1117856/323769,jpeg
http://inaturalist-open-data.s3.amazonaws.com/photos/136512167/large.jpeg,Argynnis hyperbius hyperbius,48460/1/47120/372739/47158/184884/47157/47224/47922/60854/134168/1117856/323769,jpeg
http://inaturalist-open-data.s3.amazonaws.com/photos/136512182/large.jpeg,Argynnis hyperbius hyperbius,48460/1/47120/372739/47158/184884/47157/47224/47922/60854/134168/1117856/323769,jpeg
http://inaturalist-open-data.s3.amazonaws.com/photos/136512189/large.jpeg,Argynnis hyperbius hyperbius,48460/1/47120/372739/47158/184884/47157/47224/47922/60854/134168/1117856/323769,jpeg
http://inaturalist-open-data.s3.amazonaws.com/photos/143133649/large.jpeg,Argynnis hyperbius hyperbius,48460/1/47120/372739/47158/184884/47157/47224/47922/60854/134168/1117856/323769,jpeg
http://inaturalist-open-data.s3.amazonaws.com/photos/143809922/large.jpeg,Argynnis hyperbius hyperbius,48460/1/47120/372739/47158/184884/47157/47224/47922/60854/134168/1117856/323769,jpeg
http://inaturalist-open-data.s3.amazonaws.com/photos/144584220/large.jpg,Argynnis hyperbius hyperbius,48460/1/47120/372739/47158/184884/47157/47224/47922/60854/134168/1117856/323769,jpg
http://inaturalist-open-data.s3.amazonaws.com/photos/144584064/large.jpg,Argynnis hyperbius hyperbius,48460/1/47120/372739/47158/184884/47157/47224/47922/60854/134168/1117856/323769,jpg
http://inaturalist-open-data.s3.amazonaws.com/photos/154517943/large.jpg,Argynnis hyperbius hyperbius,48460/1/47120/372739/47158/184884/47157/47224/47922/60854/134168/1117856/323769,jpg
http://inaturalist-open-data.s3.amazonaws.com/photos/156079432/large.jpeg,Argynnis hyperbius hyperbius,48460/1/47120/372739/47158/184884/47157/47224/47922/60854/134168/1117856/323769,jpeg
http://inaturalist-open-data.s3.amazonaws.com/photos/156079463/large.jpeg,Argynnis hyperbius hyperbius,48460/1/47120/372739/47158/184884/47157/47224/47922/60854/134168/1117856/323769,jpeg
http://inaturalist-open-data.s3.amazonaws.com/photos/158321634/large.jpeg,Argynnis hyperbius hyperbius,48460/1/47120/372739/47158/184884/47157/47224/47922/60854/134168/1117856/323769,jpeg
http://inaturalist-open-data.s3.amazonaws.com/photos/158321681/large.jpeg,Argynnis hyperbius hyperbius,48460/1/47120/372739/47158/184884/47157/47224/47922/60854/134168/1117856/323769,jpeg
http://inaturalist-open-data.s3.amazonaws.com/photos/159486892/large.jpg,Argynnis hyperbius hyperbius,48460/1/47120/372739/47158/184884/47157/47224/47922/60854/134168/1117856/323769,jpg
http://inaturalist-open-data.s3.amazonaws.com/photos/159486901/large.jpg,Argynnis hyperbius hyperbius,48460/1/47120/372739/47158/184884/47157/47224/47922/60854/134168/1117856/323769,jpg
http://inaturalist-open-data.s3.amazonaws.com/photos/161029731/large.jpg,Argynnis hyperbius hyperbius,48460/1/47120/372739/47158/184884/47157/47224/47922/60854/134168/1117856/323769,jpg
http://inaturalist-open-data.s3.amazonaws.com/photos/161029737/large.jpg,Argynnis hyperbius hyperbius,48460/1/47120/372739/47158/184884/47157/47224/47922/60854/134168/1117856/323769,jpg
http://inaturalist-open-data.s3.amazonaws.com/photos/161029786/large.jpg,Argynnis hyperbius hyperbius,48460/1/47120/372739/47158/184884/47157/47224/47922/60854/134168/1117856/323769,jpg
http://inaturalist-open-data.s3.amazonaws.com/photos/161029800/large.jpg,Argynnis hyperbius hyperbius,48460/1/47120/372739/47158/184884/47157/47224/47922/60854/134168/1117856/323769,jpg
http://inaturalist-open-data.s3.amazonaws.com/photos/162419296/large.jpeg,Argynnis hyperbius hyperbius,48460/1/47120/372739/47158/184884/47157/47224/47922/60854/134168/1117856/323769,jpeg
http://inaturalist-open-data.s3.amazonaws.com/photos/162604189/large.jpg,Argynnis hyperbius hyperbius,48460/1/47120/372739/47158/184884/47157/47224/47922/60854/134168/1117856/323769,jpg
http://inaturalist-open-data.s3.amazonaws.com/photos/162604155/large.jpg,Argynnis hyperbius hyperbius,48460/1/47120/372739/47158/184884/47157/47224/47922/60854/134168/1117856/323769,jpg
http://inaturalist-open-data.s3.amazonaws.com/photos/168072006/large.jpg,Argynnis hyperbius hyperbius,48460/1/47120/372739/47158/184884/47157/47224/47922/60854/134168/1117856/323769,jpg
http://inaturalist-open-data.s3.amazonaws.com/photos/168072016/large.jpg,Argynnis hyperbius hyperbius,48460/1/47120/372739/47158/184884/47157/47224/47922/60854/134168/1117856/323769,jpg
http://inaturalist-open-data.s3.amazonaws.com/photos/169186359/large.jpg,Argynnis hyperbius hyperbius,48460/1/47120/372739/47158/184884/47157/47224/47922/60854/134168/1117856/323769,jpg
http://inaturalist-open-data.s3.amazonaws.com/photos/169186351/large.jpeg,Argynnis hyperbius hyperbius,48460/1/47120/372739/47158/184884/47157/47224/47922/60854/134168/1117856/323769,jpeg
http://inaturalist-open-data.s3.amazonaws.com/photos/169186340/large.jpg,Argynnis hyperbius hyperbius,48460/1/47120/372739/47158/184884/47157/47224/47922/60854/134168/1117856/323769,jpg
http://inaturalist-open-data.s3.amazonaws.com/photos/171523691/large.jpeg,Argynnis hyperbius hyperbius,48460/1/47120/372739/47158/184884/47157/47224/47922/60854/134168/1117856/323769,jpeg
http://inaturalist-open-data.s3.amazonaws.com/photos/171523692/large.jpeg,Argynnis hyperbius hyperbius,48460/1/47120/372739/47158/184884/47157/47224/47922/60854/134168/1117856/323769,jpeg
