photo_url_large,taxon_name,ancestry,extension
http://inaturalist-open-data.s3.amazonaws.com/photos/103006018/large.jpg,Aricia anteros crassipuncta,48460/1/47120/372739/47158/184884/47157/47224/47923/58558/125833/522678/86630/465600,jpg
http://inaturalist-open-data.s3.amazonaws.com/photos/103006022/large.jpg,Aricia anteros crassipuncta,48460/1/47120/372739/47158/184884/47157/47224/47923/58558/125833/522678/86630/465600,jpg
http://inaturalist-open-data.s3.amazonaws.com/photos/103006027/large.jpg,Aricia anteros crassipuncta,48460/1/47120/372739/47158/184884/47157/47224/47923/58558/125833/522678/86630/465600,jpg
http://inaturalist-open-data.s3.amazonaws.com/photos/103006033/large.jpg,Aricia anteros crassipuncta,48460/1/47120/372739/47158/184884/47157/47224/47923/58558/125833/522678/86630/465600,jpg
http://inaturalist-open-data.s3.amazonaws.com/photos/103006036/large.jpg,Aricia anteros crassipuncta,48460/1/47120/372739/47158/184884/47157/47224/47923/58558/125833/522678/86630/465600,jpg
