photo_url_large,taxon_name,ancestry,extension
http://inaturalist-open-data.s3.amazonaws.com/photos/18338823/large.jpg,Aromia moschata moschata,48460/1/47120/372739/47158/184884/47208/71130/372852/963992/47961/321500/339426/129389/129385,jpg
http://inaturalist-open-data.s3.amazonaws.com/photos/28616197/large.jpeg,Aromia moschata moschata,48460/1/47120/372739/47158/184884/47208/71130/372852/963992/47961/321500/339426/129389/129385,jpeg
http://inaturalist-open-data.s3.amazonaws.com/photos/49141691/large.jpeg,Aromia moschata moschata,48460/1/47120/372739/47158/184884/47208/71130/372852/963992/47961/321500/339426/129389/129385,jpeg
http://inaturalist-open-data.s3.amazonaws.com/photos/49141696/large.jpeg,Aromia moschata moschata,48460/1/47120/372739/47158/184884/47208/71130/372852/963992/47961/321500/339426/129389/129385,jpeg
http://inaturalist-open-data.s3.amazonaws.com/photos/85107211/large.jpg,Aromia moschata moschata,48460/1/47120/372739/47158/184884/47208/71130/372852/963992/47961/321500/339426/129389/129385,jpg
http://inaturalist-open-data.s3.amazonaws.com/photos/89026422/large.jpg,Aromia moschata moschata,48460/1/47120/372739/47158/184884/47208/71130/372852/963992/47961/321500/339426/129389/129385,jpg
http://inaturalist-open-data.s3.amazonaws.com/photos/89026485/large.jpg,Aromia moschata moschata,48460/1/47120/372739/47158/184884/47208/71130/372852/963992/47961/321500/339426/129389/129385,jpg
http://inaturalist-open-data.s3.amazonaws.com/photos/89223003/large.jpeg,Aromia moschata moschata,48460/1/47120/372739/47158/184884/47208/71130/372852/963992/47961/321500/339426/129389/129385,jpeg
http://inaturalist-open-data.s3.amazonaws.com/photos/90067126/large.jpeg,Aromia moschata moschata,48460/1/47120/372739/47158/184884/47208/71130/372852/963992/47961/321500/339426/129389/129385,jpeg
http://inaturalist-open-data.s3.amazonaws.com/photos/90097783/large.jpg,Aromia moschata moschata,48460/1/47120/372739/47158/184884/47208/71130/372852/963992/47961/321500/339426/129389/129385,jpg
http://inaturalist-open-data.s3.amazonaws.com/photos/108387329/large.jpg,Aromia moschata moschata,48460/1/47120/372739/47158/184884/47208/71130/372852/963992/47961/321500/339426/129389/129385,jpg
http://inaturalist-open-data.s3.amazonaws.com/photos/143424863/large.jpeg,Aromia moschata moschata,48460/1/47120/372739/47158/184884/47208/71130/372852/963992/47961/321500/339426/129389/129385,jpeg
http://inaturalist-open-data.s3.amazonaws.com/photos/147437417/large.jpeg,Aromia moschata moschata,48460/1/47120/372739/47158/184884/47208/71130/372852/963992/47961/321500/339426/129389/129385,jpeg
http://inaturalist-open-data.s3.amazonaws.com/photos/150483149/large.jpg,Aromia moschata moschata,48460/1/47120/372739/47158/184884/47208/71130/372852/963992/47961/321500/339426/129389/129385,jpg
