photo_url_large,taxon_name,ancestry,extension
http://inaturalist-open-data.s3.amazonaws.com/photos/51256539/large.jpg,Aterica galene extensa,48460/1/47120/372739/47158/184884/47157/47224/47922/134171/202076/342831/342830,jpg
http://inaturalist-open-data.s3.amazonaws.com/photos/53022527/large.jpg,Aterica galene extensa,48460/1/47120/372739/47158/184884/47157/47224/47922/134171/202076/342831/342830,jpg
http://inaturalist-open-data.s3.amazonaws.com/photos/59675179/large.jpg,Aterica galene extensa,48460/1/47120/372739/47158/184884/47157/47224/47922/134171/202076/342831/342830,jpg
http://inaturalist-open-data.s3.amazonaws.com/photos/59675478/large.jpg,Aterica galene extensa,48460/1/47120/372739/47158/184884/47157/47224/47922/134171/202076/342831/342830,jpg
http://inaturalist-open-data.s3.amazonaws.com/photos/59742214/large.jpg,Aterica galene extensa,48460/1/47120/372739/47158/184884/47157/47224/47922/134171/202076/342831/342830,jpg
http://inaturalist-open-data.s3.amazonaws.com/photos/59826595/large.jpg,Aterica galene extensa,48460/1/47120/372739/47158/184884/47157/47224/47922/134171/202076/342831/342830,jpg
http://inaturalist-open-data.s3.amazonaws.com/photos/138332244/large.jpeg,Aterica galene extensa,48460/1/47120/372739/47158/184884/47157/47224/47922/134171/202076/342831/342830,jpeg
http://inaturalist-open-data.s3.amazonaws.com/photos/154561113/large.jpg,Aterica galene extensa,48460/1/47120/372739/47158/184884/47157/47224/47922/134171/202076/342831/342830,jpg
http://inaturalist-open-data.s3.amazonaws.com/photos/171070480/large.jpeg,Aterica galene extensa,48460/1/47120/372739/47158/184884/47157/47224/47922/134171/202076/342831/342830,jpeg
http://inaturalist-open-data.s3.amazonaws.com/photos/171070485/large.jpeg,Aterica galene extensa,48460/1/47120/372739/47158/184884/47157/47224/47922/134171/202076/342831/342830,jpeg
