photo_url_large,taxon_name,ancestry,extension
http://inaturalist-open-data.s3.amazonaws.com/photos/5759857/large.jpeg,Aterica galene theophane,48460/1/47120/372739/47158/184884/47157/47224/47922/134171/202076/342831/342830,jpeg
http://inaturalist-open-data.s3.amazonaws.com/photos/19256927/large.jpg,Aterica galene theophane,48460/1/47120/372739/47158/184884/47157/47224/47922/134171/202076/342831/342830,jpg
http://inaturalist-open-data.s3.amazonaws.com/photos/19256995/large.jpeg,Aterica galene theophane,48460/1/47120/372739/47158/184884/47157/47224/47922/134171/202076/342831/342830,jpeg
http://inaturalist-open-data.s3.amazonaws.com/photos/19257001/large.jpeg,Aterica galene theophane,48460/1/47120/372739/47158/184884/47157/47224/47922/134171/202076/342831/342830,jpeg
http://inaturalist-open-data.s3.amazonaws.com/photos/54933784/large.jpg,Aterica galene theophane,48460/1/47120/372739/47158/184884/47157/47224/47922/134171/202076/342831/342830,jpg
http://inaturalist-open-data.s3.amazonaws.com/photos/57360793/large.jpg,Aterica galene theophane,48460/1/47120/372739/47158/184884/47157/47224/47922/134171/202076/342831/342830,jpg
http://inaturalist-open-data.s3.amazonaws.com/photos/57360815/large.jpg,Aterica galene theophane,48460/1/47120/372739/47158/184884/47157/47224/47922/134171/202076/342831/342830,jpg
http://inaturalist-open-data.s3.amazonaws.com/photos/57360817/large.jpg,Aterica galene theophane,48460/1/47120/372739/47158/184884/47157/47224/47922/134171/202076/342831/342830,jpg
http://inaturalist-open-data.s3.amazonaws.com/photos/72091652/large.jpg,Aterica galene theophane,48460/1/47120/372739/47158/184884/47157/47224/47922/134171/202076/342831/342830,jpg
http://inaturalist-open-data.s3.amazonaws.com/photos/72091658/large.jpg,Aterica galene theophane,48460/1/47120/372739/47158/184884/47157/47224/47922/134171/202076/342831/342830,jpg
http://inaturalist-open-data.s3.amazonaws.com/photos/78531712/large.jpeg,Aterica galene theophane,48460/1/47120/372739/47158/184884/47157/47224/47922/134171/202076/342831/342830,jpeg
http://inaturalist-open-data.s3.amazonaws.com/photos/133349857/large.jpg,Aterica galene theophane,48460/1/47120/372739/47158/184884/47157/47224/47922/134171/202076/342831/342830,jpg
http://inaturalist-open-data.s3.amazonaws.com/photos/162683828/large.jpg,Aterica galene theophane,48460/1/47120/372739/47158/184884/47157/47224/47922/134171/202076/342831/342830,jpg
