photo_url_large,taxon_name,ancestry,extension
http://inaturalist-open-data.s3.amazonaws.com/photos/1416484/large.JPG,Automeris cecrops pamina,48460/1/47120/372739/47158/184884/47157/47214/47918/125084/475374/82286/214680,JPG
http://inaturalist-open-data.s3.amazonaws.com/photos/2035155/large.jpg,Automeris cecrops pamina,48460/1/47120/372739/47158/184884/47157/47214/47918/125084/475374/82286/214680,jpg
http://inaturalist-open-data.s3.amazonaws.com/photos/2171943/large.jpg,Automeris cecrops pamina,48460/1/47120/372739/47158/184884/47157/47214/47918/125084/475374/82286/214680,jpg
http://inaturalist-open-data.s3.amazonaws.com/photos/2174120/large.jpg,Automeris cecrops pamina,48460/1/47120/372739/47158/184884/47157/47214/47918/125084/475374/82286/214680,jpg
http://inaturalist-open-data.s3.amazonaws.com/photos/4232044/large.JPG,Automeris cecrops pamina,48460/1/47120/372739/47158/184884/47157/47214/47918/125084/475374/82286/214680,JPG
http://inaturalist-open-data.s3.amazonaws.com/photos/4232045/large.JPG,Automeris cecrops pamina,48460/1/47120/372739/47158/184884/47157/47214/47918/125084/475374/82286/214680,JPG
http://inaturalist-open-data.s3.amazonaws.com/photos/9518842/large.jpg,Automeris cecrops pamina,48460/1/47120/372739/47158/184884/47157/47214/47918/125084/475374/82286/214680,jpg
http://inaturalist-open-data.s3.amazonaws.com/photos/12826228/large.jpg,Automeris cecrops pamina,48460/1/47120/372739/47158/184884/47157/47214/47918/125084/475374/82286/214680,jpg
http://inaturalist-open-data.s3.amazonaws.com/photos/9533305/large.jpg,Automeris cecrops pamina,48460/1/47120/372739/47158/184884/47157/47214/47918/125084/475374/82286/214680,jpg
http://inaturalist-open-data.s3.amazonaws.com/photos/9703572/large.jpg,Automeris cecrops pamina,48460/1/47120/372739/47158/184884/47157/47214/47918/125084/475374/82286/214680,jpg
http://inaturalist-open-data.s3.amazonaws.com/photos/12681745/large.jpeg,Automeris cecrops pamina,48460/1/47120/372739/47158/184884/47157/47214/47918/125084/475374/82286/214680,jpeg
http://inaturalist-open-data.s3.amazonaws.com/photos/12681762/large.jpeg,Automeris cecrops pamina,48460/1/47120/372739/47158/184884/47157/47214/47918/125084/475374/82286/214680,jpeg
http://inaturalist-open-data.s3.amazonaws.com/photos/13170367/large.jpeg,Automeris cecrops pamina,48460/1/47120/372739/47158/184884/47157/47214/47918/125084/475374/82286/214680,jpeg
http://inaturalist-open-data.s3.amazonaws.com/photos/14077428/large.jpg,Automeris cecrops pamina,48460/1/47120/372739/47158/184884/47157/47214/47918/125084/475374/82286/214680,jpg
http://inaturalist-open-data.s3.amazonaws.com/photos/19221415/large.jpeg,Automeris cecrops pamina,48460/1/47120/372739/47158/184884/47157/47214/47918/125084/475374/82286/214680,jpeg
http://inaturalist-open-data.s3.amazonaws.com/photos/19220218/large.jpeg,Automeris cecrops pamina,48460/1/47120/372739/47158/184884/47157/47214/47918/125084/475374/82286/214680,jpeg
http://inaturalist-open-data.s3.amazonaws.com/photos/21992974/large.jpg,Automeris cecrops pamina,48460/1/47120/372739/47158/184884/47157/47214/47918/125084/475374/82286/214680,jpg
http://inaturalist-open-data.s3.amazonaws.com/photos/30350985/large.jpg,Automeris cecrops pamina,48460/1/47120/372739/47158/184884/47157/47214/47918/125084/475374/82286/214680,jpg
http://inaturalist-open-data.s3.amazonaws.com/photos/30350994/large.jpg,Automeris cecrops pamina,48460/1/47120/372739/47158/184884/47157/47214/47918/125084/475374/82286/214680,jpg
http://inaturalist-open-data.s3.amazonaws.com/photos/30350993/large.jpg,Automeris cecrops pamina,48460/1/47120/372739/47158/184884/47157/47214/47918/125084/475374/82286/214680,jpg
http://inaturalist-open-data.s3.amazonaws.com/photos/30350998/large.jpg,Automeris cecrops pamina,48460/1/47120/372739/47158/184884/47157/47214/47918/125084/475374/82286/214680,jpg
http://inaturalist-open-data.s3.amazonaws.com/photos/46154958/large.jpg,Automeris cecrops pamina,48460/1/47120/372739/47158/184884/47157/47214/47918/125084/475374/82286/214680,jpg
http://inaturalist-open-data.s3.amazonaws.com/photos/46154946/large.jpg,Automeris cecrops pamina,48460/1/47120/372739/47158/184884/47157/47214/47918/125084/475374/82286/214680,jpg
http://inaturalist-open-data.s3.amazonaws.com/photos/46921962/large.jpg,Automeris cecrops pamina,48460/1/47120/372739/47158/184884/47157/47214/47918/125084/475374/82286/214680,jpg
http://inaturalist-open-data.s3.amazonaws.com/photos/46933399/large.jpg,Automeris cecrops pamina,48460/1/47120/372739/47158/184884/47157/47214/47918/125084/475374/82286/214680,jpg
http://inaturalist-open-data.s3.amazonaws.com/photos/51970249/large.jpeg,Automeris cecrops pamina,48460/1/47120/372739/47158/184884/47157/47214/47918/125084/475374/82286/214680,jpeg
http://inaturalist-open-data.s3.amazonaws.com/photos/51970253/large.jpeg,Automeris cecrops pamina,48460/1/47120/372739/47158/184884/47157/47214/47918/125084/475374/82286/214680,jpeg
http://inaturalist-open-data.s3.amazonaws.com/photos/57648680/large.jpg,Automeris cecrops pamina,48460/1/47120/372739/47158/184884/47157/47214/47918/125084/475374/82286/214680,jpg
http://inaturalist-open-data.s3.amazonaws.com/photos/105934557/large.jpg,Automeris cecrops pamina,48460/1/47120/372739/47158/184884/47157/47214/47918/125084/475374/82286/214680,jpg
http://inaturalist-open-data.s3.amazonaws.com/photos/116445054/large.jpeg,Automeris cecrops pamina,48460/1/47120/372739/47158/184884/47157/47214/47918/125084/475374/82286/214680,jpeg
