photo_url_large,taxon_name,ancestry,extension
http://inaturalist-open-data.s3.amazonaws.com/photos/15089482/large.jpg,Axiocerses tjoane tjoane,48460/1/47120/372739/47158/184884/47157/47224/47923/889808/147396/147395,jpg
http://inaturalist-open-data.s3.amazonaws.com/photos/15089476/large.jpg,Axiocerses tjoane tjoane,48460/1/47120/372739/47158/184884/47157/47224/47923/889808/147396/147395,jpg
http://inaturalist-open-data.s3.amazonaws.com/photos/15102669/large.jpeg,Axiocerses tjoane tjoane,48460/1/47120/372739/47158/184884/47157/47224/47923/889808/147396/147395,jpeg
http://inaturalist-open-data.s3.amazonaws.com/photos/15102649/large.jpeg,Axiocerses tjoane tjoane,48460/1/47120/372739/47158/184884/47157/47224/47923/889808/147396/147395,jpeg
http://inaturalist-open-data.s3.amazonaws.com/photos/15313199/large.jpg,Axiocerses tjoane tjoane,48460/1/47120/372739/47158/184884/47157/47224/47923/889808/147396/147395,jpg
http://inaturalist-open-data.s3.amazonaws.com/photos/15391300/large.jpg,Axiocerses tjoane tjoane,48460/1/47120/372739/47158/184884/47157/47224/47923/889808/147396/147395,jpg
http://inaturalist-open-data.s3.amazonaws.com/photos/15391305/large.jpg,Axiocerses tjoane tjoane,48460/1/47120/372739/47158/184884/47157/47224/47923/889808/147396/147395,jpg
http://inaturalist-open-data.s3.amazonaws.com/photos/15400750/large.jpg,Axiocerses tjoane tjoane,48460/1/47120/372739/47158/184884/47157/47224/47923/889808/147396/147395,jpg
http://inaturalist-open-data.s3.amazonaws.com/photos/15400753/large.jpg,Axiocerses tjoane tjoane,48460/1/47120/372739/47158/184884/47157/47224/47923/889808/147396/147395,jpg
http://inaturalist-open-data.s3.amazonaws.com/photos/15400755/large.jpg,Axiocerses tjoane tjoane,48460/1/47120/372739/47158/184884/47157/47224/47923/889808/147396/147395,jpg
http://inaturalist-open-data.s3.amazonaws.com/photos/15400757/large.jpg,Axiocerses tjoane tjoane,48460/1/47120/372739/47158/184884/47157/47224/47923/889808/147396/147395,jpg
http://inaturalist-open-data.s3.amazonaws.com/photos/15400759/large.jpg,Axiocerses tjoane tjoane,48460/1/47120/372739/47158/184884/47157/47224/47923/889808/147396/147395,jpg
http://inaturalist-open-data.s3.amazonaws.com/photos/15403862/large.jpg,Axiocerses tjoane tjoane,48460/1/47120/372739/47158/184884/47157/47224/47923/889808/147396/147395,jpg
http://inaturalist-open-data.s3.amazonaws.com/photos/15403868/large.jpg,Axiocerses tjoane tjoane,48460/1/47120/372739/47158/184884/47157/47224/47923/889808/147396/147395,jpg
http://inaturalist-open-data.s3.amazonaws.com/photos/15403873/large.jpg,Axiocerses tjoane tjoane,48460/1/47120/372739/47158/184884/47157/47224/47923/889808/147396/147395,jpg
http://inaturalist-open-data.s3.amazonaws.com/photos/15416250/large.jpg,Axiocerses tjoane tjoane,48460/1/47120/372739/47158/184884/47157/47224/47923/889808/147396/147395,jpg
http://inaturalist-open-data.s3.amazonaws.com/photos/15416252/large.jpg,Axiocerses tjoane tjoane,48460/1/47120/372739/47158/184884/47157/47224/47923/889808/147396/147395,jpg
http://inaturalist-open-data.s3.amazonaws.com/photos/15423784/large.jpg,Axiocerses tjoane tjoane,48460/1/47120/372739/47158/184884/47157/47224/47923/889808/147396/147395,jpg
http://inaturalist-open-data.s3.amazonaws.com/photos/15423786/large.jpg,Axiocerses tjoane tjoane,48460/1/47120/372739/47158/184884/47157/47224/47923/889808/147396/147395,jpg
http://inaturalist-open-data.s3.amazonaws.com/photos/15439847/large.jpg,Axiocerses tjoane tjoane,48460/1/47120/372739/47158/184884/47157/47224/47923/889808/147396/147395,jpg
http://inaturalist-open-data.s3.amazonaws.com/photos/15543582/large.jpg,Axiocerses tjoane tjoane,48460/1/47120/372739/47158/184884/47157/47224/47923/889808/147396/147395,jpg
http://inaturalist-open-data.s3.amazonaws.com/photos/15543585/large.jpg,Axiocerses tjoane tjoane,48460/1/47120/372739/47158/184884/47157/47224/47923/889808/147396/147395,jpg
http://inaturalist-open-data.s3.amazonaws.com/photos/15543590/large.jpg,Axiocerses tjoane tjoane,48460/1/47120/372739/47158/184884/47157/47224/47923/889808/147396/147395,jpg
http://inaturalist-open-data.s3.amazonaws.com/photos/15543592/large.jpg,Axiocerses tjoane tjoane,48460/1/47120/372739/47158/184884/47157/47224/47923/889808/147396/147395,jpg
http://inaturalist-open-data.s3.amazonaws.com/photos/15543594/large.jpg,Axiocerses tjoane tjoane,48460/1/47120/372739/47158/184884/47157/47224/47923/889808/147396/147395,jpg
http://inaturalist-open-data.s3.amazonaws.com/photos/15543597/large.jpg,Axiocerses tjoane tjoane,48460/1/47120/372739/47158/184884/47157/47224/47923/889808/147396/147395,jpg
http://inaturalist-open-data.s3.amazonaws.com/photos/15543599/large.jpg,Axiocerses tjoane tjoane,48460/1/47120/372739/47158/184884/47157/47224/47923/889808/147396/147395,jpg
http://inaturalist-open-data.s3.amazonaws.com/photos/15543602/large.jpg,Axiocerses tjoane tjoane,48460/1/47120/372739/47158/184884/47157/47224/47923/889808/147396/147395,jpg
http://inaturalist-open-data.s3.amazonaws.com/photos/15559499/large.jpg,Axiocerses tjoane tjoane,48460/1/47120/372739/47158/184884/47157/47224/47923/889808/147396/147395,jpg
http://inaturalist-open-data.s3.amazonaws.com/photos/15559503/large.jpg,Axiocerses tjoane tjoane,48460/1/47120/372739/47158/184884/47157/47224/47923/889808/147396/147395,jpg
http://inaturalist-open-data.s3.amazonaws.com/photos/15572586/large.jpg,Axiocerses tjoane tjoane,48460/1/47120/372739/47158/184884/47157/47224/47923/889808/147396/147395,jpg
http://inaturalist-open-data.s3.amazonaws.com/photos/15572588/large.jpg,Axiocerses tjoane tjoane,48460/1/47120/372739/47158/184884/47157/47224/47923/889808/147396/147395,jpg
http://inaturalist-open-data.s3.amazonaws.com/photos/15597404/large.jpg,Axiocerses tjoane tjoane,48460/1/47120/372739/47158/184884/47157/47224/47923/889808/147396/147395,jpg
http://inaturalist-open-data.s3.amazonaws.com/photos/15597407/large.jpg,Axiocerses tjoane tjoane,48460/1/47120/372739/47158/184884/47157/47224/47923/889808/147396/147395,jpg
http://inaturalist-open-data.s3.amazonaws.com/photos/15597409/large.jpg,Axiocerses tjoane tjoane,48460/1/47120/372739/47158/184884/47157/47224/47923/889808/147396/147395,jpg
http://inaturalist-open-data.s3.amazonaws.com/photos/15591591/large.jpg,Axiocerses tjoane tjoane,48460/1/47120/372739/47158/184884/47157/47224/47923/889808/147396/147395,jpg
http://inaturalist-open-data.s3.amazonaws.com/photos/19247899/large.jpg,Axiocerses tjoane tjoane,48460/1/47120/372739/47158/184884/47157/47224/47923/889808/147396/147395,jpg
http://inaturalist-open-data.s3.amazonaws.com/photos/15680547/large.jpg,Axiocerses tjoane tjoane,48460/1/47120/372739/47158/184884/47157/47224/47923/889808/147396/147395,jpg
http://inaturalist-open-data.s3.amazonaws.com/photos/15716687/large.jpg,Axiocerses tjoane tjoane,48460/1/47120/372739/47158/184884/47157/47224/47923/889808/147396/147395,jpg
http://inaturalist-open-data.s3.amazonaws.com/photos/15716690/large.jpg,Axiocerses tjoane tjoane,48460/1/47120/372739/47158/184884/47157/47224/47923/889808/147396/147395,jpg
http://inaturalist-open-data.s3.amazonaws.com/photos/15716693/large.jpg,Axiocerses tjoane tjoane,48460/1/47120/372739/47158/184884/47157/47224/47923/889808/147396/147395,jpg
http://inaturalist-open-data.s3.amazonaws.com/photos/15716696/large.jpg,Axiocerses tjoane tjoane,48460/1/47120/372739/47158/184884/47157/47224/47923/889808/147396/147395,jpg
http://inaturalist-open-data.s3.amazonaws.com/photos/15716698/large.jpg,Axiocerses tjoane tjoane,48460/1/47120/372739/47158/184884/47157/47224/47923/889808/147396/147395,jpg
http://inaturalist-open-data.s3.amazonaws.com/photos/15716700/large.jpg,Axiocerses tjoane tjoane,48460/1/47120/372739/47158/184884/47157/47224/47923/889808/147396/147395,jpg
http://inaturalist-open-data.s3.amazonaws.com/photos/15681825/large.jpg,Axiocerses tjoane tjoane,48460/1/47120/372739/47158/184884/47157/47224/47923/889808/147396/147395,jpg
http://inaturalist-open-data.s3.amazonaws.com/photos/15744302/large.jpg,Axiocerses tjoane tjoane,48460/1/47120/372739/47158/184884/47157/47224/47923/889808/147396/147395,jpg
http://inaturalist-open-data.s3.amazonaws.com/photos/15744298/large.jpg,Axiocerses tjoane tjoane,48460/1/47120/372739/47158/184884/47157/47224/47923/889808/147396/147395,jpg
http://inaturalist-open-data.s3.amazonaws.com/photos/15747074/large.jpg,Axiocerses tjoane tjoane,48460/1/47120/372739/47158/184884/47157/47224/47923/889808/147396/147395,jpg
http://inaturalist-open-data.s3.amazonaws.com/photos/15796546/large.jpg,Axiocerses tjoane tjoane,48460/1/47120/372739/47158/184884/47157/47224/47923/889808/147396/147395,jpg
http://inaturalist-open-data.s3.amazonaws.com/photos/15798001/large.jpg,Axiocerses tjoane tjoane,48460/1/47120/372739/47158/184884/47157/47224/47923/889808/147396/147395,jpg
http://inaturalist-open-data.s3.amazonaws.com/photos/16003727/large.jpg,Axiocerses tjoane tjoane,48460/1/47120/372739/47158/184884/47157/47224/47923/889808/147396/147395,jpg
http://inaturalist-open-data.s3.amazonaws.com/photos/16003728/large.jpg,Axiocerses tjoane tjoane,48460/1/47120/372739/47158/184884/47157/47224/47923/889808/147396/147395,jpg
http://inaturalist-open-data.s3.amazonaws.com/photos/16003729/large.jpg,Axiocerses tjoane tjoane,48460/1/47120/372739/47158/184884/47157/47224/47923/889808/147396/147395,jpg
http://inaturalist-open-data.s3.amazonaws.com/photos/16045679/large.jpg,Axiocerses tjoane tjoane,48460/1/47120/372739/47158/184884/47157/47224/47923/889808/147396/147395,jpg
http://inaturalist-open-data.s3.amazonaws.com/photos/16045682/large.jpg,Axiocerses tjoane tjoane,48460/1/47120/372739/47158/184884/47157/47224/47923/889808/147396/147395,jpg
http://inaturalist-open-data.s3.amazonaws.com/photos/16045684/large.jpg,Axiocerses tjoane tjoane,48460/1/47120/372739/47158/184884/47157/47224/47923/889808/147396/147395,jpg
http://inaturalist-open-data.s3.amazonaws.com/photos/16103916/large.jpg,Axiocerses tjoane tjoane,48460/1/47120/372739/47158/184884/47157/47224/47923/889808/147396/147395,jpg
http://inaturalist-open-data.s3.amazonaws.com/photos/16103915/large.jpg,Axiocerses tjoane tjoane,48460/1/47120/372739/47158/184884/47157/47224/47923/889808/147396/147395,jpg
http://inaturalist-open-data.s3.amazonaws.com/photos/16103914/large.jpg,Axiocerses tjoane tjoane,48460/1/47120/372739/47158/184884/47157/47224/47923/889808/147396/147395,jpg
http://inaturalist-open-data.s3.amazonaws.com/photos/16117795/large.jpg,Axiocerses tjoane tjoane,48460/1/47120/372739/47158/184884/47157/47224/47923/889808/147396/147395,jpg
http://inaturalist-open-data.s3.amazonaws.com/photos/22455597/large.jpeg,Axiocerses tjoane tjoane,48460/1/47120/372739/47158/184884/47157/47224/47923/889808/147396/147395,jpeg
http://inaturalist-open-data.s3.amazonaws.com/photos/31099847/large.jpg,Axiocerses tjoane tjoane,48460/1/47120/372739/47158/184884/47157/47224/47923/889808/147396/147395,jpg
http://inaturalist-open-data.s3.amazonaws.com/photos/31131214/large.jpeg,Axiocerses tjoane tjoane,48460/1/47120/372739/47158/184884/47157/47224/47923/889808/147396/147395,jpeg
http://inaturalist-open-data.s3.amazonaws.com/photos/31131215/large.jpeg,Axiocerses tjoane tjoane,48460/1/47120/372739/47158/184884/47157/47224/47923/889808/147396/147395,jpeg
http://inaturalist-open-data.s3.amazonaws.com/photos/31131219/large.jpeg,Axiocerses tjoane tjoane,48460/1/47120/372739/47158/184884/47157/47224/47923/889808/147396/147395,jpeg
http://inaturalist-open-data.s3.amazonaws.com/photos/31409517/large.jpg,Axiocerses tjoane tjoane,48460/1/47120/372739/47158/184884/47157/47224/47923/889808/147396/147395,jpg
http://inaturalist-open-data.s3.amazonaws.com/photos/31409394/large.jpg,Axiocerses tjoane tjoane,48460/1/47120/372739/47158/184884/47157/47224/47923/889808/147396/147395,jpg
http://inaturalist-open-data.s3.amazonaws.com/photos/31409457/large.jpg,Axiocerses tjoane tjoane,48460/1/47120/372739/47158/184884/47157/47224/47923/889808/147396/147395,jpg
http://inaturalist-open-data.s3.amazonaws.com/photos/37874320/large.jpeg,Axiocerses tjoane tjoane,48460/1/47120/372739/47158/184884/47157/47224/47923/889808/147396/147395,jpeg
http://inaturalist-open-data.s3.amazonaws.com/photos/38431303/large.jpeg,Axiocerses tjoane tjoane,48460/1/47120/372739/47158/184884/47157/47224/47923/889808/147396/147395,jpeg
http://inaturalist-open-data.s3.amazonaws.com/photos/38431291/large.jpeg,Axiocerses tjoane tjoane,48460/1/47120/372739/47158/184884/47157/47224/47923/889808/147396/147395,jpeg
http://inaturalist-open-data.s3.amazonaws.com/photos/56897661/large.jpg,Axiocerses tjoane tjoane,48460/1/47120/372739/47158/184884/47157/47224/47923/889808/147396/147395,jpg
http://inaturalist-open-data.s3.amazonaws.com/photos/56897668/large.jpg,Axiocerses tjoane tjoane,48460/1/47120/372739/47158/184884/47157/47224/47923/889808/147396/147395,jpg
http://inaturalist-open-data.s3.amazonaws.com/photos/60545985/large.jpeg,Axiocerses tjoane tjoane,48460/1/47120/372739/47158/184884/47157/47224/47923/889808/147396/147395,jpeg
http://inaturalist-open-data.s3.amazonaws.com/photos/60545975/large.jpeg,Axiocerses tjoane tjoane,48460/1/47120/372739/47158/184884/47157/47224/47923/889808/147396/147395,jpeg
http://inaturalist-open-data.s3.amazonaws.com/photos/60652004/large.jpg,Axiocerses tjoane tjoane,48460/1/47120/372739/47158/184884/47157/47224/47923/889808/147396/147395,jpg
http://inaturalist-open-data.s3.amazonaws.com/photos/61276588/large.jpeg,Axiocerses tjoane tjoane,48460/1/47120/372739/47158/184884/47157/47224/47923/889808/147396/147395,jpeg
http://inaturalist-open-data.s3.amazonaws.com/photos/61276618/large.jpeg,Axiocerses tjoane tjoane,48460/1/47120/372739/47158/184884/47157/47224/47923/889808/147396/147395,jpeg
http://inaturalist-open-data.s3.amazonaws.com/photos/61276571/large.jpeg,Axiocerses tjoane tjoane,48460/1/47120/372739/47158/184884/47157/47224/47923/889808/147396/147395,jpeg
http://inaturalist-open-data.s3.amazonaws.com/photos/61276604/large.jpeg,Axiocerses tjoane tjoane,48460/1/47120/372739/47158/184884/47157/47224/47923/889808/147396/147395,jpeg
http://inaturalist-open-data.s3.amazonaws.com/photos/61276615/large.jpeg,Axiocerses tjoane tjoane,48460/1/47120/372739/47158/184884/47157/47224/47923/889808/147396/147395,jpeg
http://inaturalist-open-data.s3.amazonaws.com/photos/61276669/large.jpeg,Axiocerses tjoane tjoane,48460/1/47120/372739/47158/184884/47157/47224/47923/889808/147396/147395,jpeg
http://inaturalist-open-data.s3.amazonaws.com/photos/62029045/large.jpeg,Axiocerses tjoane tjoane,48460/1/47120/372739/47158/184884/47157/47224/47923/889808/147396/147395,jpeg
http://inaturalist-open-data.s3.amazonaws.com/photos/62028994/large.jpeg,Axiocerses tjoane tjoane,48460/1/47120/372739/47158/184884/47157/47224/47923/889808/147396/147395,jpeg
http://inaturalist-open-data.s3.amazonaws.com/photos/62029064/large.jpeg,Axiocerses tjoane tjoane,48460/1/47120/372739/47158/184884/47157/47224/47923/889808/147396/147395,jpeg
http://inaturalist-open-data.s3.amazonaws.com/photos/62429235/large.jpeg,Axiocerses tjoane tjoane,48460/1/47120/372739/47158/184884/47157/47224/47923/889808/147396/147395,jpeg
http://inaturalist-open-data.s3.amazonaws.com/photos/62429205/large.jpg,Axiocerses tjoane tjoane,48460/1/47120/372739/47158/184884/47157/47224/47923/889808/147396/147395,jpg
http://inaturalist-open-data.s3.amazonaws.com/photos/62429171/large.jpeg,Axiocerses tjoane tjoane,48460/1/47120/372739/47158/184884/47157/47224/47923/889808/147396/147395,jpeg
http://inaturalist-open-data.s3.amazonaws.com/photos/63573754/large.jpeg,Axiocerses tjoane tjoane,48460/1/47120/372739/47158/184884/47157/47224/47923/889808/147396/147395,jpeg
http://inaturalist-open-data.s3.amazonaws.com/photos/63573696/large.jpeg,Axiocerses tjoane tjoane,48460/1/47120/372739/47158/184884/47157/47224/47923/889808/147396/147395,jpeg
http://inaturalist-open-data.s3.amazonaws.com/photos/63923450/large.jpeg,Axiocerses tjoane tjoane,48460/1/47120/372739/47158/184884/47157/47224/47923/889808/147396/147395,jpeg
http://inaturalist-open-data.s3.amazonaws.com/photos/63923457/large.jpeg,Axiocerses tjoane tjoane,48460/1/47120/372739/47158/184884/47157/47224/47923/889808/147396/147395,jpeg
http://inaturalist-open-data.s3.amazonaws.com/photos/63923494/large.jpeg,Axiocerses tjoane tjoane,48460/1/47120/372739/47158/184884/47157/47224/47923/889808/147396/147395,jpeg
http://inaturalist-open-data.s3.amazonaws.com/photos/63923654/large.jpeg,Axiocerses tjoane tjoane,48460/1/47120/372739/47158/184884/47157/47224/47923/889808/147396/147395,jpeg
http://inaturalist-open-data.s3.amazonaws.com/photos/64828442/large.jpg,Axiocerses tjoane tjoane,48460/1/47120/372739/47158/184884/47157/47224/47923/889808/147396/147395,jpg
http://inaturalist-open-data.s3.amazonaws.com/photos/66465492/large.jpeg,Axiocerses tjoane tjoane,48460/1/47120/372739/47158/184884/47157/47224/47923/889808/147396/147395,jpeg
http://inaturalist-open-data.s3.amazonaws.com/photos/70696823/large.jpeg,Axiocerses tjoane tjoane,48460/1/47120/372739/47158/184884/47157/47224/47923/889808/147396/147395,jpeg
http://inaturalist-open-data.s3.amazonaws.com/photos/70680787/large.jpeg,Axiocerses tjoane tjoane,48460/1/47120/372739/47158/184884/47157/47224/47923/889808/147396/147395,jpeg
http://inaturalist-open-data.s3.amazonaws.com/photos/70696760/large.jpeg,Axiocerses tjoane tjoane,48460/1/47120/372739/47158/184884/47157/47224/47923/889808/147396/147395,jpeg
http://inaturalist-open-data.s3.amazonaws.com/photos/80606975/large.jpg,Axiocerses tjoane tjoane,48460/1/47120/372739/47158/184884/47157/47224/47923/889808/147396/147395,jpg
http://inaturalist-open-data.s3.amazonaws.com/photos/86767816/large.jpeg,Axiocerses tjoane tjoane,48460/1/47120/372739/47158/184884/47157/47224/47923/889808/147396/147395,jpeg
http://inaturalist-open-data.s3.amazonaws.com/photos/86767801/large.jpeg,Axiocerses tjoane tjoane,48460/1/47120/372739/47158/184884/47157/47224/47923/889808/147396/147395,jpeg
http://inaturalist-open-data.s3.amazonaws.com/photos/86767974/large.jpeg,Axiocerses tjoane tjoane,48460/1/47120/372739/47158/184884/47157/47224/47923/889808/147396/147395,jpeg
http://inaturalist-open-data.s3.amazonaws.com/photos/86767874/large.jpeg,Axiocerses tjoane tjoane,48460/1/47120/372739/47158/184884/47157/47224/47923/889808/147396/147395,jpeg
http://inaturalist-open-data.s3.amazonaws.com/photos/93916433/large.jpeg,Axiocerses tjoane tjoane,48460/1/47120/372739/47158/184884/47157/47224/47923/889808/147396/147395,jpeg
http://inaturalist-open-data.s3.amazonaws.com/photos/94927599/large.jpeg,Axiocerses tjoane tjoane,48460/1/47120/372739/47158/184884/47157/47224/47923/889808/147396/147395,jpeg
http://inaturalist-open-data.s3.amazonaws.com/photos/94927609/large.jpeg,Axiocerses tjoane tjoane,48460/1/47120/372739/47158/184884/47157/47224/47923/889808/147396/147395,jpeg
http://inaturalist-open-data.s3.amazonaws.com/photos/95043472/large.jpeg,Axiocerses tjoane tjoane,48460/1/47120/372739/47158/184884/47157/47224/47923/889808/147396/147395,jpeg
http://inaturalist-open-data.s3.amazonaws.com/photos/97352639/large.jpeg,Axiocerses tjoane tjoane,48460/1/47120/372739/47158/184884/47157/47224/47923/889808/147396/147395,jpeg
http://inaturalist-open-data.s3.amazonaws.com/photos/102848759/large.jpeg,Axiocerses tjoane tjoane,48460/1/47120/372739/47158/184884/47157/47224/47923/889808/147396/147395,jpeg
http://inaturalist-open-data.s3.amazonaws.com/photos/106003756/large.jpg,Axiocerses tjoane tjoane,48460/1/47120/372739/47158/184884/47157/47224/47923/889808/147396/147395,jpg
http://inaturalist-open-data.s3.amazonaws.com/photos/106003658/large.jpg,Axiocerses tjoane tjoane,48460/1/47120/372739/47158/184884/47157/47224/47923/889808/147396/147395,jpg
http://inaturalist-open-data.s3.amazonaws.com/photos/106003763/large.jpg,Axiocerses tjoane tjoane,48460/1/47120/372739/47158/184884/47157/47224/47923/889808/147396/147395,jpg
http://inaturalist-open-data.s3.amazonaws.com/photos/107246918/large.jpeg,Axiocerses tjoane tjoane,48460/1/47120/372739/47158/184884/47157/47224/47923/889808/147396/147395,jpeg
http://inaturalist-open-data.s3.amazonaws.com/photos/110664812/large.jpeg,Axiocerses tjoane tjoane,48460/1/47120/372739/47158/184884/47157/47224/47923/889808/147396/147395,jpeg
http://inaturalist-open-data.s3.amazonaws.com/photos/110664816/large.jpeg,Axiocerses tjoane tjoane,48460/1/47120/372739/47158/184884/47157/47224/47923/889808/147396/147395,jpeg
http://inaturalist-open-data.s3.amazonaws.com/photos/110664817/large.jpeg,Axiocerses tjoane tjoane,48460/1/47120/372739/47158/184884/47157/47224/47923/889808/147396/147395,jpeg
http://inaturalist-open-data.s3.amazonaws.com/photos/110814202/large.jpeg,Axiocerses tjoane tjoane,48460/1/47120/372739/47158/184884/47157/47224/47923/889808/147396/147395,jpeg
http://inaturalist-open-data.s3.amazonaws.com/photos/110814219/large.jpeg,Axiocerses tjoane tjoane,48460/1/47120/372739/47158/184884/47157/47224/47923/889808/147396/147395,jpeg
http://inaturalist-open-data.s3.amazonaws.com/photos/111934064/large.jpeg,Axiocerses tjoane tjoane,48460/1/47120/372739/47158/184884/47157/47224/47923/889808/147396/147395,jpeg
http://inaturalist-open-data.s3.amazonaws.com/photos/113754493/large.jpeg,Axiocerses tjoane tjoane,48460/1/47120/372739/47158/184884/47157/47224/47923/889808/147396/147395,jpeg
http://inaturalist-open-data.s3.amazonaws.com/photos/113754499/large.jpeg,Axiocerses tjoane tjoane,48460/1/47120/372739/47158/184884/47157/47224/47923/889808/147396/147395,jpeg
http://inaturalist-open-data.s3.amazonaws.com/photos/114520950/large.jpg,Axiocerses tjoane tjoane,48460/1/47120/372739/47158/184884/47157/47224/47923/889808/147396/147395,jpg
http://inaturalist-open-data.s3.amazonaws.com/photos/114520952/large.jpg,Axiocerses tjoane tjoane,48460/1/47120/372739/47158/184884/47157/47224/47923/889808/147396/147395,jpg
http://inaturalist-open-data.s3.amazonaws.com/photos/114593577/large.jpeg,Axiocerses tjoane tjoane,48460/1/47120/372739/47158/184884/47157/47224/47923/889808/147396/147395,jpeg
http://inaturalist-open-data.s3.amazonaws.com/photos/114593568/large.jpeg,Axiocerses tjoane tjoane,48460/1/47120/372739/47158/184884/47157/47224/47923/889808/147396/147395,jpeg
http://inaturalist-open-data.s3.amazonaws.com/photos/114837366/large.jpeg,Axiocerses tjoane tjoane,48460/1/47120/372739/47158/184884/47157/47224/47923/889808/147396/147395,jpeg
http://inaturalist-open-data.s3.amazonaws.com/photos/114837349/large.jpeg,Axiocerses tjoane tjoane,48460/1/47120/372739/47158/184884/47157/47224/47923/889808/147396/147395,jpeg
http://inaturalist-open-data.s3.amazonaws.com/photos/117093845/large.jpeg,Axiocerses tjoane tjoane,48460/1/47120/372739/47158/184884/47157/47224/47923/889808/147396/147395,jpeg
http://inaturalist-open-data.s3.amazonaws.com/photos/118065738/large.jpeg,Axiocerses tjoane tjoane,48460/1/47120/372739/47158/184884/47157/47224/47923/889808/147396/147395,jpeg
http://inaturalist-open-data.s3.amazonaws.com/photos/120364472/large.jpeg,Axiocerses tjoane tjoane,48460/1/47120/372739/47158/184884/47157/47224/47923/889808/147396/147395,jpeg
http://inaturalist-open-data.s3.amazonaws.com/photos/120642701/large.jpeg,Axiocerses tjoane tjoane,48460/1/47120/372739/47158/184884/47157/47224/47923/889808/147396/147395,jpeg
http://inaturalist-open-data.s3.amazonaws.com/photos/120642622/large.jpeg,Axiocerses tjoane tjoane,48460/1/47120/372739/47158/184884/47157/47224/47923/889808/147396/147395,jpeg
http://inaturalist-open-data.s3.amazonaws.com/photos/120642689/large.jpeg,Axiocerses tjoane tjoane,48460/1/47120/372739/47158/184884/47157/47224/47923/889808/147396/147395,jpeg
http://inaturalist-open-data.s3.amazonaws.com/photos/120642708/large.jpeg,Axiocerses tjoane tjoane,48460/1/47120/372739/47158/184884/47157/47224/47923/889808/147396/147395,jpeg
http://inaturalist-open-data.s3.amazonaws.com/photos/120642720/large.jpeg,Axiocerses tjoane tjoane,48460/1/47120/372739/47158/184884/47157/47224/47923/889808/147396/147395,jpeg
http://inaturalist-open-data.s3.amazonaws.com/photos/120642731/large.jpeg,Axiocerses tjoane tjoane,48460/1/47120/372739/47158/184884/47157/47224/47923/889808/147396/147395,jpeg
http://inaturalist-open-data.s3.amazonaws.com/photos/120913696/large.jpeg,Axiocerses tjoane tjoane,48460/1/47120/372739/47158/184884/47157/47224/47923/889808/147396/147395,jpeg
http://inaturalist-open-data.s3.amazonaws.com/photos/121232192/large.jpeg,Axiocerses tjoane tjoane,48460/1/47120/372739/47158/184884/47157/47224/47923/889808/147396/147395,jpeg
http://inaturalist-open-data.s3.amazonaws.com/photos/129799895/large.jpeg,Axiocerses tjoane tjoane,48460/1/47120/372739/47158/184884/47157/47224/47923/889808/147396/147395,jpeg
http://inaturalist-open-data.s3.amazonaws.com/photos/129799942/large.jpeg,Axiocerses tjoane tjoane,48460/1/47120/372739/47158/184884/47157/47224/47923/889808/147396/147395,jpeg
http://inaturalist-open-data.s3.amazonaws.com/photos/129800009/large.jpeg,Axiocerses tjoane tjoane,48460/1/47120/372739/47158/184884/47157/47224/47923/889808/147396/147395,jpeg
http://inaturalist-open-data.s3.amazonaws.com/photos/130204266/large.jpeg,Axiocerses tjoane tjoane,48460/1/47120/372739/47158/184884/47157/47224/47923/889808/147396/147395,jpeg
http://inaturalist-open-data.s3.amazonaws.com/photos/137586898/large.jpeg,Axiocerses tjoane tjoane,48460/1/47120/372739/47158/184884/47157/47224/47923/889808/147396/147395,jpeg
http://inaturalist-open-data.s3.amazonaws.com/photos/143221706/large.jpeg,Axiocerses tjoane tjoane,48460/1/47120/372739/47158/184884/47157/47224/47923/889808/147396/147395,jpeg
http://inaturalist-open-data.s3.amazonaws.com/photos/166800893/large.jpeg,Axiocerses tjoane tjoane,48460/1/47120/372739/47158/184884/47157/47224/47923/889808/147396/147395,jpeg
http://inaturalist-open-data.s3.amazonaws.com/photos/166800858/large.jpeg,Axiocerses tjoane tjoane,48460/1/47120/372739/47158/184884/47157/47224/47923/889808/147396/147395,jpeg
http://inaturalist-open-data.s3.amazonaws.com/photos/166800867/large.jpeg,Axiocerses tjoane tjoane,48460/1/47120/372739/47158/184884/47157/47224/47923/889808/147396/147395,jpeg
http://inaturalist-open-data.s3.amazonaws.com/photos/166800914/large.jpeg,Axiocerses tjoane tjoane,48460/1/47120/372739/47158/184884/47157/47224/47923/889808/147396/147395,jpeg
