photo_url_large,taxon_name,ancestry,extension
http://inaturalist-open-data.s3.amazonaws.com/photos/27761097/large.jpg,Bassarona dunya dunya,48460/1/47120/372739/47158/184884/47157/47224/47922/134171/202076/340819/245903,jpg
http://inaturalist-open-data.s3.amazonaws.com/photos/28953652/large.jpg,Bassarona dunya dunya,48460/1/47120/372739/47158/184884/47157/47224/47922/134171/202076/340819/245903,jpg
http://inaturalist-open-data.s3.amazonaws.com/photos/28988342/large.jpg,Bassarona dunya dunya,48460/1/47120/372739/47158/184884/47157/47224/47922/134171/202076/340819/245903,jpg
http://inaturalist-open-data.s3.amazonaws.com/photos/65825017/large.jpg,Bassarona dunya dunya,48460/1/47120/372739/47158/184884/47157/47224/47922/134171/202076/340819/245903,jpg
http://inaturalist-open-data.s3.amazonaws.com/photos/134780475/large.jpeg,Bassarona dunya dunya,48460/1/47120/372739/47158/184884/47157/47224/47922/134171/202076/340819/245903,jpeg
