photo_url_large,taxon_name,ancestry,extension
http://inaturalist-open-data.s3.amazonaws.com/photos/3838856/large.jpg,Battus polydamas polycrates,48460/1/47120/372739/47158/184884/47157/47224/47223/49973/49974/522893/49975/68275,jpg
http://inaturalist-open-data.s3.amazonaws.com/photos/49402849/large.jpeg,Battus polydamas polycrates,48460/1/47120/372739/47158/184884/47157/47224/47223/49973/49974/522893/49975/68275,jpeg
http://inaturalist-open-data.s3.amazonaws.com/photos/57727608/large.jpeg,Battus polydamas polycrates,48460/1/47120/372739/47158/184884/47157/47224/47223/49973/49974/522893/49975/68275,jpeg
http://inaturalist-open-data.s3.amazonaws.com/photos/105685020/large.jpeg,Battus polydamas polycrates,48460/1/47120/372739/47158/184884/47157/47224/47223/49973/49974/522893/49975/68275,jpeg
