photo_url_large,taxon_name,ancestry,extension
http://inaturalist-open-data.s3.amazonaws.com/photos/32129122/large.jpg,Bebelis acuta geometrica,48460/1/47120/372739/47158/184884/47208/71130/372852/963992/47961/50265/503997/252012/305774,jpg
http://inaturalist-open-data.s3.amazonaws.com/photos/32129130/large.jpg,Bebelis acuta geometrica,48460/1/47120/372739/47158/184884/47208/71130/372852/963992/47961/50265/503997/252012/305774,jpg
http://inaturalist-open-data.s3.amazonaws.com/photos/57949886/large.jpg,Bebelis acuta geometrica,48460/1/47120/372739/47158/184884/47208/71130/372852/963992/47961/50265/503997/252012/305774,jpg
http://inaturalist-open-data.s3.amazonaws.com/photos/57949908/large.jpg,Bebelis acuta geometrica,48460/1/47120/372739/47158/184884/47208/71130/372852/963992/47961/50265/503997/252012/305774,jpg
