photo_url_large,taxon_name,ancestry,extension
http://inaturalist-open-data.s3.amazonaws.com/photos/10490183/large.jpeg,Bebearia sophus sophus,48460/1/47120/372739/47158/184884/47157/47224/47922/134171/202076/149041/891548/424163,jpeg
http://inaturalist-open-data.s3.amazonaws.com/photos/10490187/large.jpeg,Bebearia sophus sophus,48460/1/47120/372739/47158/184884/47157/47224/47922/134171/202076/149041/891548/424163,jpeg
http://inaturalist-open-data.s3.amazonaws.com/photos/10490185/large.jpeg,Bebearia sophus sophus,48460/1/47120/372739/47158/184884/47157/47224/47922/134171/202076/149041/891548/424163,jpeg
http://inaturalist-open-data.s3.amazonaws.com/photos/10490186/large.jpeg,Bebearia sophus sophus,48460/1/47120/372739/47158/184884/47157/47224/47922/134171/202076/149041/891548/424163,jpeg
http://inaturalist-open-data.s3.amazonaws.com/photos/10490184/large.jpeg,Bebearia sophus sophus,48460/1/47120/372739/47158/184884/47157/47224/47922/134171/202076/149041/891548/424163,jpeg
