photo_url_large,taxon_name,ancestry,extension
http://inaturalist-open-data.s3.amazonaws.com/photos/76062365/large.jpg,Bicyclus dorothea dorothea,48460/1/47120/372739/47158/184884/47157/47224/47922/58597/58598/207974/149042/372218,jpg
http://inaturalist-open-data.s3.amazonaws.com/photos/76533352/large.jpg,Bicyclus dorothea dorothea,48460/1/47120/372739/47158/184884/47157/47224/47922/58597/58598/207974/149042/372218,jpg
http://inaturalist-open-data.s3.amazonaws.com/photos/83492266/large.jpg,Bicyclus dorothea dorothea,48460/1/47120/372739/47158/184884/47157/47224/47922/58597/58598/207974/149042/372218,jpg
http://inaturalist-open-data.s3.amazonaws.com/photos/98565736/large.jpeg,Bicyclus dorothea dorothea,48460/1/47120/372739/47158/184884/47157/47224/47922/58597/58598/207974/149042/372218,jpeg
http://inaturalist-open-data.s3.amazonaws.com/photos/102078024/large.jpeg,Bicyclus dorothea dorothea,48460/1/47120/372739/47158/184884/47157/47224/47922/58597/58598/207974/149042/372218,jpeg
http://inaturalist-open-data.s3.amazonaws.com/photos/102078062/large.jpeg,Bicyclus dorothea dorothea,48460/1/47120/372739/47158/184884/47157/47224/47922/58597/58598/207974/149042/372218,jpeg
http://inaturalist-open-data.s3.amazonaws.com/photos/108491712/large.jpeg,Bicyclus dorothea dorothea,48460/1/47120/372739/47158/184884/47157/47224/47922/58597/58598/207974/149042/372218,jpeg
http://inaturalist-open-data.s3.amazonaws.com/photos/108710869/large.jpeg,Bicyclus dorothea dorothea,48460/1/47120/372739/47158/184884/47157/47224/47922/58597/58598/207974/149042/372218,jpeg
http://inaturalist-open-data.s3.amazonaws.com/photos/108710938/large.jpeg,Bicyclus dorothea dorothea,48460/1/47120/372739/47158/184884/47157/47224/47922/58597/58598/207974/149042/372218,jpeg
http://inaturalist-open-data.s3.amazonaws.com/photos/115642073/large.jpg,Bicyclus dorothea dorothea,48460/1/47120/372739/47158/184884/47157/47224/47922/58597/58598/207974/149042/372218,jpg
http://inaturalist-open-data.s3.amazonaws.com/photos/115642131/large.jpg,Bicyclus dorothea dorothea,48460/1/47120/372739/47158/184884/47157/47224/47922/58597/58598/207974/149042/372218,jpg
http://inaturalist-open-data.s3.amazonaws.com/photos/115642225/large.jpg,Bicyclus dorothea dorothea,48460/1/47120/372739/47158/184884/47157/47224/47922/58597/58598/207974/149042/372218,jpg
http://inaturalist-open-data.s3.amazonaws.com/photos/115642327/large.jpg,Bicyclus dorothea dorothea,48460/1/47120/372739/47158/184884/47157/47224/47922/58597/58598/207974/149042/372218,jpg
