photo_url_large,taxon_name,ancestry,extension
http://inaturalist-open-data.s3.amazonaws.com/photos/6534083/large.jpg,Boloria chariclea helena,48460/1/47120/372739/47158/184884/47157/47224/47922/60854/134168/58573/194027,jpg
http://inaturalist-open-data.s3.amazonaws.com/photos/31669349/large.jpeg,Boloria chariclea helena,48460/1/47120/372739/47158/184884/47157/47224/47922/60854/134168/58573/194027,jpeg
http://inaturalist-open-data.s3.amazonaws.com/photos/31669352/large.jpeg,Boloria chariclea helena,48460/1/47120/372739/47158/184884/47157/47224/47922/60854/134168/58573/194027,jpeg
http://inaturalist-open-data.s3.amazonaws.com/photos/51544373/large.jpg,Boloria chariclea helena,48460/1/47120/372739/47158/184884/47157/47224/47922/60854/134168/58573/194027,jpg
http://inaturalist-open-data.s3.amazonaws.com/photos/57614104/large.jpg,Boloria chariclea helena,48460/1/47120/372739/47158/184884/47157/47224/47922/60854/134168/58573/194027,jpg
http://inaturalist-open-data.s3.amazonaws.com/photos/57631833/large.jpg,Boloria chariclea helena,48460/1/47120/372739/47158/184884/47157/47224/47922/60854/134168/58573/194027,jpg
http://inaturalist-open-data.s3.amazonaws.com/photos/57631840/large.jpg,Boloria chariclea helena,48460/1/47120/372739/47158/184884/47157/47224/47922/60854/134168/58573/194027,jpg
http://inaturalist-open-data.s3.amazonaws.com/photos/57631836/large.jpg,Boloria chariclea helena,48460/1/47120/372739/47158/184884/47157/47224/47922/60854/134168/58573/194027,jpg
http://inaturalist-open-data.s3.amazonaws.com/photos/57631839/large.jpg,Boloria chariclea helena,48460/1/47120/372739/47158/184884/47157/47224/47922/60854/134168/58573/194027,jpg
http://inaturalist-open-data.s3.amazonaws.com/photos/57775248/large.jpg,Boloria chariclea helena,48460/1/47120/372739/47158/184884/47157/47224/47922/60854/134168/58573/194027,jpg
http://inaturalist-open-data.s3.amazonaws.com/photos/57775294/large.jpg,Boloria chariclea helena,48460/1/47120/372739/47158/184884/47157/47224/47922/60854/134168/58573/194027,jpg
http://inaturalist-open-data.s3.amazonaws.com/photos/57775272/large.jpg,Boloria chariclea helena,48460/1/47120/372739/47158/184884/47157/47224/47922/60854/134168/58573/194027,jpg
http://inaturalist-open-data.s3.amazonaws.com/photos/57775262/large.jpg,Boloria chariclea helena,48460/1/47120/372739/47158/184884/47157/47224/47922/60854/134168/58573/194027,jpg
http://inaturalist-open-data.s3.amazonaws.com/photos/57775299/large.jpg,Boloria chariclea helena,48460/1/47120/372739/47158/184884/47157/47224/47922/60854/134168/58573/194027,jpg
http://inaturalist-open-data.s3.amazonaws.com/photos/57775280/large.jpg,Boloria chariclea helena,48460/1/47120/372739/47158/184884/47157/47224/47922/60854/134168/58573/194027,jpg
http://inaturalist-open-data.s3.amazonaws.com/photos/57775285/large.jpg,Boloria chariclea helena,48460/1/47120/372739/47158/184884/47157/47224/47922/60854/134168/58573/194027,jpg
http://inaturalist-open-data.s3.amazonaws.com/photos/57775255/large.jpg,Boloria chariclea helena,48460/1/47120/372739/47158/184884/47157/47224/47922/60854/134168/58573/194027,jpg
http://inaturalist-open-data.s3.amazonaws.com/photos/57775241/large.jpg,Boloria chariclea helena,48460/1/47120/372739/47158/184884/47157/47224/47922/60854/134168/58573/194027,jpg
http://inaturalist-open-data.s3.amazonaws.com/photos/57775289/large.jpg,Boloria chariclea helena,48460/1/47120/372739/47158/184884/47157/47224/47922/60854/134168/58573/194027,jpg
http://inaturalist-open-data.s3.amazonaws.com/photos/84612022/large.jpeg,Boloria chariclea helena,48460/1/47120/372739/47158/184884/47157/47224/47922/60854/134168/58573/194027,jpeg
http://inaturalist-open-data.s3.amazonaws.com/photos/84612054/large.jpeg,Boloria chariclea helena,48460/1/47120/372739/47158/184884/47157/47224/47922/60854/134168/58573/194027,jpeg
http://inaturalist-open-data.s3.amazonaws.com/photos/84612109/large.jpeg,Boloria chariclea helena,48460/1/47120/372739/47158/184884/47157/47224/47922/60854/134168/58573/194027,jpeg
http://inaturalist-open-data.s3.amazonaws.com/photos/147579384/large.jpeg,Boloria chariclea helena,48460/1/47120/372739/47158/184884/47157/47224/47922/60854/134168/58573/194027,jpeg
http://inaturalist-open-data.s3.amazonaws.com/photos/147580072/large.jpeg,Boloria chariclea helena,48460/1/47120/372739/47158/184884/47157/47224/47922/60854/134168/58573/194027,jpeg
http://inaturalist-open-data.s3.amazonaws.com/photos/176801193/large.jpg,Boloria chariclea helena,48460/1/47120/372739/47158/184884/47157/47224/47922/60854/134168/58573/194027,jpg
http://inaturalist-open-data.s3.amazonaws.com/photos/176801198/large.jpg,Boloria chariclea helena,48460/1/47120/372739/47158/184884/47157/47224/47922/60854/134168/58573/194027,jpg
http://inaturalist-open-data.s3.amazonaws.com/photos/176801368/large.jpg,Boloria chariclea helena,48460/1/47120/372739/47158/184884/47157/47224/47922/60854/134168/58573/194027,jpg
http://inaturalist-open-data.s3.amazonaws.com/photos/176801371/large.jpg,Boloria chariclea helena,48460/1/47120/372739/47158/184884/47157/47224/47922/60854/134168/58573/194027,jpg
