photo_url_large,taxon_name,ancestry,extension
http://inaturalist-open-data.s3.amazonaws.com/photos/8302361/large.jpg,Bombus vagans bolsteri,48460/1/47120/372739/47158/184884/47201/124417/326777/47222/630955/47221/199939/538883/52775/538900/128670,jpg
http://inaturalist-open-data.s3.amazonaws.com/photos/8302363/large.jpg,Bombus vagans bolsteri,48460/1/47120/372739/47158/184884/47201/124417/326777/47222/630955/47221/199939/538883/52775/538900/128670,jpg
http://inaturalist-open-data.s3.amazonaws.com/photos/8302365/large.jpg,Bombus vagans bolsteri,48460/1/47120/372739/47158/184884/47201/124417/326777/47222/630955/47221/199939/538883/52775/538900/128670,jpg
http://inaturalist-open-data.s3.amazonaws.com/photos/8302368/large.jpg,Bombus vagans bolsteri,48460/1/47120/372739/47158/184884/47201/124417/326777/47222/630955/47221/199939/538883/52775/538900/128670,jpg
http://inaturalist-open-data.s3.amazonaws.com/photos/8560814/large.jpg,Bombus vagans bolsteri,48460/1/47120/372739/47158/184884/47201/124417/326777/47222/630955/47221/199939/538883/52775/538900/128670,jpg
http://inaturalist-open-data.s3.amazonaws.com/photos/8560815/large.jpg,Bombus vagans bolsteri,48460/1/47120/372739/47158/184884/47201/124417/326777/47222/630955/47221/199939/538883/52775/538900/128670,jpg
http://inaturalist-open-data.s3.amazonaws.com/photos/8560822/large.jpg,Bombus vagans bolsteri,48460/1/47120/372739/47158/184884/47201/124417/326777/47222/630955/47221/199939/538883/52775/538900/128670,jpg
http://inaturalist-open-data.s3.amazonaws.com/photos/9859529/large.jpg,Bombus vagans bolsteri,48460/1/47120/372739/47158/184884/47201/124417/326777/47222/630955/47221/199939/538883/52775/538900/128670,jpg
http://inaturalist-open-data.s3.amazonaws.com/photos/9859532/large.jpg,Bombus vagans bolsteri,48460/1/47120/372739/47158/184884/47201/124417/326777/47222/630955/47221/199939/538883/52775/538900/128670,jpg
http://inaturalist-open-data.s3.amazonaws.com/photos/20742750/large.jpg,Bombus vagans bolsteri,48460/1/47120/372739/47158/184884/47201/124417/326777/47222/630955/47221/199939/538883/52775/538900/128670,jpg
http://inaturalist-open-data.s3.amazonaws.com/photos/20742744/large.jpg,Bombus vagans bolsteri,48460/1/47120/372739/47158/184884/47201/124417/326777/47222/630955/47221/199939/538883/52775/538900/128670,jpg
http://inaturalist-open-data.s3.amazonaws.com/photos/20742748/large.jpg,Bombus vagans bolsteri,48460/1/47120/372739/47158/184884/47201/124417/326777/47222/630955/47221/199939/538883/52775/538900/128670,jpg
http://inaturalist-open-data.s3.amazonaws.com/photos/20742637/large.jpg,Bombus vagans bolsteri,48460/1/47120/372739/47158/184884/47201/124417/326777/47222/630955/47221/199939/538883/52775/538900/128670,jpg
http://inaturalist-open-data.s3.amazonaws.com/photos/20880344/large.jpg,Bombus vagans bolsteri,48460/1/47120/372739/47158/184884/47201/124417/326777/47222/630955/47221/199939/538883/52775/538900/128670,jpg
http://inaturalist-open-data.s3.amazonaws.com/photos/20880342/large.jpg,Bombus vagans bolsteri,48460/1/47120/372739/47158/184884/47201/124417/326777/47222/630955/47221/199939/538883/52775/538900/128670,jpg
http://inaturalist-open-data.s3.amazonaws.com/photos/20880306/large.jpg,Bombus vagans bolsteri,48460/1/47120/372739/47158/184884/47201/124417/326777/47222/630955/47221/199939/538883/52775/538900/128670,jpg
http://inaturalist-open-data.s3.amazonaws.com/photos/22409618/large.jpg,Bombus vagans bolsteri,48460/1/47120/372739/47158/184884/47201/124417/326777/47222/630955/47221/199939/538883/52775/538900/128670,jpg
http://inaturalist-open-data.s3.amazonaws.com/photos/22701726/large.jpeg,Bombus vagans bolsteri,48460/1/47120/372739/47158/184884/47201/124417/326777/47222/630955/47221/199939/538883/52775/538900/128670,jpeg
http://inaturalist-open-data.s3.amazonaws.com/photos/23031297/large.jpeg,Bombus vagans bolsteri,48460/1/47120/372739/47158/184884/47201/124417/326777/47222/630955/47221/199939/538883/52775/538900/128670,jpeg
http://inaturalist-open-data.s3.amazonaws.com/photos/23796655/large.jpg,Bombus vagans bolsteri,48460/1/47120/372739/47158/184884/47201/124417/326777/47222/630955/47221/199939/538883/52775/538900/128670,jpg
http://inaturalist-open-data.s3.amazonaws.com/photos/23796665/large.jpg,Bombus vagans bolsteri,48460/1/47120/372739/47158/184884/47201/124417/326777/47222/630955/47221/199939/538883/52775/538900/128670,jpg
http://inaturalist-open-data.s3.amazonaws.com/photos/23796670/large.jpg,Bombus vagans bolsteri,48460/1/47120/372739/47158/184884/47201/124417/326777/47222/630955/47221/199939/538883/52775/538900/128670,jpg
http://inaturalist-open-data.s3.amazonaws.com/photos/23796659/large.jpg,Bombus vagans bolsteri,48460/1/47120/372739/47158/184884/47201/124417/326777/47222/630955/47221/199939/538883/52775/538900/128670,jpg
http://inaturalist-open-data.s3.amazonaws.com/photos/23980975/large.jpg,Bombus vagans bolsteri,48460/1/47120/372739/47158/184884/47201/124417/326777/47222/630955/47221/199939/538883/52775/538900/128670,jpg
http://inaturalist-open-data.s3.amazonaws.com/photos/23980979/large.jpg,Bombus vagans bolsteri,48460/1/47120/372739/47158/184884/47201/124417/326777/47222/630955/47221/199939/538883/52775/538900/128670,jpg
http://inaturalist-open-data.s3.amazonaws.com/photos/23980871/large.jpg,Bombus vagans bolsteri,48460/1/47120/372739/47158/184884/47201/124417/326777/47222/630955/47221/199939/538883/52775/538900/128670,jpg
http://inaturalist-open-data.s3.amazonaws.com/photos/24313206/large.jpg,Bombus vagans bolsteri,48460/1/47120/372739/47158/184884/47201/124417/326777/47222/630955/47221/199939/538883/52775/538900/128670,jpg
http://inaturalist-open-data.s3.amazonaws.com/photos/24313190/large.jpg,Bombus vagans bolsteri,48460/1/47120/372739/47158/184884/47201/124417/326777/47222/630955/47221/199939/538883/52775/538900/128670,jpg
http://inaturalist-open-data.s3.amazonaws.com/photos/24313186/large.jpg,Bombus vagans bolsteri,48460/1/47120/372739/47158/184884/47201/124417/326777/47222/630955/47221/199939/538883/52775/538900/128670,jpg
http://inaturalist-open-data.s3.amazonaws.com/photos/24313196/large.jpg,Bombus vagans bolsteri,48460/1/47120/372739/47158/184884/47201/124417/326777/47222/630955/47221/199939/538883/52775/538900/128670,jpg
http://inaturalist-open-data.s3.amazonaws.com/photos/25991415/large.jpg,Bombus vagans bolsteri,48460/1/47120/372739/47158/184884/47201/124417/326777/47222/630955/47221/199939/538883/52775/538900/128670,jpg
http://inaturalist-open-data.s3.amazonaws.com/photos/25991423/large.jpg,Bombus vagans bolsteri,48460/1/47120/372739/47158/184884/47201/124417/326777/47222/630955/47221/199939/538883/52775/538900/128670,jpg
http://inaturalist-open-data.s3.amazonaws.com/photos/25991425/large.jpg,Bombus vagans bolsteri,48460/1/47120/372739/47158/184884/47201/124417/326777/47222/630955/47221/199939/538883/52775/538900/128670,jpg
http://inaturalist-open-data.s3.amazonaws.com/photos/42216382/large.jpg,Bombus vagans bolsteri,48460/1/47120/372739/47158/184884/47201/124417/326777/47222/630955/47221/199939/538883/52775/538900/128670,jpg
http://inaturalist-open-data.s3.amazonaws.com/photos/42217018/large.jpg,Bombus vagans bolsteri,48460/1/47120/372739/47158/184884/47201/124417/326777/47222/630955/47221/199939/538883/52775/538900/128670,jpg
http://inaturalist-open-data.s3.amazonaws.com/photos/43056753/large.jpg,Bombus vagans bolsteri,48460/1/47120/372739/47158/184884/47201/124417/326777/47222/630955/47221/199939/538883/52775/538900/128670,jpg
http://inaturalist-open-data.s3.amazonaws.com/photos/43828446/large.jpg,Bombus vagans bolsteri,48460/1/47120/372739/47158/184884/47201/124417/326777/47222/630955/47221/199939/538883/52775/538900/128670,jpg
http://inaturalist-open-data.s3.amazonaws.com/photos/45230922/large.jpg,Bombus vagans bolsteri,48460/1/47120/372739/47158/184884/47201/124417/326777/47222/630955/47221/199939/538883/52775/538900/128670,jpg
http://inaturalist-open-data.s3.amazonaws.com/photos/45769349/large.jpg,Bombus vagans bolsteri,48460/1/47120/372739/47158/184884/47201/124417/326777/47222/630955/47221/199939/538883/52775/538900/128670,jpg
http://inaturalist-open-data.s3.amazonaws.com/photos/45870462/large.jpg,Bombus vagans bolsteri,48460/1/47120/372739/47158/184884/47201/124417/326777/47222/630955/47221/199939/538883/52775/538900/128670,jpg
http://inaturalist-open-data.s3.amazonaws.com/photos/45875270/large.jpg,Bombus vagans bolsteri,48460/1/47120/372739/47158/184884/47201/124417/326777/47222/630955/47221/199939/538883/52775/538900/128670,jpg
http://inaturalist-open-data.s3.amazonaws.com/photos/45879371/large.jpg,Bombus vagans bolsteri,48460/1/47120/372739/47158/184884/47201/124417/326777/47222/630955/47221/199939/538883/52775/538900/128670,jpg
http://inaturalist-open-data.s3.amazonaws.com/photos/47402740/large.jpeg,Bombus vagans bolsteri,48460/1/47120/372739/47158/184884/47201/124417/326777/47222/630955/47221/199939/538883/52775/538900/128670,jpeg
http://inaturalist-open-data.s3.amazonaws.com/photos/47405053/large.jpeg,Bombus vagans bolsteri,48460/1/47120/372739/47158/184884/47201/124417/326777/47222/630955/47221/199939/538883/52775/538900/128670,jpeg
http://inaturalist-open-data.s3.amazonaws.com/photos/47434648/large.jpg,Bombus vagans bolsteri,48460/1/47120/372739/47158/184884/47201/124417/326777/47222/630955/47221/199939/538883/52775/538900/128670,jpg
http://inaturalist-open-data.s3.amazonaws.com/photos/47496908/large.jpg,Bombus vagans bolsteri,48460/1/47120/372739/47158/184884/47201/124417/326777/47222/630955/47221/199939/538883/52775/538900/128670,jpg
http://inaturalist-open-data.s3.amazonaws.com/photos/47891196/large.jpg,Bombus vagans bolsteri,48460/1/47120/372739/47158/184884/47201/124417/326777/47222/630955/47221/199939/538883/52775/538900/128670,jpg
http://inaturalist-open-data.s3.amazonaws.com/photos/48120901/large.png,Bombus vagans bolsteri,48460/1/47120/372739/47158/184884/47201/124417/326777/47222/630955/47221/199939/538883/52775/538900/128670,png
http://inaturalist-open-data.s3.amazonaws.com/photos/48851397/large.jpg,Bombus vagans bolsteri,48460/1/47120/372739/47158/184884/47201/124417/326777/47222/630955/47221/199939/538883/52775/538900/128670,jpg
http://inaturalist-open-data.s3.amazonaws.com/photos/48967660/large.jpg,Bombus vagans bolsteri,48460/1/47120/372739/47158/184884/47201/124417/326777/47222/630955/47221/199939/538883/52775/538900/128670,jpg
http://inaturalist-open-data.s3.amazonaws.com/photos/48967654/large.jpg,Bombus vagans bolsteri,48460/1/47120/372739/47158/184884/47201/124417/326777/47222/630955/47221/199939/538883/52775/538900/128670,jpg
http://inaturalist-open-data.s3.amazonaws.com/photos/48967656/large.jpg,Bombus vagans bolsteri,48460/1/47120/372739/47158/184884/47201/124417/326777/47222/630955/47221/199939/538883/52775/538900/128670,jpg
http://inaturalist-open-data.s3.amazonaws.com/photos/48967666/large.jpg,Bombus vagans bolsteri,48460/1/47120/372739/47158/184884/47201/124417/326777/47222/630955/47221/199939/538883/52775/538900/128670,jpg
http://inaturalist-open-data.s3.amazonaws.com/photos/48969271/large.jpg,Bombus vagans bolsteri,48460/1/47120/372739/47158/184884/47201/124417/326777/47222/630955/47221/199939/538883/52775/538900/128670,jpg
http://inaturalist-open-data.s3.amazonaws.com/photos/48969268/large.jpg,Bombus vagans bolsteri,48460/1/47120/372739/47158/184884/47201/124417/326777/47222/630955/47221/199939/538883/52775/538900/128670,jpg
http://inaturalist-open-data.s3.amazonaws.com/photos/48969248/large.jpg,Bombus vagans bolsteri,48460/1/47120/372739/47158/184884/47201/124417/326777/47222/630955/47221/199939/538883/52775/538900/128670,jpg
http://inaturalist-open-data.s3.amazonaws.com/photos/48969262/large.jpg,Bombus vagans bolsteri,48460/1/47120/372739/47158/184884/47201/124417/326777/47222/630955/47221/199939/538883/52775/538900/128670,jpg
http://inaturalist-open-data.s3.amazonaws.com/photos/48976507/large.jpg,Bombus vagans bolsteri,48460/1/47120/372739/47158/184884/47201/124417/326777/47222/630955/47221/199939/538883/52775/538900/128670,jpg
http://inaturalist-open-data.s3.amazonaws.com/photos/48976497/large.jpg,Bombus vagans bolsteri,48460/1/47120/372739/47158/184884/47201/124417/326777/47222/630955/47221/199939/538883/52775/538900/128670,jpg
http://inaturalist-open-data.s3.amazonaws.com/photos/48976501/large.jpg,Bombus vagans bolsteri,48460/1/47120/372739/47158/184884/47201/124417/326777/47222/630955/47221/199939/538883/52775/538900/128670,jpg
http://inaturalist-open-data.s3.amazonaws.com/photos/48978640/large.jpg,Bombus vagans bolsteri,48460/1/47120/372739/47158/184884/47201/124417/326777/47222/630955/47221/199939/538883/52775/538900/128670,jpg
http://inaturalist-open-data.s3.amazonaws.com/photos/48978664/large.jpg,Bombus vagans bolsteri,48460/1/47120/372739/47158/184884/47201/124417/326777/47222/630955/47221/199939/538883/52775/538900/128670,jpg
http://inaturalist-open-data.s3.amazonaws.com/photos/48978650/large.jpg,Bombus vagans bolsteri,48460/1/47120/372739/47158/184884/47201/124417/326777/47222/630955/47221/199939/538883/52775/538900/128670,jpg
http://inaturalist-open-data.s3.amazonaws.com/photos/48978626/large.jpg,Bombus vagans bolsteri,48460/1/47120/372739/47158/184884/47201/124417/326777/47222/630955/47221/199939/538883/52775/538900/128670,jpg
http://inaturalist-open-data.s3.amazonaws.com/photos/49069992/large.jpg,Bombus vagans bolsteri,48460/1/47120/372739/47158/184884/47201/124417/326777/47222/630955/47221/199939/538883/52775/538900/128670,jpg
http://inaturalist-open-data.s3.amazonaws.com/photos/51073201/large.jpg,Bombus vagans bolsteri,48460/1/47120/372739/47158/184884/47201/124417/326777/47222/630955/47221/199939/538883/52775/538900/128670,jpg
http://inaturalist-open-data.s3.amazonaws.com/photos/51073183/large.jpg,Bombus vagans bolsteri,48460/1/47120/372739/47158/184884/47201/124417/326777/47222/630955/47221/199939/538883/52775/538900/128670,jpg
http://inaturalist-open-data.s3.amazonaws.com/photos/51073209/large.jpg,Bombus vagans bolsteri,48460/1/47120/372739/47158/184884/47201/124417/326777/47222/630955/47221/199939/538883/52775/538900/128670,jpg
http://inaturalist-open-data.s3.amazonaws.com/photos/51073176/large.jpg,Bombus vagans bolsteri,48460/1/47120/372739/47158/184884/47201/124417/326777/47222/630955/47221/199939/538883/52775/538900/128670,jpg
http://inaturalist-open-data.s3.amazonaws.com/photos/51231495/large.jpg,Bombus vagans bolsteri,48460/1/47120/372739/47158/184884/47201/124417/326777/47222/630955/47221/199939/538883/52775/538900/128670,jpg
http://inaturalist-open-data.s3.amazonaws.com/photos/51423906/large.jpg,Bombus vagans bolsteri,48460/1/47120/372739/47158/184884/47201/124417/326777/47222/630955/47221/199939/538883/52775/538900/128670,jpg
http://inaturalist-open-data.s3.amazonaws.com/photos/51423893/large.jpg,Bombus vagans bolsteri,48460/1/47120/372739/47158/184884/47201/124417/326777/47222/630955/47221/199939/538883/52775/538900/128670,jpg
http://inaturalist-open-data.s3.amazonaws.com/photos/51423872/large.jpg,Bombus vagans bolsteri,48460/1/47120/372739/47158/184884/47201/124417/326777/47222/630955/47221/199939/538883/52775/538900/128670,jpg
http://inaturalist-open-data.s3.amazonaws.com/photos/51423881/large.jpg,Bombus vagans bolsteri,48460/1/47120/372739/47158/184884/47201/124417/326777/47222/630955/47221/199939/538883/52775/538900/128670,jpg
http://inaturalist-open-data.s3.amazonaws.com/photos/51423161/large.jpg,Bombus vagans bolsteri,48460/1/47120/372739/47158/184884/47201/124417/326777/47222/630955/47221/199939/538883/52775/538900/128670,jpg
http://inaturalist-open-data.s3.amazonaws.com/photos/51544527/large.jpg,Bombus vagans bolsteri,48460/1/47120/372739/47158/184884/47201/124417/326777/47222/630955/47221/199939/538883/52775/538900/128670,jpg
http://inaturalist-open-data.s3.amazonaws.com/photos/51544565/large.jpg,Bombus vagans bolsteri,48460/1/47120/372739/47158/184884/47201/124417/326777/47222/630955/47221/199939/538883/52775/538900/128670,jpg
http://inaturalist-open-data.s3.amazonaws.com/photos/51544537/large.jpg,Bombus vagans bolsteri,48460/1/47120/372739/47158/184884/47201/124417/326777/47222/630955/47221/199939/538883/52775/538900/128670,jpg
http://inaturalist-open-data.s3.amazonaws.com/photos/51544551/large.jpg,Bombus vagans bolsteri,48460/1/47120/372739/47158/184884/47201/124417/326777/47222/630955/47221/199939/538883/52775/538900/128670,jpg
http://inaturalist-open-data.s3.amazonaws.com/photos/51547692/large.jpg,Bombus vagans bolsteri,48460/1/47120/372739/47158/184884/47201/124417/326777/47222/630955/47221/199939/538883/52775/538900/128670,jpg
http://inaturalist-open-data.s3.amazonaws.com/photos/51547715/large.jpg,Bombus vagans bolsteri,48460/1/47120/372739/47158/184884/47201/124417/326777/47222/630955/47221/199939/538883/52775/538900/128670,jpg
http://inaturalist-open-data.s3.amazonaws.com/photos/51547673/large.jpg,Bombus vagans bolsteri,48460/1/47120/372739/47158/184884/47201/124417/326777/47222/630955/47221/199939/538883/52775/538900/128670,jpg
http://inaturalist-open-data.s3.amazonaws.com/photos/51547704/large.jpg,Bombus vagans bolsteri,48460/1/47120/372739/47158/184884/47201/124417/326777/47222/630955/47221/199939/538883/52775/538900/128670,jpg
http://inaturalist-open-data.s3.amazonaws.com/photos/52739601/large.jpg,Bombus vagans bolsteri,48460/1/47120/372739/47158/184884/47201/124417/326777/47222/630955/47221/199939/538883/52775/538900/128670,jpg
http://inaturalist-open-data.s3.amazonaws.com/photos/52739613/large.jpg,Bombus vagans bolsteri,48460/1/47120/372739/47158/184884/47201/124417/326777/47222/630955/47221/199939/538883/52775/538900/128670,jpg
http://inaturalist-open-data.s3.amazonaws.com/photos/52739607/large.jpg,Bombus vagans bolsteri,48460/1/47120/372739/47158/184884/47201/124417/326777/47222/630955/47221/199939/538883/52775/538900/128670,jpg
http://inaturalist-open-data.s3.amazonaws.com/photos/53656984/large.jpg,Bombus vagans bolsteri,48460/1/47120/372739/47158/184884/47201/124417/326777/47222/630955/47221/199939/538883/52775/538900/128670,jpg
http://inaturalist-open-data.s3.amazonaws.com/photos/53656969/large.jpg,Bombus vagans bolsteri,48460/1/47120/372739/47158/184884/47201/124417/326777/47222/630955/47221/199939/538883/52775/538900/128670,jpg
http://inaturalist-open-data.s3.amazonaws.com/photos/53656979/large.jpg,Bombus vagans bolsteri,48460/1/47120/372739/47158/184884/47201/124417/326777/47222/630955/47221/199939/538883/52775/538900/128670,jpg
http://inaturalist-open-data.s3.amazonaws.com/photos/53656958/large.jpg,Bombus vagans bolsteri,48460/1/47120/372739/47158/184884/47201/124417/326777/47222/630955/47221/199939/538883/52775/538900/128670,jpg
http://inaturalist-open-data.s3.amazonaws.com/photos/56796732/large.jpg,Bombus vagans bolsteri,48460/1/47120/372739/47158/184884/47201/124417/326777/47222/630955/47221/199939/538883/52775/538900/128670,jpg
http://inaturalist-open-data.s3.amazonaws.com/photos/57716764/large.jpg,Bombus vagans bolsteri,48460/1/47120/372739/47158/184884/47201/124417/326777/47222/630955/47221/199939/538883/52775/538900/128670,jpg
http://inaturalist-open-data.s3.amazonaws.com/photos/57716485/large.jpg,Bombus vagans bolsteri,48460/1/47120/372739/47158/184884/47201/124417/326777/47222/630955/47221/199939/538883/52775/538900/128670,jpg
http://inaturalist-open-data.s3.amazonaws.com/photos/76683204/large.jpeg,Bombus vagans bolsteri,48460/1/47120/372739/47158/184884/47201/124417/326777/47222/630955/47221/199939/538883/52775/538900/128670,jpeg
http://inaturalist-open-data.s3.amazonaws.com/photos/77103015/large.jpg,Bombus vagans bolsteri,48460/1/47120/372739/47158/184884/47201/124417/326777/47222/630955/47221/199939/538883/52775/538900/128670,jpg
http://inaturalist-open-data.s3.amazonaws.com/photos/77663633/large.jpg,Bombus vagans bolsteri,48460/1/47120/372739/47158/184884/47201/124417/326777/47222/630955/47221/199939/538883/52775/538900/128670,jpg
http://inaturalist-open-data.s3.amazonaws.com/photos/77684100/large.jpg,Bombus vagans bolsteri,48460/1/47120/372739/47158/184884/47201/124417/326777/47222/630955/47221/199939/538883/52775/538900/128670,jpg
http://inaturalist-open-data.s3.amazonaws.com/photos/77684145/large.jpg,Bombus vagans bolsteri,48460/1/47120/372739/47158/184884/47201/124417/326777/47222/630955/47221/199939/538883/52775/538900/128670,jpg
http://inaturalist-open-data.s3.amazonaws.com/photos/77684122/large.jpg,Bombus vagans bolsteri,48460/1/47120/372739/47158/184884/47201/124417/326777/47222/630955/47221/199939/538883/52775/538900/128670,jpg
http://inaturalist-open-data.s3.amazonaws.com/photos/77684232/large.jpg,Bombus vagans bolsteri,48460/1/47120/372739/47158/184884/47201/124417/326777/47222/630955/47221/199939/538883/52775/538900/128670,jpg
http://inaturalist-open-data.s3.amazonaws.com/photos/80346185/large.jpg,Bombus vagans bolsteri,48460/1/47120/372739/47158/184884/47201/124417/326777/47222/630955/47221/199939/538883/52775/538900/128670,jpg
http://inaturalist-open-data.s3.amazonaws.com/photos/80372026/large.jpg,Bombus vagans bolsteri,48460/1/47120/372739/47158/184884/47201/124417/326777/47222/630955/47221/199939/538883/52775/538900/128670,jpg
http://inaturalist-open-data.s3.amazonaws.com/photos/80685026/large.jpg,Bombus vagans bolsteri,48460/1/47120/372739/47158/184884/47201/124417/326777/47222/630955/47221/199939/538883/52775/538900/128670,jpg
http://inaturalist-open-data.s3.amazonaws.com/photos/81151361/large.jpg,Bombus vagans bolsteri,48460/1/47120/372739/47158/184884/47201/124417/326777/47222/630955/47221/199939/538883/52775/538900/128670,jpg
http://inaturalist-open-data.s3.amazonaws.com/photos/81151404/large.jpg,Bombus vagans bolsteri,48460/1/47120/372739/47158/184884/47201/124417/326777/47222/630955/47221/199939/538883/52775/538900/128670,jpg
http://inaturalist-open-data.s3.amazonaws.com/photos/81151392/large.jpg,Bombus vagans bolsteri,48460/1/47120/372739/47158/184884/47201/124417/326777/47222/630955/47221/199939/538883/52775/538900/128670,jpg
http://inaturalist-open-data.s3.amazonaws.com/photos/81151376/large.jpg,Bombus vagans bolsteri,48460/1/47120/372739/47158/184884/47201/124417/326777/47222/630955/47221/199939/538883/52775/538900/128670,jpg
http://inaturalist-open-data.s3.amazonaws.com/photos/81152721/large.jpg,Bombus vagans bolsteri,48460/1/47120/372739/47158/184884/47201/124417/326777/47222/630955/47221/199939/538883/52775/538900/128670,jpg
http://inaturalist-open-data.s3.amazonaws.com/photos/81152710/large.jpg,Bombus vagans bolsteri,48460/1/47120/372739/47158/184884/47201/124417/326777/47222/630955/47221/199939/538883/52775/538900/128670,jpg
http://inaturalist-open-data.s3.amazonaws.com/photos/81409265/large.jpg,Bombus vagans bolsteri,48460/1/47120/372739/47158/184884/47201/124417/326777/47222/630955/47221/199939/538883/52775/538900/128670,jpg
http://inaturalist-open-data.s3.amazonaws.com/photos/82775242/large.jpg,Bombus vagans bolsteri,48460/1/47120/372739/47158/184884/47201/124417/326777/47222/630955/47221/199939/538883/52775/538900/128670,jpg
http://inaturalist-open-data.s3.amazonaws.com/photos/82947627/large.jpg,Bombus vagans bolsteri,48460/1/47120/372739/47158/184884/47201/124417/326777/47222/630955/47221/199939/538883/52775/538900/128670,jpg
http://inaturalist-open-data.s3.amazonaws.com/photos/85083548/large.jpg,Bombus vagans bolsteri,48460/1/47120/372739/47158/184884/47201/124417/326777/47222/630955/47221/199939/538883/52775/538900/128670,jpg
http://inaturalist-open-data.s3.amazonaws.com/photos/85986779/large.jpg,Bombus vagans bolsteri,48460/1/47120/372739/47158/184884/47201/124417/326777/47222/630955/47221/199939/538883/52775/538900/128670,jpg
http://inaturalist-open-data.s3.amazonaws.com/photos/85986789/large.jpg,Bombus vagans bolsteri,48460/1/47120/372739/47158/184884/47201/124417/326777/47222/630955/47221/199939/538883/52775/538900/128670,jpg
http://inaturalist-open-data.s3.amazonaws.com/photos/85986801/large.jpg,Bombus vagans bolsteri,48460/1/47120/372739/47158/184884/47201/124417/326777/47222/630955/47221/199939/538883/52775/538900/128670,jpg
http://inaturalist-open-data.s3.amazonaws.com/photos/86675257/large.jpeg,Bombus vagans bolsteri,48460/1/47120/372739/47158/184884/47201/124417/326777/47222/630955/47221/199939/538883/52775/538900/128670,jpeg
http://inaturalist-open-data.s3.amazonaws.com/photos/86931759/large.jpg,Bombus vagans bolsteri,48460/1/47120/372739/47158/184884/47201/124417/326777/47222/630955/47221/199939/538883/52775/538900/128670,jpg
http://inaturalist-open-data.s3.amazonaws.com/photos/87424262/large.jpg,Bombus vagans bolsteri,48460/1/47120/372739/47158/184884/47201/124417/326777/47222/630955/47221/199939/538883/52775/538900/128670,jpg
http://inaturalist-open-data.s3.amazonaws.com/photos/87711103/large.jpg,Bombus vagans bolsteri,48460/1/47120/372739/47158/184884/47201/124417/326777/47222/630955/47221/199939/538883/52775/538900/128670,jpg
http://inaturalist-open-data.s3.amazonaws.com/photos/88068831/large.jpg,Bombus vagans bolsteri,48460/1/47120/372739/47158/184884/47201/124417/326777/47222/630955/47221/199939/538883/52775/538900/128670,jpg
http://inaturalist-open-data.s3.amazonaws.com/photos/88362594/large.jpg,Bombus vagans bolsteri,48460/1/47120/372739/47158/184884/47201/124417/326777/47222/630955/47221/199939/538883/52775/538900/128670,jpg
http://inaturalist-open-data.s3.amazonaws.com/photos/88938748/large.jpg,Bombus vagans bolsteri,48460/1/47120/372739/47158/184884/47201/124417/326777/47222/630955/47221/199939/538883/52775/538900/128670,jpg
http://inaturalist-open-data.s3.amazonaws.com/photos/90369931/large.jpg,Bombus vagans bolsteri,48460/1/47120/372739/47158/184884/47201/124417/326777/47222/630955/47221/199939/538883/52775/538900/128670,jpg
http://inaturalist-open-data.s3.amazonaws.com/photos/90369834/large.jpg,Bombus vagans bolsteri,48460/1/47120/372739/47158/184884/47201/124417/326777/47222/630955/47221/199939/538883/52775/538900/128670,jpg
http://inaturalist-open-data.s3.amazonaws.com/photos/90369874/large.jpg,Bombus vagans bolsteri,48460/1/47120/372739/47158/184884/47201/124417/326777/47222/630955/47221/199939/538883/52775/538900/128670,jpg
http://inaturalist-open-data.s3.amazonaws.com/photos/90586974/large.jpg,Bombus vagans bolsteri,48460/1/47120/372739/47158/184884/47201/124417/326777/47222/630955/47221/199939/538883/52775/538900/128670,jpg
http://inaturalist-open-data.s3.amazonaws.com/photos/90587000/large.jpg,Bombus vagans bolsteri,48460/1/47120/372739/47158/184884/47201/124417/326777/47222/630955/47221/199939/538883/52775/538900/128670,jpg
http://inaturalist-open-data.s3.amazonaws.com/photos/90857519/large.jpg,Bombus vagans bolsteri,48460/1/47120/372739/47158/184884/47201/124417/326777/47222/630955/47221/199939/538883/52775/538900/128670,jpg
http://inaturalist-open-data.s3.amazonaws.com/photos/90857585/large.jpg,Bombus vagans bolsteri,48460/1/47120/372739/47158/184884/47201/124417/326777/47222/630955/47221/199939/538883/52775/538900/128670,jpg
http://inaturalist-open-data.s3.amazonaws.com/photos/90857455/large.jpg,Bombus vagans bolsteri,48460/1/47120/372739/47158/184884/47201/124417/326777/47222/630955/47221/199939/538883/52775/538900/128670,jpg
http://inaturalist-open-data.s3.amazonaws.com/photos/96625486/large.jpg,Bombus vagans bolsteri,48460/1/47120/372739/47158/184884/47201/124417/326777/47222/630955/47221/199939/538883/52775/538900/128670,jpg
http://inaturalist-open-data.s3.amazonaws.com/photos/96625475/large.jpg,Bombus vagans bolsteri,48460/1/47120/372739/47158/184884/47201/124417/326777/47222/630955/47221/199939/538883/52775/538900/128670,jpg
http://inaturalist-open-data.s3.amazonaws.com/photos/96625502/large.jpg,Bombus vagans bolsteri,48460/1/47120/372739/47158/184884/47201/124417/326777/47222/630955/47221/199939/538883/52775/538900/128670,jpg
http://inaturalist-open-data.s3.amazonaws.com/photos/96625515/large.jpg,Bombus vagans bolsteri,48460/1/47120/372739/47158/184884/47201/124417/326777/47222/630955/47221/199939/538883/52775/538900/128670,jpg
http://inaturalist-open-data.s3.amazonaws.com/photos/96626344/large.jpg,Bombus vagans bolsteri,48460/1/47120/372739/47158/184884/47201/124417/326777/47222/630955/47221/199939/538883/52775/538900/128670,jpg
http://inaturalist-open-data.s3.amazonaws.com/photos/96626374/large.jpg,Bombus vagans bolsteri,48460/1/47120/372739/47158/184884/47201/124417/326777/47222/630955/47221/199939/538883/52775/538900/128670,jpg
http://inaturalist-open-data.s3.amazonaws.com/photos/96626391/large.jpg,Bombus vagans bolsteri,48460/1/47120/372739/47158/184884/47201/124417/326777/47222/630955/47221/199939/538883/52775/538900/128670,jpg
http://inaturalist-open-data.s3.amazonaws.com/photos/96627021/large.jpg,Bombus vagans bolsteri,48460/1/47120/372739/47158/184884/47201/124417/326777/47222/630955/47221/199939/538883/52775/538900/128670,jpg
http://inaturalist-open-data.s3.amazonaws.com/photos/96627048/large.jpg,Bombus vagans bolsteri,48460/1/47120/372739/47158/184884/47201/124417/326777/47222/630955/47221/199939/538883/52775/538900/128670,jpg
http://inaturalist-open-data.s3.amazonaws.com/photos/96627000/large.jpg,Bombus vagans bolsteri,48460/1/47120/372739/47158/184884/47201/124417/326777/47222/630955/47221/199939/538883/52775/538900/128670,jpg
http://inaturalist-open-data.s3.amazonaws.com/photos/96627033/large.jpg,Bombus vagans bolsteri,48460/1/47120/372739/47158/184884/47201/124417/326777/47222/630955/47221/199939/538883/52775/538900/128670,jpg
http://inaturalist-open-data.s3.amazonaws.com/photos/136495160/large.jpg,Bombus vagans bolsteri,48460/1/47120/372739/47158/184884/47201/124417/326777/47222/630955/47221/199939/538883/52775/538900/128670,jpg
http://inaturalist-open-data.s3.amazonaws.com/photos/136787139/large.jpeg,Bombus vagans bolsteri,48460/1/47120/372739/47158/184884/47201/124417/326777/47222/630955/47221/199939/538883/52775/538900/128670,jpeg
http://inaturalist-open-data.s3.amazonaws.com/photos/137677678/large.jpg,Bombus vagans bolsteri,48460/1/47120/372739/47158/184884/47201/124417/326777/47222/630955/47221/199939/538883/52775/538900/128670,jpg
http://inaturalist-open-data.s3.amazonaws.com/photos/138592999/large.jpg,Bombus vagans bolsteri,48460/1/47120/372739/47158/184884/47201/124417/326777/47222/630955/47221/199939/538883/52775/538900/128670,jpg
http://inaturalist-open-data.s3.amazonaws.com/photos/144604777/large.jpg,Bombus vagans bolsteri,48460/1/47120/372739/47158/184884/47201/124417/326777/47222/630955/47221/199939/538883/52775/538900/128670,jpg
http://inaturalist-open-data.s3.amazonaws.com/photos/144604765/large.jpg,Bombus vagans bolsteri,48460/1/47120/372739/47158/184884/47201/124417/326777/47222/630955/47221/199939/538883/52775/538900/128670,jpg
http://inaturalist-open-data.s3.amazonaws.com/photos/144604788/large.jpg,Bombus vagans bolsteri,48460/1/47120/372739/47158/184884/47201/124417/326777/47222/630955/47221/199939/538883/52775/538900/128670,jpg
http://inaturalist-open-data.s3.amazonaws.com/photos/144745873/large.jpeg,Bombus vagans bolsteri,48460/1/47120/372739/47158/184884/47201/124417/326777/47222/630955/47221/199939/538883/52775/538900/128670,jpeg
http://inaturalist-open-data.s3.amazonaws.com/photos/144795627/large.jpg,Bombus vagans bolsteri,48460/1/47120/372739/47158/184884/47201/124417/326777/47222/630955/47221/199939/538883/52775/538900/128670,jpg
http://inaturalist-open-data.s3.amazonaws.com/photos/144795536/large.jpg,Bombus vagans bolsteri,48460/1/47120/372739/47158/184884/47201/124417/326777/47222/630955/47221/199939/538883/52775/538900/128670,jpg
http://inaturalist-open-data.s3.amazonaws.com/photos/144795554/large.jpg,Bombus vagans bolsteri,48460/1/47120/372739/47158/184884/47201/124417/326777/47222/630955/47221/199939/538883/52775/538900/128670,jpg
http://inaturalist-open-data.s3.amazonaws.com/photos/144795569/large.jpg,Bombus vagans bolsteri,48460/1/47120/372739/47158/184884/47201/124417/326777/47222/630955/47221/199939/538883/52775/538900/128670,jpg
http://inaturalist-open-data.s3.amazonaws.com/photos/144795585/large.jpg,Bombus vagans bolsteri,48460/1/47120/372739/47158/184884/47201/124417/326777/47222/630955/47221/199939/538883/52775/538900/128670,jpg
http://inaturalist-open-data.s3.amazonaws.com/photos/144795614/large.jpg,Bombus vagans bolsteri,48460/1/47120/372739/47158/184884/47201/124417/326777/47222/630955/47221/199939/538883/52775/538900/128670,jpg
http://inaturalist-open-data.s3.amazonaws.com/photos/144795642/large.jpg,Bombus vagans bolsteri,48460/1/47120/372739/47158/184884/47201/124417/326777/47222/630955/47221/199939/538883/52775/538900/128670,jpg
http://inaturalist-open-data.s3.amazonaws.com/photos/144795657/large.jpg,Bombus vagans bolsteri,48460/1/47120/372739/47158/184884/47201/124417/326777/47222/630955/47221/199939/538883/52775/538900/128670,jpg
http://inaturalist-open-data.s3.amazonaws.com/photos/144795671/large.jpg,Bombus vagans bolsteri,48460/1/47120/372739/47158/184884/47201/124417/326777/47222/630955/47221/199939/538883/52775/538900/128670,jpg
http://inaturalist-open-data.s3.amazonaws.com/photos/145025631/large.jpg,Bombus vagans bolsteri,48460/1/47120/372739/47158/184884/47201/124417/326777/47222/630955/47221/199939/538883/52775/538900/128670,jpg
http://inaturalist-open-data.s3.amazonaws.com/photos/145025581/large.jpg,Bombus vagans bolsteri,48460/1/47120/372739/47158/184884/47201/124417/326777/47222/630955/47221/199939/538883/52775/538900/128670,jpg
http://inaturalist-open-data.s3.amazonaws.com/photos/145025570/large.jpg,Bombus vagans bolsteri,48460/1/47120/372739/47158/184884/47201/124417/326777/47222/630955/47221/199939/538883/52775/538900/128670,jpg
http://inaturalist-open-data.s3.amazonaws.com/photos/145321730/large.jpg,Bombus vagans bolsteri,48460/1/47120/372739/47158/184884/47201/124417/326777/47222/630955/47221/199939/538883/52775/538900/128670,jpg
http://inaturalist-open-data.s3.amazonaws.com/photos/145321739/large.jpg,Bombus vagans bolsteri,48460/1/47120/372739/47158/184884/47201/124417/326777/47222/630955/47221/199939/538883/52775/538900/128670,jpg
http://inaturalist-open-data.s3.amazonaws.com/photos/145321744/large.jpg,Bombus vagans bolsteri,48460/1/47120/372739/47158/184884/47201/124417/326777/47222/630955/47221/199939/538883/52775/538900/128670,jpg
http://inaturalist-open-data.s3.amazonaws.com/photos/145321753/large.jpg,Bombus vagans bolsteri,48460/1/47120/372739/47158/184884/47201/124417/326777/47222/630955/47221/199939/538883/52775/538900/128670,jpg
http://inaturalist-open-data.s3.amazonaws.com/photos/145663432/large.jpeg,Bombus vagans bolsteri,48460/1/47120/372739/47158/184884/47201/124417/326777/47222/630955/47221/199939/538883/52775/538900/128670,jpeg
http://inaturalist-open-data.s3.amazonaws.com/photos/145690002/large.jpeg,Bombus vagans bolsteri,48460/1/47120/372739/47158/184884/47201/124417/326777/47222/630955/47221/199939/538883/52775/538900/128670,jpeg
http://inaturalist-open-data.s3.amazonaws.com/photos/146125957/large.jpg,Bombus vagans bolsteri,48460/1/47120/372739/47158/184884/47201/124417/326777/47222/630955/47221/199939/538883/52775/538900/128670,jpg
http://inaturalist-open-data.s3.amazonaws.com/photos/146126252/large.jpg,Bombus vagans bolsteri,48460/1/47120/372739/47158/184884/47201/124417/326777/47222/630955/47221/199939/538883/52775/538900/128670,jpg
http://inaturalist-open-data.s3.amazonaws.com/photos/146644483/large.jpg,Bombus vagans bolsteri,48460/1/47120/372739/47158/184884/47201/124417/326777/47222/630955/47221/199939/538883/52775/538900/128670,jpg
http://inaturalist-open-data.s3.amazonaws.com/photos/146859397/large.jpg,Bombus vagans bolsteri,48460/1/47120/372739/47158/184884/47201/124417/326777/47222/630955/47221/199939/538883/52775/538900/128670,jpg
http://inaturalist-open-data.s3.amazonaws.com/photos/147099412/large.jpeg,Bombus vagans bolsteri,48460/1/47120/372739/47158/184884/47201/124417/326777/47222/630955/47221/199939/538883/52775/538900/128670,jpeg
http://inaturalist-open-data.s3.amazonaws.com/photos/147099445/large.jpeg,Bombus vagans bolsteri,48460/1/47120/372739/47158/184884/47201/124417/326777/47222/630955/47221/199939/538883/52775/538900/128670,jpeg
http://inaturalist-open-data.s3.amazonaws.com/photos/147099486/large.jpeg,Bombus vagans bolsteri,48460/1/47120/372739/47158/184884/47201/124417/326777/47222/630955/47221/199939/538883/52775/538900/128670,jpeg
http://inaturalist-open-data.s3.amazonaws.com/photos/147131302/large.jpg,Bombus vagans bolsteri,48460/1/47120/372739/47158/184884/47201/124417/326777/47222/630955/47221/199939/538883/52775/538900/128670,jpg
http://inaturalist-open-data.s3.amazonaws.com/photos/147273233/large.jpg,Bombus vagans bolsteri,48460/1/47120/372739/47158/184884/47201/124417/326777/47222/630955/47221/199939/538883/52775/538900/128670,jpg
http://inaturalist-open-data.s3.amazonaws.com/photos/147599145/large.jpeg,Bombus vagans bolsteri,48460/1/47120/372739/47158/184884/47201/124417/326777/47222/630955/47221/199939/538883/52775/538900/128670,jpeg
http://inaturalist-open-data.s3.amazonaws.com/photos/148553804/large.jpg,Bombus vagans bolsteri,48460/1/47120/372739/47158/184884/47201/124417/326777/47222/630955/47221/199939/538883/52775/538900/128670,jpg
http://inaturalist-open-data.s3.amazonaws.com/photos/148553839/large.jpg,Bombus vagans bolsteri,48460/1/47120/372739/47158/184884/47201/124417/326777/47222/630955/47221/199939/538883/52775/538900/128670,jpg
http://inaturalist-open-data.s3.amazonaws.com/photos/148553729/large.jpg,Bombus vagans bolsteri,48460/1/47120/372739/47158/184884/47201/124417/326777/47222/630955/47221/199939/538883/52775/538900/128670,jpg
http://inaturalist-open-data.s3.amazonaws.com/photos/148928970/large.jpg,Bombus vagans bolsteri,48460/1/47120/372739/47158/184884/47201/124417/326777/47222/630955/47221/199939/538883/52775/538900/128670,jpg
http://inaturalist-open-data.s3.amazonaws.com/photos/148929272/large.jpg,Bombus vagans bolsteri,48460/1/47120/372739/47158/184884/47201/124417/326777/47222/630955/47221/199939/538883/52775/538900/128670,jpg
http://inaturalist-open-data.s3.amazonaws.com/photos/148929283/large.jpg,Bombus vagans bolsteri,48460/1/47120/372739/47158/184884/47201/124417/326777/47222/630955/47221/199939/538883/52775/538900/128670,jpg
http://inaturalist-open-data.s3.amazonaws.com/photos/148929440/large.jpg,Bombus vagans bolsteri,48460/1/47120/372739/47158/184884/47201/124417/326777/47222/630955/47221/199939/538883/52775/538900/128670,jpg
http://inaturalist-open-data.s3.amazonaws.com/photos/148929806/large.jpg,Bombus vagans bolsteri,48460/1/47120/372739/47158/184884/47201/124417/326777/47222/630955/47221/199939/538883/52775/538900/128670,jpg
http://inaturalist-open-data.s3.amazonaws.com/photos/148929972/large.jpg,Bombus vagans bolsteri,48460/1/47120/372739/47158/184884/47201/124417/326777/47222/630955/47221/199939/538883/52775/538900/128670,jpg
http://inaturalist-open-data.s3.amazonaws.com/photos/148929822/large.jpg,Bombus vagans bolsteri,48460/1/47120/372739/47158/184884/47201/124417/326777/47222/630955/47221/199939/538883/52775/538900/128670,jpg
http://inaturalist-open-data.s3.amazonaws.com/photos/148929891/large.jpg,Bombus vagans bolsteri,48460/1/47120/372739/47158/184884/47201/124417/326777/47222/630955/47221/199939/538883/52775/538900/128670,jpg
http://inaturalist-open-data.s3.amazonaws.com/photos/148930127/large.jpg,Bombus vagans bolsteri,48460/1/47120/372739/47158/184884/47201/124417/326777/47222/630955/47221/199939/538883/52775/538900/128670,jpg
http://inaturalist-open-data.s3.amazonaws.com/photos/148930150/large.jpg,Bombus vagans bolsteri,48460/1/47120/372739/47158/184884/47201/124417/326777/47222/630955/47221/199939/538883/52775/538900/128670,jpg
http://inaturalist-open-data.s3.amazonaws.com/photos/148930169/large.jpg,Bombus vagans bolsteri,48460/1/47120/372739/47158/184884/47201/124417/326777/47222/630955/47221/199939/538883/52775/538900/128670,jpg
http://inaturalist-open-data.s3.amazonaws.com/photos/148930688/large.jpg,Bombus vagans bolsteri,48460/1/47120/372739/47158/184884/47201/124417/326777/47222/630955/47221/199939/538883/52775/538900/128670,jpg
http://inaturalist-open-data.s3.amazonaws.com/photos/148931047/large.jpg,Bombus vagans bolsteri,48460/1/47120/372739/47158/184884/47201/124417/326777/47222/630955/47221/199939/538883/52775/538900/128670,jpg
http://inaturalist-open-data.s3.amazonaws.com/photos/148931060/large.jpg,Bombus vagans bolsteri,48460/1/47120/372739/47158/184884/47201/124417/326777/47222/630955/47221/199939/538883/52775/538900/128670,jpg
http://inaturalist-open-data.s3.amazonaws.com/photos/148931069/large.jpg,Bombus vagans bolsteri,48460/1/47120/372739/47158/184884/47201/124417/326777/47222/630955/47221/199939/538883/52775/538900/128670,jpg
http://inaturalist-open-data.s3.amazonaws.com/photos/148931250/large.jpg,Bombus vagans bolsteri,48460/1/47120/372739/47158/184884/47201/124417/326777/47222/630955/47221/199939/538883/52775/538900/128670,jpg
http://inaturalist-open-data.s3.amazonaws.com/photos/148931259/large.jpg,Bombus vagans bolsteri,48460/1/47120/372739/47158/184884/47201/124417/326777/47222/630955/47221/199939/538883/52775/538900/128670,jpg
http://inaturalist-open-data.s3.amazonaws.com/photos/148931275/large.jpg,Bombus vagans bolsteri,48460/1/47120/372739/47158/184884/47201/124417/326777/47222/630955/47221/199939/538883/52775/538900/128670,jpg
http://inaturalist-open-data.s3.amazonaws.com/photos/148931306/large.jpg,Bombus vagans bolsteri,48460/1/47120/372739/47158/184884/47201/124417/326777/47222/630955/47221/199939/538883/52775/538900/128670,jpg
http://inaturalist-open-data.s3.amazonaws.com/photos/148931349/large.jpg,Bombus vagans bolsteri,48460/1/47120/372739/47158/184884/47201/124417/326777/47222/630955/47221/199939/538883/52775/538900/128670,jpg
http://inaturalist-open-data.s3.amazonaws.com/photos/148942097/large.jpg,Bombus vagans bolsteri,48460/1/47120/372739/47158/184884/47201/124417/326777/47222/630955/47221/199939/538883/52775/538900/128670,jpg
http://inaturalist-open-data.s3.amazonaws.com/photos/148942041/large.jpg,Bombus vagans bolsteri,48460/1/47120/372739/47158/184884/47201/124417/326777/47222/630955/47221/199939/538883/52775/538900/128670,jpg
http://inaturalist-open-data.s3.amazonaws.com/photos/148942519/large.jpg,Bombus vagans bolsteri,48460/1/47120/372739/47158/184884/47201/124417/326777/47222/630955/47221/199939/538883/52775/538900/128670,jpg
http://inaturalist-open-data.s3.amazonaws.com/photos/148942660/large.jpg,Bombus vagans bolsteri,48460/1/47120/372739/47158/184884/47201/124417/326777/47222/630955/47221/199939/538883/52775/538900/128670,jpg
http://inaturalist-open-data.s3.amazonaws.com/photos/148942806/large.jpg,Bombus vagans bolsteri,48460/1/47120/372739/47158/184884/47201/124417/326777/47222/630955/47221/199939/538883/52775/538900/128670,jpg
http://inaturalist-open-data.s3.amazonaws.com/photos/148942792/large.jpg,Bombus vagans bolsteri,48460/1/47120/372739/47158/184884/47201/124417/326777/47222/630955/47221/199939/538883/52775/538900/128670,jpg
http://inaturalist-open-data.s3.amazonaws.com/photos/148942821/large.jpg,Bombus vagans bolsteri,48460/1/47120/372739/47158/184884/47201/124417/326777/47222/630955/47221/199939/538883/52775/538900/128670,jpg
http://inaturalist-open-data.s3.amazonaws.com/photos/148943348/large.jpg,Bombus vagans bolsteri,48460/1/47120/372739/47158/184884/47201/124417/326777/47222/630955/47221/199939/538883/52775/538900/128670,jpg
http://inaturalist-open-data.s3.amazonaws.com/photos/148943331/large.jpg,Bombus vagans bolsteri,48460/1/47120/372739/47158/184884/47201/124417/326777/47222/630955/47221/199939/538883/52775/538900/128670,jpg
http://inaturalist-open-data.s3.amazonaws.com/photos/148943377/large.jpg,Bombus vagans bolsteri,48460/1/47120/372739/47158/184884/47201/124417/326777/47222/630955/47221/199939/538883/52775/538900/128670,jpg
http://inaturalist-open-data.s3.amazonaws.com/photos/148943999/large.jpg,Bombus vagans bolsteri,48460/1/47120/372739/47158/184884/47201/124417/326777/47222/630955/47221/199939/538883/52775/538900/128670,jpg
http://inaturalist-open-data.s3.amazonaws.com/photos/148944011/large.jpg,Bombus vagans bolsteri,48460/1/47120/372739/47158/184884/47201/124417/326777/47222/630955/47221/199939/538883/52775/538900/128670,jpg
http://inaturalist-open-data.s3.amazonaws.com/photos/148944026/large.jpg,Bombus vagans bolsteri,48460/1/47120/372739/47158/184884/47201/124417/326777/47222/630955/47221/199939/538883/52775/538900/128670,jpg
http://inaturalist-open-data.s3.amazonaws.com/photos/148944178/large.jpg,Bombus vagans bolsteri,48460/1/47120/372739/47158/184884/47201/124417/326777/47222/630955/47221/199939/538883/52775/538900/128670,jpg
http://inaturalist-open-data.s3.amazonaws.com/photos/148944187/large.jpg,Bombus vagans bolsteri,48460/1/47120/372739/47158/184884/47201/124417/326777/47222/630955/47221/199939/538883/52775/538900/128670,jpg
http://inaturalist-open-data.s3.amazonaws.com/photos/148944537/large.jpg,Bombus vagans bolsteri,48460/1/47120/372739/47158/184884/47201/124417/326777/47222/630955/47221/199939/538883/52775/538900/128670,jpg
http://inaturalist-open-data.s3.amazonaws.com/photos/148944580/large.jpg,Bombus vagans bolsteri,48460/1/47120/372739/47158/184884/47201/124417/326777/47222/630955/47221/199939/538883/52775/538900/128670,jpg
http://inaturalist-open-data.s3.amazonaws.com/photos/148944674/large.jpg,Bombus vagans bolsteri,48460/1/47120/372739/47158/184884/47201/124417/326777/47222/630955/47221/199939/538883/52775/538900/128670,jpg
http://inaturalist-open-data.s3.amazonaws.com/photos/148944852/large.jpg,Bombus vagans bolsteri,48460/1/47120/372739/47158/184884/47201/124417/326777/47222/630955/47221/199939/538883/52775/538900/128670,jpg
http://inaturalist-open-data.s3.amazonaws.com/photos/148944976/large.jpg,Bombus vagans bolsteri,48460/1/47120/372739/47158/184884/47201/124417/326777/47222/630955/47221/199939/538883/52775/538900/128670,jpg
http://inaturalist-open-data.s3.amazonaws.com/photos/148944992/large.jpg,Bombus vagans bolsteri,48460/1/47120/372739/47158/184884/47201/124417/326777/47222/630955/47221/199939/538883/52775/538900/128670,jpg
http://inaturalist-open-data.s3.amazonaws.com/photos/148945012/large.jpg,Bombus vagans bolsteri,48460/1/47120/372739/47158/184884/47201/124417/326777/47222/630955/47221/199939/538883/52775/538900/128670,jpg
http://inaturalist-open-data.s3.amazonaws.com/photos/148945043/large.jpg,Bombus vagans bolsteri,48460/1/47120/372739/47158/184884/47201/124417/326777/47222/630955/47221/199939/538883/52775/538900/128670,jpg
http://inaturalist-open-data.s3.amazonaws.com/photos/148945073/large.jpg,Bombus vagans bolsteri,48460/1/47120/372739/47158/184884/47201/124417/326777/47222/630955/47221/199939/538883/52775/538900/128670,jpg
http://inaturalist-open-data.s3.amazonaws.com/photos/148945222/large.jpg,Bombus vagans bolsteri,48460/1/47120/372739/47158/184884/47201/124417/326777/47222/630955/47221/199939/538883/52775/538900/128670,jpg
http://inaturalist-open-data.s3.amazonaws.com/photos/148945248/large.jpg,Bombus vagans bolsteri,48460/1/47120/372739/47158/184884/47201/124417/326777/47222/630955/47221/199939/538883/52775/538900/128670,jpg
http://inaturalist-open-data.s3.amazonaws.com/photos/148945295/large.jpg,Bombus vagans bolsteri,48460/1/47120/372739/47158/184884/47201/124417/326777/47222/630955/47221/199939/538883/52775/538900/128670,jpg
http://inaturalist-open-data.s3.amazonaws.com/photos/148945319/large.jpg,Bombus vagans bolsteri,48460/1/47120/372739/47158/184884/47201/124417/326777/47222/630955/47221/199939/538883/52775/538900/128670,jpg
http://inaturalist-open-data.s3.amazonaws.com/photos/148945400/large.jpg,Bombus vagans bolsteri,48460/1/47120/372739/47158/184884/47201/124417/326777/47222/630955/47221/199939/538883/52775/538900/128670,jpg
http://inaturalist-open-data.s3.amazonaws.com/photos/148945328/large.jpg,Bombus vagans bolsteri,48460/1/47120/372739/47158/184884/47201/124417/326777/47222/630955/47221/199939/538883/52775/538900/128670,jpg
http://inaturalist-open-data.s3.amazonaws.com/photos/148945334/large.jpg,Bombus vagans bolsteri,48460/1/47120/372739/47158/184884/47201/124417/326777/47222/630955/47221/199939/538883/52775/538900/128670,jpg
http://inaturalist-open-data.s3.amazonaws.com/photos/148967159/large.jpg,Bombus vagans bolsteri,48460/1/47120/372739/47158/184884/47201/124417/326777/47222/630955/47221/199939/538883/52775/538900/128670,jpg
http://inaturalist-open-data.s3.amazonaws.com/photos/148967129/large.jpg,Bombus vagans bolsteri,48460/1/47120/372739/47158/184884/47201/124417/326777/47222/630955/47221/199939/538883/52775/538900/128670,jpg
http://inaturalist-open-data.s3.amazonaws.com/photos/148967252/large.jpg,Bombus vagans bolsteri,48460/1/47120/372739/47158/184884/47201/124417/326777/47222/630955/47221/199939/538883/52775/538900/128670,jpg
http://inaturalist-open-data.s3.amazonaws.com/photos/148967215/large.jpg,Bombus vagans bolsteri,48460/1/47120/372739/47158/184884/47201/124417/326777/47222/630955/47221/199939/538883/52775/538900/128670,jpg
http://inaturalist-open-data.s3.amazonaws.com/photos/148967271/large.jpg,Bombus vagans bolsteri,48460/1/47120/372739/47158/184884/47201/124417/326777/47222/630955/47221/199939/538883/52775/538900/128670,jpg
http://inaturalist-open-data.s3.amazonaws.com/photos/148967409/large.jpg,Bombus vagans bolsteri,48460/1/47120/372739/47158/184884/47201/124417/326777/47222/630955/47221/199939/538883/52775/538900/128670,jpg
http://inaturalist-open-data.s3.amazonaws.com/photos/148967415/large.jpg,Bombus vagans bolsteri,48460/1/47120/372739/47158/184884/47201/124417/326777/47222/630955/47221/199939/538883/52775/538900/128670,jpg
http://inaturalist-open-data.s3.amazonaws.com/photos/148967627/large.jpg,Bombus vagans bolsteri,48460/1/47120/372739/47158/184884/47201/124417/326777/47222/630955/47221/199939/538883/52775/538900/128670,jpg
http://inaturalist-open-data.s3.amazonaws.com/photos/148967585/large.jpg,Bombus vagans bolsteri,48460/1/47120/372739/47158/184884/47201/124417/326777/47222/630955/47221/199939/538883/52775/538900/128670,jpg
http://inaturalist-open-data.s3.amazonaws.com/photos/148967566/large.jpg,Bombus vagans bolsteri,48460/1/47120/372739/47158/184884/47201/124417/326777/47222/630955/47221/199939/538883/52775/538900/128670,jpg
http://inaturalist-open-data.s3.amazonaws.com/photos/148967602/large.jpg,Bombus vagans bolsteri,48460/1/47120/372739/47158/184884/47201/124417/326777/47222/630955/47221/199939/538883/52775/538900/128670,jpg
http://inaturalist-open-data.s3.amazonaws.com/photos/148967612/large.jpg,Bombus vagans bolsteri,48460/1/47120/372739/47158/184884/47201/124417/326777/47222/630955/47221/199939/538883/52775/538900/128670,jpg
http://inaturalist-open-data.s3.amazonaws.com/photos/148967783/large.jpg,Bombus vagans bolsteri,48460/1/47120/372739/47158/184884/47201/124417/326777/47222/630955/47221/199939/538883/52775/538900/128670,jpg
http://inaturalist-open-data.s3.amazonaws.com/photos/148967635/large.jpg,Bombus vagans bolsteri,48460/1/47120/372739/47158/184884/47201/124417/326777/47222/630955/47221/199939/538883/52775/538900/128670,jpg
http://inaturalist-open-data.s3.amazonaws.com/photos/148967668/large.jpg,Bombus vagans bolsteri,48460/1/47120/372739/47158/184884/47201/124417/326777/47222/630955/47221/199939/538883/52775/538900/128670,jpg
http://inaturalist-open-data.s3.amazonaws.com/photos/148968629/large.jpg,Bombus vagans bolsteri,48460/1/47120/372739/47158/184884/47201/124417/326777/47222/630955/47221/199939/538883/52775/538900/128670,jpg
http://inaturalist-open-data.s3.amazonaws.com/photos/148968636/large.jpg,Bombus vagans bolsteri,48460/1/47120/372739/47158/184884/47201/124417/326777/47222/630955/47221/199939/538883/52775/538900/128670,jpg
http://inaturalist-open-data.s3.amazonaws.com/photos/149657616/large.jpg,Bombus vagans bolsteri,48460/1/47120/372739/47158/184884/47201/124417/326777/47222/630955/47221/199939/538883/52775/538900/128670,jpg
http://inaturalist-open-data.s3.amazonaws.com/photos/149657880/large.jpg,Bombus vagans bolsteri,48460/1/47120/372739/47158/184884/47201/124417/326777/47222/630955/47221/199939/538883/52775/538900/128670,jpg
http://inaturalist-open-data.s3.amazonaws.com/photos/149657709/large.jpg,Bombus vagans bolsteri,48460/1/47120/372739/47158/184884/47201/124417/326777/47222/630955/47221/199939/538883/52775/538900/128670,jpg
http://inaturalist-open-data.s3.amazonaws.com/photos/149657457/large.jpg,Bombus vagans bolsteri,48460/1/47120/372739/47158/184884/47201/124417/326777/47222/630955/47221/199939/538883/52775/538900/128670,jpg
http://inaturalist-open-data.s3.amazonaws.com/photos/149657478/large.jpg,Bombus vagans bolsteri,48460/1/47120/372739/47158/184884/47201/124417/326777/47222/630955/47221/199939/538883/52775/538900/128670,jpg
http://inaturalist-open-data.s3.amazonaws.com/photos/149657946/large.jpg,Bombus vagans bolsteri,48460/1/47120/372739/47158/184884/47201/124417/326777/47222/630955/47221/199939/538883/52775/538900/128670,jpg
http://inaturalist-open-data.s3.amazonaws.com/photos/149657908/large.jpg,Bombus vagans bolsteri,48460/1/47120/372739/47158/184884/47201/124417/326777/47222/630955/47221/199939/538883/52775/538900/128670,jpg
http://inaturalist-open-data.s3.amazonaws.com/photos/149657925/large.jpg,Bombus vagans bolsteri,48460/1/47120/372739/47158/184884/47201/124417/326777/47222/630955/47221/199939/538883/52775/538900/128670,jpg
http://inaturalist-open-data.s3.amazonaws.com/photos/149658012/large.jpg,Bombus vagans bolsteri,48460/1/47120/372739/47158/184884/47201/124417/326777/47222/630955/47221/199939/538883/52775/538900/128670,jpg
http://inaturalist-open-data.s3.amazonaws.com/photos/149657971/large.jpg,Bombus vagans bolsteri,48460/1/47120/372739/47158/184884/47201/124417/326777/47222/630955/47221/199939/538883/52775/538900/128670,jpg
http://inaturalist-open-data.s3.amazonaws.com/photos/149658566/large.jpg,Bombus vagans bolsteri,48460/1/47120/372739/47158/184884/47201/124417/326777/47222/630955/47221/199939/538883/52775/538900/128670,jpg
http://inaturalist-open-data.s3.amazonaws.com/photos/149658616/large.jpg,Bombus vagans bolsteri,48460/1/47120/372739/47158/184884/47201/124417/326777/47222/630955/47221/199939/538883/52775/538900/128670,jpg
http://inaturalist-open-data.s3.amazonaws.com/photos/149658639/large.jpg,Bombus vagans bolsteri,48460/1/47120/372739/47158/184884/47201/124417/326777/47222/630955/47221/199939/538883/52775/538900/128670,jpg
http://inaturalist-open-data.s3.amazonaws.com/photos/149658659/large.jpg,Bombus vagans bolsteri,48460/1/47120/372739/47158/184884/47201/124417/326777/47222/630955/47221/199939/538883/52775/538900/128670,jpg
http://inaturalist-open-data.s3.amazonaws.com/photos/149658877/large.jpg,Bombus vagans bolsteri,48460/1/47120/372739/47158/184884/47201/124417/326777/47222/630955/47221/199939/538883/52775/538900/128670,jpg
http://inaturalist-open-data.s3.amazonaws.com/photos/149658903/large.jpg,Bombus vagans bolsteri,48460/1/47120/372739/47158/184884/47201/124417/326777/47222/630955/47221/199939/538883/52775/538900/128670,jpg
http://inaturalist-open-data.s3.amazonaws.com/photos/149658985/large.jpg,Bombus vagans bolsteri,48460/1/47120/372739/47158/184884/47201/124417/326777/47222/630955/47221/199939/538883/52775/538900/128670,jpg
http://inaturalist-open-data.s3.amazonaws.com/photos/149659157/large.jpg,Bombus vagans bolsteri,48460/1/47120/372739/47158/184884/47201/124417/326777/47222/630955/47221/199939/538883/52775/538900/128670,jpg
http://inaturalist-open-data.s3.amazonaws.com/photos/149659519/large.jpg,Bombus vagans bolsteri,48460/1/47120/372739/47158/184884/47201/124417/326777/47222/630955/47221/199939/538883/52775/538900/128670,jpg
http://inaturalist-open-data.s3.amazonaws.com/photos/149659533/large.jpg,Bombus vagans bolsteri,48460/1/47120/372739/47158/184884/47201/124417/326777/47222/630955/47221/199939/538883/52775/538900/128670,jpg
http://inaturalist-open-data.s3.amazonaws.com/photos/149659757/large.jpg,Bombus vagans bolsteri,48460/1/47120/372739/47158/184884/47201/124417/326777/47222/630955/47221/199939/538883/52775/538900/128670,jpg
http://inaturalist-open-data.s3.amazonaws.com/photos/149660153/large.jpg,Bombus vagans bolsteri,48460/1/47120/372739/47158/184884/47201/124417/326777/47222/630955/47221/199939/538883/52775/538900/128670,jpg
http://inaturalist-open-data.s3.amazonaws.com/photos/149660223/large.jpg,Bombus vagans bolsteri,48460/1/47120/372739/47158/184884/47201/124417/326777/47222/630955/47221/199939/538883/52775/538900/128670,jpg
http://inaturalist-open-data.s3.amazonaws.com/photos/149660304/large.jpg,Bombus vagans bolsteri,48460/1/47120/372739/47158/184884/47201/124417/326777/47222/630955/47221/199939/538883/52775/538900/128670,jpg
http://inaturalist-open-data.s3.amazonaws.com/photos/149660241/large.jpg,Bombus vagans bolsteri,48460/1/47120/372739/47158/184884/47201/124417/326777/47222/630955/47221/199939/538883/52775/538900/128670,jpg
http://inaturalist-open-data.s3.amazonaws.com/photos/149660198/large.jpg,Bombus vagans bolsteri,48460/1/47120/372739/47158/184884/47201/124417/326777/47222/630955/47221/199939/538883/52775/538900/128670,jpg
http://inaturalist-open-data.s3.amazonaws.com/photos/149660195/large.jpg,Bombus vagans bolsteri,48460/1/47120/372739/47158/184884/47201/124417/326777/47222/630955/47221/199939/538883/52775/538900/128670,jpg
http://inaturalist-open-data.s3.amazonaws.com/photos/149660178/large.jpg,Bombus vagans bolsteri,48460/1/47120/372739/47158/184884/47201/124417/326777/47222/630955/47221/199939/538883/52775/538900/128670,jpg
http://inaturalist-open-data.s3.amazonaws.com/photos/149661274/large.jpg,Bombus vagans bolsteri,48460/1/47120/372739/47158/184884/47201/124417/326777/47222/630955/47221/199939/538883/52775/538900/128670,jpg
http://inaturalist-open-data.s3.amazonaws.com/photos/149661308/large.jpg,Bombus vagans bolsteri,48460/1/47120/372739/47158/184884/47201/124417/326777/47222/630955/47221/199939/538883/52775/538900/128670,jpg
http://inaturalist-open-data.s3.amazonaws.com/photos/150226415/large.jpeg,Bombus vagans bolsteri,48460/1/47120/372739/47158/184884/47201/124417/326777/47222/630955/47221/199939/538883/52775/538900/128670,jpeg
http://inaturalist-open-data.s3.amazonaws.com/photos/150270691/large.jpg,Bombus vagans bolsteri,48460/1/47120/372739/47158/184884/47201/124417/326777/47222/630955/47221/199939/538883/52775/538900/128670,jpg
http://inaturalist-open-data.s3.amazonaws.com/photos/154434598/large.jpeg,Bombus vagans bolsteri,48460/1/47120/372739/47158/184884/47201/124417/326777/47222/630955/47221/199939/538883/52775/538900/128670,jpeg
http://inaturalist-open-data.s3.amazonaws.com/photos/154513196/large.jpg,Bombus vagans bolsteri,48460/1/47120/372739/47158/184884/47201/124417/326777/47222/630955/47221/199939/538883/52775/538900/128670,jpg
http://inaturalist-open-data.s3.amazonaws.com/photos/154513187/large.jpg,Bombus vagans bolsteri,48460/1/47120/372739/47158/184884/47201/124417/326777/47222/630955/47221/199939/538883/52775/538900/128670,jpg
http://inaturalist-open-data.s3.amazonaws.com/photos/154513238/large.jpg,Bombus vagans bolsteri,48460/1/47120/372739/47158/184884/47201/124417/326777/47222/630955/47221/199939/538883/52775/538900/128670,jpg
http://inaturalist-open-data.s3.amazonaws.com/photos/154513427/large.jpg,Bombus vagans bolsteri,48460/1/47120/372739/47158/184884/47201/124417/326777/47222/630955/47221/199939/538883/52775/538900/128670,jpg
http://inaturalist-open-data.s3.amazonaws.com/photos/154513484/large.jpg,Bombus vagans bolsteri,48460/1/47120/372739/47158/184884/47201/124417/326777/47222/630955/47221/199939/538883/52775/538900/128670,jpg
http://inaturalist-open-data.s3.amazonaws.com/photos/154513496/large.jpg,Bombus vagans bolsteri,48460/1/47120/372739/47158/184884/47201/124417/326777/47222/630955/47221/199939/538883/52775/538900/128670,jpg
http://inaturalist-open-data.s3.amazonaws.com/photos/154513502/large.jpg,Bombus vagans bolsteri,48460/1/47120/372739/47158/184884/47201/124417/326777/47222/630955/47221/199939/538883/52775/538900/128670,jpg
http://inaturalist-open-data.s3.amazonaws.com/photos/154513510/large.jpg,Bombus vagans bolsteri,48460/1/47120/372739/47158/184884/47201/124417/326777/47222/630955/47221/199939/538883/52775/538900/128670,jpg
http://inaturalist-open-data.s3.amazonaws.com/photos/154513520/large.jpg,Bombus vagans bolsteri,48460/1/47120/372739/47158/184884/47201/124417/326777/47222/630955/47221/199939/538883/52775/538900/128670,jpg
http://inaturalist-open-data.s3.amazonaws.com/photos/154513529/large.jpg,Bombus vagans bolsteri,48460/1/47120/372739/47158/184884/47201/124417/326777/47222/630955/47221/199939/538883/52775/538900/128670,jpg
http://inaturalist-open-data.s3.amazonaws.com/photos/154513640/large.jpg,Bombus vagans bolsteri,48460/1/47120/372739/47158/184884/47201/124417/326777/47222/630955/47221/199939/538883/52775/538900/128670,jpg
http://inaturalist-open-data.s3.amazonaws.com/photos/154513616/large.jpg,Bombus vagans bolsteri,48460/1/47120/372739/47158/184884/47201/124417/326777/47222/630955/47221/199939/538883/52775/538900/128670,jpg
http://inaturalist-open-data.s3.amazonaws.com/photos/154513647/large.jpg,Bombus vagans bolsteri,48460/1/47120/372739/47158/184884/47201/124417/326777/47222/630955/47221/199939/538883/52775/538900/128670,jpg
http://inaturalist-open-data.s3.amazonaws.com/photos/154513668/large.jpg,Bombus vagans bolsteri,48460/1/47120/372739/47158/184884/47201/124417/326777/47222/630955/47221/199939/538883/52775/538900/128670,jpg
http://inaturalist-open-data.s3.amazonaws.com/photos/154513677/large.jpg,Bombus vagans bolsteri,48460/1/47120/372739/47158/184884/47201/124417/326777/47222/630955/47221/199939/538883/52775/538900/128670,jpg
http://inaturalist-open-data.s3.amazonaws.com/photos/154513676/large.jpg,Bombus vagans bolsteri,48460/1/47120/372739/47158/184884/47201/124417/326777/47222/630955/47221/199939/538883/52775/538900/128670,jpg
http://inaturalist-open-data.s3.amazonaws.com/photos/154513701/large.jpg,Bombus vagans bolsteri,48460/1/47120/372739/47158/184884/47201/124417/326777/47222/630955/47221/199939/538883/52775/538900/128670,jpg
http://inaturalist-open-data.s3.amazonaws.com/photos/154513714/large.jpg,Bombus vagans bolsteri,48460/1/47120/372739/47158/184884/47201/124417/326777/47222/630955/47221/199939/538883/52775/538900/128670,jpg
http://inaturalist-open-data.s3.amazonaws.com/photos/154513713/large.jpg,Bombus vagans bolsteri,48460/1/47120/372739/47158/184884/47201/124417/326777/47222/630955/47221/199939/538883/52775/538900/128670,jpg
http://inaturalist-open-data.s3.amazonaws.com/photos/154513733/large.jpg,Bombus vagans bolsteri,48460/1/47120/372739/47158/184884/47201/124417/326777/47222/630955/47221/199939/538883/52775/538900/128670,jpg
http://inaturalist-open-data.s3.amazonaws.com/photos/154513744/large.jpg,Bombus vagans bolsteri,48460/1/47120/372739/47158/184884/47201/124417/326777/47222/630955/47221/199939/538883/52775/538900/128670,jpg
http://inaturalist-open-data.s3.amazonaws.com/photos/154513746/large.jpg,Bombus vagans bolsteri,48460/1/47120/372739/47158/184884/47201/124417/326777/47222/630955/47221/199939/538883/52775/538900/128670,jpg
http://inaturalist-open-data.s3.amazonaws.com/photos/154513836/large.jpg,Bombus vagans bolsteri,48460/1/47120/372739/47158/184884/47201/124417/326777/47222/630955/47221/199939/538883/52775/538900/128670,jpg
http://inaturalist-open-data.s3.amazonaws.com/photos/154513833/large.jpg,Bombus vagans bolsteri,48460/1/47120/372739/47158/184884/47201/124417/326777/47222/630955/47221/199939/538883/52775/538900/128670,jpg
http://inaturalist-open-data.s3.amazonaws.com/photos/154513835/large.jpg,Bombus vagans bolsteri,48460/1/47120/372739/47158/184884/47201/124417/326777/47222/630955/47221/199939/538883/52775/538900/128670,jpg
http://inaturalist-open-data.s3.amazonaws.com/photos/154513881/large.jpg,Bombus vagans bolsteri,48460/1/47120/372739/47158/184884/47201/124417/326777/47222/630955/47221/199939/538883/52775/538900/128670,jpg
http://inaturalist-open-data.s3.amazonaws.com/photos/154513883/large.jpg,Bombus vagans bolsteri,48460/1/47120/372739/47158/184884/47201/124417/326777/47222/630955/47221/199939/538883/52775/538900/128670,jpg
http://inaturalist-open-data.s3.amazonaws.com/photos/154516173/large.jpg,Bombus vagans bolsteri,48460/1/47120/372739/47158/184884/47201/124417/326777/47222/630955/47221/199939/538883/52775/538900/128670,jpg
http://inaturalist-open-data.s3.amazonaws.com/photos/154516177/large.jpg,Bombus vagans bolsteri,48460/1/47120/372739/47158/184884/47201/124417/326777/47222/630955/47221/199939/538883/52775/538900/128670,jpg
http://inaturalist-open-data.s3.amazonaws.com/photos/154516205/large.jpg,Bombus vagans bolsteri,48460/1/47120/372739/47158/184884/47201/124417/326777/47222/630955/47221/199939/538883/52775/538900/128670,jpg
http://inaturalist-open-data.s3.amazonaws.com/photos/154516191/large.jpg,Bombus vagans bolsteri,48460/1/47120/372739/47158/184884/47201/124417/326777/47222/630955/47221/199939/538883/52775/538900/128670,jpg
http://inaturalist-open-data.s3.amazonaws.com/photos/154516355/large.jpg,Bombus vagans bolsteri,48460/1/47120/372739/47158/184884/47201/124417/326777/47222/630955/47221/199939/538883/52775/538900/128670,jpg
http://inaturalist-open-data.s3.amazonaws.com/photos/154516373/large.jpg,Bombus vagans bolsteri,48460/1/47120/372739/47158/184884/47201/124417/326777/47222/630955/47221/199939/538883/52775/538900/128670,jpg
http://inaturalist-open-data.s3.amazonaws.com/photos/154516354/large.jpg,Bombus vagans bolsteri,48460/1/47120/372739/47158/184884/47201/124417/326777/47222/630955/47221/199939/538883/52775/538900/128670,jpg
http://inaturalist-open-data.s3.amazonaws.com/photos/154516442/large.jpg,Bombus vagans bolsteri,48460/1/47120/372739/47158/184884/47201/124417/326777/47222/630955/47221/199939/538883/52775/538900/128670,jpg
http://inaturalist-open-data.s3.amazonaws.com/photos/154516444/large.jpg,Bombus vagans bolsteri,48460/1/47120/372739/47158/184884/47201/124417/326777/47222/630955/47221/199939/538883/52775/538900/128670,jpg
http://inaturalist-open-data.s3.amazonaws.com/photos/154516435/large.jpg,Bombus vagans bolsteri,48460/1/47120/372739/47158/184884/47201/124417/326777/47222/630955/47221/199939/538883/52775/538900/128670,jpg
http://inaturalist-open-data.s3.amazonaws.com/photos/154516467/large.jpg,Bombus vagans bolsteri,48460/1/47120/372739/47158/184884/47201/124417/326777/47222/630955/47221/199939/538883/52775/538900/128670,jpg
http://inaturalist-open-data.s3.amazonaws.com/photos/154516476/large.jpg,Bombus vagans bolsteri,48460/1/47120/372739/47158/184884/47201/124417/326777/47222/630955/47221/199939/538883/52775/538900/128670,jpg
http://inaturalist-open-data.s3.amazonaws.com/photos/154516504/large.jpg,Bombus vagans bolsteri,48460/1/47120/372739/47158/184884/47201/124417/326777/47222/630955/47221/199939/538883/52775/538900/128670,jpg
http://inaturalist-open-data.s3.amazonaws.com/photos/154516516/large.jpg,Bombus vagans bolsteri,48460/1/47120/372739/47158/184884/47201/124417/326777/47222/630955/47221/199939/538883/52775/538900/128670,jpg
http://inaturalist-open-data.s3.amazonaws.com/photos/154516552/large.jpg,Bombus vagans bolsteri,48460/1/47120/372739/47158/184884/47201/124417/326777/47222/630955/47221/199939/538883/52775/538900/128670,jpg
http://inaturalist-open-data.s3.amazonaws.com/photos/154516563/large.jpg,Bombus vagans bolsteri,48460/1/47120/372739/47158/184884/47201/124417/326777/47222/630955/47221/199939/538883/52775/538900/128670,jpg
http://inaturalist-open-data.s3.amazonaws.com/photos/154516588/large.jpg,Bombus vagans bolsteri,48460/1/47120/372739/47158/184884/47201/124417/326777/47222/630955/47221/199939/538883/52775/538900/128670,jpg
http://inaturalist-open-data.s3.amazonaws.com/photos/154516601/large.jpg,Bombus vagans bolsteri,48460/1/47120/372739/47158/184884/47201/124417/326777/47222/630955/47221/199939/538883/52775/538900/128670,jpg
http://inaturalist-open-data.s3.amazonaws.com/photos/154516626/large.jpg,Bombus vagans bolsteri,48460/1/47120/372739/47158/184884/47201/124417/326777/47222/630955/47221/199939/538883/52775/538900/128670,jpg
http://inaturalist-open-data.s3.amazonaws.com/photos/154516632/large.jpg,Bombus vagans bolsteri,48460/1/47120/372739/47158/184884/47201/124417/326777/47222/630955/47221/199939/538883/52775/538900/128670,jpg
http://inaturalist-open-data.s3.amazonaws.com/photos/154516636/large.jpg,Bombus vagans bolsteri,48460/1/47120/372739/47158/184884/47201/124417/326777/47222/630955/47221/199939/538883/52775/538900/128670,jpg
http://inaturalist-open-data.s3.amazonaws.com/photos/154516655/large.jpg,Bombus vagans bolsteri,48460/1/47120/372739/47158/184884/47201/124417/326777/47222/630955/47221/199939/538883/52775/538900/128670,jpg
http://inaturalist-open-data.s3.amazonaws.com/photos/154516658/large.jpg,Bombus vagans bolsteri,48460/1/47120/372739/47158/184884/47201/124417/326777/47222/630955/47221/199939/538883/52775/538900/128670,jpg
http://inaturalist-open-data.s3.amazonaws.com/photos/154532888/large.jpg,Bombus vagans bolsteri,48460/1/47120/372739/47158/184884/47201/124417/326777/47222/630955/47221/199939/538883/52775/538900/128670,jpg
http://inaturalist-open-data.s3.amazonaws.com/photos/154532955/large.jpg,Bombus vagans bolsteri,48460/1/47120/372739/47158/184884/47201/124417/326777/47222/630955/47221/199939/538883/52775/538900/128670,jpg
http://inaturalist-open-data.s3.amazonaws.com/photos/154533027/large.jpg,Bombus vagans bolsteri,48460/1/47120/372739/47158/184884/47201/124417/326777/47222/630955/47221/199939/538883/52775/538900/128670,jpg
http://inaturalist-open-data.s3.amazonaws.com/photos/154533086/large.jpg,Bombus vagans bolsteri,48460/1/47120/372739/47158/184884/47201/124417/326777/47222/630955/47221/199939/538883/52775/538900/128670,jpg
http://inaturalist-open-data.s3.amazonaws.com/photos/154533170/large.jpg,Bombus vagans bolsteri,48460/1/47120/372739/47158/184884/47201/124417/326777/47222/630955/47221/199939/538883/52775/538900/128670,jpg
http://inaturalist-open-data.s3.amazonaws.com/photos/154533241/large.jpg,Bombus vagans bolsteri,48460/1/47120/372739/47158/184884/47201/124417/326777/47222/630955/47221/199939/538883/52775/538900/128670,jpg
http://inaturalist-open-data.s3.amazonaws.com/photos/154533290/large.jpg,Bombus vagans bolsteri,48460/1/47120/372739/47158/184884/47201/124417/326777/47222/630955/47221/199939/538883/52775/538900/128670,jpg
http://inaturalist-open-data.s3.amazonaws.com/photos/154533485/large.jpg,Bombus vagans bolsteri,48460/1/47120/372739/47158/184884/47201/124417/326777/47222/630955/47221/199939/538883/52775/538900/128670,jpg
http://inaturalist-open-data.s3.amazonaws.com/photos/154533541/large.jpg,Bombus vagans bolsteri,48460/1/47120/372739/47158/184884/47201/124417/326777/47222/630955/47221/199939/538883/52775/538900/128670,jpg
http://inaturalist-open-data.s3.amazonaws.com/photos/154533562/large.jpg,Bombus vagans bolsteri,48460/1/47120/372739/47158/184884/47201/124417/326777/47222/630955/47221/199939/538883/52775/538900/128670,jpg
http://inaturalist-open-data.s3.amazonaws.com/photos/154533810/large.jpg,Bombus vagans bolsteri,48460/1/47120/372739/47158/184884/47201/124417/326777/47222/630955/47221/199939/538883/52775/538900/128670,jpg
http://inaturalist-open-data.s3.amazonaws.com/photos/154533867/large.jpg,Bombus vagans bolsteri,48460/1/47120/372739/47158/184884/47201/124417/326777/47222/630955/47221/199939/538883/52775/538900/128670,jpg
http://inaturalist-open-data.s3.amazonaws.com/photos/154533921/large.jpg,Bombus vagans bolsteri,48460/1/47120/372739/47158/184884/47201/124417/326777/47222/630955/47221/199939/538883/52775/538900/128670,jpg
http://inaturalist-open-data.s3.amazonaws.com/photos/154533985/large.jpg,Bombus vagans bolsteri,48460/1/47120/372739/47158/184884/47201/124417/326777/47222/630955/47221/199939/538883/52775/538900/128670,jpg
http://inaturalist-open-data.s3.amazonaws.com/photos/154534426/large.jpg,Bombus vagans bolsteri,48460/1/47120/372739/47158/184884/47201/124417/326777/47222/630955/47221/199939/538883/52775/538900/128670,jpg
http://inaturalist-open-data.s3.amazonaws.com/photos/154534452/large.jpg,Bombus vagans bolsteri,48460/1/47120/372739/47158/184884/47201/124417/326777/47222/630955/47221/199939/538883/52775/538900/128670,jpg
http://inaturalist-open-data.s3.amazonaws.com/photos/154534494/large.jpg,Bombus vagans bolsteri,48460/1/47120/372739/47158/184884/47201/124417/326777/47222/630955/47221/199939/538883/52775/538900/128670,jpg
http://inaturalist-open-data.s3.amazonaws.com/photos/154534387/large.jpg,Bombus vagans bolsteri,48460/1/47120/372739/47158/184884/47201/124417/326777/47222/630955/47221/199939/538883/52775/538900/128670,jpg
http://inaturalist-open-data.s3.amazonaws.com/photos/154535469/large.jpg,Bombus vagans bolsteri,48460/1/47120/372739/47158/184884/47201/124417/326777/47222/630955/47221/199939/538883/52775/538900/128670,jpg
http://inaturalist-open-data.s3.amazonaws.com/photos/154535593/large.jpg,Bombus vagans bolsteri,48460/1/47120/372739/47158/184884/47201/124417/326777/47222/630955/47221/199939/538883/52775/538900/128670,jpg
http://inaturalist-open-data.s3.amazonaws.com/photos/154576726/large.jpg,Bombus vagans bolsteri,48460/1/47120/372739/47158/184884/47201/124417/326777/47222/630955/47221/199939/538883/52775/538900/128670,jpg
http://inaturalist-open-data.s3.amazonaws.com/photos/154576790/large.jpg,Bombus vagans bolsteri,48460/1/47120/372739/47158/184884/47201/124417/326777/47222/630955/47221/199939/538883/52775/538900/128670,jpg
http://inaturalist-open-data.s3.amazonaws.com/photos/154576865/large.jpg,Bombus vagans bolsteri,48460/1/47120/372739/47158/184884/47201/124417/326777/47222/630955/47221/199939/538883/52775/538900/128670,jpg
http://inaturalist-open-data.s3.amazonaws.com/photos/154576936/large.jpg,Bombus vagans bolsteri,48460/1/47120/372739/47158/184884/47201/124417/326777/47222/630955/47221/199939/538883/52775/538900/128670,jpg
http://inaturalist-open-data.s3.amazonaws.com/photos/154577000/large.jpg,Bombus vagans bolsteri,48460/1/47120/372739/47158/184884/47201/124417/326777/47222/630955/47221/199939/538883/52775/538900/128670,jpg
http://inaturalist-open-data.s3.amazonaws.com/photos/154577085/large.jpg,Bombus vagans bolsteri,48460/1/47120/372739/47158/184884/47201/124417/326777/47222/630955/47221/199939/538883/52775/538900/128670,jpg
http://inaturalist-open-data.s3.amazonaws.com/photos/154577173/large.jpg,Bombus vagans bolsteri,48460/1/47120/372739/47158/184884/47201/124417/326777/47222/630955/47221/199939/538883/52775/538900/128670,jpg
http://inaturalist-open-data.s3.amazonaws.com/photos/154577253/large.jpg,Bombus vagans bolsteri,48460/1/47120/372739/47158/184884/47201/124417/326777/47222/630955/47221/199939/538883/52775/538900/128670,jpg
http://inaturalist-open-data.s3.amazonaws.com/photos/154577412/large.jpg,Bombus vagans bolsteri,48460/1/47120/372739/47158/184884/47201/124417/326777/47222/630955/47221/199939/538883/52775/538900/128670,jpg
http://inaturalist-open-data.s3.amazonaws.com/photos/154578890/large.jpg,Bombus vagans bolsteri,48460/1/47120/372739/47158/184884/47201/124417/326777/47222/630955/47221/199939/538883/52775/538900/128670,jpg
http://inaturalist-open-data.s3.amazonaws.com/photos/154578708/large.jpg,Bombus vagans bolsteri,48460/1/47120/372739/47158/184884/47201/124417/326777/47222/630955/47221/199939/538883/52775/538900/128670,jpg
http://inaturalist-open-data.s3.amazonaws.com/photos/154578804/large.jpg,Bombus vagans bolsteri,48460/1/47120/372739/47158/184884/47201/124417/326777/47222/630955/47221/199939/538883/52775/538900/128670,jpg
http://inaturalist-open-data.s3.amazonaws.com/photos/154578993/large.jpg,Bombus vagans bolsteri,48460/1/47120/372739/47158/184884/47201/124417/326777/47222/630955/47221/199939/538883/52775/538900/128670,jpg
http://inaturalist-open-data.s3.amazonaws.com/photos/154579100/large.jpg,Bombus vagans bolsteri,48460/1/47120/372739/47158/184884/47201/124417/326777/47222/630955/47221/199939/538883/52775/538900/128670,jpg
http://inaturalist-open-data.s3.amazonaws.com/photos/154579194/large.jpg,Bombus vagans bolsteri,48460/1/47120/372739/47158/184884/47201/124417/326777/47222/630955/47221/199939/538883/52775/538900/128670,jpg
http://inaturalist-open-data.s3.amazonaws.com/photos/154579287/large.jpg,Bombus vagans bolsteri,48460/1/47120/372739/47158/184884/47201/124417/326777/47222/630955/47221/199939/538883/52775/538900/128670,jpg
http://inaturalist-open-data.s3.amazonaws.com/photos/154579416/large.jpg,Bombus vagans bolsteri,48460/1/47120/372739/47158/184884/47201/124417/326777/47222/630955/47221/199939/538883/52775/538900/128670,jpg
http://inaturalist-open-data.s3.amazonaws.com/photos/154579529/large.jpg,Bombus vagans bolsteri,48460/1/47120/372739/47158/184884/47201/124417/326777/47222/630955/47221/199939/538883/52775/538900/128670,jpg
http://inaturalist-open-data.s3.amazonaws.com/photos/154579644/large.jpg,Bombus vagans bolsteri,48460/1/47120/372739/47158/184884/47201/124417/326777/47222/630955/47221/199939/538883/52775/538900/128670,jpg
http://inaturalist-open-data.s3.amazonaws.com/photos/154579735/large.jpg,Bombus vagans bolsteri,48460/1/47120/372739/47158/184884/47201/124417/326777/47222/630955/47221/199939/538883/52775/538900/128670,jpg
http://inaturalist-open-data.s3.amazonaws.com/photos/154579830/large.jpg,Bombus vagans bolsteri,48460/1/47120/372739/47158/184884/47201/124417/326777/47222/630955/47221/199939/538883/52775/538900/128670,jpg
http://inaturalist-open-data.s3.amazonaws.com/photos/154579944/large.jpg,Bombus vagans bolsteri,48460/1/47120/372739/47158/184884/47201/124417/326777/47222/630955/47221/199939/538883/52775/538900/128670,jpg
http://inaturalist-open-data.s3.amazonaws.com/photos/154580018/large.jpg,Bombus vagans bolsteri,48460/1/47120/372739/47158/184884/47201/124417/326777/47222/630955/47221/199939/538883/52775/538900/128670,jpg
http://inaturalist-open-data.s3.amazonaws.com/photos/154580113/large.jpg,Bombus vagans bolsteri,48460/1/47120/372739/47158/184884/47201/124417/326777/47222/630955/47221/199939/538883/52775/538900/128670,jpg
http://inaturalist-open-data.s3.amazonaws.com/photos/154580203/large.jpg,Bombus vagans bolsteri,48460/1/47120/372739/47158/184884/47201/124417/326777/47222/630955/47221/199939/538883/52775/538900/128670,jpg
http://inaturalist-open-data.s3.amazonaws.com/photos/154580220/large.jpg,Bombus vagans bolsteri,48460/1/47120/372739/47158/184884/47201/124417/326777/47222/630955/47221/199939/538883/52775/538900/128670,jpg
http://inaturalist-open-data.s3.amazonaws.com/photos/154580303/large.jpg,Bombus vagans bolsteri,48460/1/47120/372739/47158/184884/47201/124417/326777/47222/630955/47221/199939/538883/52775/538900/128670,jpg
http://inaturalist-open-data.s3.amazonaws.com/photos/154580396/large.jpg,Bombus vagans bolsteri,48460/1/47120/372739/47158/184884/47201/124417/326777/47222/630955/47221/199939/538883/52775/538900/128670,jpg
http://inaturalist-open-data.s3.amazonaws.com/photos/154580463/large.jpg,Bombus vagans bolsteri,48460/1/47120/372739/47158/184884/47201/124417/326777/47222/630955/47221/199939/538883/52775/538900/128670,jpg
http://inaturalist-open-data.s3.amazonaws.com/photos/154580920/large.jpg,Bombus vagans bolsteri,48460/1/47120/372739/47158/184884/47201/124417/326777/47222/630955/47221/199939/538883/52775/538900/128670,jpg
http://inaturalist-open-data.s3.amazonaws.com/photos/154581012/large.jpg,Bombus vagans bolsteri,48460/1/47120/372739/47158/184884/47201/124417/326777/47222/630955/47221/199939/538883/52775/538900/128670,jpg
http://inaturalist-open-data.s3.amazonaws.com/photos/154581145/large.jpg,Bombus vagans bolsteri,48460/1/47120/372739/47158/184884/47201/124417/326777/47222/630955/47221/199939/538883/52775/538900/128670,jpg
http://inaturalist-open-data.s3.amazonaws.com/photos/154581273/large.jpg,Bombus vagans bolsteri,48460/1/47120/372739/47158/184884/47201/124417/326777/47222/630955/47221/199939/538883/52775/538900/128670,jpg
http://inaturalist-open-data.s3.amazonaws.com/photos/154581423/large.jpg,Bombus vagans bolsteri,48460/1/47120/372739/47158/184884/47201/124417/326777/47222/630955/47221/199939/538883/52775/538900/128670,jpg
http://inaturalist-open-data.s3.amazonaws.com/photos/154581870/large.jpg,Bombus vagans bolsteri,48460/1/47120/372739/47158/184884/47201/124417/326777/47222/630955/47221/199939/538883/52775/538900/128670,jpg
http://inaturalist-open-data.s3.amazonaws.com/photos/154581598/large.jpg,Bombus vagans bolsteri,48460/1/47120/372739/47158/184884/47201/124417/326777/47222/630955/47221/199939/538883/52775/538900/128670,jpg
http://inaturalist-open-data.s3.amazonaws.com/photos/154581761/large.jpg,Bombus vagans bolsteri,48460/1/47120/372739/47158/184884/47201/124417/326777/47222/630955/47221/199939/538883/52775/538900/128670,jpg
http://inaturalist-open-data.s3.amazonaws.com/photos/154582302/large.jpg,Bombus vagans bolsteri,48460/1/47120/372739/47158/184884/47201/124417/326777/47222/630955/47221/199939/538883/52775/538900/128670,jpg
http://inaturalist-open-data.s3.amazonaws.com/photos/154582405/large.jpg,Bombus vagans bolsteri,48460/1/47120/372739/47158/184884/47201/124417/326777/47222/630955/47221/199939/538883/52775/538900/128670,jpg
http://inaturalist-open-data.s3.amazonaws.com/photos/154582478/large.jpg,Bombus vagans bolsteri,48460/1/47120/372739/47158/184884/47201/124417/326777/47222/630955/47221/199939/538883/52775/538900/128670,jpg
http://inaturalist-open-data.s3.amazonaws.com/photos/154582653/large.jpg,Bombus vagans bolsteri,48460/1/47120/372739/47158/184884/47201/124417/326777/47222/630955/47221/199939/538883/52775/538900/128670,jpg
http://inaturalist-open-data.s3.amazonaws.com/photos/154582932/large.jpg,Bombus vagans bolsteri,48460/1/47120/372739/47158/184884/47201/124417/326777/47222/630955/47221/199939/538883/52775/538900/128670,jpg
http://inaturalist-open-data.s3.amazonaws.com/photos/154583090/large.jpg,Bombus vagans bolsteri,48460/1/47120/372739/47158/184884/47201/124417/326777/47222/630955/47221/199939/538883/52775/538900/128670,jpg
http://inaturalist-open-data.s3.amazonaws.com/photos/154585743/large.jpg,Bombus vagans bolsteri,48460/1/47120/372739/47158/184884/47201/124417/326777/47222/630955/47221/199939/538883/52775/538900/128670,jpg
http://inaturalist-open-data.s3.amazonaws.com/photos/154585838/large.jpg,Bombus vagans bolsteri,48460/1/47120/372739/47158/184884/47201/124417/326777/47222/630955/47221/199939/538883/52775/538900/128670,jpg
http://inaturalist-open-data.s3.amazonaws.com/photos/154585914/large.jpg,Bombus vagans bolsteri,48460/1/47120/372739/47158/184884/47201/124417/326777/47222/630955/47221/199939/538883/52775/538900/128670,jpg
http://inaturalist-open-data.s3.amazonaws.com/photos/154585659/large.jpg,Bombus vagans bolsteri,48460/1/47120/372739/47158/184884/47201/124417/326777/47222/630955/47221/199939/538883/52775/538900/128670,jpg
http://inaturalist-open-data.s3.amazonaws.com/photos/154585995/large.jpg,Bombus vagans bolsteri,48460/1/47120/372739/47158/184884/47201/124417/326777/47222/630955/47221/199939/538883/52775/538900/128670,jpg
http://inaturalist-open-data.s3.amazonaws.com/photos/154586065/large.jpg,Bombus vagans bolsteri,48460/1/47120/372739/47158/184884/47201/124417/326777/47222/630955/47221/199939/538883/52775/538900/128670,jpg
http://inaturalist-open-data.s3.amazonaws.com/photos/154586166/large.jpg,Bombus vagans bolsteri,48460/1/47120/372739/47158/184884/47201/124417/326777/47222/630955/47221/199939/538883/52775/538900/128670,jpg
http://inaturalist-open-data.s3.amazonaws.com/photos/154586241/large.jpg,Bombus vagans bolsteri,48460/1/47120/372739/47158/184884/47201/124417/326777/47222/630955/47221/199939/538883/52775/538900/128670,jpg
http://inaturalist-open-data.s3.amazonaws.com/photos/154586545/large.jpg,Bombus vagans bolsteri,48460/1/47120/372739/47158/184884/47201/124417/326777/47222/630955/47221/199939/538883/52775/538900/128670,jpg
http://inaturalist-open-data.s3.amazonaws.com/photos/154586686/large.jpg,Bombus vagans bolsteri,48460/1/47120/372739/47158/184884/47201/124417/326777/47222/630955/47221/199939/538883/52775/538900/128670,jpg
http://inaturalist-open-data.s3.amazonaws.com/photos/154586783/large.jpg,Bombus vagans bolsteri,48460/1/47120/372739/47158/184884/47201/124417/326777/47222/630955/47221/199939/538883/52775/538900/128670,jpg
http://inaturalist-open-data.s3.amazonaws.com/photos/154586333/large.jpg,Bombus vagans bolsteri,48460/1/47120/372739/47158/184884/47201/124417/326777/47222/630955/47221/199939/538883/52775/538900/128670,jpg
http://inaturalist-open-data.s3.amazonaws.com/photos/154586432/large.jpg,Bombus vagans bolsteri,48460/1/47120/372739/47158/184884/47201/124417/326777/47222/630955/47221/199939/538883/52775/538900/128670,jpg
http://inaturalist-open-data.s3.amazonaws.com/photos/154590300/large.jpg,Bombus vagans bolsteri,48460/1/47120/372739/47158/184884/47201/124417/326777/47222/630955/47221/199939/538883/52775/538900/128670,jpg
http://inaturalist-open-data.s3.amazonaws.com/photos/154590333/large.jpg,Bombus vagans bolsteri,48460/1/47120/372739/47158/184884/47201/124417/326777/47222/630955/47221/199939/538883/52775/538900/128670,jpg
http://inaturalist-open-data.s3.amazonaws.com/photos/154590401/large.jpg,Bombus vagans bolsteri,48460/1/47120/372739/47158/184884/47201/124417/326777/47222/630955/47221/199939/538883/52775/538900/128670,jpg
http://inaturalist-open-data.s3.amazonaws.com/photos/154590471/large.jpg,Bombus vagans bolsteri,48460/1/47120/372739/47158/184884/47201/124417/326777/47222/630955/47221/199939/538883/52775/538900/128670,jpg
http://inaturalist-open-data.s3.amazonaws.com/photos/154590550/large.jpg,Bombus vagans bolsteri,48460/1/47120/372739/47158/184884/47201/124417/326777/47222/630955/47221/199939/538883/52775/538900/128670,jpg
http://inaturalist-open-data.s3.amazonaws.com/photos/154591047/large.jpg,Bombus vagans bolsteri,48460/1/47120/372739/47158/184884/47201/124417/326777/47222/630955/47221/199939/538883/52775/538900/128670,jpg
http://inaturalist-open-data.s3.amazonaws.com/photos/154591106/large.jpg,Bombus vagans bolsteri,48460/1/47120/372739/47158/184884/47201/124417/326777/47222/630955/47221/199939/538883/52775/538900/128670,jpg
http://inaturalist-open-data.s3.amazonaws.com/photos/154591162/large.jpg,Bombus vagans bolsteri,48460/1/47120/372739/47158/184884/47201/124417/326777/47222/630955/47221/199939/538883/52775/538900/128670,jpg
http://inaturalist-open-data.s3.amazonaws.com/photos/154591232/large.jpg,Bombus vagans bolsteri,48460/1/47120/372739/47158/184884/47201/124417/326777/47222/630955/47221/199939/538883/52775/538900/128670,jpg
http://inaturalist-open-data.s3.amazonaws.com/photos/154591625/large.jpg,Bombus vagans bolsteri,48460/1/47120/372739/47158/184884/47201/124417/326777/47222/630955/47221/199939/538883/52775/538900/128670,jpg
http://inaturalist-open-data.s3.amazonaws.com/photos/154591407/large.jpg,Bombus vagans bolsteri,48460/1/47120/372739/47158/184884/47201/124417/326777/47222/630955/47221/199939/538883/52775/538900/128670,jpg
http://inaturalist-open-data.s3.amazonaws.com/photos/154591469/large.jpg,Bombus vagans bolsteri,48460/1/47120/372739/47158/184884/47201/124417/326777/47222/630955/47221/199939/538883/52775/538900/128670,jpg
http://inaturalist-open-data.s3.amazonaws.com/photos/154591541/large.jpg,Bombus vagans bolsteri,48460/1/47120/372739/47158/184884/47201/124417/326777/47222/630955/47221/199939/538883/52775/538900/128670,jpg
http://inaturalist-open-data.s3.amazonaws.com/photos/154591718/large.jpg,Bombus vagans bolsteri,48460/1/47120/372739/47158/184884/47201/124417/326777/47222/630955/47221/199939/538883/52775/538900/128670,jpg
http://inaturalist-open-data.s3.amazonaws.com/photos/154591854/large.jpg,Bombus vagans bolsteri,48460/1/47120/372739/47158/184884/47201/124417/326777/47222/630955/47221/199939/538883/52775/538900/128670,jpg
http://inaturalist-open-data.s3.amazonaws.com/photos/154591992/large.jpg,Bombus vagans bolsteri,48460/1/47120/372739/47158/184884/47201/124417/326777/47222/630955/47221/199939/538883/52775/538900/128670,jpg
http://inaturalist-open-data.s3.amazonaws.com/photos/154592134/large.jpg,Bombus vagans bolsteri,48460/1/47120/372739/47158/184884/47201/124417/326777/47222/630955/47221/199939/538883/52775/538900/128670,jpg
http://inaturalist-open-data.s3.amazonaws.com/photos/156060875/large.jpg,Bombus vagans bolsteri,48460/1/47120/372739/47158/184884/47201/124417/326777/47222/630955/47221/199939/538883/52775/538900/128670,jpg
http://inaturalist-open-data.s3.amazonaws.com/photos/156060892/large.jpg,Bombus vagans bolsteri,48460/1/47120/372739/47158/184884/47201/124417/326777/47222/630955/47221/199939/538883/52775/538900/128670,jpg
http://inaturalist-open-data.s3.amazonaws.com/photos/156060904/large.jpg,Bombus vagans bolsteri,48460/1/47120/372739/47158/184884/47201/124417/326777/47222/630955/47221/199939/538883/52775/538900/128670,jpg
http://inaturalist-open-data.s3.amazonaws.com/photos/158605935/large.jpg,Bombus vagans bolsteri,48460/1/47120/372739/47158/184884/47201/124417/326777/47222/630955/47221/199939/538883/52775/538900/128670,jpg
http://inaturalist-open-data.s3.amazonaws.com/photos/158605974/large.jpg,Bombus vagans bolsteri,48460/1/47120/372739/47158/184884/47201/124417/326777/47222/630955/47221/199939/538883/52775/538900/128670,jpg
http://inaturalist-open-data.s3.amazonaws.com/photos/158605953/large.jpg,Bombus vagans bolsteri,48460/1/47120/372739/47158/184884/47201/124417/326777/47222/630955/47221/199939/538883/52775/538900/128670,jpg
http://inaturalist-open-data.s3.amazonaws.com/photos/158605918/large.jpg,Bombus vagans bolsteri,48460/1/47120/372739/47158/184884/47201/124417/326777/47222/630955/47221/199939/538883/52775/538900/128670,jpg
http://inaturalist-open-data.s3.amazonaws.com/photos/173992876/large.jpg,Bombus vagans bolsteri,48460/1/47120/372739/47158/184884/47201/124417/326777/47222/630955/47221/199939/538883/52775/538900/128670,jpg
http://inaturalist-open-data.s3.amazonaws.com/photos/173992885/large.jpg,Bombus vagans bolsteri,48460/1/47120/372739/47158/184884/47201/124417/326777/47222/630955/47221/199939/538883/52775/538900/128670,jpg
