photo_url_large,taxon_name,ancestry,extension
http://inaturalist-open-data.s3.amazonaws.com/photos/9809391/large.jpg,Briarius augustus varnhageni,48460/1/47120/372739/47158/184884/47208/71130/372852/60473/48736/203294/373747/795032/795034,jpg
http://inaturalist-open-data.s3.amazonaws.com/photos/57312957/large.jpg,Briarius augustus varnhageni,48460/1/47120/372739/47158/184884/47208/71130/372852/60473/48736/203294/373747/795032/795034,jpg
http://inaturalist-open-data.s3.amazonaws.com/photos/57312910/large.jpg,Briarius augustus varnhageni,48460/1/47120/372739/47158/184884/47208/71130/372852/60473/48736/203294/373747/795032/795034,jpg
http://inaturalist-open-data.s3.amazonaws.com/photos/60841632/large.jpg,Briarius augustus varnhageni,48460/1/47120/372739/47158/184884/47208/71130/372852/60473/48736/203294/373747/795032/795034,jpg
http://inaturalist-open-data.s3.amazonaws.com/photos/66092540/large.jpg,Briarius augustus varnhageni,48460/1/47120/372739/47158/184884/47208/71130/372852/60473/48736/203294/373747/795032/795034,jpg
http://inaturalist-open-data.s3.amazonaws.com/photos/66092551/large.jpg,Briarius augustus varnhageni,48460/1/47120/372739/47158/184884/47208/71130/372852/60473/48736/203294/373747/795032/795034,jpg
http://inaturalist-open-data.s3.amazonaws.com/photos/166135883/large.jpeg,Briarius augustus varnhageni,48460/1/47120/372739/47158/184884/47208/71130/372852/60473/48736/203294/373747/795032/795034,jpeg
