photo_url_large,taxon_name,ancestry,extension
http://inaturalist-open-data.s3.amazonaws.com/photos/29758797/large.jpg,Bryodema gebleri mongolicum,48460/1/47120/372739/47158/184884/47651/67688/700600/47650/47649/129164/523489/523490/758879,jpg
http://inaturalist-open-data.s3.amazonaws.com/photos/29758889/large.jpg,Bryodema gebleri mongolicum,48460/1/47120/372739/47158/184884/47651/67688/700600/47650/47649/129164/523489/523490/758879,jpg
http://inaturalist-open-data.s3.amazonaws.com/photos/76991319/large.jpg,Bryodema gebleri mongolicum,48460/1/47120/372739/47158/184884/47651/67688/700600/47650/47649/129164/523489/523490/758879,jpg
http://inaturalist-open-data.s3.amazonaws.com/photos/76991333/large.jpg,Bryodema gebleri mongolicum,48460/1/47120/372739/47158/184884/47651/67688/700600/47650/47649/129164/523489/523490/758879,jpg
http://inaturalist-open-data.s3.amazonaws.com/photos/76991327/large.jpg,Bryodema gebleri mongolicum,48460/1/47120/372739/47158/184884/47651/67688/700600/47650/47649/129164/523489/523490/758879,jpg
http://inaturalist-open-data.s3.amazonaws.com/photos/101984533/large.jpeg,Bryodema gebleri mongolicum,48460/1/47120/372739/47158/184884/47651/67688/700600/47650/47649/129164/523489/523490/758879,jpeg
http://inaturalist-open-data.s3.amazonaws.com/photos/101985634/large.jpeg,Bryodema gebleri mongolicum,48460/1/47120/372739/47158/184884/47651/67688/700600/47650/47649/129164/523489/523490/758879,jpeg
http://inaturalist-open-data.s3.amazonaws.com/photos/103730274/large.jpg,Bryodema gebleri mongolicum,48460/1/47120/372739/47158/184884/47651/67688/700600/47650/47649/129164/523489/523490/758879,jpg
http://inaturalist-open-data.s3.amazonaws.com/photos/103730281/large.jpg,Bryodema gebleri mongolicum,48460/1/47120/372739/47158/184884/47651/67688/700600/47650/47649/129164/523489/523490/758879,jpg
http://inaturalist-open-data.s3.amazonaws.com/photos/103730276/large.jpg,Bryodema gebleri mongolicum,48460/1/47120/372739/47158/184884/47651/67688/700600/47650/47649/129164/523489/523490/758879,jpg
http://inaturalist-open-data.s3.amazonaws.com/photos/141861144/large.jpeg,Bryodema gebleri mongolicum,48460/1/47120/372739/47158/184884/47651/67688/700600/47650/47649/129164/523489/523490/758879,jpeg
http://inaturalist-open-data.s3.amazonaws.com/photos/141861155/large.jpeg,Bryodema gebleri mongolicum,48460/1/47120/372739/47158/184884/47651/67688/700600/47650/47649/129164/523489/523490/758879,jpeg
http://inaturalist-open-data.s3.amazonaws.com/photos/141861174/large.jpeg,Bryodema gebleri mongolicum,48460/1/47120/372739/47158/184884/47651/67688/700600/47650/47649/129164/523489/523490/758879,jpeg
http://inaturalist-open-data.s3.amazonaws.com/photos/142148794/large.jpeg,Bryodema gebleri mongolicum,48460/1/47120/372739/47158/184884/47651/67688/700600/47650/47649/129164/523489/523490/758879,jpeg
http://inaturalist-open-data.s3.amazonaws.com/photos/142799856/large.jpg,Bryodema gebleri mongolicum,48460/1/47120/372739/47158/184884/47651/67688/700600/47650/47649/129164/523489/523490/758879,jpg
http://inaturalist-open-data.s3.amazonaws.com/photos/145335589/large.jpg,Bryodema gebleri mongolicum,48460/1/47120/372739/47158/184884/47651/67688/700600/47650/47649/129164/523489/523490/758879,jpg
http://inaturalist-open-data.s3.amazonaws.com/photos/145335574/large.jpg,Bryodema gebleri mongolicum,48460/1/47120/372739/47158/184884/47651/67688/700600/47650/47649/129164/523489/523490/758879,jpg
http://inaturalist-open-data.s3.amazonaws.com/photos/145336956/large.jpg,Bryodema gebleri mongolicum,48460/1/47120/372739/47158/184884/47651/67688/700600/47650/47649/129164/523489/523490/758879,jpg
http://inaturalist-open-data.s3.amazonaws.com/photos/145336969/large.jpg,Bryodema gebleri mongolicum,48460/1/47120/372739/47158/184884/47651/67688/700600/47650/47649/129164/523489/523490/758879,jpg
http://inaturalist-open-data.s3.amazonaws.com/photos/145336986/large.jpg,Bryodema gebleri mongolicum,48460/1/47120/372739/47158/184884/47651/67688/700600/47650/47649/129164/523489/523490/758879,jpg
http://inaturalist-open-data.s3.amazonaws.com/photos/145339098/large.jpg,Bryodema gebleri mongolicum,48460/1/47120/372739/47158/184884/47651/67688/700600/47650/47649/129164/523489/523490/758879,jpg
http://inaturalist-open-data.s3.amazonaws.com/photos/145339446/large.jpg,Bryodema gebleri mongolicum,48460/1/47120/372739/47158/184884/47651/67688/700600/47650/47649/129164/523489/523490/758879,jpg
http://inaturalist-open-data.s3.amazonaws.com/photos/145339466/large.jpg,Bryodema gebleri mongolicum,48460/1/47120/372739/47158/184884/47651/67688/700600/47650/47649/129164/523489/523490/758879,jpg
http://inaturalist-open-data.s3.amazonaws.com/photos/145356822/large.jpg,Bryodema gebleri mongolicum,48460/1/47120/372739/47158/184884/47651/67688/700600/47650/47649/129164/523489/523490/758879,jpg
http://inaturalist-open-data.s3.amazonaws.com/photos/145359917/large.jpg,Bryodema gebleri mongolicum,48460/1/47120/372739/47158/184884/47651/67688/700600/47650/47649/129164/523489/523490/758879,jpg
http://inaturalist-open-data.s3.amazonaws.com/photos/145359934/large.jpg,Bryodema gebleri mongolicum,48460/1/47120/372739/47158/184884/47651/67688/700600/47650/47649/129164/523489/523490/758879,jpg
http://inaturalist-open-data.s3.amazonaws.com/photos/145367928/large.jpg,Bryodema gebleri mongolicum,48460/1/47120/372739/47158/184884/47651/67688/700600/47650/47649/129164/523489/523490/758879,jpg
http://inaturalist-open-data.s3.amazonaws.com/photos/145368030/large.jpg,Bryodema gebleri mongolicum,48460/1/47120/372739/47158/184884/47651/67688/700600/47650/47649/129164/523489/523490/758879,jpg
http://inaturalist-open-data.s3.amazonaws.com/photos/145368082/large.jpg,Bryodema gebleri mongolicum,48460/1/47120/372739/47158/184884/47651/67688/700600/47650/47649/129164/523489/523490/758879,jpg
http://inaturalist-open-data.s3.amazonaws.com/photos/145367904/large.jpg,Bryodema gebleri mongolicum,48460/1/47120/372739/47158/184884/47651/67688/700600/47650/47649/129164/523489/523490/758879,jpg
http://inaturalist-open-data.s3.amazonaws.com/photos/145367951/large.jpg,Bryodema gebleri mongolicum,48460/1/47120/372739/47158/184884/47651/67688/700600/47650/47649/129164/523489/523490/758879,jpg
http://inaturalist-open-data.s3.amazonaws.com/photos/145367968/large.jpg,Bryodema gebleri mongolicum,48460/1/47120/372739/47158/184884/47651/67688/700600/47650/47649/129164/523489/523490/758879,jpg
http://inaturalist-open-data.s3.amazonaws.com/photos/145367983/large.jpg,Bryodema gebleri mongolicum,48460/1/47120/372739/47158/184884/47651/67688/700600/47650/47649/129164/523489/523490/758879,jpg
http://inaturalist-open-data.s3.amazonaws.com/photos/145368006/large.jpg,Bryodema gebleri mongolicum,48460/1/47120/372739/47158/184884/47651/67688/700600/47650/47649/129164/523489/523490/758879,jpg
http://inaturalist-open-data.s3.amazonaws.com/photos/145625944/large.jpg,Bryodema gebleri mongolicum,48460/1/47120/372739/47158/184884/47651/67688/700600/47650/47649/129164/523489/523490/758879,jpg
http://inaturalist-open-data.s3.amazonaws.com/photos/145625926/large.jpg,Bryodema gebleri mongolicum,48460/1/47120/372739/47158/184884/47651/67688/700600/47650/47649/129164/523489/523490/758879,jpg
http://inaturalist-open-data.s3.amazonaws.com/photos/146004183/large.jpg,Bryodema gebleri mongolicum,48460/1/47120/372739/47158/184884/47651/67688/700600/47650/47649/129164/523489/523490/758879,jpg
http://inaturalist-open-data.s3.amazonaws.com/photos/146004194/large.jpg,Bryodema gebleri mongolicum,48460/1/47120/372739/47158/184884/47651/67688/700600/47650/47649/129164/523489/523490/758879,jpg
http://inaturalist-open-data.s3.amazonaws.com/photos/158068051/large.jpg,Bryodema gebleri mongolicum,48460/1/47120/372739/47158/184884/47651/67688/700600/47650/47649/129164/523489/523490/758879,jpg
http://inaturalist-open-data.s3.amazonaws.com/photos/158068007/large.jpg,Bryodema gebleri mongolicum,48460/1/47120/372739/47158/184884/47651/67688/700600/47650/47649/129164/523489/523490/758879,jpg
http://inaturalist-open-data.s3.amazonaws.com/photos/159354783/large.jpg,Bryodema gebleri mongolicum,48460/1/47120/372739/47158/184884/47651/67688/700600/47650/47649/129164/523489/523490/758879,jpg
http://inaturalist-open-data.s3.amazonaws.com/photos/159354830/large.jpg,Bryodema gebleri mongolicum,48460/1/47120/372739/47158/184884/47651/67688/700600/47650/47649/129164/523489/523490/758879,jpg
http://inaturalist-open-data.s3.amazonaws.com/photos/170298924/large.jpg,Bryodema gebleri mongolicum,48460/1/47120/372739/47158/184884/47651/67688/700600/47650/47649/129164/523489/523490/758879,jpg
http://inaturalist-open-data.s3.amazonaws.com/photos/170298920/large.jpg,Bryodema gebleri mongolicum,48460/1/47120/372739/47158/184884/47651/67688/700600/47650/47649/129164/523489/523490/758879,jpg
