photo_url_large,taxon_name,ancestry,extension
http://inaturalist-open-data.s3.amazonaws.com/photos/1570324/large.jpg,Caligo atreus dionysos,48460/1/47120/372739/47158/184884/47157/47224/47922/58597/202075/55011/210311,jpg
http://inaturalist-open-data.s3.amazonaws.com/photos/4640717/large.jpg,Caligo atreus dionysos,48460/1/47120/372739/47158/184884/47157/47224/47922/58597/202075/55011/210311,jpg
http://inaturalist-open-data.s3.amazonaws.com/photos/9038681/large.jpeg,Caligo atreus dionysos,48460/1/47120/372739/47158/184884/47157/47224/47922/58597/202075/55011/210311,jpeg
http://inaturalist-open-data.s3.amazonaws.com/photos/9464585/large.jpeg,Caligo atreus dionysos,48460/1/47120/372739/47158/184884/47157/47224/47922/58597/202075/55011/210311,jpeg
http://inaturalist-open-data.s3.amazonaws.com/photos/9464586/large.jpeg,Caligo atreus dionysos,48460/1/47120/372739/47158/184884/47157/47224/47922/58597/202075/55011/210311,jpeg
http://inaturalist-open-data.s3.amazonaws.com/photos/9849700/large.jpeg,Caligo atreus dionysos,48460/1/47120/372739/47158/184884/47157/47224/47922/58597/202075/55011/210311,jpeg
http://inaturalist-open-data.s3.amazonaws.com/photos/9849701/large.jpeg,Caligo atreus dionysos,48460/1/47120/372739/47158/184884/47157/47224/47922/58597/202075/55011/210311,jpeg
http://inaturalist-open-data.s3.amazonaws.com/photos/9851058/large.jpeg,Caligo atreus dionysos,48460/1/47120/372739/47158/184884/47157/47224/47922/58597/202075/55011/210311,jpeg
http://inaturalist-open-data.s3.amazonaws.com/photos/9851056/large.jpeg,Caligo atreus dionysos,48460/1/47120/372739/47158/184884/47157/47224/47922/58597/202075/55011/210311,jpeg
http://inaturalist-open-data.s3.amazonaws.com/photos/10589378/large.jpeg,Caligo atreus dionysos,48460/1/47120/372739/47158/184884/47157/47224/47922/58597/202075/55011/210311,jpeg
http://inaturalist-open-data.s3.amazonaws.com/photos/10589379/large.jpeg,Caligo atreus dionysos,48460/1/47120/372739/47158/184884/47157/47224/47922/58597/202075/55011/210311,jpeg
http://inaturalist-open-data.s3.amazonaws.com/photos/11668029/large.jpeg,Caligo atreus dionysos,48460/1/47120/372739/47158/184884/47157/47224/47922/58597/202075/55011/210311,jpeg
http://inaturalist-open-data.s3.amazonaws.com/photos/11935043/large.jpg,Caligo atreus dionysos,48460/1/47120/372739/47158/184884/47157/47224/47922/58597/202075/55011/210311,jpg
http://inaturalist-open-data.s3.amazonaws.com/photos/12178308/large.jpg,Caligo atreus dionysos,48460/1/47120/372739/47158/184884/47157/47224/47922/58597/202075/55011/210311,jpg
http://inaturalist-open-data.s3.amazonaws.com/photos/19291926/large.jpeg,Caligo atreus dionysos,48460/1/47120/372739/47158/184884/47157/47224/47922/58597/202075/55011/210311,jpeg
http://inaturalist-open-data.s3.amazonaws.com/photos/19291931/large.jpeg,Caligo atreus dionysos,48460/1/47120/372739/47158/184884/47157/47224/47922/58597/202075/55011/210311,jpeg
http://inaturalist-open-data.s3.amazonaws.com/photos/22306438/large.jpg,Caligo atreus dionysos,48460/1/47120/372739/47158/184884/47157/47224/47922/58597/202075/55011/210311,jpg
http://inaturalist-open-data.s3.amazonaws.com/photos/22306434/large.jpg,Caligo atreus dionysos,48460/1/47120/372739/47158/184884/47157/47224/47922/58597/202075/55011/210311,jpg
http://inaturalist-open-data.s3.amazonaws.com/photos/22474436/large.jpg,Caligo atreus dionysos,48460/1/47120/372739/47158/184884/47157/47224/47922/58597/202075/55011/210311,jpg
http://inaturalist-open-data.s3.amazonaws.com/photos/23126429/large.jpeg,Caligo atreus dionysos,48460/1/47120/372739/47158/184884/47157/47224/47922/58597/202075/55011/210311,jpeg
http://inaturalist-open-data.s3.amazonaws.com/photos/23442266/large.jpg,Caligo atreus dionysos,48460/1/47120/372739/47158/184884/47157/47224/47922/58597/202075/55011/210311,jpg
http://inaturalist-open-data.s3.amazonaws.com/photos/32193042/large.jpeg,Caligo atreus dionysos,48460/1/47120/372739/47158/184884/47157/47224/47922/58597/202075/55011/210311,jpeg
http://inaturalist-open-data.s3.amazonaws.com/photos/32193057/large.jpeg,Caligo atreus dionysos,48460/1/47120/372739/47158/184884/47157/47224/47922/58597/202075/55011/210311,jpeg
http://inaturalist-open-data.s3.amazonaws.com/photos/32221142/large.jpg,Caligo atreus dionysos,48460/1/47120/372739/47158/184884/47157/47224/47922/58597/202075/55011/210311,jpg
http://inaturalist-open-data.s3.amazonaws.com/photos/46254104/large.jpg,Caligo atreus dionysos,48460/1/47120/372739/47158/184884/47157/47224/47922/58597/202075/55011/210311,jpg
http://inaturalist-open-data.s3.amazonaws.com/photos/49117477/large.jpg,Caligo atreus dionysos,48460/1/47120/372739/47158/184884/47157/47224/47922/58597/202075/55011/210311,jpg
http://inaturalist-open-data.s3.amazonaws.com/photos/52978223/large.jpeg,Caligo atreus dionysos,48460/1/47120/372739/47158/184884/47157/47224/47922/58597/202075/55011/210311,jpeg
http://inaturalist-open-data.s3.amazonaws.com/photos/54384393/large.jpg,Caligo atreus dionysos,48460/1/47120/372739/47158/184884/47157/47224/47922/58597/202075/55011/210311,jpg
http://inaturalist-open-data.s3.amazonaws.com/photos/54384410/large.jpg,Caligo atreus dionysos,48460/1/47120/372739/47158/184884/47157/47224/47922/58597/202075/55011/210311,jpg
http://inaturalist-open-data.s3.amazonaws.com/photos/54384449/large.jpg,Caligo atreus dionysos,48460/1/47120/372739/47158/184884/47157/47224/47922/58597/202075/55011/210311,jpg
http://inaturalist-open-data.s3.amazonaws.com/photos/54384469/large.jpg,Caligo atreus dionysos,48460/1/47120/372739/47158/184884/47157/47224/47922/58597/202075/55011/210311,jpg
http://inaturalist-open-data.s3.amazonaws.com/photos/54384426/large.jpg,Caligo atreus dionysos,48460/1/47120/372739/47158/184884/47157/47224/47922/58597/202075/55011/210311,jpg
http://inaturalist-open-data.s3.amazonaws.com/photos/54384437/large.jpg,Caligo atreus dionysos,48460/1/47120/372739/47158/184884/47157/47224/47922/58597/202075/55011/210311,jpg
http://inaturalist-open-data.s3.amazonaws.com/photos/54384491/large.jpg,Caligo atreus dionysos,48460/1/47120/372739/47158/184884/47157/47224/47922/58597/202075/55011/210311,jpg
http://inaturalist-open-data.s3.amazonaws.com/photos/54384513/large.jpg,Caligo atreus dionysos,48460/1/47120/372739/47158/184884/47157/47224/47922/58597/202075/55011/210311,jpg
http://inaturalist-open-data.s3.amazonaws.com/photos/56068154/large.jpg,Caligo atreus dionysos,48460/1/47120/372739/47158/184884/47157/47224/47922/58597/202075/55011/210311,jpg
http://inaturalist-open-data.s3.amazonaws.com/photos/59635503/large.jpg,Caligo atreus dionysos,48460/1/47120/372739/47158/184884/47157/47224/47922/58597/202075/55011/210311,jpg
http://inaturalist-open-data.s3.amazonaws.com/photos/59872125/large.jpeg,Caligo atreus dionysos,48460/1/47120/372739/47158/184884/47157/47224/47922/58597/202075/55011/210311,jpeg
http://inaturalist-open-data.s3.amazonaws.com/photos/63522779/large.jpeg,Caligo atreus dionysos,48460/1/47120/372739/47158/184884/47157/47224/47922/58597/202075/55011/210311,jpeg
http://inaturalist-open-data.s3.amazonaws.com/photos/67335073/large.jpg,Caligo atreus dionysos,48460/1/47120/372739/47158/184884/47157/47224/47922/58597/202075/55011/210311,jpg
http://inaturalist-open-data.s3.amazonaws.com/photos/67356258/large.jpg,Caligo atreus dionysos,48460/1/47120/372739/47158/184884/47157/47224/47922/58597/202075/55011/210311,jpg
http://inaturalist-open-data.s3.amazonaws.com/photos/69554772/large.jpeg,Caligo atreus dionysos,48460/1/47120/372739/47158/184884/47157/47224/47922/58597/202075/55011/210311,jpeg
http://inaturalist-open-data.s3.amazonaws.com/photos/88646453/large.jpeg,Caligo atreus dionysos,48460/1/47120/372739/47158/184884/47157/47224/47922/58597/202075/55011/210311,jpeg
http://inaturalist-open-data.s3.amazonaws.com/photos/91325002/large.jpg,Caligo atreus dionysos,48460/1/47120/372739/47158/184884/47157/47224/47922/58597/202075/55011/210311,jpg
http://inaturalist-open-data.s3.amazonaws.com/photos/98419747/large.jpeg,Caligo atreus dionysos,48460/1/47120/372739/47158/184884/47157/47224/47922/58597/202075/55011/210311,jpeg
http://inaturalist-open-data.s3.amazonaws.com/photos/100871432/large.jpg,Caligo atreus dionysos,48460/1/47120/372739/47158/184884/47157/47224/47922/58597/202075/55011/210311,jpg
http://inaturalist-open-data.s3.amazonaws.com/photos/101686974/large.jpg,Caligo atreus dionysos,48460/1/47120/372739/47158/184884/47157/47224/47922/58597/202075/55011/210311,jpg
http://inaturalist-open-data.s3.amazonaws.com/photos/102238915/large.jpg,Caligo atreus dionysos,48460/1/47120/372739/47158/184884/47157/47224/47922/58597/202075/55011/210311,jpg
http://inaturalist-open-data.s3.amazonaws.com/photos/102238923/large.jpg,Caligo atreus dionysos,48460/1/47120/372739/47158/184884/47157/47224/47922/58597/202075/55011/210311,jpg
http://inaturalist-open-data.s3.amazonaws.com/photos/102238930/large.jpg,Caligo atreus dionysos,48460/1/47120/372739/47158/184884/47157/47224/47922/58597/202075/55011/210311,jpg
http://inaturalist-open-data.s3.amazonaws.com/photos/104182713/large.jpg,Caligo atreus dionysos,48460/1/47120/372739/47158/184884/47157/47224/47922/58597/202075/55011/210311,jpg
http://inaturalist-open-data.s3.amazonaws.com/photos/104301194/large.jpeg,Caligo atreus dionysos,48460/1/47120/372739/47158/184884/47157/47224/47922/58597/202075/55011/210311,jpeg
http://inaturalist-open-data.s3.amazonaws.com/photos/104301298/large.jpeg,Caligo atreus dionysos,48460/1/47120/372739/47158/184884/47157/47224/47922/58597/202075/55011/210311,jpeg
http://inaturalist-open-data.s3.amazonaws.com/photos/105063640/large.jpeg,Caligo atreus dionysos,48460/1/47120/372739/47158/184884/47157/47224/47922/58597/202075/55011/210311,jpeg
http://inaturalist-open-data.s3.amazonaws.com/photos/105526712/large.jpg,Caligo atreus dionysos,48460/1/47120/372739/47158/184884/47157/47224/47922/58597/202075/55011/210311,jpg
http://inaturalist-open-data.s3.amazonaws.com/photos/105526715/large.jpg,Caligo atreus dionysos,48460/1/47120/372739/47158/184884/47157/47224/47922/58597/202075/55011/210311,jpg
http://inaturalist-open-data.s3.amazonaws.com/photos/105527562/large.jpg,Caligo atreus dionysos,48460/1/47120/372739/47158/184884/47157/47224/47922/58597/202075/55011/210311,jpg
http://inaturalist-open-data.s3.amazonaws.com/photos/105527566/large.jpg,Caligo atreus dionysos,48460/1/47120/372739/47158/184884/47157/47224/47922/58597/202075/55011/210311,jpg
http://inaturalist-open-data.s3.amazonaws.com/photos/107649578/large.jpg,Caligo atreus dionysos,48460/1/47120/372739/47158/184884/47157/47224/47922/58597/202075/55011/210311,jpg
http://inaturalist-open-data.s3.amazonaws.com/photos/157450979/large.jpeg,Caligo atreus dionysos,48460/1/47120/372739/47158/184884/47157/47224/47922/58597/202075/55011/210311,jpeg
http://inaturalist-open-data.s3.amazonaws.com/photos/157450986/large.jpeg,Caligo atreus dionysos,48460/1/47120/372739/47158/184884/47157/47224/47922/58597/202075/55011/210311,jpeg
http://inaturalist-open-data.s3.amazonaws.com/photos/157451142/large.jpeg,Caligo atreus dionysos,48460/1/47120/372739/47158/184884/47157/47224/47922/58597/202075/55011/210311,jpeg
http://inaturalist-open-data.s3.amazonaws.com/photos/157451149/large.jpeg,Caligo atreus dionysos,48460/1/47120/372739/47158/184884/47157/47224/47922/58597/202075/55011/210311,jpeg
http://inaturalist-open-data.s3.amazonaws.com/photos/170525870/large.jpg,Caligo atreus dionysos,48460/1/47120/372739/47158/184884/47157/47224/47922/58597/202075/55011/210311,jpg
http://inaturalist-open-data.s3.amazonaws.com/photos/173781543/large.jpg,Caligo atreus dionysos,48460/1/47120/372739/47158/184884/47157/47224/47922/58597/202075/55011/210311,jpg
