photo_url_large,taxon_name,ancestry,extension
http://inaturalist-open-data.s3.amazonaws.com/photos/11817108/large.jpg,Caligo illioneus oberon,48460/1/47120/372739/47158/184884/47157/47224/47922/58597/202075/55011/154761,jpg
http://inaturalist-open-data.s3.amazonaws.com/photos/54802413/large.jpeg,Caligo illioneus oberon,48460/1/47120/372739/47158/184884/47157/47224/47922/58597/202075/55011/154761,jpeg
http://inaturalist-open-data.s3.amazonaws.com/photos/54802131/large.jpeg,Caligo illioneus oberon,48460/1/47120/372739/47158/184884/47157/47224/47922/58597/202075/55011/154761,jpeg
http://inaturalist-open-data.s3.amazonaws.com/photos/54802431/large.jpeg,Caligo illioneus oberon,48460/1/47120/372739/47158/184884/47157/47224/47922/58597/202075/55011/154761,jpeg
http://inaturalist-open-data.s3.amazonaws.com/photos/54802458/large.jpeg,Caligo illioneus oberon,48460/1/47120/372739/47158/184884/47157/47224/47922/58597/202075/55011/154761,jpeg
http://inaturalist-open-data.s3.amazonaws.com/photos/111231711/large.jpeg,Caligo illioneus oberon,48460/1/47120/372739/47158/184884/47157/47224/47922/58597/202075/55011/154761,jpeg
http://inaturalist-open-data.s3.amazonaws.com/photos/111231722/large.jpeg,Caligo illioneus oberon,48460/1/47120/372739/47158/184884/47157/47224/47922/58597/202075/55011/154761,jpeg
http://inaturalist-open-data.s3.amazonaws.com/photos/113569288/large.jpeg,Caligo illioneus oberon,48460/1/47120/372739/47158/184884/47157/47224/47922/58597/202075/55011/154761,jpeg
http://inaturalist-open-data.s3.amazonaws.com/photos/113569287/large.jpeg,Caligo illioneus oberon,48460/1/47120/372739/47158/184884/47157/47224/47922/58597/202075/55011/154761,jpeg
http://inaturalist-open-data.s3.amazonaws.com/photos/113569322/large.jpeg,Caligo illioneus oberon,48460/1/47120/372739/47158/184884/47157/47224/47922/58597/202075/55011/154761,jpeg
