photo_url_large,taxon_name,ancestry,extension
http://inaturalist-open-data.s3.amazonaws.com/photos/21889796/large.jpg,Calliptamus italicus italicus,48460/1/47120/372739/47158/184884/47651/67688/700600/47650/47649/510317/180699/464211,jpg
http://inaturalist-open-data.s3.amazonaws.com/photos/59828746/large.jpg,Calliptamus italicus italicus,48460/1/47120/372739/47158/184884/47651/67688/700600/47650/47649/510317/180699/464211,jpg
http://inaturalist-open-data.s3.amazonaws.com/photos/59828742/large.jpg,Calliptamus italicus italicus,48460/1/47120/372739/47158/184884/47651/67688/700600/47650/47649/510317/180699/464211,jpg
http://inaturalist-open-data.s3.amazonaws.com/photos/94607548/large.jpg,Calliptamus italicus italicus,48460/1/47120/372739/47158/184884/47651/67688/700600/47650/47649/510317/180699/464211,jpg
http://inaturalist-open-data.s3.amazonaws.com/photos/94608419/large.jpg,Calliptamus italicus italicus,48460/1/47120/372739/47158/184884/47651/67688/700600/47650/47649/510317/180699/464211,jpg
http://inaturalist-open-data.s3.amazonaws.com/photos/143952110/large.jpeg,Calliptamus italicus italicus,48460/1/47120/372739/47158/184884/47651/67688/700600/47650/47649/510317/180699/464211,jpeg
http://inaturalist-open-data.s3.amazonaws.com/photos/143951670/large.jpeg,Calliptamus italicus italicus,48460/1/47120/372739/47158/184884/47651/67688/700600/47650/47649/510317/180699/464211,jpeg
http://inaturalist-open-data.s3.amazonaws.com/photos/143951793/large.jpeg,Calliptamus italicus italicus,48460/1/47120/372739/47158/184884/47651/67688/700600/47650/47649/510317/180699/464211,jpeg
http://inaturalist-open-data.s3.amazonaws.com/photos/147718704/large.jpg,Calliptamus italicus italicus,48460/1/47120/372739/47158/184884/47651/67688/700600/47650/47649/510317/180699/464211,jpg
http://inaturalist-open-data.s3.amazonaws.com/photos/147718678/large.jpg,Calliptamus italicus italicus,48460/1/47120/372739/47158/184884/47651/67688/700600/47650/47649/510317/180699/464211,jpg
http://inaturalist-open-data.s3.amazonaws.com/photos/147718681/large.jpg,Calliptamus italicus italicus,48460/1/47120/372739/47158/184884/47651/67688/700600/47650/47649/510317/180699/464211,jpg
http://inaturalist-open-data.s3.amazonaws.com/photos/147718690/large.jpg,Calliptamus italicus italicus,48460/1/47120/372739/47158/184884/47651/67688/700600/47650/47649/510317/180699/464211,jpg
http://inaturalist-open-data.s3.amazonaws.com/photos/147718698/large.jpg,Calliptamus italicus italicus,48460/1/47120/372739/47158/184884/47651/67688/700600/47650/47649/510317/180699/464211,jpg
http://inaturalist-open-data.s3.amazonaws.com/photos/147718708/large.jpg,Calliptamus italicus italicus,48460/1/47120/372739/47158/184884/47651/67688/700600/47650/47649/510317/180699/464211,jpg
http://inaturalist-open-data.s3.amazonaws.com/photos/147716767/large.jpeg,Calliptamus italicus italicus,48460/1/47120/372739/47158/184884/47651/67688/700600/47650/47649/510317/180699/464211,jpeg
http://inaturalist-open-data.s3.amazonaws.com/photos/148286076/large.jpeg,Calliptamus italicus italicus,48460/1/47120/372739/47158/184884/47651/67688/700600/47650/47649/510317/180699/464211,jpeg
http://inaturalist-open-data.s3.amazonaws.com/photos/148286100/large.jpeg,Calliptamus italicus italicus,48460/1/47120/372739/47158/184884/47651/67688/700600/47650/47649/510317/180699/464211,jpeg
http://inaturalist-open-data.s3.amazonaws.com/photos/148902661/large.jpeg,Calliptamus italicus italicus,48460/1/47120/372739/47158/184884/47651/67688/700600/47650/47649/510317/180699/464211,jpeg
http://inaturalist-open-data.s3.amazonaws.com/photos/148902676/large.jpeg,Calliptamus italicus italicus,48460/1/47120/372739/47158/184884/47651/67688/700600/47650/47649/510317/180699/464211,jpeg
http://inaturalist-open-data.s3.amazonaws.com/photos/148902690/large.jpeg,Calliptamus italicus italicus,48460/1/47120/372739/47158/184884/47651/67688/700600/47650/47649/510317/180699/464211,jpeg
http://inaturalist-open-data.s3.amazonaws.com/photos/148902698/large.jpeg,Calliptamus italicus italicus,48460/1/47120/372739/47158/184884/47651/67688/700600/47650/47649/510317/180699/464211,jpeg
http://inaturalist-open-data.s3.amazonaws.com/photos/148902706/large.jpeg,Calliptamus italicus italicus,48460/1/47120/372739/47158/184884/47651/67688/700600/47650/47649/510317/180699/464211,jpeg
http://inaturalist-open-data.s3.amazonaws.com/photos/148902720/large.jpeg,Calliptamus italicus italicus,48460/1/47120/372739/47158/184884/47651/67688/700600/47650/47649/510317/180699/464211,jpeg
http://inaturalist-open-data.s3.amazonaws.com/photos/148902730/large.jpeg,Calliptamus italicus italicus,48460/1/47120/372739/47158/184884/47651/67688/700600/47650/47649/510317/180699/464211,jpeg
http://inaturalist-open-data.s3.amazonaws.com/photos/148902738/large.jpeg,Calliptamus italicus italicus,48460/1/47120/372739/47158/184884/47651/67688/700600/47650/47649/510317/180699/464211,jpeg
http://inaturalist-open-data.s3.amazonaws.com/photos/148902750/large.jpeg,Calliptamus italicus italicus,48460/1/47120/372739/47158/184884/47651/67688/700600/47650/47649/510317/180699/464211,jpeg
http://inaturalist-open-data.s3.amazonaws.com/photos/148919541/large.jpeg,Calliptamus italicus italicus,48460/1/47120/372739/47158/184884/47651/67688/700600/47650/47649/510317/180699/464211,jpeg
http://inaturalist-open-data.s3.amazonaws.com/photos/148919480/large.jpeg,Calliptamus italicus italicus,48460/1/47120/372739/47158/184884/47651/67688/700600/47650/47649/510317/180699/464211,jpeg
http://inaturalist-open-data.s3.amazonaws.com/photos/148919487/large.jpeg,Calliptamus italicus italicus,48460/1/47120/372739/47158/184884/47651/67688/700600/47650/47649/510317/180699/464211,jpeg
http://inaturalist-open-data.s3.amazonaws.com/photos/148919502/large.jpeg,Calliptamus italicus italicus,48460/1/47120/372739/47158/184884/47651/67688/700600/47650/47649/510317/180699/464211,jpeg
http://inaturalist-open-data.s3.amazonaws.com/photos/148919509/large.jpeg,Calliptamus italicus italicus,48460/1/47120/372739/47158/184884/47651/67688/700600/47650/47649/510317/180699/464211,jpeg
http://inaturalist-open-data.s3.amazonaws.com/photos/148919521/large.jpeg,Calliptamus italicus italicus,48460/1/47120/372739/47158/184884/47651/67688/700600/47650/47649/510317/180699/464211,jpeg
http://inaturalist-open-data.s3.amazonaws.com/photos/148919529/large.jpeg,Calliptamus italicus italicus,48460/1/47120/372739/47158/184884/47651/67688/700600/47650/47649/510317/180699/464211,jpeg
http://inaturalist-open-data.s3.amazonaws.com/photos/149121718/large.jpeg,Calliptamus italicus italicus,48460/1/47120/372739/47158/184884/47651/67688/700600/47650/47649/510317/180699/464211,jpeg
http://inaturalist-open-data.s3.amazonaws.com/photos/149121687/large.jpeg,Calliptamus italicus italicus,48460/1/47120/372739/47158/184884/47651/67688/700600/47650/47649/510317/180699/464211,jpeg
http://inaturalist-open-data.s3.amazonaws.com/photos/149121738/large.jpeg,Calliptamus italicus italicus,48460/1/47120/372739/47158/184884/47651/67688/700600/47650/47649/510317/180699/464211,jpeg
http://inaturalist-open-data.s3.amazonaws.com/photos/156953199/large.jpeg,Calliptamus italicus italicus,48460/1/47120/372739/47158/184884/47651/67688/700600/47650/47649/510317/180699/464211,jpeg
http://inaturalist-open-data.s3.amazonaws.com/photos/156953226/large.jpeg,Calliptamus italicus italicus,48460/1/47120/372739/47158/184884/47651/67688/700600/47650/47649/510317/180699/464211,jpeg
http://inaturalist-open-data.s3.amazonaws.com/photos/163997183/large.jpg,Calliptamus italicus italicus,48460/1/47120/372739/47158/184884/47651/67688/700600/47650/47649/510317/180699/464211,jpg
