photo_url_large,taxon_name,ancestry,extension
http://inaturalist-open-data.s3.amazonaws.com/photos/14828475/large.jpg,Callophrys loki thornei,48460/1/47120/372739/47158/184884/47157/47224/47923/125830/125836/522886/58554/346978,jpg
http://inaturalist-open-data.s3.amazonaws.com/photos/14828525/large.jpg,Callophrys loki thornei,48460/1/47120/372739/47158/184884/47157/47224/47923/125830/125836/522886/58554/346978,jpg
http://inaturalist-open-data.s3.amazonaws.com/photos/117052535/large.jpeg,Callophrys loki thornei,48460/1/47120/372739/47158/184884/47157/47224/47923/125830/125836/522886/58554/346978,jpeg
http://inaturalist-open-data.s3.amazonaws.com/photos/117389803/large.jpg,Callophrys loki thornei,48460/1/47120/372739/47158/184884/47157/47224/47923/125830/125836/522886/58554/346978,jpg
http://inaturalist-open-data.s3.amazonaws.com/photos/118124349/large.jpg,Callophrys loki thornei,48460/1/47120/372739/47158/184884/47157/47224/47923/125830/125836/522886/58554/346978,jpg
http://inaturalist-open-data.s3.amazonaws.com/photos/118272593/large.jpeg,Callophrys loki thornei,48460/1/47120/372739/47158/184884/47157/47224/47923/125830/125836/522886/58554/346978,jpeg
