photo_url_large,taxon_name,ancestry,extension
http://inaturalist-open-data.s3.amazonaws.com/photos/2134648/large.jpg,Calligrapha californica coreopsivora,48460/1/47120/372739/47158/184884/47208/71130/372852/176269/51146/154472/1162208/335544/84810/935355/215738,jpg
http://inaturalist-open-data.s3.amazonaws.com/photos/7977726/large.jpeg,Calligrapha californica coreopsivora,48460/1/47120/372739/47158/184884/47208/71130/372852/176269/51146/154472/1162208/335544/84810/935355/215738,jpeg
http://inaturalist-open-data.s3.amazonaws.com/photos/9211863/large.jpg,Calligrapha californica coreopsivora,48460/1/47120/372739/47158/184884/47208/71130/372852/176269/51146/154472/1162208/335544/84810/935355/215738,jpg
http://inaturalist-open-data.s3.amazonaws.com/photos/9211864/large.jpg,Calligrapha californica coreopsivora,48460/1/47120/372739/47158/184884/47208/71130/372852/176269/51146/154472/1162208/335544/84810/935355/215738,jpg
http://inaturalist-open-data.s3.amazonaws.com/photos/23956776/large.jpg,Calligrapha californica coreopsivora,48460/1/47120/372739/47158/184884/47208/71130/372852/176269/51146/154472/1162208/335544/84810/935355/215738,jpg
http://inaturalist-open-data.s3.amazonaws.com/photos/30442165/large.jpg,Calligrapha californica coreopsivora,48460/1/47120/372739/47158/184884/47208/71130/372852/176269/51146/154472/1162208/335544/84810/935355/215738,jpg
http://inaturalist-open-data.s3.amazonaws.com/photos/52080700/large.jpeg,Calligrapha californica coreopsivora,48460/1/47120/372739/47158/184884/47208/71130/372852/176269/51146/154472/1162208/335544/84810/935355/215738,jpeg
http://inaturalist-open-data.s3.amazonaws.com/photos/52080715/large.jpeg,Calligrapha californica coreopsivora,48460/1/47120/372739/47158/184884/47208/71130/372852/176269/51146/154472/1162208/335544/84810/935355/215738,jpeg
http://inaturalist-open-data.s3.amazonaws.com/photos/52080730/large.jpeg,Calligrapha californica coreopsivora,48460/1/47120/372739/47158/184884/47208/71130/372852/176269/51146/154472/1162208/335544/84810/935355/215738,jpeg
http://inaturalist-open-data.s3.amazonaws.com/photos/128544458/large.jpg,Calligrapha californica coreopsivora,48460/1/47120/372739/47158/184884/47208/71130/372852/176269/51146/154472/1162208/335544/84810/935355/215738,jpg
http://inaturalist-open-data.s3.amazonaws.com/photos/128708248/large.jpeg,Calligrapha californica coreopsivora,48460/1/47120/372739/47158/184884/47208/71130/372852/176269/51146/154472/1162208/335544/84810/935355/215738,jpeg
http://inaturalist-open-data.s3.amazonaws.com/photos/128874745/large.jpg,Calligrapha californica coreopsivora,48460/1/47120/372739/47158/184884/47208/71130/372852/176269/51146/154472/1162208/335544/84810/935355/215738,jpg
http://inaturalist-open-data.s3.amazonaws.com/photos/128980461/large.jpg,Calligrapha californica coreopsivora,48460/1/47120/372739/47158/184884/47208/71130/372852/176269/51146/154472/1162208/335544/84810/935355/215738,jpg
http://inaturalist-open-data.s3.amazonaws.com/photos/135846858/large.jpg,Calligrapha californica coreopsivora,48460/1/47120/372739/47158/184884/47208/71130/372852/176269/51146/154472/1162208/335544/84810/935355/215738,jpg
http://inaturalist-open-data.s3.amazonaws.com/photos/138453075/large.jpg,Calligrapha californica coreopsivora,48460/1/47120/372739/47158/184884/47208/71130/372852/176269/51146/154472/1162208/335544/84810/935355/215738,jpg
http://inaturalist-open-data.s3.amazonaws.com/photos/138453091/large.jpg,Calligrapha californica coreopsivora,48460/1/47120/372739/47158/184884/47208/71130/372852/176269/51146/154472/1162208/335544/84810/935355/215738,jpg
http://inaturalist-open-data.s3.amazonaws.com/photos/138453104/large.jpg,Calligrapha californica coreopsivora,48460/1/47120/372739/47158/184884/47208/71130/372852/176269/51146/154472/1162208/335544/84810/935355/215738,jpg
