photo_url_large,taxon_name,ancestry,extension
http://inaturalist-open-data.s3.amazonaws.com/photos/15448515/large.jpg,Calosoma chlorostictum chlorostictum,48460/1/47120/372739/47158/184884/47208/340471/372884/49567/333554/319773/421709/82765/827245/630846,jpg
http://inaturalist-open-data.s3.amazonaws.com/photos/15448517/large.jpg,Calosoma chlorostictum chlorostictum,48460/1/47120/372739/47158/184884/47208/340471/372884/49567/333554/319773/421709/82765/827245/630846,jpg
http://inaturalist-open-data.s3.amazonaws.com/photos/15448520/large.jpg,Calosoma chlorostictum chlorostictum,48460/1/47120/372739/47158/184884/47208/340471/372884/49567/333554/319773/421709/82765/827245/630846,jpg
http://inaturalist-open-data.s3.amazonaws.com/photos/15809482/large.jpg,Calosoma chlorostictum chlorostictum,48460/1/47120/372739/47158/184884/47208/340471/372884/49567/333554/319773/421709/82765/827245/630846,jpg
http://inaturalist-open-data.s3.amazonaws.com/photos/15809487/large.jpg,Calosoma chlorostictum chlorostictum,48460/1/47120/372739/47158/184884/47208/340471/372884/49567/333554/319773/421709/82765/827245/630846,jpg
http://inaturalist-open-data.s3.amazonaws.com/photos/15809489/large.jpg,Calosoma chlorostictum chlorostictum,48460/1/47120/372739/47158/184884/47208/340471/372884/49567/333554/319773/421709/82765/827245/630846,jpg
