photo_url_large,taxon_name,ancestry,extension
http://inaturalist-open-data.s3.amazonaws.com/photos/10662337/large.jpeg,Calomera littoralis nemoralis,48460/1/47120/372739/47158/184884/47208/340471/372884/49567/119895/373661/373919/322376/322377,jpeg
http://inaturalist-open-data.s3.amazonaws.com/photos/25960201/large.jpg,Calomera littoralis nemoralis,48460/1/47120/372739/47158/184884/47208/340471/372884/49567/119895/373661/373919/322376/322377,jpg
http://inaturalist-open-data.s3.amazonaws.com/photos/25985956/large.jpg,Calomera littoralis nemoralis,48460/1/47120/372739/47158/184884/47208/340471/372884/49567/119895/373661/373919/322376/322377,jpg
http://inaturalist-open-data.s3.amazonaws.com/photos/25985955/large.jpg,Calomera littoralis nemoralis,48460/1/47120/372739/47158/184884/47208/340471/372884/49567/119895/373661/373919/322376/322377,jpg
http://inaturalist-open-data.s3.amazonaws.com/photos/27493211/large.jpeg,Calomera littoralis nemoralis,48460/1/47120/372739/47158/184884/47208/340471/372884/49567/119895/373661/373919/322376/322377,jpeg
http://inaturalist-open-data.s3.amazonaws.com/photos/27493207/large.jpeg,Calomera littoralis nemoralis,48460/1/47120/372739/47158/184884/47208/340471/372884/49567/119895/373661/373919/322376/322377,jpeg
http://inaturalist-open-data.s3.amazonaws.com/photos/27493218/large.jpeg,Calomera littoralis nemoralis,48460/1/47120/372739/47158/184884/47208/340471/372884/49567/119895/373661/373919/322376/322377,jpeg
http://inaturalist-open-data.s3.amazonaws.com/photos/27493199/large.jpeg,Calomera littoralis nemoralis,48460/1/47120/372739/47158/184884/47208/340471/372884/49567/119895/373661/373919/322376/322377,jpeg
http://inaturalist-open-data.s3.amazonaws.com/photos/27520047/large.jpg,Calomera littoralis nemoralis,48460/1/47120/372739/47158/184884/47208/340471/372884/49567/119895/373661/373919/322376/322377,jpg
http://inaturalist-open-data.s3.amazonaws.com/photos/27580820/large.jpeg,Calomera littoralis nemoralis,48460/1/47120/372739/47158/184884/47208/340471/372884/49567/119895/373661/373919/322376/322377,jpeg
http://inaturalist-open-data.s3.amazonaws.com/photos/28059887/large.jpeg,Calomera littoralis nemoralis,48460/1/47120/372739/47158/184884/47208/340471/372884/49567/119895/373661/373919/322376/322377,jpeg
http://inaturalist-open-data.s3.amazonaws.com/photos/28059889/large.jpeg,Calomera littoralis nemoralis,48460/1/47120/372739/47158/184884/47208/340471/372884/49567/119895/373661/373919/322376/322377,jpeg
http://inaturalist-open-data.s3.amazonaws.com/photos/28149410/large.jpeg,Calomera littoralis nemoralis,48460/1/47120/372739/47158/184884/47208/340471/372884/49567/119895/373661/373919/322376/322377,jpeg
http://inaturalist-open-data.s3.amazonaws.com/photos/28256491/large.jpeg,Calomera littoralis nemoralis,48460/1/47120/372739/47158/184884/47208/340471/372884/49567/119895/373661/373919/322376/322377,jpeg
http://inaturalist-open-data.s3.amazonaws.com/photos/28256492/large.jpeg,Calomera littoralis nemoralis,48460/1/47120/372739/47158/184884/47208/340471/372884/49567/119895/373661/373919/322376/322377,jpeg
http://inaturalist-open-data.s3.amazonaws.com/photos/28256495/large.jpeg,Calomera littoralis nemoralis,48460/1/47120/372739/47158/184884/47208/340471/372884/49567/119895/373661/373919/322376/322377,jpeg
http://inaturalist-open-data.s3.amazonaws.com/photos/28256497/large.jpeg,Calomera littoralis nemoralis,48460/1/47120/372739/47158/184884/47208/340471/372884/49567/119895/373661/373919/322376/322377,jpeg
http://inaturalist-open-data.s3.amazonaws.com/photos/28256498/large.jpeg,Calomera littoralis nemoralis,48460/1/47120/372739/47158/184884/47208/340471/372884/49567/119895/373661/373919/322376/322377,jpeg
http://inaturalist-open-data.s3.amazonaws.com/photos/28256515/large.jpeg,Calomera littoralis nemoralis,48460/1/47120/372739/47158/184884/47208/340471/372884/49567/119895/373661/373919/322376/322377,jpeg
http://inaturalist-open-data.s3.amazonaws.com/photos/28256513/large.jpeg,Calomera littoralis nemoralis,48460/1/47120/372739/47158/184884/47208/340471/372884/49567/119895/373661/373919/322376/322377,jpeg
http://inaturalist-open-data.s3.amazonaws.com/photos/30269317/large.jpg,Calomera littoralis nemoralis,48460/1/47120/372739/47158/184884/47208/340471/372884/49567/119895/373661/373919/322376/322377,jpg
http://inaturalist-open-data.s3.amazonaws.com/photos/30269319/large.jpg,Calomera littoralis nemoralis,48460/1/47120/372739/47158/184884/47208/340471/372884/49567/119895/373661/373919/322376/322377,jpg
http://inaturalist-open-data.s3.amazonaws.com/photos/35636216/large.jpg,Calomera littoralis nemoralis,48460/1/47120/372739/47158/184884/47208/340471/372884/49567/119895/373661/373919/322376/322377,jpg
http://inaturalist-open-data.s3.amazonaws.com/photos/35636468/large.jpg,Calomera littoralis nemoralis,48460/1/47120/372739/47158/184884/47208/340471/372884/49567/119895/373661/373919/322376/322377,jpg
http://inaturalist-open-data.s3.amazonaws.com/photos/39439806/large.jpg,Calomera littoralis nemoralis,48460/1/47120/372739/47158/184884/47208/340471/372884/49567/119895/373661/373919/322376/322377,jpg
http://inaturalist-open-data.s3.amazonaws.com/photos/40142112/large.jpg,Calomera littoralis nemoralis,48460/1/47120/372739/47158/184884/47208/340471/372884/49567/119895/373661/373919/322376/322377,jpg
http://inaturalist-open-data.s3.amazonaws.com/photos/40142099/large.jpg,Calomera littoralis nemoralis,48460/1/47120/372739/47158/184884/47208/340471/372884/49567/119895/373661/373919/322376/322377,jpg
http://inaturalist-open-data.s3.amazonaws.com/photos/40142083/large.jpg,Calomera littoralis nemoralis,48460/1/47120/372739/47158/184884/47208/340471/372884/49567/119895/373661/373919/322376/322377,jpg
http://inaturalist-open-data.s3.amazonaws.com/photos/41634144/large.jpg,Calomera littoralis nemoralis,48460/1/47120/372739/47158/184884/47208/340471/372884/49567/119895/373661/373919/322376/322377,jpg
http://inaturalist-open-data.s3.amazonaws.com/photos/41634152/large.jpg,Calomera littoralis nemoralis,48460/1/47120/372739/47158/184884/47208/340471/372884/49567/119895/373661/373919/322376/322377,jpg
http://inaturalist-open-data.s3.amazonaws.com/photos/43323710/large.jpg,Calomera littoralis nemoralis,48460/1/47120/372739/47158/184884/47208/340471/372884/49567/119895/373661/373919/322376/322377,jpg
http://inaturalist-open-data.s3.amazonaws.com/photos/43323717/large.jpg,Calomera littoralis nemoralis,48460/1/47120/372739/47158/184884/47208/340471/372884/49567/119895/373661/373919/322376/322377,jpg
http://inaturalist-open-data.s3.amazonaws.com/photos/44193759/large.jpg,Calomera littoralis nemoralis,48460/1/47120/372739/47158/184884/47208/340471/372884/49567/119895/373661/373919/322376/322377,jpg
http://inaturalist-open-data.s3.amazonaws.com/photos/46194271/large.jpeg,Calomera littoralis nemoralis,48460/1/47120/372739/47158/184884/47208/340471/372884/49567/119895/373661/373919/322376/322377,jpeg
http://inaturalist-open-data.s3.amazonaws.com/photos/51320486/large.jpeg,Calomera littoralis nemoralis,48460/1/47120/372739/47158/184884/47208/340471/372884/49567/119895/373661/373919/322376/322377,jpeg
http://inaturalist-open-data.s3.amazonaws.com/photos/51320502/large.jpeg,Calomera littoralis nemoralis,48460/1/47120/372739/47158/184884/47208/340471/372884/49567/119895/373661/373919/322376/322377,jpeg
http://inaturalist-open-data.s3.amazonaws.com/photos/51320464/large.jpeg,Calomera littoralis nemoralis,48460/1/47120/372739/47158/184884/47208/340471/372884/49567/119895/373661/373919/322376/322377,jpeg
http://inaturalist-open-data.s3.amazonaws.com/photos/61381052/large.jpeg,Calomera littoralis nemoralis,48460/1/47120/372739/47158/184884/47208/340471/372884/49567/119895/373661/373919/322376/322377,jpeg
http://inaturalist-open-data.s3.amazonaws.com/photos/61381472/large.jpeg,Calomera littoralis nemoralis,48460/1/47120/372739/47158/184884/47208/340471/372884/49567/119895/373661/373919/322376/322377,jpeg
http://inaturalist-open-data.s3.amazonaws.com/photos/61381555/large.jpeg,Calomera littoralis nemoralis,48460/1/47120/372739/47158/184884/47208/340471/372884/49567/119895/373661/373919/322376/322377,jpeg
http://inaturalist-open-data.s3.amazonaws.com/photos/64207755/large.jpg,Calomera littoralis nemoralis,48460/1/47120/372739/47158/184884/47208/340471/372884/49567/119895/373661/373919/322376/322377,jpg
http://inaturalist-open-data.s3.amazonaws.com/photos/66178598/large.jpg,Calomera littoralis nemoralis,48460/1/47120/372739/47158/184884/47208/340471/372884/49567/119895/373661/373919/322376/322377,jpg
http://inaturalist-open-data.s3.amazonaws.com/photos/66178619/large.jpg,Calomera littoralis nemoralis,48460/1/47120/372739/47158/184884/47208/340471/372884/49567/119895/373661/373919/322376/322377,jpg
http://inaturalist-open-data.s3.amazonaws.com/photos/69192572/large.jpg,Calomera littoralis nemoralis,48460/1/47120/372739/47158/184884/47208/340471/372884/49567/119895/373661/373919/322376/322377,jpg
http://inaturalist-open-data.s3.amazonaws.com/photos/74113105/large.jpg,Calomera littoralis nemoralis,48460/1/47120/372739/47158/184884/47208/340471/372884/49567/119895/373661/373919/322376/322377,jpg
http://inaturalist-open-data.s3.amazonaws.com/photos/76163062/large.jpg,Calomera littoralis nemoralis,48460/1/47120/372739/47158/184884/47208/340471/372884/49567/119895/373661/373919/322376/322377,jpg
http://inaturalist-open-data.s3.amazonaws.com/photos/83215920/large.jpg,Calomera littoralis nemoralis,48460/1/47120/372739/47158/184884/47208/340471/372884/49567/119895/373661/373919/322376/322377,jpg
http://inaturalist-open-data.s3.amazonaws.com/photos/84833033/large.jpeg,Calomera littoralis nemoralis,48460/1/47120/372739/47158/184884/47208/340471/372884/49567/119895/373661/373919/322376/322377,jpeg
http://inaturalist-open-data.s3.amazonaws.com/photos/84833073/large.jpeg,Calomera littoralis nemoralis,48460/1/47120/372739/47158/184884/47208/340471/372884/49567/119895/373661/373919/322376/322377,jpeg
http://inaturalist-open-data.s3.amazonaws.com/photos/85529176/large.jpeg,Calomera littoralis nemoralis,48460/1/47120/372739/47158/184884/47208/340471/372884/49567/119895/373661/373919/322376/322377,jpeg
http://inaturalist-open-data.s3.amazonaws.com/photos/87790926/large.jpeg,Calomera littoralis nemoralis,48460/1/47120/372739/47158/184884/47208/340471/372884/49567/119895/373661/373919/322376/322377,jpeg
http://inaturalist-open-data.s3.amazonaws.com/photos/87790945/large.jpeg,Calomera littoralis nemoralis,48460/1/47120/372739/47158/184884/47208/340471/372884/49567/119895/373661/373919/322376/322377,jpeg
http://inaturalist-open-data.s3.amazonaws.com/photos/88381643/large.jpeg,Calomera littoralis nemoralis,48460/1/47120/372739/47158/184884/47208/340471/372884/49567/119895/373661/373919/322376/322377,jpeg
http://inaturalist-open-data.s3.amazonaws.com/photos/89416944/large.jpg,Calomera littoralis nemoralis,48460/1/47120/372739/47158/184884/47208/340471/372884/49567/119895/373661/373919/322376/322377,jpg
http://inaturalist-open-data.s3.amazonaws.com/photos/90348636/large.jpg,Calomera littoralis nemoralis,48460/1/47120/372739/47158/184884/47208/340471/372884/49567/119895/373661/373919/322376/322377,jpg
http://inaturalist-open-data.s3.amazonaws.com/photos/91215339/large.jpg,Calomera littoralis nemoralis,48460/1/47120/372739/47158/184884/47208/340471/372884/49567/119895/373661/373919/322376/322377,jpg
http://inaturalist-open-data.s3.amazonaws.com/photos/91215382/large.jpg,Calomera littoralis nemoralis,48460/1/47120/372739/47158/184884/47208/340471/372884/49567/119895/373661/373919/322376/322377,jpg
http://inaturalist-open-data.s3.amazonaws.com/photos/93263888/large.jpeg,Calomera littoralis nemoralis,48460/1/47120/372739/47158/184884/47208/340471/372884/49567/119895/373661/373919/322376/322377,jpeg
http://inaturalist-open-data.s3.amazonaws.com/photos/93263900/large.jpeg,Calomera littoralis nemoralis,48460/1/47120/372739/47158/184884/47208/340471/372884/49567/119895/373661/373919/322376/322377,jpeg
http://inaturalist-open-data.s3.amazonaws.com/photos/93267331/large.jpeg,Calomera littoralis nemoralis,48460/1/47120/372739/47158/184884/47208/340471/372884/49567/119895/373661/373919/322376/322377,jpeg
http://inaturalist-open-data.s3.amazonaws.com/photos/93267354/large.jpeg,Calomera littoralis nemoralis,48460/1/47120/372739/47158/184884/47208/340471/372884/49567/119895/373661/373919/322376/322377,jpeg
http://inaturalist-open-data.s3.amazonaws.com/photos/93330278/large.jpg,Calomera littoralis nemoralis,48460/1/47120/372739/47158/184884/47208/340471/372884/49567/119895/373661/373919/322376/322377,jpg
http://inaturalist-open-data.s3.amazonaws.com/photos/93387262/large.jpeg,Calomera littoralis nemoralis,48460/1/47120/372739/47158/184884/47208/340471/372884/49567/119895/373661/373919/322376/322377,jpeg
http://inaturalist-open-data.s3.amazonaws.com/photos/93729426/large.jpg,Calomera littoralis nemoralis,48460/1/47120/372739/47158/184884/47208/340471/372884/49567/119895/373661/373919/322376/322377,jpg
http://inaturalist-open-data.s3.amazonaws.com/photos/93729434/large.jpg,Calomera littoralis nemoralis,48460/1/47120/372739/47158/184884/47208/340471/372884/49567/119895/373661/373919/322376/322377,jpg
http://inaturalist-open-data.s3.amazonaws.com/photos/96371389/large.jpg,Calomera littoralis nemoralis,48460/1/47120/372739/47158/184884/47208/340471/372884/49567/119895/373661/373919/322376/322377,jpg
http://inaturalist-open-data.s3.amazonaws.com/photos/96422458/large.jpg,Calomera littoralis nemoralis,48460/1/47120/372739/47158/184884/47208/340471/372884/49567/119895/373661/373919/322376/322377,jpg
http://inaturalist-open-data.s3.amazonaws.com/photos/96422452/large.jpg,Calomera littoralis nemoralis,48460/1/47120/372739/47158/184884/47208/340471/372884/49567/119895/373661/373919/322376/322377,jpg
http://inaturalist-open-data.s3.amazonaws.com/photos/99161307/large.jpeg,Calomera littoralis nemoralis,48460/1/47120/372739/47158/184884/47208/340471/372884/49567/119895/373661/373919/322376/322377,jpeg
http://inaturalist-open-data.s3.amazonaws.com/photos/110053962/large.jpeg,Calomera littoralis nemoralis,48460/1/47120/372739/47158/184884/47208/340471/372884/49567/119895/373661/373919/322376/322377,jpeg
http://inaturalist-open-data.s3.amazonaws.com/photos/111103086/large.jpeg,Calomera littoralis nemoralis,48460/1/47120/372739/47158/184884/47208/340471/372884/49567/119895/373661/373919/322376/322377,jpeg
http://inaturalist-open-data.s3.amazonaws.com/photos/111263012/large.jpeg,Calomera littoralis nemoralis,48460/1/47120/372739/47158/184884/47208/340471/372884/49567/119895/373661/373919/322376/322377,jpeg
http://inaturalist-open-data.s3.amazonaws.com/photos/111263015/large.jpeg,Calomera littoralis nemoralis,48460/1/47120/372739/47158/184884/47208/340471/372884/49567/119895/373661/373919/322376/322377,jpeg
http://inaturalist-open-data.s3.amazonaws.com/photos/120175915/large.jpg,Calomera littoralis nemoralis,48460/1/47120/372739/47158/184884/47208/340471/372884/49567/119895/373661/373919/322376/322377,jpg
http://inaturalist-open-data.s3.amazonaws.com/photos/123180906/large.jpeg,Calomera littoralis nemoralis,48460/1/47120/372739/47158/184884/47208/340471/372884/49567/119895/373661/373919/322376/322377,jpeg
http://inaturalist-open-data.s3.amazonaws.com/photos/128055445/large.jpeg,Calomera littoralis nemoralis,48460/1/47120/372739/47158/184884/47208/340471/372884/49567/119895/373661/373919/322376/322377,jpeg
http://inaturalist-open-data.s3.amazonaws.com/photos/128055473/large.jpeg,Calomera littoralis nemoralis,48460/1/47120/372739/47158/184884/47208/340471/372884/49567/119895/373661/373919/322376/322377,jpeg
http://inaturalist-open-data.s3.amazonaws.com/photos/128055507/large.jpeg,Calomera littoralis nemoralis,48460/1/47120/372739/47158/184884/47208/340471/372884/49567/119895/373661/373919/322376/322377,jpeg
http://inaturalist-open-data.s3.amazonaws.com/photos/128055525/large.jpeg,Calomera littoralis nemoralis,48460/1/47120/372739/47158/184884/47208/340471/372884/49567/119895/373661/373919/322376/322377,jpeg
http://inaturalist-open-data.s3.amazonaws.com/photos/128051543/large.jpeg,Calomera littoralis nemoralis,48460/1/47120/372739/47158/184884/47208/340471/372884/49567/119895/373661/373919/322376/322377,jpeg
http://inaturalist-open-data.s3.amazonaws.com/photos/128051563/large.jpeg,Calomera littoralis nemoralis,48460/1/47120/372739/47158/184884/47208/340471/372884/49567/119895/373661/373919/322376/322377,jpeg
http://inaturalist-open-data.s3.amazonaws.com/photos/128051599/large.jpeg,Calomera littoralis nemoralis,48460/1/47120/372739/47158/184884/47208/340471/372884/49567/119895/373661/373919/322376/322377,jpeg
http://inaturalist-open-data.s3.amazonaws.com/photos/121531789/large.jpeg,Calomera littoralis nemoralis,48460/1/47120/372739/47158/184884/47208/340471/372884/49567/119895/373661/373919/322376/322377,jpeg
http://inaturalist-open-data.s3.amazonaws.com/photos/137903361/large.jpeg,Calomera littoralis nemoralis,48460/1/47120/372739/47158/184884/47208/340471/372884/49567/119895/373661/373919/322376/322377,jpeg
http://inaturalist-open-data.s3.amazonaws.com/photos/137903372/large.jpeg,Calomera littoralis nemoralis,48460/1/47120/372739/47158/184884/47208/340471/372884/49567/119895/373661/373919/322376/322377,jpeg
http://inaturalist-open-data.s3.amazonaws.com/photos/143889851/large.jpeg,Calomera littoralis nemoralis,48460/1/47120/372739/47158/184884/47208/340471/372884/49567/119895/373661/373919/322376/322377,jpeg
http://inaturalist-open-data.s3.amazonaws.com/photos/147507440/large.jpeg,Calomera littoralis nemoralis,48460/1/47120/372739/47158/184884/47208/340471/372884/49567/119895/373661/373919/322376/322377,jpeg
http://inaturalist-open-data.s3.amazonaws.com/photos/147507586/large.jpeg,Calomera littoralis nemoralis,48460/1/47120/372739/47158/184884/47208/340471/372884/49567/119895/373661/373919/322376/322377,jpeg
http://inaturalist-open-data.s3.amazonaws.com/photos/149148565/large.jpeg,Calomera littoralis nemoralis,48460/1/47120/372739/47158/184884/47208/340471/372884/49567/119895/373661/373919/322376/322377,jpeg
http://inaturalist-open-data.s3.amazonaws.com/photos/150353863/large.jpeg,Calomera littoralis nemoralis,48460/1/47120/372739/47158/184884/47208/340471/372884/49567/119895/373661/373919/322376/322377,jpeg
http://inaturalist-open-data.s3.amazonaws.com/photos/152901866/large.jpg,Calomera littoralis nemoralis,48460/1/47120/372739/47158/184884/47208/340471/372884/49567/119895/373661/373919/322376/322377,jpg
http://inaturalist-open-data.s3.amazonaws.com/photos/153436899/large.jpg,Calomera littoralis nemoralis,48460/1/47120/372739/47158/184884/47208/340471/372884/49567/119895/373661/373919/322376/322377,jpg
http://inaturalist-open-data.s3.amazonaws.com/photos/153750409/large.jpeg,Calomera littoralis nemoralis,48460/1/47120/372739/47158/184884/47208/340471/372884/49567/119895/373661/373919/322376/322377,jpeg
http://inaturalist-open-data.s3.amazonaws.com/photos/155822429/large.jpg,Calomera littoralis nemoralis,48460/1/47120/372739/47158/184884/47208/340471/372884/49567/119895/373661/373919/322376/322377,jpg
http://inaturalist-open-data.s3.amazonaws.com/photos/156227400/large.jpeg,Calomera littoralis nemoralis,48460/1/47120/372739/47158/184884/47208/340471/372884/49567/119895/373661/373919/322376/322377,jpeg
http://inaturalist-open-data.s3.amazonaws.com/photos/156702075/large.jpeg,Calomera littoralis nemoralis,48460/1/47120/372739/47158/184884/47208/340471/372884/49567/119895/373661/373919/322376/322377,jpeg
http://inaturalist-open-data.s3.amazonaws.com/photos/156702118/large.jpeg,Calomera littoralis nemoralis,48460/1/47120/372739/47158/184884/47208/340471/372884/49567/119895/373661/373919/322376/322377,jpeg
http://inaturalist-open-data.s3.amazonaws.com/photos/156630222/large.jpeg,Calomera littoralis nemoralis,48460/1/47120/372739/47158/184884/47208/340471/372884/49567/119895/373661/373919/322376/322377,jpeg
http://inaturalist-open-data.s3.amazonaws.com/photos/157113140/large.jpg,Calomera littoralis nemoralis,48460/1/47120/372739/47158/184884/47208/340471/372884/49567/119895/373661/373919/322376/322377,jpg
http://inaturalist-open-data.s3.amazonaws.com/photos/157113143/large.jpg,Calomera littoralis nemoralis,48460/1/47120/372739/47158/184884/47208/340471/372884/49567/119895/373661/373919/322376/322377,jpg
http://inaturalist-open-data.s3.amazonaws.com/photos/157113152/large.jpg,Calomera littoralis nemoralis,48460/1/47120/372739/47158/184884/47208/340471/372884/49567/119895/373661/373919/322376/322377,jpg
http://inaturalist-open-data.s3.amazonaws.com/photos/157415344/large.jpeg,Calomera littoralis nemoralis,48460/1/47120/372739/47158/184884/47208/340471/372884/49567/119895/373661/373919/322376/322377,jpeg
http://inaturalist-open-data.s3.amazonaws.com/photos/157792943/large.jpg,Calomera littoralis nemoralis,48460/1/47120/372739/47158/184884/47208/340471/372884/49567/119895/373661/373919/322376/322377,jpg
http://inaturalist-open-data.s3.amazonaws.com/photos/158609909/large.jpg,Calomera littoralis nemoralis,48460/1/47120/372739/47158/184884/47208/340471/372884/49567/119895/373661/373919/322376/322377,jpg
http://inaturalist-open-data.s3.amazonaws.com/photos/159801209/large.jpg,Calomera littoralis nemoralis,48460/1/47120/372739/47158/184884/47208/340471/372884/49567/119895/373661/373919/322376/322377,jpg
http://inaturalist-open-data.s3.amazonaws.com/photos/161243723/large.jpg,Calomera littoralis nemoralis,48460/1/47120/372739/47158/184884/47208/340471/372884/49567/119895/373661/373919/322376/322377,jpg
http://inaturalist-open-data.s3.amazonaws.com/photos/165418507/large.jpeg,Calomera littoralis nemoralis,48460/1/47120/372739/47158/184884/47208/340471/372884/49567/119895/373661/373919/322376/322377,jpeg
http://inaturalist-open-data.s3.amazonaws.com/photos/167130026/large.jpeg,Calomera littoralis nemoralis,48460/1/47120/372739/47158/184884/47208/340471/372884/49567/119895/373661/373919/322376/322377,jpeg
http://inaturalist-open-data.s3.amazonaws.com/photos/167130084/large.jpeg,Calomera littoralis nemoralis,48460/1/47120/372739/47158/184884/47208/340471/372884/49567/119895/373661/373919/322376/322377,jpeg
http://inaturalist-open-data.s3.amazonaws.com/photos/167130063/large.jpeg,Calomera littoralis nemoralis,48460/1/47120/372739/47158/184884/47208/340471/372884/49567/119895/373661/373919/322376/322377,jpeg
http://inaturalist-open-data.s3.amazonaws.com/photos/167130043/large.jpeg,Calomera littoralis nemoralis,48460/1/47120/372739/47158/184884/47208/340471/372884/49567/119895/373661/373919/322376/322377,jpeg
http://inaturalist-open-data.s3.amazonaws.com/photos/167938809/large.jpg,Calomera littoralis nemoralis,48460/1/47120/372739/47158/184884/47208/340471/372884/49567/119895/373661/373919/322376/322377,jpg
http://inaturalist-open-data.s3.amazonaws.com/photos/167938814/large.jpg,Calomera littoralis nemoralis,48460/1/47120/372739/47158/184884/47208/340471/372884/49567/119895/373661/373919/322376/322377,jpg
http://inaturalist-open-data.s3.amazonaws.com/photos/168820287/large.jpg,Calomera littoralis nemoralis,48460/1/47120/372739/47158/184884/47208/340471/372884/49567/119895/373661/373919/322376/322377,jpg
http://inaturalist-open-data.s3.amazonaws.com/photos/170482550/large.jpg,Calomera littoralis nemoralis,48460/1/47120/372739/47158/184884/47208/340471/372884/49567/119895/373661/373919/322376/322377,jpg
http://inaturalist-open-data.s3.amazonaws.com/photos/172190452/large.jpg,Calomera littoralis nemoralis,48460/1/47120/372739/47158/184884/47208/340471/372884/49567/119895/373661/373919/322376/322377,jpg
http://inaturalist-open-data.s3.amazonaws.com/photos/172190463/large.jpg,Calomera littoralis nemoralis,48460/1/47120/372739/47158/184884/47208/340471/372884/49567/119895/373661/373919/322376/322377,jpg
http://inaturalist-open-data.s3.amazonaws.com/photos/172190461/large.jpg,Calomera littoralis nemoralis,48460/1/47120/372739/47158/184884/47208/340471/372884/49567/119895/373661/373919/322376/322377,jpg
http://inaturalist-open-data.s3.amazonaws.com/photos/173612091/large.jpeg,Calomera littoralis nemoralis,48460/1/47120/372739/47158/184884/47208/340471/372884/49567/119895/373661/373919/322376/322377,jpeg
http://inaturalist-open-data.s3.amazonaws.com/photos/174300017/large.jpeg,Calomera littoralis nemoralis,48460/1/47120/372739/47158/184884/47208/340471/372884/49567/119895/373661/373919/322376/322377,jpeg
http://inaturalist-open-data.s3.amazonaws.com/photos/174300040/large.jpeg,Calomera littoralis nemoralis,48460/1/47120/372739/47158/184884/47208/340471/372884/49567/119895/373661/373919/322376/322377,jpeg
