photo_url_large,taxon_name,ancestry,extension
http://inaturalist-open-data.s3.amazonaws.com/photos/39773518/large.jpeg,Camponotus ephippium ephippium,48460/1/47120/372739/47158/184884/47201/124417/326777/1269340/47336/244834/334375/62781/1028116/870629,jpeg
http://inaturalist-open-data.s3.amazonaws.com/photos/39773520/large.jpeg,Camponotus ephippium ephippium,48460/1/47120/372739/47158/184884/47201/124417/326777/1269340/47336/244834/334375/62781/1028116/870629,jpeg
http://inaturalist-open-data.s3.amazonaws.com/photos/39773521/large.jpeg,Camponotus ephippium ephippium,48460/1/47120/372739/47158/184884/47201/124417/326777/1269340/47336/244834/334375/62781/1028116/870629,jpeg
http://inaturalist-open-data.s3.amazonaws.com/photos/39773523/large.jpeg,Camponotus ephippium ephippium,48460/1/47120/372739/47158/184884/47201/124417/326777/1269340/47336/244834/334375/62781/1028116/870629,jpeg
http://inaturalist-open-data.s3.amazonaws.com/photos/39773524/large.jpeg,Camponotus ephippium ephippium,48460/1/47120/372739/47158/184884/47201/124417/326777/1269340/47336/244834/334375/62781/1028116/870629,jpeg
http://inaturalist-open-data.s3.amazonaws.com/photos/39773525/large.jpeg,Camponotus ephippium ephippium,48460/1/47120/372739/47158/184884/47201/124417/326777/1269340/47336/244834/334375/62781/1028116/870629,jpeg
http://inaturalist-open-data.s3.amazonaws.com/photos/39773526/large.jpeg,Camponotus ephippium ephippium,48460/1/47120/372739/47158/184884/47201/124417/326777/1269340/47336/244834/334375/62781/1028116/870629,jpeg
http://inaturalist-open-data.s3.amazonaws.com/photos/39773528/large.jpeg,Camponotus ephippium ephippium,48460/1/47120/372739/47158/184884/47201/124417/326777/1269340/47336/244834/334375/62781/1028116/870629,jpeg
http://inaturalist-open-data.s3.amazonaws.com/photos/53685484/large.jpeg,Camponotus ephippium ephippium,48460/1/47120/372739/47158/184884/47201/124417/326777/1269340/47336/244834/334375/62781/1028116/870629,jpeg
http://inaturalist-open-data.s3.amazonaws.com/photos/53685487/large.jpeg,Camponotus ephippium ephippium,48460/1/47120/372739/47158/184884/47201/124417/326777/1269340/47336/244834/334375/62781/1028116/870629,jpeg
http://inaturalist-open-data.s3.amazonaws.com/photos/53685489/large.jpeg,Camponotus ephippium ephippium,48460/1/47120/372739/47158/184884/47201/124417/326777/1269340/47336/244834/334375/62781/1028116/870629,jpeg
