photo_url_large,taxon_name,ancestry,extension
http://inaturalist-open-data.s3.amazonaws.com/photos/96900939/large.jpg,Capila phanaeus falta,48460/1/47120/372739/47158/184884/47157/47224/47653/51312/320511/777376/881006,jpg
http://inaturalist-open-data.s3.amazonaws.com/photos/96900947/large.jpg,Capila phanaeus falta,48460/1/47120/372739/47158/184884/47157/47224/47653/51312/320511/777376/881006,jpg
http://inaturalist-open-data.s3.amazonaws.com/photos/96900931/large.jpg,Capila phanaeus falta,48460/1/47120/372739/47158/184884/47157/47224/47653/51312/320511/777376/881006,jpg
http://inaturalist-open-data.s3.amazonaws.com/photos/96900958/large.jpg,Capila phanaeus falta,48460/1/47120/372739/47158/184884/47157/47224/47653/51312/320511/777376/881006,jpg
http://inaturalist-open-data.s3.amazonaws.com/photos/96900974/large.jpg,Capila phanaeus falta,48460/1/47120/372739/47158/184884/47157/47224/47653/51312/320511/777376/881006,jpg
http://inaturalist-open-data.s3.amazonaws.com/photos/96900990/large.jpg,Capila phanaeus falta,48460/1/47120/372739/47158/184884/47157/47224/47653/51312/320511/777376/881006,jpg
