photo_url_large,taxon_name,ancestry,extension
http://inaturalist-open-data.s3.amazonaws.com/photos/174720444/large.jpeg,Carabus mulsantianus bernhauerorum,48460/1/47120/372739/47158/184884/47208/340471/372884/49567/333554/319773/421709/56553/712177/1347792,jpeg
http://inaturalist-open-data.s3.amazonaws.com/photos/174720472/large.jpeg,Carabus mulsantianus bernhauerorum,48460/1/47120/372739/47158/184884/47208/340471/372884/49567/333554/319773/421709/56553/712177/1347792,jpeg
http://inaturalist-open-data.s3.amazonaws.com/photos/174720473/large.jpeg,Carabus mulsantianus bernhauerorum,48460/1/47120/372739/47158/184884/47208/340471/372884/49567/333554/319773/421709/56553/712177/1347792,jpeg
http://inaturalist-open-data.s3.amazonaws.com/photos/174720497/large.jpeg,Carabus mulsantianus bernhauerorum,48460/1/47120/372739/47158/184884/47208/340471/372884/49567/333554/319773/421709/56553/712177/1347792,jpeg
