photo_url_large,taxon_name,ancestry,extension
http://inaturalist-open-data.s3.amazonaws.com/photos/59906827/large.jpeg,Carabus menetriesi pacholei,48460/1/47120/372739/47158/184884/47208/340471/372884/49567/333554/319773/421709/56553/538999/764788,jpeg
http://inaturalist-open-data.s3.amazonaws.com/photos/59906739/large.jpeg,Carabus menetriesi pacholei,48460/1/47120/372739/47158/184884/47208/340471/372884/49567/333554/319773/421709/56553/538999/764788,jpeg
http://inaturalist-open-data.s3.amazonaws.com/photos/59906774/large.jpeg,Carabus menetriesi pacholei,48460/1/47120/372739/47158/184884/47208/340471/372884/49567/333554/319773/421709/56553/538999/764788,jpeg
http://inaturalist-open-data.s3.amazonaws.com/photos/59906805/large.jpeg,Carabus menetriesi pacholei,48460/1/47120/372739/47158/184884/47208/340471/372884/49567/333554/319773/421709/56553/538999/764788,jpeg
http://inaturalist-open-data.s3.amazonaws.com/photos/76997574/large.jpg,Carabus menetriesi pacholei,48460/1/47120/372739/47158/184884/47208/340471/372884/49567/333554/319773/421709/56553/538999/764788,jpg
http://inaturalist-open-data.s3.amazonaws.com/photos/76997589/large.jpg,Carabus menetriesi pacholei,48460/1/47120/372739/47158/184884/47208/340471/372884/49567/333554/319773/421709/56553/538999/764788,jpg
http://inaturalist-open-data.s3.amazonaws.com/photos/76997568/large.jpg,Carabus menetriesi pacholei,48460/1/47120/372739/47158/184884/47208/340471/372884/49567/333554/319773/421709/56553/538999/764788,jpg
http://inaturalist-open-data.s3.amazonaws.com/photos/76997583/large.jpg,Carabus menetriesi pacholei,48460/1/47120/372739/47158/184884/47208/340471/372884/49567/333554/319773/421709/56553/538999/764788,jpg
http://inaturalist-open-data.s3.amazonaws.com/photos/76997577/large.jpg,Carabus menetriesi pacholei,48460/1/47120/372739/47158/184884/47208/340471/372884/49567/333554/319773/421709/56553/538999/764788,jpg
http://inaturalist-open-data.s3.amazonaws.com/photos/175792524/large.jpeg,Carabus menetriesi pacholei,48460/1/47120/372739/47158/184884/47208/340471/372884/49567/333554/319773/421709/56553/538999/764788,jpeg
http://inaturalist-open-data.s3.amazonaws.com/photos/175792446/large.jpeg,Carabus menetriesi pacholei,48460/1/47120/372739/47158/184884/47208/340471/372884/49567/333554/319773/421709/56553/538999/764788,jpeg
http://inaturalist-open-data.s3.amazonaws.com/photos/175792457/large.jpeg,Carabus menetriesi pacholei,48460/1/47120/372739/47158/184884/47208/340471/372884/49567/333554/319773/421709/56553/538999/764788,jpeg
http://inaturalist-open-data.s3.amazonaws.com/photos/175792455/large.jpeg,Carabus menetriesi pacholei,48460/1/47120/372739/47158/184884/47208/340471/372884/49567/333554/319773/421709/56553/538999/764788,jpeg
http://inaturalist-open-data.s3.amazonaws.com/photos/175792490/large.jpeg,Carabus menetriesi pacholei,48460/1/47120/372739/47158/184884/47208/340471/372884/49567/333554/319773/421709/56553/538999/764788,jpeg
http://inaturalist-open-data.s3.amazonaws.com/photos/175792492/large.jpeg,Carabus menetriesi pacholei,48460/1/47120/372739/47158/184884/47208/340471/372884/49567/333554/319773/421709/56553/538999/764788,jpeg
http://inaturalist-open-data.s3.amazonaws.com/photos/175792515/large.jpeg,Carabus menetriesi pacholei,48460/1/47120/372739/47158/184884/47208/340471/372884/49567/333554/319773/421709/56553/538999/764788,jpeg
http://inaturalist-open-data.s3.amazonaws.com/photos/175792534/large.jpeg,Carabus menetriesi pacholei,48460/1/47120/372739/47158/184884/47208/340471/372884/49567/333554/319773/421709/56553/538999/764788,jpeg
http://inaturalist-open-data.s3.amazonaws.com/photos/175792541/large.jpeg,Carabus menetriesi pacholei,48460/1/47120/372739/47158/184884/47208/340471/372884/49567/333554/319773/421709/56553/538999/764788,jpeg
http://inaturalist-open-data.s3.amazonaws.com/photos/175795362/large.jpeg,Carabus menetriesi pacholei,48460/1/47120/372739/47158/184884/47208/340471/372884/49567/333554/319773/421709/56553/538999/764788,jpeg
http://inaturalist-open-data.s3.amazonaws.com/photos/175795366/large.jpeg,Carabus menetriesi pacholei,48460/1/47120/372739/47158/184884/47208/340471/372884/49567/333554/319773/421709/56553/538999/764788,jpeg
http://inaturalist-open-data.s3.amazonaws.com/photos/175795368/large.jpeg,Carabus menetriesi pacholei,48460/1/47120/372739/47158/184884/47208/340471/372884/49567/333554/319773/421709/56553/538999/764788,jpeg
http://inaturalist-open-data.s3.amazonaws.com/photos/175795379/large.jpeg,Carabus menetriesi pacholei,48460/1/47120/372739/47158/184884/47208/340471/372884/49567/333554/319773/421709/56553/538999/764788,jpeg
http://inaturalist-open-data.s3.amazonaws.com/photos/175795386/large.jpeg,Carabus menetriesi pacholei,48460/1/47120/372739/47158/184884/47208/340471/372884/49567/333554/319773/421709/56553/538999/764788,jpeg
http://inaturalist-open-data.s3.amazonaws.com/photos/175795383/large.jpeg,Carabus menetriesi pacholei,48460/1/47120/372739/47158/184884/47208/340471/372884/49567/333554/319773/421709/56553/538999/764788,jpeg
