photo_url_large,taxon_name,ancestry,extension
http://inaturalist-open-data.s3.amazonaws.com/photos/8467661/large.jpeg,Carabus fairmairei fairmairei,48460/1/47120/372739/47158/184884/47208/340471/372884/49567/333554/319773/421709/56553/892372/495418,jpeg
http://inaturalist-open-data.s3.amazonaws.com/photos/176125292/large.jpeg,Carabus fairmairei fairmairei,48460/1/47120/372739/47158/184884/47208/340471/372884/49567/333554/319773/421709/56553/892372/495418,jpeg
http://inaturalist-open-data.s3.amazonaws.com/photos/176125234/large.jpeg,Carabus fairmairei fairmairei,48460/1/47120/372739/47158/184884/47208/340471/372884/49567/333554/319773/421709/56553/892372/495418,jpeg
http://inaturalist-open-data.s3.amazonaws.com/photos/176125244/large.jpeg,Carabus fairmairei fairmairei,48460/1/47120/372739/47158/184884/47208/340471/372884/49567/333554/319773/421709/56553/892372/495418,jpeg
http://inaturalist-open-data.s3.amazonaws.com/photos/176125243/large.jpeg,Carabus fairmairei fairmairei,48460/1/47120/372739/47158/184884/47208/340471/372884/49567/333554/319773/421709/56553/892372/495418,jpeg
http://inaturalist-open-data.s3.amazonaws.com/photos/176125289/large.jpeg,Carabus fairmairei fairmairei,48460/1/47120/372739/47158/184884/47208/340471/372884/49567/333554/319773/421709/56553/892372/495418,jpeg
