photo_url_large,taxon_name,ancestry,extension
http://inaturalist-open-data.s3.amazonaws.com/photos/175795704/large.jpeg,Carabus clatratus clatratus,48460/1/47120/372739/47158/184884/47208/340471/372884/49567/333554/319773/421709/56553/1006900/130152,jpeg
http://inaturalist-open-data.s3.amazonaws.com/photos/175795717/large.jpeg,Carabus clatratus clatratus,48460/1/47120/372739/47158/184884/47208/340471/372884/49567/333554/319773/421709/56553/1006900/130152,jpeg
http://inaturalist-open-data.s3.amazonaws.com/photos/175795734/large.jpeg,Carabus clatratus clatratus,48460/1/47120/372739/47158/184884/47208/340471/372884/49567/333554/319773/421709/56553/1006900/130152,jpeg
http://inaturalist-open-data.s3.amazonaws.com/photos/175795925/large.jpeg,Carabus clatratus clatratus,48460/1/47120/372739/47158/184884/47208/340471/372884/49567/333554/319773/421709/56553/1006900/130152,jpeg
http://inaturalist-open-data.s3.amazonaws.com/photos/175795985/large.jpeg,Carabus clatratus clatratus,48460/1/47120/372739/47158/184884/47208/340471/372884/49567/333554/319773/421709/56553/1006900/130152,jpeg
http://inaturalist-open-data.s3.amazonaws.com/photos/175795929/large.jpeg,Carabus clatratus clatratus,48460/1/47120/372739/47158/184884/47208/340471/372884/49567/333554/319773/421709/56553/1006900/130152,jpeg
http://inaturalist-open-data.s3.amazonaws.com/photos/175797111/large.jpeg,Carabus clatratus clatratus,48460/1/47120/372739/47158/184884/47208/340471/372884/49567/333554/319773/421709/56553/1006900/130152,jpeg
http://inaturalist-open-data.s3.amazonaws.com/photos/175797127/large.jpeg,Carabus clatratus clatratus,48460/1/47120/372739/47158/184884/47208/340471/372884/49567/333554/319773/421709/56553/1006900/130152,jpeg
http://inaturalist-open-data.s3.amazonaws.com/photos/175797134/large.jpeg,Carabus clatratus clatratus,48460/1/47120/372739/47158/184884/47208/340471/372884/49567/333554/319773/421709/56553/1006900/130152,jpeg
http://inaturalist-open-data.s3.amazonaws.com/photos/175797139/large.jpeg,Carabus clatratus clatratus,48460/1/47120/372739/47158/184884/47208/340471/372884/49567/333554/319773/421709/56553/1006900/130152,jpeg
http://inaturalist-open-data.s3.amazonaws.com/photos/175797141/large.jpeg,Carabus clatratus clatratus,48460/1/47120/372739/47158/184884/47208/340471/372884/49567/333554/319773/421709/56553/1006900/130152,jpeg
http://inaturalist-open-data.s3.amazonaws.com/photos/175797240/large.jpeg,Carabus clatratus clatratus,48460/1/47120/372739/47158/184884/47208/340471/372884/49567/333554/319773/421709/56553/1006900/130152,jpeg
http://inaturalist-open-data.s3.amazonaws.com/photos/175797250/large.jpeg,Carabus clatratus clatratus,48460/1/47120/372739/47158/184884/47208/340471/372884/49567/333554/319773/421709/56553/1006900/130152,jpeg
http://inaturalist-open-data.s3.amazonaws.com/photos/175797251/large.jpeg,Carabus clatratus clatratus,48460/1/47120/372739/47158/184884/47208/340471/372884/49567/333554/319773/421709/56553/1006900/130152,jpeg
http://inaturalist-open-data.s3.amazonaws.com/photos/175797376/large.jpeg,Carabus clatratus clatratus,48460/1/47120/372739/47158/184884/47208/340471/372884/49567/333554/319773/421709/56553/1006900/130152,jpeg
http://inaturalist-open-data.s3.amazonaws.com/photos/175797379/large.jpeg,Carabus clatratus clatratus,48460/1/47120/372739/47158/184884/47208/340471/372884/49567/333554/319773/421709/56553/1006900/130152,jpeg
http://inaturalist-open-data.s3.amazonaws.com/photos/175797384/large.jpeg,Carabus clatratus clatratus,48460/1/47120/372739/47158/184884/47208/340471/372884/49567/333554/319773/421709/56553/1006900/130152,jpeg
http://inaturalist-open-data.s3.amazonaws.com/photos/175797474/large.jpeg,Carabus clatratus clatratus,48460/1/47120/372739/47158/184884/47208/340471/372884/49567/333554/319773/421709/56553/1006900/130152,jpeg
http://inaturalist-open-data.s3.amazonaws.com/photos/175797463/large.jpeg,Carabus clatratus clatratus,48460/1/47120/372739/47158/184884/47208/340471/372884/49567/333554/319773/421709/56553/1006900/130152,jpeg
http://inaturalist-open-data.s3.amazonaws.com/photos/175797468/large.jpeg,Carabus clatratus clatratus,48460/1/47120/372739/47158/184884/47208/340471/372884/49567/333554/319773/421709/56553/1006900/130152,jpeg
http://inaturalist-open-data.s3.amazonaws.com/photos/175797632/large.jpeg,Carabus clatratus clatratus,48460/1/47120/372739/47158/184884/47208/340471/372884/49567/333554/319773/421709/56553/1006900/130152,jpeg
http://inaturalist-open-data.s3.amazonaws.com/photos/175797647/large.jpeg,Carabus clatratus clatratus,48460/1/47120/372739/47158/184884/47208/340471/372884/49567/333554/319773/421709/56553/1006900/130152,jpeg
http://inaturalist-open-data.s3.amazonaws.com/photos/175797650/large.jpeg,Carabus clatratus clatratus,48460/1/47120/372739/47158/184884/47208/340471/372884/49567/333554/319773/421709/56553/1006900/130152,jpeg
http://inaturalist-open-data.s3.amazonaws.com/photos/175797670/large.jpeg,Carabus clatratus clatratus,48460/1/47120/372739/47158/184884/47208/340471/372884/49567/333554/319773/421709/56553/1006900/130152,jpeg
http://inaturalist-open-data.s3.amazonaws.com/photos/175797672/large.jpeg,Carabus clatratus clatratus,48460/1/47120/372739/47158/184884/47208/340471/372884/49567/333554/319773/421709/56553/1006900/130152,jpeg
http://inaturalist-open-data.s3.amazonaws.com/photos/175797653/large.jpeg,Carabus clatratus clatratus,48460/1/47120/372739/47158/184884/47208/340471/372884/49567/333554/319773/421709/56553/1006900/130152,jpeg
http://inaturalist-open-data.s3.amazonaws.com/photos/175797617/large.jpeg,Carabus clatratus clatratus,48460/1/47120/372739/47158/184884/47208/340471/372884/49567/333554/319773/421709/56553/1006900/130152,jpeg
http://inaturalist-open-data.s3.amazonaws.com/photos/175797782/large.jpeg,Carabus clatratus clatratus,48460/1/47120/372739/47158/184884/47208/340471/372884/49567/333554/319773/421709/56553/1006900/130152,jpeg
http://inaturalist-open-data.s3.amazonaws.com/photos/175797770/large.jpeg,Carabus clatratus clatratus,48460/1/47120/372739/47158/184884/47208/340471/372884/49567/333554/319773/421709/56553/1006900/130152,jpeg
http://inaturalist-open-data.s3.amazonaws.com/photos/175797776/large.jpeg,Carabus clatratus clatratus,48460/1/47120/372739/47158/184884/47208/340471/372884/49567/333554/319773/421709/56553/1006900/130152,jpeg
http://inaturalist-open-data.s3.amazonaws.com/photos/175797905/large.jpeg,Carabus clatratus clatratus,48460/1/47120/372739/47158/184884/47208/340471/372884/49567/333554/319773/421709/56553/1006900/130152,jpeg
http://inaturalist-open-data.s3.amazonaws.com/photos/175797912/large.jpeg,Carabus clatratus clatratus,48460/1/47120/372739/47158/184884/47208/340471/372884/49567/333554/319773/421709/56553/1006900/130152,jpeg
