photo_url_large,taxon_name,ancestry,extension
http://inaturalist-open-data.s3.amazonaws.com/photos/101084088/large.jpeg,Catasticta flisa flisoides,48460/1/47120/372739/47158/184884/47157/47224/48508/209720/321384/475031/83729/258672,jpeg
http://inaturalist-open-data.s3.amazonaws.com/photos/101084116/large.jpeg,Catasticta flisa flisoides,48460/1/47120/372739/47158/184884/47157/47224/48508/209720/321384/475031/83729/258672,jpeg
http://inaturalist-open-data.s3.amazonaws.com/photos/101128519/large.jpeg,Catasticta flisa flisoides,48460/1/47120/372739/47158/184884/47157/47224/48508/209720/321384/475031/83729/258672,jpeg
http://inaturalist-open-data.s3.amazonaws.com/photos/168865073/large.jpg,Catasticta flisa flisoides,48460/1/47120/372739/47158/184884/47157/47224/48508/209720/321384/475031/83729/258672,jpg
