photo_url_large,taxon_name,ancestry,extension
http://inaturalist-open-data.s3.amazonaws.com/photos/18248715/large.jpg,Celastrina echo echo,48460/1/47120/372739/47158/184884/47157/47224/47923/58558/125833/1265004/52485/52484,jpg
http://inaturalist-open-data.s3.amazonaws.com/photos/60665311/large.jpeg,Celastrina echo echo,48460/1/47120/372739/47158/184884/47157/47224/47923/58558/125833/1265004/52485/52484,jpeg
http://inaturalist-open-data.s3.amazonaws.com/photos/61270064/large.jpg,Celastrina echo echo,48460/1/47120/372739/47158/184884/47157/47224/47923/58558/125833/1265004/52485/52484,jpg
http://inaturalist-open-data.s3.amazonaws.com/photos/61318890/large.jpeg,Celastrina echo echo,48460/1/47120/372739/47158/184884/47157/47224/47923/58558/125833/1265004/52485/52484,jpeg
http://inaturalist-open-data.s3.amazonaws.com/photos/61318893/large.jpeg,Celastrina echo echo,48460/1/47120/372739/47158/184884/47157/47224/47923/58558/125833/1265004/52485/52484,jpeg
http://inaturalist-open-data.s3.amazonaws.com/photos/61318897/large.jpeg,Celastrina echo echo,48460/1/47120/372739/47158/184884/47157/47224/47923/58558/125833/1265004/52485/52484,jpeg
http://inaturalist-open-data.s3.amazonaws.com/photos/61422461/large.jpg,Celastrina echo echo,48460/1/47120/372739/47158/184884/47157/47224/47923/58558/125833/1265004/52485/52484,jpg
http://inaturalist-open-data.s3.amazonaws.com/photos/61422466/large.jpg,Celastrina echo echo,48460/1/47120/372739/47158/184884/47157/47224/47923/58558/125833/1265004/52485/52484,jpg
http://inaturalist-open-data.s3.amazonaws.com/photos/61422476/large.jpg,Celastrina echo echo,48460/1/47120/372739/47158/184884/47157/47224/47923/58558/125833/1265004/52485/52484,jpg
http://inaturalist-open-data.s3.amazonaws.com/photos/61422471/large.jpg,Celastrina echo echo,48460/1/47120/372739/47158/184884/47157/47224/47923/58558/125833/1265004/52485/52484,jpg
http://inaturalist-open-data.s3.amazonaws.com/photos/61422469/large.jpg,Celastrina echo echo,48460/1/47120/372739/47158/184884/47157/47224/47923/58558/125833/1265004/52485/52484,jpg
http://inaturalist-open-data.s3.amazonaws.com/photos/61422617/large.jpg,Celastrina echo echo,48460/1/47120/372739/47158/184884/47157/47224/47923/58558/125833/1265004/52485/52484,jpg
http://inaturalist-open-data.s3.amazonaws.com/photos/61422626/large.jpg,Celastrina echo echo,48460/1/47120/372739/47158/184884/47157/47224/47923/58558/125833/1265004/52485/52484,jpg
http://inaturalist-open-data.s3.amazonaws.com/photos/61422624/large.jpg,Celastrina echo echo,48460/1/47120/372739/47158/184884/47157/47224/47923/58558/125833/1265004/52485/52484,jpg
http://inaturalist-open-data.s3.amazonaws.com/photos/61422621/large.jpg,Celastrina echo echo,48460/1/47120/372739/47158/184884/47157/47224/47923/58558/125833/1265004/52485/52484,jpg
http://inaturalist-open-data.s3.amazonaws.com/photos/139611759/large.jpeg,Celastrina echo echo,48460/1/47120/372739/47158/184884/47157/47224/47923/58558/125833/1265004/52485/52484,jpeg
http://inaturalist-open-data.s3.amazonaws.com/photos/139611641/large.jpeg,Celastrina echo echo,48460/1/47120/372739/47158/184884/47157/47224/47923/58558/125833/1265004/52485/52484,jpeg
http://inaturalist-open-data.s3.amazonaws.com/photos/139611667/large.jpeg,Celastrina echo echo,48460/1/47120/372739/47158/184884/47157/47224/47923/58558/125833/1265004/52485/52484,jpeg
http://inaturalist-open-data.s3.amazonaws.com/photos/139611687/large.jpeg,Celastrina echo echo,48460/1/47120/372739/47158/184884/47157/47224/47923/58558/125833/1265004/52485/52484,jpeg
http://inaturalist-open-data.s3.amazonaws.com/photos/139611733/large.jpeg,Celastrina echo echo,48460/1/47120/372739/47158/184884/47157/47224/47923/58558/125833/1265004/52485/52484,jpeg
