photo_url_large,taxon_name,ancestry,extension
http://inaturalist-open-data.s3.amazonaws.com/photos/95104752/large.jpg,Cerceris rybyensis rybyensis,48460/1/47120/372739/47158/184884/47201/124417/326777/47222/51955/119289/575002/81959/127794,jpg
http://inaturalist-open-data.s3.amazonaws.com/photos/95104807/large.jpg,Cerceris rybyensis rybyensis,48460/1/47120/372739/47158/184884/47201/124417/326777/47222/51955/119289/575002/81959/127794,jpg
http://inaturalist-open-data.s3.amazonaws.com/photos/95104779/large.jpg,Cerceris rybyensis rybyensis,48460/1/47120/372739/47158/184884/47201/124417/326777/47222/51955/119289/575002/81959/127794,jpg
http://inaturalist-open-data.s3.amazonaws.com/photos/95104717/large.jpg,Cerceris rybyensis rybyensis,48460/1/47120/372739/47158/184884/47201/124417/326777/47222/51955/119289/575002/81959/127794,jpg
