photo_url_large,taxon_name,ancestry,extension
http://inaturalist-open-data.s3.amazonaws.com/photos/40222313/large.jpeg,Chaetopteroplia segetum velutina,48460/1/47120/372739/47158/184884/47208/71130/702480/48202/48201/48857/425997/1287680/577772/577771,jpeg
http://inaturalist-open-data.s3.amazonaws.com/photos/73081610/large.jpeg,Chaetopteroplia segetum velutina,48460/1/47120/372739/47158/184884/47208/71130/702480/48202/48201/48857/425997/1287680/577772/577771,jpeg
http://inaturalist-open-data.s3.amazonaws.com/photos/129835296/large.jpeg,Chaetopteroplia segetum velutina,48460/1/47120/372739/47158/184884/47208/71130/702480/48202/48201/48857/425997/1287680/577772/577771,jpeg
http://inaturalist-open-data.s3.amazonaws.com/photos/130216519/large.jpeg,Chaetopteroplia segetum velutina,48460/1/47120/372739/47158/184884/47208/71130/702480/48202/48201/48857/425997/1287680/577772/577771,jpeg
http://inaturalist-open-data.s3.amazonaws.com/photos/130290860/large.jpeg,Chaetopteroplia segetum velutina,48460/1/47120/372739/47158/184884/47208/71130/702480/48202/48201/48857/425997/1287680/577772/577771,jpeg
