photo_url_large,taxon_name,ancestry,extension
http://inaturalist-open-data.s3.amazonaws.com/photos/7887545/large.jpg,Chalcosoma chiron kirbyi,48460/1/47120/372739/47158/184884/47208/71130/702480/48202/48201/136361/424299/193950/733235,jpg
http://inaturalist-open-data.s3.amazonaws.com/photos/11264471/large.jpg,Chalcosoma chiron kirbyi,48460/1/47120/372739/47158/184884/47208/71130/702480/48202/48201/136361/424299/193950/733235,jpg
http://inaturalist-open-data.s3.amazonaws.com/photos/14168700/large.jpg,Chalcosoma chiron kirbyi,48460/1/47120/372739/47158/184884/47208/71130/702480/48202/48201/136361/424299/193950/733235,jpg
http://inaturalist-open-data.s3.amazonaws.com/photos/28713757/large.jpg,Chalcosoma chiron kirbyi,48460/1/47120/372739/47158/184884/47208/71130/702480/48202/48201/136361/424299/193950/733235,jpg
http://inaturalist-open-data.s3.amazonaws.com/photos/28714064/large.jpg,Chalcosoma chiron kirbyi,48460/1/47120/372739/47158/184884/47208/71130/702480/48202/48201/136361/424299/193950/733235,jpg
http://inaturalist-open-data.s3.amazonaws.com/photos/28714081/large.jpg,Chalcosoma chiron kirbyi,48460/1/47120/372739/47158/184884/47208/71130/702480/48202/48201/136361/424299/193950/733235,jpg
http://inaturalist-open-data.s3.amazonaws.com/photos/28714204/large.jpg,Chalcosoma chiron kirbyi,48460/1/47120/372739/47158/184884/47208/71130/702480/48202/48201/136361/424299/193950/733235,jpg
http://inaturalist-open-data.s3.amazonaws.com/photos/29182521/large.jpg,Chalcosoma chiron kirbyi,48460/1/47120/372739/47158/184884/47208/71130/702480/48202/48201/136361/424299/193950/733235,jpg
http://inaturalist-open-data.s3.amazonaws.com/photos/29182609/large.jpg,Chalcosoma chiron kirbyi,48460/1/47120/372739/47158/184884/47208/71130/702480/48202/48201/136361/424299/193950/733235,jpg
http://inaturalist-open-data.s3.amazonaws.com/photos/60438119/large.jpeg,Chalcosoma chiron kirbyi,48460/1/47120/372739/47158/184884/47208/71130/702480/48202/48201/136361/424299/193950/733235,jpeg
http://inaturalist-open-data.s3.amazonaws.com/photos/73739522/large.jpeg,Chalcosoma chiron kirbyi,48460/1/47120/372739/47158/184884/47208/71130/702480/48202/48201/136361/424299/193950/733235,jpeg
http://inaturalist-open-data.s3.amazonaws.com/photos/73739487/large.jpeg,Chalcosoma chiron kirbyi,48460/1/47120/372739/47158/184884/47208/71130/702480/48202/48201/136361/424299/193950/733235,jpeg
http://inaturalist-open-data.s3.amazonaws.com/photos/73739447/large.jpeg,Chalcosoma chiron kirbyi,48460/1/47120/372739/47158/184884/47208/71130/702480/48202/48201/136361/424299/193950/733235,jpeg
http://inaturalist-open-data.s3.amazonaws.com/photos/74356264/large.jpg,Chalcosoma chiron kirbyi,48460/1/47120/372739/47158/184884/47208/71130/702480/48202/48201/136361/424299/193950/733235,jpg
http://inaturalist-open-data.s3.amazonaws.com/photos/103117449/large.jpg,Chalcosoma chiron kirbyi,48460/1/47120/372739/47158/184884/47208/71130/702480/48202/48201/136361/424299/193950/733235,jpg
http://inaturalist-open-data.s3.amazonaws.com/photos/103117450/large.jpg,Chalcosoma chiron kirbyi,48460/1/47120/372739/47158/184884/47208/71130/702480/48202/48201/136361/424299/193950/733235,jpg
http://inaturalist-open-data.s3.amazonaws.com/photos/103152263/large.jpg,Chalcosoma chiron kirbyi,48460/1/47120/372739/47158/184884/47208/71130/702480/48202/48201/136361/424299/193950/733235,jpg
http://inaturalist-open-data.s3.amazonaws.com/photos/103152254/large.jpg,Chalcosoma chiron kirbyi,48460/1/47120/372739/47158/184884/47208/71130/702480/48202/48201/136361/424299/193950/733235,jpg
http://inaturalist-open-data.s3.amazonaws.com/photos/103174334/large.jpg,Chalcosoma chiron kirbyi,48460/1/47120/372739/47158/184884/47208/71130/702480/48202/48201/136361/424299/193950/733235,jpg
http://inaturalist-open-data.s3.amazonaws.com/photos/103209175/large.jpg,Chalcosoma chiron kirbyi,48460/1/47120/372739/47158/184884/47208/71130/702480/48202/48201/136361/424299/193950/733235,jpg
http://inaturalist-open-data.s3.amazonaws.com/photos/103222491/large.jpg,Chalcosoma chiron kirbyi,48460/1/47120/372739/47158/184884/47208/71130/702480/48202/48201/136361/424299/193950/733235,jpg
http://inaturalist-open-data.s3.amazonaws.com/photos/103222495/large.jpg,Chalcosoma chiron kirbyi,48460/1/47120/372739/47158/184884/47208/71130/702480/48202/48201/136361/424299/193950/733235,jpg
http://inaturalist-open-data.s3.amazonaws.com/photos/103222497/large.jpg,Chalcosoma chiron kirbyi,48460/1/47120/372739/47158/184884/47208/71130/702480/48202/48201/136361/424299/193950/733235,jpg
http://inaturalist-open-data.s3.amazonaws.com/photos/103225511/large.jpg,Chalcosoma chiron kirbyi,48460/1/47120/372739/47158/184884/47208/71130/702480/48202/48201/136361/424299/193950/733235,jpg
http://inaturalist-open-data.s3.amazonaws.com/photos/103721627/large.jpg,Chalcosoma chiron kirbyi,48460/1/47120/372739/47158/184884/47208/71130/702480/48202/48201/136361/424299/193950/733235,jpg
http://inaturalist-open-data.s3.amazonaws.com/photos/152669311/large.jpg,Chalcosoma chiron kirbyi,48460/1/47120/372739/47158/184884/47208/71130/702480/48202/48201/136361/424299/193950/733235,jpg
http://inaturalist-open-data.s3.amazonaws.com/photos/175502931/large.jpg,Chalcosoma chiron kirbyi,48460/1/47120/372739/47158/184884/47208/71130/702480/48202/48201/136361/424299/193950/733235,jpg
http://inaturalist-open-data.s3.amazonaws.com/photos/175613754/large.jpg,Chalcosoma chiron kirbyi,48460/1/47120/372739/47158/184884/47208/71130/702480/48202/48201/136361/424299/193950/733235,jpg
http://inaturalist-open-data.s3.amazonaws.com/photos/175913268/large.jpg,Chalcosoma chiron kirbyi,48460/1/47120/372739/47158/184884/47208/71130/702480/48202/48201/136361/424299/193950/733235,jpg
http://inaturalist-open-data.s3.amazonaws.com/photos/175913270/large.jpg,Chalcosoma chiron kirbyi,48460/1/47120/372739/47158/184884/47208/71130/702480/48202/48201/136361/424299/193950/733235,jpg
