photo_url_large,taxon_name,ancestry,extension
http://inaturalist-open-data.s3.amazonaws.com/photos/39796146/large.jpeg,Charaxes sempronius sempronius,48460/1/47120/372739/47158/184884/47157/47224/47922/128814/208714/123913/973189/522099,jpeg
http://inaturalist-open-data.s3.amazonaws.com/photos/40317017/large.jpeg,Charaxes sempronius sempronius,48460/1/47120/372739/47158/184884/47157/47224/47922/128814/208714/123913/973189/522099,jpeg
http://inaturalist-open-data.s3.amazonaws.com/photos/67013714/large.jpg,Charaxes sempronius sempronius,48460/1/47120/372739/47158/184884/47157/47224/47922/128814/208714/123913/973189/522099,jpg
http://inaturalist-open-data.s3.amazonaws.com/photos/74974812/large.jpeg,Charaxes sempronius sempronius,48460/1/47120/372739/47158/184884/47157/47224/47922/128814/208714/123913/973189/522099,jpeg
