photo_url_large,taxon_name,ancestry,extension
http://inaturalist-open-data.s3.amazonaws.com/photos/801919/large.JPG,Charaxes castor flavifasciatus,48460/1/47120/372739/47158/184884/47157/47224/47922/128814/208714/123913/973189/356393,JPG
http://inaturalist-open-data.s3.amazonaws.com/photos/15908289/large.jpg,Charaxes castor flavifasciatus,48460/1/47120/372739/47158/184884/47157/47224/47922/128814/208714/123913/973189/356393,jpg
http://inaturalist-open-data.s3.amazonaws.com/photos/15908286/large.jpg,Charaxes castor flavifasciatus,48460/1/47120/372739/47158/184884/47157/47224/47922/128814/208714/123913/973189/356393,jpg
http://inaturalist-open-data.s3.amazonaws.com/photos/15908290/large.jpg,Charaxes castor flavifasciatus,48460/1/47120/372739/47158/184884/47157/47224/47922/128814/208714/123913/973189/356393,jpg
http://inaturalist-open-data.s3.amazonaws.com/photos/15908292/large.jpg,Charaxes castor flavifasciatus,48460/1/47120/372739/47158/184884/47157/47224/47922/128814/208714/123913/973189/356393,jpg
http://inaturalist-open-data.s3.amazonaws.com/photos/15908295/large.jpg,Charaxes castor flavifasciatus,48460/1/47120/372739/47158/184884/47157/47224/47922/128814/208714/123913/973189/356393,jpg
http://inaturalist-open-data.s3.amazonaws.com/photos/15908296/large.jpg,Charaxes castor flavifasciatus,48460/1/47120/372739/47158/184884/47157/47224/47922/128814/208714/123913/973189/356393,jpg
http://inaturalist-open-data.s3.amazonaws.com/photos/15908298/large.jpg,Charaxes castor flavifasciatus,48460/1/47120/372739/47158/184884/47157/47224/47922/128814/208714/123913/973189/356393,jpg
http://inaturalist-open-data.s3.amazonaws.com/photos/15908301/large.jpg,Charaxes castor flavifasciatus,48460/1/47120/372739/47158/184884/47157/47224/47922/128814/208714/123913/973189/356393,jpg
http://inaturalist-open-data.s3.amazonaws.com/photos/15908304/large.jpg,Charaxes castor flavifasciatus,48460/1/47120/372739/47158/184884/47157/47224/47922/128814/208714/123913/973189/356393,jpg
http://inaturalist-open-data.s3.amazonaws.com/photos/15910934/large.jpg,Charaxes castor flavifasciatus,48460/1/47120/372739/47158/184884/47157/47224/47922/128814/208714/123913/973189/356393,jpg
http://inaturalist-open-data.s3.amazonaws.com/photos/15910966/large.jpg,Charaxes castor flavifasciatus,48460/1/47120/372739/47158/184884/47157/47224/47922/128814/208714/123913/973189/356393,jpg
http://inaturalist-open-data.s3.amazonaws.com/photos/15910967/large.jpg,Charaxes castor flavifasciatus,48460/1/47120/372739/47158/184884/47157/47224/47922/128814/208714/123913/973189/356393,jpg
http://inaturalist-open-data.s3.amazonaws.com/photos/15910971/large.jpg,Charaxes castor flavifasciatus,48460/1/47120/372739/47158/184884/47157/47224/47922/128814/208714/123913/973189/356393,jpg
http://inaturalist-open-data.s3.amazonaws.com/photos/15910972/large.jpg,Charaxes castor flavifasciatus,48460/1/47120/372739/47158/184884/47157/47224/47922/128814/208714/123913/973189/356393,jpg
http://inaturalist-open-data.s3.amazonaws.com/photos/15910973/large.jpg,Charaxes castor flavifasciatus,48460/1/47120/372739/47158/184884/47157/47224/47922/128814/208714/123913/973189/356393,jpg
http://inaturalist-open-data.s3.amazonaws.com/photos/15879359/large.jpg,Charaxes castor flavifasciatus,48460/1/47120/372739/47158/184884/47157/47224/47922/128814/208714/123913/973189/356393,jpg
http://inaturalist-open-data.s3.amazonaws.com/photos/15879363/large.jpg,Charaxes castor flavifasciatus,48460/1/47120/372739/47158/184884/47157/47224/47922/128814/208714/123913/973189/356393,jpg
http://inaturalist-open-data.s3.amazonaws.com/photos/15879365/large.jpg,Charaxes castor flavifasciatus,48460/1/47120/372739/47158/184884/47157/47224/47922/128814/208714/123913/973189/356393,jpg
http://inaturalist-open-data.s3.amazonaws.com/photos/16056562/large.jpg,Charaxes castor flavifasciatus,48460/1/47120/372739/47158/184884/47157/47224/47922/128814/208714/123913/973189/356393,jpg
http://inaturalist-open-data.s3.amazonaws.com/photos/18371561/large.jpeg,Charaxes castor flavifasciatus,48460/1/47120/372739/47158/184884/47157/47224/47922/128814/208714/123913/973189/356393,jpeg
http://inaturalist-open-data.s3.amazonaws.com/photos/18371437/large.jpg,Charaxes castor flavifasciatus,48460/1/47120/372739/47158/184884/47157/47224/47922/128814/208714/123913/973189/356393,jpg
http://inaturalist-open-data.s3.amazonaws.com/photos/31115228/large.jpeg,Charaxes castor flavifasciatus,48460/1/47120/372739/47158/184884/47157/47224/47922/128814/208714/123913/973189/356393,jpeg
http://inaturalist-open-data.s3.amazonaws.com/photos/38435277/large.jpg,Charaxes castor flavifasciatus,48460/1/47120/372739/47158/184884/47157/47224/47922/128814/208714/123913/973189/356393,jpg
http://inaturalist-open-data.s3.amazonaws.com/photos/61571251/large.jpeg,Charaxes castor flavifasciatus,48460/1/47120/372739/47158/184884/47157/47224/47922/128814/208714/123913/973189/356393,jpeg
http://inaturalist-open-data.s3.amazonaws.com/photos/68712723/large.jpeg,Charaxes castor flavifasciatus,48460/1/47120/372739/47158/184884/47157/47224/47922/128814/208714/123913/973189/356393,jpeg
http://inaturalist-open-data.s3.amazonaws.com/photos/78921623/large.jpg,Charaxes castor flavifasciatus,48460/1/47120/372739/47158/184884/47157/47224/47922/128814/208714/123913/973189/356393,jpg
