photo_url_large,taxon_name,ancestry,extension
http://inaturalist-open-data.s3.amazonaws.com/photos/61479112/large.jpg,Charaxes bernardus hierax,48460/1/47120/372739/47158/184884/47157/47224/47922/128814/208714/123913/973189/146665,jpg
http://inaturalist-open-data.s3.amazonaws.com/photos/61479115/large.jpg,Charaxes bernardus hierax,48460/1/47120/372739/47158/184884/47157/47224/47922/128814/208714/123913/973189/146665,jpg
http://inaturalist-open-data.s3.amazonaws.com/photos/64490198/large.jpg,Charaxes bernardus hierax,48460/1/47120/372739/47158/184884/47157/47224/47922/128814/208714/123913/973189/146665,jpg
http://inaturalist-open-data.s3.amazonaws.com/photos/64500286/large.jpg,Charaxes bernardus hierax,48460/1/47120/372739/47158/184884/47157/47224/47922/128814/208714/123913/973189/146665,jpg
http://inaturalist-open-data.s3.amazonaws.com/photos/98695067/large.jpeg,Charaxes bernardus hierax,48460/1/47120/372739/47158/184884/47157/47224/47922/128814/208714/123913/973189/146665,jpeg
http://inaturalist-open-data.s3.amazonaws.com/photos/99151544/large.jpg,Charaxes bernardus hierax,48460/1/47120/372739/47158/184884/47157/47224/47922/128814/208714/123913/973189/146665,jpg
http://inaturalist-open-data.s3.amazonaws.com/photos/99151586/large.jpg,Charaxes bernardus hierax,48460/1/47120/372739/47158/184884/47157/47224/47922/128814/208714/123913/973189/146665,jpg
http://inaturalist-open-data.s3.amazonaws.com/photos/99151620/large.jpg,Charaxes bernardus hierax,48460/1/47120/372739/47158/184884/47157/47224/47922/128814/208714/123913/973189/146665,jpg
http://inaturalist-open-data.s3.amazonaws.com/photos/99151652/large.jpg,Charaxes bernardus hierax,48460/1/47120/372739/47158/184884/47157/47224/47922/128814/208714/123913/973189/146665,jpg
http://inaturalist-open-data.s3.amazonaws.com/photos/99151670/large.jpg,Charaxes bernardus hierax,48460/1/47120/372739/47158/184884/47157/47224/47922/128814/208714/123913/973189/146665,jpg
http://inaturalist-open-data.s3.amazonaws.com/photos/99151736/large.jpg,Charaxes bernardus hierax,48460/1/47120/372739/47158/184884/47157/47224/47922/128814/208714/123913/973189/146665,jpg
http://inaturalist-open-data.s3.amazonaws.com/photos/99151724/large.jpg,Charaxes bernardus hierax,48460/1/47120/372739/47158/184884/47157/47224/47922/128814/208714/123913/973189/146665,jpg
http://inaturalist-open-data.s3.amazonaws.com/photos/99151753/large.jpg,Charaxes bernardus hierax,48460/1/47120/372739/47158/184884/47157/47224/47922/128814/208714/123913/973189/146665,jpg
http://inaturalist-open-data.s3.amazonaws.com/photos/99151773/large.jpg,Charaxes bernardus hierax,48460/1/47120/372739/47158/184884/47157/47224/47922/128814/208714/123913/973189/146665,jpg
http://inaturalist-open-data.s3.amazonaws.com/photos/99151794/large.jpg,Charaxes bernardus hierax,48460/1/47120/372739/47158/184884/47157/47224/47922/128814/208714/123913/973189/146665,jpg
http://inaturalist-open-data.s3.amazonaws.com/photos/99151826/large.jpg,Charaxes bernardus hierax,48460/1/47120/372739/47158/184884/47157/47224/47922/128814/208714/123913/973189/146665,jpg
http://inaturalist-open-data.s3.amazonaws.com/photos/99151862/large.jpg,Charaxes bernardus hierax,48460/1/47120/372739/47158/184884/47157/47224/47922/128814/208714/123913/973189/146665,jpg
http://inaturalist-open-data.s3.amazonaws.com/photos/99151884/large.jpg,Charaxes bernardus hierax,48460/1/47120/372739/47158/184884/47157/47224/47922/128814/208714/123913/973189/146665,jpg
http://inaturalist-open-data.s3.amazonaws.com/photos/99151920/large.jpg,Charaxes bernardus hierax,48460/1/47120/372739/47158/184884/47157/47224/47922/128814/208714/123913/973189/146665,jpg
http://inaturalist-open-data.s3.amazonaws.com/photos/99151940/large.jpg,Charaxes bernardus hierax,48460/1/47120/372739/47158/184884/47157/47224/47922/128814/208714/123913/973189/146665,jpg
http://inaturalist-open-data.s3.amazonaws.com/photos/99151965/large.jpg,Charaxes bernardus hierax,48460/1/47120/372739/47158/184884/47157/47224/47922/128814/208714/123913/973189/146665,jpg
http://inaturalist-open-data.s3.amazonaws.com/photos/99151988/large.jpg,Charaxes bernardus hierax,48460/1/47120/372739/47158/184884/47157/47224/47922/128814/208714/123913/973189/146665,jpg
http://inaturalist-open-data.s3.amazonaws.com/photos/107546582/large.jpeg,Charaxes bernardus hierax,48460/1/47120/372739/47158/184884/47157/47224/47922/128814/208714/123913/973189/146665,jpeg
http://inaturalist-open-data.s3.amazonaws.com/photos/108157669/large.jpg,Charaxes bernardus hierax,48460/1/47120/372739/47158/184884/47157/47224/47922/128814/208714/123913/973189/146665,jpg
http://inaturalist-open-data.s3.amazonaws.com/photos/108157643/large.jpg,Charaxes bernardus hierax,48460/1/47120/372739/47158/184884/47157/47224/47922/128814/208714/123913/973189/146665,jpg
http://inaturalist-open-data.s3.amazonaws.com/photos/108157698/large.jpg,Charaxes bernardus hierax,48460/1/47120/372739/47158/184884/47157/47224/47922/128814/208714/123913/973189/146665,jpg
http://inaturalist-open-data.s3.amazonaws.com/photos/108158724/large.jpg,Charaxes bernardus hierax,48460/1/47120/372739/47158/184884/47157/47224/47922/128814/208714/123913/973189/146665,jpg
http://inaturalist-open-data.s3.amazonaws.com/photos/108157691/large.jpg,Charaxes bernardus hierax,48460/1/47120/372739/47158/184884/47157/47224/47922/128814/208714/123913/973189/146665,jpg
http://inaturalist-open-data.s3.amazonaws.com/photos/108157685/large.jpg,Charaxes bernardus hierax,48460/1/47120/372739/47158/184884/47157/47224/47922/128814/208714/123913/973189/146665,jpg
http://inaturalist-open-data.s3.amazonaws.com/photos/108157678/large.jpg,Charaxes bernardus hierax,48460/1/47120/372739/47158/184884/47157/47224/47922/128814/208714/123913/973189/146665,jpg
http://inaturalist-open-data.s3.amazonaws.com/photos/108157749/large.jpg,Charaxes bernardus hierax,48460/1/47120/372739/47158/184884/47157/47224/47922/128814/208714/123913/973189/146665,jpg
http://inaturalist-open-data.s3.amazonaws.com/photos/108157755/large.jpg,Charaxes bernardus hierax,48460/1/47120/372739/47158/184884/47157/47224/47922/128814/208714/123913/973189/146665,jpg
http://inaturalist-open-data.s3.amazonaws.com/photos/108157764/large.jpg,Charaxes bernardus hierax,48460/1/47120/372739/47158/184884/47157/47224/47922/128814/208714/123913/973189/146665,jpg
http://inaturalist-open-data.s3.amazonaws.com/photos/108158720/large.jpg,Charaxes bernardus hierax,48460/1/47120/372739/47158/184884/47157/47224/47922/128814/208714/123913/973189/146665,jpg
http://inaturalist-open-data.s3.amazonaws.com/photos/108158722/large.jpg,Charaxes bernardus hierax,48460/1/47120/372739/47158/184884/47157/47224/47922/128814/208714/123913/973189/146665,jpg
http://inaturalist-open-data.s3.amazonaws.com/photos/108166713/large.jpg,Charaxes bernardus hierax,48460/1/47120/372739/47158/184884/47157/47224/47922/128814/208714/123913/973189/146665,jpg
http://inaturalist-open-data.s3.amazonaws.com/photos/108165740/large.jpg,Charaxes bernardus hierax,48460/1/47120/372739/47158/184884/47157/47224/47922/128814/208714/123913/973189/146665,jpg
http://inaturalist-open-data.s3.amazonaws.com/photos/108166704/large.jpg,Charaxes bernardus hierax,48460/1/47120/372739/47158/184884/47157/47224/47922/128814/208714/123913/973189/146665,jpg
http://inaturalist-open-data.s3.amazonaws.com/photos/108166674/large.jpg,Charaxes bernardus hierax,48460/1/47120/372739/47158/184884/47157/47224/47922/128814/208714/123913/973189/146665,jpg
http://inaturalist-open-data.s3.amazonaws.com/photos/108166671/large.jpg,Charaxes bernardus hierax,48460/1/47120/372739/47158/184884/47157/47224/47922/128814/208714/123913/973189/146665,jpg
http://inaturalist-open-data.s3.amazonaws.com/photos/108166717/large.jpg,Charaxes bernardus hierax,48460/1/47120/372739/47158/184884/47157/47224/47922/128814/208714/123913/973189/146665,jpg
http://inaturalist-open-data.s3.amazonaws.com/photos/108166673/large.jpg,Charaxes bernardus hierax,48460/1/47120/372739/47158/184884/47157/47224/47922/128814/208714/123913/973189/146665,jpg
http://inaturalist-open-data.s3.amazonaws.com/photos/108166715/large.jpg,Charaxes bernardus hierax,48460/1/47120/372739/47158/184884/47157/47224/47922/128814/208714/123913/973189/146665,jpg
http://inaturalist-open-data.s3.amazonaws.com/photos/108166672/large.jpg,Charaxes bernardus hierax,48460/1/47120/372739/47158/184884/47157/47224/47922/128814/208714/123913/973189/146665,jpg
http://inaturalist-open-data.s3.amazonaws.com/photos/108157717/large.jpg,Charaxes bernardus hierax,48460/1/47120/372739/47158/184884/47157/47224/47922/128814/208714/123913/973189/146665,jpg
http://inaturalist-open-data.s3.amazonaws.com/photos/108157707/large.jpg,Charaxes bernardus hierax,48460/1/47120/372739/47158/184884/47157/47224/47922/128814/208714/123913/973189/146665,jpg
http://inaturalist-open-data.s3.amazonaws.com/photos/108157735/large.jpg,Charaxes bernardus hierax,48460/1/47120/372739/47158/184884/47157/47224/47922/128814/208714/123913/973189/146665,jpg
http://inaturalist-open-data.s3.amazonaws.com/photos/108157727/large.jpg,Charaxes bernardus hierax,48460/1/47120/372739/47158/184884/47157/47224/47922/128814/208714/123913/973189/146665,jpg
http://inaturalist-open-data.s3.amazonaws.com/photos/108157743/large.jpg,Charaxes bernardus hierax,48460/1/47120/372739/47158/184884/47157/47224/47922/128814/208714/123913/973189/146665,jpg
http://inaturalist-open-data.s3.amazonaws.com/photos/108157739/large.jpg,Charaxes bernardus hierax,48460/1/47120/372739/47158/184884/47157/47224/47922/128814/208714/123913/973189/146665,jpg
http://inaturalist-open-data.s3.amazonaws.com/photos/108721920/large.jpg,Charaxes bernardus hierax,48460/1/47120/372739/47158/184884/47157/47224/47922/128814/208714/123913/973189/146665,jpg
http://inaturalist-open-data.s3.amazonaws.com/photos/108721935/large.jpg,Charaxes bernardus hierax,48460/1/47120/372739/47158/184884/47157/47224/47922/128814/208714/123913/973189/146665,jpg
http://inaturalist-open-data.s3.amazonaws.com/photos/108721950/large.jpg,Charaxes bernardus hierax,48460/1/47120/372739/47158/184884/47157/47224/47922/128814/208714/123913/973189/146665,jpg
http://inaturalist-open-data.s3.amazonaws.com/photos/108721957/large.jpg,Charaxes bernardus hierax,48460/1/47120/372739/47158/184884/47157/47224/47922/128814/208714/123913/973189/146665,jpg
http://inaturalist-open-data.s3.amazonaws.com/photos/109089572/large.jpeg,Charaxes bernardus hierax,48460/1/47120/372739/47158/184884/47157/47224/47922/128814/208714/123913/973189/146665,jpeg
http://inaturalist-open-data.s3.amazonaws.com/photos/111197976/large.jpg,Charaxes bernardus hierax,48460/1/47120/372739/47158/184884/47157/47224/47922/128814/208714/123913/973189/146665,jpg
http://inaturalist-open-data.s3.amazonaws.com/photos/111197981/large.jpg,Charaxes bernardus hierax,48460/1/47120/372739/47158/184884/47157/47224/47922/128814/208714/123913/973189/146665,jpg
http://inaturalist-open-data.s3.amazonaws.com/photos/111197991/large.jpg,Charaxes bernardus hierax,48460/1/47120/372739/47158/184884/47157/47224/47922/128814/208714/123913/973189/146665,jpg
http://inaturalist-open-data.s3.amazonaws.com/photos/111197998/large.jpg,Charaxes bernardus hierax,48460/1/47120/372739/47158/184884/47157/47224/47922/128814/208714/123913/973189/146665,jpg
http://inaturalist-open-data.s3.amazonaws.com/photos/111198001/large.jpg,Charaxes bernardus hierax,48460/1/47120/372739/47158/184884/47157/47224/47922/128814/208714/123913/973189/146665,jpg
http://inaturalist-open-data.s3.amazonaws.com/photos/112691482/large.jpg,Charaxes bernardus hierax,48460/1/47120/372739/47158/184884/47157/47224/47922/128814/208714/123913/973189/146665,jpg
http://inaturalist-open-data.s3.amazonaws.com/photos/112691550/large.jpg,Charaxes bernardus hierax,48460/1/47120/372739/47158/184884/47157/47224/47922/128814/208714/123913/973189/146665,jpg
http://inaturalist-open-data.s3.amazonaws.com/photos/143595264/large.jpeg,Charaxes bernardus hierax,48460/1/47120/372739/47158/184884/47157/47224/47922/128814/208714/123913/973189/146665,jpeg
http://inaturalist-open-data.s3.amazonaws.com/photos/166625005/large.jpg,Charaxes bernardus hierax,48460/1/47120/372739/47158/184884/47157/47224/47922/128814/208714/123913/973189/146665,jpg
