photo_url_large,taxon_name,ancestry,extension
http://inaturalist-open-data.s3.amazonaws.com/photos/32857451/large.jpg,Charaxes bohemani bohemani,48460/1/47120/372739/47158/184884/47157/47224/47922/128814/208714/123913/973189/357206,jpg
http://inaturalist-open-data.s3.amazonaws.com/photos/32857453/large.jpg,Charaxes bohemani bohemani,48460/1/47120/372739/47158/184884/47157/47224/47922/128814/208714/123913/973189/357206,jpg
http://inaturalist-open-data.s3.amazonaws.com/photos/83193702/large.jpg,Charaxes bohemani bohemani,48460/1/47120/372739/47158/184884/47157/47224/47922/128814/208714/123913/973189/357206,jpg
http://inaturalist-open-data.s3.amazonaws.com/photos/83193681/large.jpg,Charaxes bohemani bohemani,48460/1/47120/372739/47158/184884/47157/47224/47922/128814/208714/123913/973189/357206,jpg
