photo_url_large,taxon_name,ancestry,extension
http://inaturalist-open-data.s3.amazonaws.com/photos/95836371/large.jpg,Chilades parrhasius parrhasius,48460/1/47120/372739/47158/184884/47157/47224/47923/58558/125833/522678/130782/371723,jpg
http://inaturalist-open-data.s3.amazonaws.com/photos/100244270/large.jpg,Chilades parrhasius parrhasius,48460/1/47120/372739/47158/184884/47157/47224/47923/58558/125833/522678/130782/371723,jpg
http://inaturalist-open-data.s3.amazonaws.com/photos/100244271/large.jpg,Chilades parrhasius parrhasius,48460/1/47120/372739/47158/184884/47157/47224/47923/58558/125833/522678/130782/371723,jpg
http://inaturalist-open-data.s3.amazonaws.com/photos/100244285/large.jpg,Chilades parrhasius parrhasius,48460/1/47120/372739/47158/184884/47157/47224/47923/58558/125833/522678/130782/371723,jpg
http://inaturalist-open-data.s3.amazonaws.com/photos/100244282/large.jpg,Chilades parrhasius parrhasius,48460/1/47120/372739/47158/184884/47157/47224/47923/58558/125833/522678/130782/371723,jpg
http://inaturalist-open-data.s3.amazonaws.com/photos/105489176/large.jpg,Chilades parrhasius parrhasius,48460/1/47120/372739/47158/184884/47157/47224/47923/58558/125833/522678/130782/371723,jpg
http://inaturalist-open-data.s3.amazonaws.com/photos/105489172/large.jpg,Chilades parrhasius parrhasius,48460/1/47120/372739/47158/184884/47157/47224/47923/58558/125833/522678/130782/371723,jpg
http://inaturalist-open-data.s3.amazonaws.com/photos/105489173/large.jpg,Chilades parrhasius parrhasius,48460/1/47120/372739/47158/184884/47157/47224/47923/58558/125833/522678/130782/371723,jpg
http://inaturalist-open-data.s3.amazonaws.com/photos/110744600/large.jpeg,Chilades parrhasius parrhasius,48460/1/47120/372739/47158/184884/47157/47224/47923/58558/125833/522678/130782/371723,jpeg
http://inaturalist-open-data.s3.amazonaws.com/photos/117226885/large.jpg,Chilades parrhasius parrhasius,48460/1/47120/372739/47158/184884/47157/47224/47923/58558/125833/522678/130782/371723,jpg
http://inaturalist-open-data.s3.amazonaws.com/photos/119815296/large.jpeg,Chilades parrhasius parrhasius,48460/1/47120/372739/47158/184884/47157/47224/47923/58558/125833/522678/130782/371723,jpeg
http://inaturalist-open-data.s3.amazonaws.com/photos/120964279/large.jpg,Chilades parrhasius parrhasius,48460/1/47120/372739/47158/184884/47157/47224/47923/58558/125833/522678/130782/371723,jpg
http://inaturalist-open-data.s3.amazonaws.com/photos/120964290/large.jpg,Chilades parrhasius parrhasius,48460/1/47120/372739/47158/184884/47157/47224/47923/58558/125833/522678/130782/371723,jpg
http://inaturalist-open-data.s3.amazonaws.com/photos/120964299/large.jpg,Chilades parrhasius parrhasius,48460/1/47120/372739/47158/184884/47157/47224/47923/58558/125833/522678/130782/371723,jpg
http://inaturalist-open-data.s3.amazonaws.com/photos/120964308/large.jpg,Chilades parrhasius parrhasius,48460/1/47120/372739/47158/184884/47157/47224/47923/58558/125833/522678/130782/371723,jpg
http://inaturalist-open-data.s3.amazonaws.com/photos/120964312/large.jpg,Chilades parrhasius parrhasius,48460/1/47120/372739/47158/184884/47157/47224/47923/58558/125833/522678/130782/371723,jpg
http://inaturalist-open-data.s3.amazonaws.com/photos/121774775/large.jpg,Chilades parrhasius parrhasius,48460/1/47120/372739/47158/184884/47157/47224/47923/58558/125833/522678/130782/371723,jpg
http://inaturalist-open-data.s3.amazonaws.com/photos/121774784/large.jpg,Chilades parrhasius parrhasius,48460/1/47120/372739/47158/184884/47157/47224/47923/58558/125833/522678/130782/371723,jpg
http://inaturalist-open-data.s3.amazonaws.com/photos/126310271/large.jpg,Chilades parrhasius parrhasius,48460/1/47120/372739/47158/184884/47157/47224/47923/58558/125833/522678/130782/371723,jpg
http://inaturalist-open-data.s3.amazonaws.com/photos/126310280/large.jpg,Chilades parrhasius parrhasius,48460/1/47120/372739/47158/184884/47157/47224/47923/58558/125833/522678/130782/371723,jpg
http://inaturalist-open-data.s3.amazonaws.com/photos/126310290/large.jpg,Chilades parrhasius parrhasius,48460/1/47120/372739/47158/184884/47157/47224/47923/58558/125833/522678/130782/371723,jpg
http://inaturalist-open-data.s3.amazonaws.com/photos/126310300/large.jpg,Chilades parrhasius parrhasius,48460/1/47120/372739/47158/184884/47157/47224/47923/58558/125833/522678/130782/371723,jpg
http://inaturalist-open-data.s3.amazonaws.com/photos/126310308/large.jpg,Chilades parrhasius parrhasius,48460/1/47120/372739/47158/184884/47157/47224/47923/58558/125833/522678/130782/371723,jpg
http://inaturalist-open-data.s3.amazonaws.com/photos/126310324/large.jpg,Chilades parrhasius parrhasius,48460/1/47120/372739/47158/184884/47157/47224/47923/58558/125833/522678/130782/371723,jpg
http://inaturalist-open-data.s3.amazonaws.com/photos/126310339/large.jpg,Chilades parrhasius parrhasius,48460/1/47120/372739/47158/184884/47157/47224/47923/58558/125833/522678/130782/371723,jpg
http://inaturalist-open-data.s3.amazonaws.com/photos/126310350/large.jpg,Chilades parrhasius parrhasius,48460/1/47120/372739/47158/184884/47157/47224/47923/58558/125833/522678/130782/371723,jpg
http://inaturalist-open-data.s3.amazonaws.com/photos/126310361/large.jpg,Chilades parrhasius parrhasius,48460/1/47120/372739/47158/184884/47157/47224/47923/58558/125833/522678/130782/371723,jpg
http://inaturalist-open-data.s3.amazonaws.com/photos/143175800/large.jpeg,Chilades parrhasius parrhasius,48460/1/47120/372739/47158/184884/47157/47224/47923/58558/125833/522678/130782/371723,jpeg
