photo_url_large,taxon_name,ancestry,extension
http://inaturalist-open-data.s3.amazonaws.com/photos/44897465/large.jpeg,Chirodica chalcoptera chalcoptera,48460/1/47120/372739/47158/184884/47208/71130/372852/176269/51146/245843/155185/604770/697137,jpeg
http://inaturalist-open-data.s3.amazonaws.com/photos/44897470/large.jpeg,Chirodica chalcoptera chalcoptera,48460/1/47120/372739/47158/184884/47208/71130/372852/176269/51146/245843/155185/604770/697137,jpeg
http://inaturalist-open-data.s3.amazonaws.com/photos/44897473/large.jpeg,Chirodica chalcoptera chalcoptera,48460/1/47120/372739/47158/184884/47208/71130/372852/176269/51146/245843/155185/604770/697137,jpeg
http://inaturalist-open-data.s3.amazonaws.com/photos/44897476/large.jpeg,Chirodica chalcoptera chalcoptera,48460/1/47120/372739/47158/184884/47208/71130/372852/176269/51146/245843/155185/604770/697137,jpeg
http://inaturalist-open-data.s3.amazonaws.com/photos/44897484/large.jpeg,Chirodica chalcoptera chalcoptera,48460/1/47120/372739/47158/184884/47208/71130/372852/176269/51146/245843/155185/604770/697137,jpeg
