photo_url_large,taxon_name,ancestry,extension
http://inaturalist-open-data.s3.amazonaws.com/photos/1716570/large.jpg,Chlaenius festivus festivus,48460/1/47120/372739/47158/184884/47208/340471/372884/49567/422306/422310/422314/122213/856887/715352,jpg
http://inaturalist-open-data.s3.amazonaws.com/photos/26334633/large.jpg,Chlaenius festivus festivus,48460/1/47120/372739/47158/184884/47208/340471/372884/49567/422306/422310/422314/122213/856887/715352,jpg
http://inaturalist-open-data.s3.amazonaws.com/photos/26334631/large.jpg,Chlaenius festivus festivus,48460/1/47120/372739/47158/184884/47208/340471/372884/49567/422306/422310/422314/122213/856887/715352,jpg
http://inaturalist-open-data.s3.amazonaws.com/photos/26334635/large.jpg,Chlaenius festivus festivus,48460/1/47120/372739/47158/184884/47208/340471/372884/49567/422306/422310/422314/122213/856887/715352,jpg
http://inaturalist-open-data.s3.amazonaws.com/photos/26334637/large.jpg,Chlaenius festivus festivus,48460/1/47120/372739/47158/184884/47208/340471/372884/49567/422306/422310/422314/122213/856887/715352,jpg
http://inaturalist-open-data.s3.amazonaws.com/photos/68188478/large.jpeg,Chlaenius festivus festivus,48460/1/47120/372739/47158/184884/47208/340471/372884/49567/422306/422310/422314/122213/856887/715352,jpeg
http://inaturalist-open-data.s3.amazonaws.com/photos/68188493/large.jpeg,Chlaenius festivus festivus,48460/1/47120/372739/47158/184884/47208/340471/372884/49567/422306/422310/422314/122213/856887/715352,jpeg
http://inaturalist-open-data.s3.amazonaws.com/photos/105371302/large.jpg,Chlaenius festivus festivus,48460/1/47120/372739/47158/184884/47208/340471/372884/49567/422306/422310/422314/122213/856887/715352,jpg
http://inaturalist-open-data.s3.amazonaws.com/photos/105371309/large.jpg,Chlaenius festivus festivus,48460/1/47120/372739/47158/184884/47208/340471/372884/49567/422306/422310/422314/122213/856887/715352,jpg
http://inaturalist-open-data.s3.amazonaws.com/photos/105371316/large.jpg,Chlaenius festivus festivus,48460/1/47120/372739/47158/184884/47208/340471/372884/49567/422306/422310/422314/122213/856887/715352,jpg
http://inaturalist-open-data.s3.amazonaws.com/photos/105371294/large.jpg,Chlaenius festivus festivus,48460/1/47120/372739/47158/184884/47208/340471/372884/49567/422306/422310/422314/122213/856887/715352,jpg
http://inaturalist-open-data.s3.amazonaws.com/photos/105371296/large.jpg,Chlaenius festivus festivus,48460/1/47120/372739/47158/184884/47208/340471/372884/49567/422306/422310/422314/122213/856887/715352,jpg
http://inaturalist-open-data.s3.amazonaws.com/photos/115075479/large.jpeg,Chlaenius festivus festivus,48460/1/47120/372739/47158/184884/47208/340471/372884/49567/422306/422310/422314/122213/856887/715352,jpeg
http://inaturalist-open-data.s3.amazonaws.com/photos/115077114/large.jpeg,Chlaenius festivus festivus,48460/1/47120/372739/47158/184884/47208/340471/372884/49567/422306/422310/422314/122213/856887/715352,jpeg
http://inaturalist-open-data.s3.amazonaws.com/photos/122764275/large.jpeg,Chlaenius festivus festivus,48460/1/47120/372739/47158/184884/47208/340471/372884/49567/422306/422310/422314/122213/856887/715352,jpeg
http://inaturalist-open-data.s3.amazonaws.com/photos/122768416/large.jpeg,Chlaenius festivus festivus,48460/1/47120/372739/47158/184884/47208/340471/372884/49567/422306/422310/422314/122213/856887/715352,jpeg
http://inaturalist-open-data.s3.amazonaws.com/photos/126366179/large.jpeg,Chlaenius festivus festivus,48460/1/47120/372739/47158/184884/47208/340471/372884/49567/422306/422310/422314/122213/856887/715352,jpeg
http://inaturalist-open-data.s3.amazonaws.com/photos/129618344/large.jpeg,Chlaenius festivus festivus,48460/1/47120/372739/47158/184884/47208/340471/372884/49567/422306/422310/422314/122213/856887/715352,jpeg
http://inaturalist-open-data.s3.amazonaws.com/photos/129623185/large.jpeg,Chlaenius festivus festivus,48460/1/47120/372739/47158/184884/47208/340471/372884/49567/422306/422310/422314/122213/856887/715352,jpeg
