photo_url_large,taxon_name,ancestry,extension
http://inaturalist-open-data.s3.amazonaws.com/photos/5316561/large.jpg,Chlosyne rosita rosita,48460/1/47120/372739/47158/184884/47157/47224/47922/202067/130316/53894/148514,jpg
http://inaturalist-open-data.s3.amazonaws.com/photos/5316582/large.jpg,Chlosyne rosita rosita,48460/1/47120/372739/47158/184884/47157/47224/47922/202067/130316/53894/148514,jpg
http://inaturalist-open-data.s3.amazonaws.com/photos/22915359/large.jpg,Chlosyne rosita rosita,48460/1/47120/372739/47158/184884/47157/47224/47922/202067/130316/53894/148514,jpg
http://inaturalist-open-data.s3.amazonaws.com/photos/22915365/large.jpg,Chlosyne rosita rosita,48460/1/47120/372739/47158/184884/47157/47224/47922/202067/130316/53894/148514,jpg
http://inaturalist-open-data.s3.amazonaws.com/photos/22915362/large.jpg,Chlosyne rosita rosita,48460/1/47120/372739/47158/184884/47157/47224/47922/202067/130316/53894/148514,jpg
http://inaturalist-open-data.s3.amazonaws.com/photos/22915357/large.jpg,Chlosyne rosita rosita,48460/1/47120/372739/47158/184884/47157/47224/47922/202067/130316/53894/148514,jpg
http://inaturalist-open-data.s3.amazonaws.com/photos/48649381/large.jpeg,Chlosyne rosita rosita,48460/1/47120/372739/47158/184884/47157/47224/47922/202067/130316/53894/148514,jpeg
http://inaturalist-open-data.s3.amazonaws.com/photos/48649401/large.jpeg,Chlosyne rosita rosita,48460/1/47120/372739/47158/184884/47157/47224/47922/202067/130316/53894/148514,jpeg
http://inaturalist-open-data.s3.amazonaws.com/photos/48649420/large.jpeg,Chlosyne rosita rosita,48460/1/47120/372739/47158/184884/47157/47224/47922/202067/130316/53894/148514,jpeg
http://inaturalist-open-data.s3.amazonaws.com/photos/50028591/large.jpg,Chlosyne rosita rosita,48460/1/47120/372739/47158/184884/47157/47224/47922/202067/130316/53894/148514,jpg
http://inaturalist-open-data.s3.amazonaws.com/photos/57580155/large.jpg,Chlosyne rosita rosita,48460/1/47120/372739/47158/184884/47157/47224/47922/202067/130316/53894/148514,jpg
http://inaturalist-open-data.s3.amazonaws.com/photos/62382367/large.jpeg,Chlosyne rosita rosita,48460/1/47120/372739/47158/184884/47157/47224/47922/202067/130316/53894/148514,jpeg
http://inaturalist-open-data.s3.amazonaws.com/photos/62382372/large.jpeg,Chlosyne rosita rosita,48460/1/47120/372739/47158/184884/47157/47224/47922/202067/130316/53894/148514,jpeg
http://inaturalist-open-data.s3.amazonaws.com/photos/82721163/large.jpg,Chlosyne rosita rosita,48460/1/47120/372739/47158/184884/47157/47224/47922/202067/130316/53894/148514,jpg
http://inaturalist-open-data.s3.amazonaws.com/photos/150733086/large.jpg,Chlosyne rosita rosita,48460/1/47120/372739/47158/184884/47157/47224/47922/202067/130316/53894/148514,jpg
http://inaturalist-open-data.s3.amazonaws.com/photos/150733082/large.jpg,Chlosyne rosita rosita,48460/1/47120/372739/47158/184884/47157/47224/47922/202067/130316/53894/148514,jpg
