photo_url_large,taxon_name,ancestry,extension
http://inaturalist-open-data.s3.amazonaws.com/photos/57783961/large.jpg,Chlosyne acastus acastus,48460/1/47120/372739/47158/184884/47157/47224/47922/202067/130316/53894/68278,jpg
http://inaturalist-open-data.s3.amazonaws.com/photos/58597408/large.jpg,Chlosyne acastus acastus,48460/1/47120/372739/47158/184884/47157/47224/47922/202067/130316/53894/68278,jpg
http://inaturalist-open-data.s3.amazonaws.com/photos/58597412/large.jpg,Chlosyne acastus acastus,48460/1/47120/372739/47158/184884/47157/47224/47922/202067/130316/53894/68278,jpg
http://inaturalist-open-data.s3.amazonaws.com/photos/58597872/large.jpg,Chlosyne acastus acastus,48460/1/47120/372739/47158/184884/47157/47224/47922/202067/130316/53894/68278,jpg
http://inaturalist-open-data.s3.amazonaws.com/photos/58597874/large.jpg,Chlosyne acastus acastus,48460/1/47120/372739/47158/184884/47157/47224/47922/202067/130316/53894/68278,jpg
