photo_url_large,taxon_name,ancestry,extension
http://inaturalist-open-data.s3.amazonaws.com/photos/17726021/large.jpeg,Chlosyne acastus sterope,48460/1/47120/372739/47158/184884/47157/47224/47922/202067/130316/53894/68278,jpeg
http://inaturalist-open-data.s3.amazonaws.com/photos/17726024/large.jpeg,Chlosyne acastus sterope,48460/1/47120/372739/47158/184884/47157/47224/47922/202067/130316/53894/68278,jpeg
http://inaturalist-open-data.s3.amazonaws.com/photos/17726029/large.jpeg,Chlosyne acastus sterope,48460/1/47120/372739/47158/184884/47157/47224/47922/202067/130316/53894/68278,jpeg
http://inaturalist-open-data.s3.amazonaws.com/photos/17726025/large.jpeg,Chlosyne acastus sterope,48460/1/47120/372739/47158/184884/47157/47224/47922/202067/130316/53894/68278,jpeg
http://inaturalist-open-data.s3.amazonaws.com/photos/18289881/large.jpeg,Chlosyne acastus sterope,48460/1/47120/372739/47158/184884/47157/47224/47922/202067/130316/53894/68278,jpeg
http://inaturalist-open-data.s3.amazonaws.com/photos/18289885/large.jpeg,Chlosyne acastus sterope,48460/1/47120/372739/47158/184884/47157/47224/47922/202067/130316/53894/68278,jpeg
http://inaturalist-open-data.s3.amazonaws.com/photos/18291794/large.jpeg,Chlosyne acastus sterope,48460/1/47120/372739/47158/184884/47157/47224/47922/202067/130316/53894/68278,jpeg
http://inaturalist-open-data.s3.amazonaws.com/photos/43275146/large.jpg,Chlosyne acastus sterope,48460/1/47120/372739/47158/184884/47157/47224/47922/202067/130316/53894/68278,jpg
http://inaturalist-open-data.s3.amazonaws.com/photos/73251158/large.jpg,Chlosyne acastus sterope,48460/1/47120/372739/47158/184884/47157/47224/47922/202067/130316/53894/68278,jpg
