photo_url_large,taxon_name,ancestry,extension
http://inaturalist-open-data.s3.amazonaws.com/photos/32839770/large.jpeg,Chorthippus dorsatus dorsatus,48460/1/47120/372739/47158/184884/47651/67688/700600/47650/47649/244406/523304/57651/473189,jpeg
http://inaturalist-open-data.s3.amazonaws.com/photos/36019071/large.jpeg,Chorthippus dorsatus dorsatus,48460/1/47120/372739/47158/184884/47651/67688/700600/47650/47649/244406/523304/57651/473189,jpeg
http://inaturalist-open-data.s3.amazonaws.com/photos/36018966/large.jpeg,Chorthippus dorsatus dorsatus,48460/1/47120/372739/47158/184884/47651/67688/700600/47650/47649/244406/523304/57651/473189,jpeg
http://inaturalist-open-data.s3.amazonaws.com/photos/36018993/large.jpeg,Chorthippus dorsatus dorsatus,48460/1/47120/372739/47158/184884/47651/67688/700600/47650/47649/244406/523304/57651/473189,jpeg
http://inaturalist-open-data.s3.amazonaws.com/photos/36019149/large.jpeg,Chorthippus dorsatus dorsatus,48460/1/47120/372739/47158/184884/47651/67688/700600/47650/47649/244406/523304/57651/473189,jpeg
http://inaturalist-open-data.s3.amazonaws.com/photos/36019734/large.jpeg,Chorthippus dorsatus dorsatus,48460/1/47120/372739/47158/184884/47651/67688/700600/47650/47649/244406/523304/57651/473189,jpeg
http://inaturalist-open-data.s3.amazonaws.com/photos/57872942/large.jpeg,Chorthippus dorsatus dorsatus,48460/1/47120/372739/47158/184884/47651/67688/700600/47650/47649/244406/523304/57651/473189,jpeg
http://inaturalist-open-data.s3.amazonaws.com/photos/57874568/large.jpeg,Chorthippus dorsatus dorsatus,48460/1/47120/372739/47158/184884/47651/67688/700600/47650/47649/244406/523304/57651/473189,jpeg
http://inaturalist-open-data.s3.amazonaws.com/photos/57874577/large.jpeg,Chorthippus dorsatus dorsatus,48460/1/47120/372739/47158/184884/47651/67688/700600/47650/47649/244406/523304/57651/473189,jpeg
http://inaturalist-open-data.s3.amazonaws.com/photos/57874572/large.jpeg,Chorthippus dorsatus dorsatus,48460/1/47120/372739/47158/184884/47651/67688/700600/47650/47649/244406/523304/57651/473189,jpeg
http://inaturalist-open-data.s3.amazonaws.com/photos/57874575/large.jpg,Chorthippus dorsatus dorsatus,48460/1/47120/372739/47158/184884/47651/67688/700600/47650/47649/244406/523304/57651/473189,jpg
http://inaturalist-open-data.s3.amazonaws.com/photos/57874571/large.jpeg,Chorthippus dorsatus dorsatus,48460/1/47120/372739/47158/184884/47651/67688/700600/47650/47649/244406/523304/57651/473189,jpeg
http://inaturalist-open-data.s3.amazonaws.com/photos/87068344/large.jpg,Chorthippus dorsatus dorsatus,48460/1/47120/372739/47158/184884/47651/67688/700600/47650/47649/244406/523304/57651/473189,jpg
http://inaturalist-open-data.s3.amazonaws.com/photos/87068358/large.jpg,Chorthippus dorsatus dorsatus,48460/1/47120/372739/47158/184884/47651/67688/700600/47650/47649/244406/523304/57651/473189,jpg
