photo_url_large,taxon_name,ancestry,extension
http://inaturalist-open-data.s3.amazonaws.com/photos/64257520/large.jpeg,Chorthippus saulcyi vicdessossi,48460/1/47120/372739/47158/184884/47651/67688/700600/47650/47649/244406/523304/57651/541758/747539,jpeg
http://inaturalist-open-data.s3.amazonaws.com/photos/152644336/large.jpeg,Chorthippus saulcyi vicdessossi,48460/1/47120/372739/47158/184884/47651/67688/700600/47650/47649/244406/523304/57651/541758/747539,jpeg
http://inaturalist-open-data.s3.amazonaws.com/photos/152644352/large.jpeg,Chorthippus saulcyi vicdessossi,48460/1/47120/372739/47158/184884/47651/67688/700600/47650/47649/244406/523304/57651/541758/747539,jpeg
http://inaturalist-open-data.s3.amazonaws.com/photos/152644354/large.jpeg,Chorthippus saulcyi vicdessossi,48460/1/47120/372739/47158/184884/47651/67688/700600/47650/47649/244406/523304/57651/541758/747539,jpeg
