photo_url_large,taxon_name,ancestry,extension
http://inaturalist-open-data.s3.amazonaws.com/photos/1125932/large.jpg,Chorthippus maritimus maritimus,48460/1/47120/372739/47158/184884/47651/67688/700600/47650/47649/244406/523304/57651/541758/467944,jpg
http://inaturalist-open-data.s3.amazonaws.com/photos/1475653/large.JPG,Chorthippus maritimus maritimus,48460/1/47120/372739/47158/184884/47651/67688/700600/47650/47649/244406/523304/57651/541758/467944,JPG
http://inaturalist-open-data.s3.amazonaws.com/photos/1486081/large.png,Chorthippus maritimus maritimus,48460/1/47120/372739/47158/184884/47651/67688/700600/47650/47649/244406/523304/57651/541758/467944,png
http://inaturalist-open-data.s3.amazonaws.com/photos/2216118/large.jpg,Chorthippus maritimus maritimus,48460/1/47120/372739/47158/184884/47651/67688/700600/47650/47649/244406/523304/57651/541758/467944,jpg
http://inaturalist-open-data.s3.amazonaws.com/photos/2544993/large.jpg,Chorthippus maritimus maritimus,48460/1/47120/372739/47158/184884/47651/67688/700600/47650/47649/244406/523304/57651/541758/467944,jpg
http://inaturalist-open-data.s3.amazonaws.com/photos/2732141/large.JPG,Chorthippus maritimus maritimus,48460/1/47120/372739/47158/184884/47651/67688/700600/47650/47649/244406/523304/57651/541758/467944,JPG
http://inaturalist-open-data.s3.amazonaws.com/photos/3245952/large.JPG,Chorthippus maritimus maritimus,48460/1/47120/372739/47158/184884/47651/67688/700600/47650/47649/244406/523304/57651/541758/467944,JPG
http://inaturalist-open-data.s3.amazonaws.com/photos/3353479/large.JPG,Chorthippus maritimus maritimus,48460/1/47120/372739/47158/184884/47651/67688/700600/47650/47649/244406/523304/57651/541758/467944,JPG
http://inaturalist-open-data.s3.amazonaws.com/photos/3728109/large.JPG,Chorthippus maritimus maritimus,48460/1/47120/372739/47158/184884/47651/67688/700600/47650/47649/244406/523304/57651/541758/467944,JPG
http://inaturalist-open-data.s3.amazonaws.com/photos/3728150/large.JPG,Chorthippus maritimus maritimus,48460/1/47120/372739/47158/184884/47651/67688/700600/47650/47649/244406/523304/57651/541758/467944,JPG
http://inaturalist-open-data.s3.amazonaws.com/photos/3728148/large.JPG,Chorthippus maritimus maritimus,48460/1/47120/372739/47158/184884/47651/67688/700600/47650/47649/244406/523304/57651/541758/467944,JPG
http://inaturalist-open-data.s3.amazonaws.com/photos/5651776/large.jpg,Chorthippus maritimus maritimus,48460/1/47120/372739/47158/184884/47651/67688/700600/47650/47649/244406/523304/57651/541758/467944,jpg
http://inaturalist-open-data.s3.amazonaws.com/photos/10821199/large.jpeg,Chorthippus maritimus maritimus,48460/1/47120/372739/47158/184884/47651/67688/700600/47650/47649/244406/523304/57651/541758/467944,jpeg
http://inaturalist-open-data.s3.amazonaws.com/photos/10821183/large.jpeg,Chorthippus maritimus maritimus,48460/1/47120/372739/47158/184884/47651/67688/700600/47650/47649/244406/523304/57651/541758/467944,jpeg
http://inaturalist-open-data.s3.amazonaws.com/photos/10821214/large.jpeg,Chorthippus maritimus maritimus,48460/1/47120/372739/47158/184884/47651/67688/700600/47650/47649/244406/523304/57651/541758/467944,jpeg
http://inaturalist-open-data.s3.amazonaws.com/photos/10821224/large.jpeg,Chorthippus maritimus maritimus,48460/1/47120/372739/47158/184884/47651/67688/700600/47650/47649/244406/523304/57651/541758/467944,jpeg
http://inaturalist-open-data.s3.amazonaws.com/photos/10822834/large.jpeg,Chorthippus maritimus maritimus,48460/1/47120/372739/47158/184884/47651/67688/700600/47650/47649/244406/523304/57651/541758/467944,jpeg
http://inaturalist-open-data.s3.amazonaws.com/photos/10822852/large.jpeg,Chorthippus maritimus maritimus,48460/1/47120/372739/47158/184884/47651/67688/700600/47650/47649/244406/523304/57651/541758/467944,jpeg
http://inaturalist-open-data.s3.amazonaws.com/photos/10822853/large.jpeg,Chorthippus maritimus maritimus,48460/1/47120/372739/47158/184884/47651/67688/700600/47650/47649/244406/523304/57651/541758/467944,jpeg
http://inaturalist-open-data.s3.amazonaws.com/photos/11059079/large.jpg,Chorthippus maritimus maritimus,48460/1/47120/372739/47158/184884/47651/67688/700600/47650/47649/244406/523304/57651/541758/467944,jpg
http://inaturalist-open-data.s3.amazonaws.com/photos/11417909/large.jpeg,Chorthippus maritimus maritimus,48460/1/47120/372739/47158/184884/47651/67688/700600/47650/47649/244406/523304/57651/541758/467944,jpeg
http://inaturalist-open-data.s3.amazonaws.com/photos/11433788/large.jpeg,Chorthippus maritimus maritimus,48460/1/47120/372739/47158/184884/47651/67688/700600/47650/47649/244406/523304/57651/541758/467944,jpeg
http://inaturalist-open-data.s3.amazonaws.com/photos/11461079/large.jpeg,Chorthippus maritimus maritimus,48460/1/47120/372739/47158/184884/47651/67688/700600/47650/47649/244406/523304/57651/541758/467944,jpeg
http://inaturalist-open-data.s3.amazonaws.com/photos/11461099/large.jpeg,Chorthippus maritimus maritimus,48460/1/47120/372739/47158/184884/47651/67688/700600/47650/47649/244406/523304/57651/541758/467944,jpeg
http://inaturalist-open-data.s3.amazonaws.com/photos/11547233/large.jpeg,Chorthippus maritimus maritimus,48460/1/47120/372739/47158/184884/47651/67688/700600/47650/47649/244406/523304/57651/541758/467944,jpeg
http://inaturalist-open-data.s3.amazonaws.com/photos/11554037/large.jpeg,Chorthippus maritimus maritimus,48460/1/47120/372739/47158/184884/47651/67688/700600/47650/47649/244406/523304/57651/541758/467944,jpeg
http://inaturalist-open-data.s3.amazonaws.com/photos/11929208/large.jpeg,Chorthippus maritimus maritimus,48460/1/47120/372739/47158/184884/47651/67688/700600/47650/47649/244406/523304/57651/541758/467944,jpeg
http://inaturalist-open-data.s3.amazonaws.com/photos/11929209/large.jpeg,Chorthippus maritimus maritimus,48460/1/47120/372739/47158/184884/47651/67688/700600/47650/47649/244406/523304/57651/541758/467944,jpeg
http://inaturalist-open-data.s3.amazonaws.com/photos/11929252/large.jpeg,Chorthippus maritimus maritimus,48460/1/47120/372739/47158/184884/47651/67688/700600/47650/47649/244406/523304/57651/541758/467944,jpeg
http://inaturalist-open-data.s3.amazonaws.com/photos/11930567/large.jpeg,Chorthippus maritimus maritimus,48460/1/47120/372739/47158/184884/47651/67688/700600/47650/47649/244406/523304/57651/541758/467944,jpeg
http://inaturalist-open-data.s3.amazonaws.com/photos/12127557/large.jpeg,Chorthippus maritimus maritimus,48460/1/47120/372739/47158/184884/47651/67688/700600/47650/47649/244406/523304/57651/541758/467944,jpeg
http://inaturalist-open-data.s3.amazonaws.com/photos/12635647/large.jpeg,Chorthippus maritimus maritimus,48460/1/47120/372739/47158/184884/47651/67688/700600/47650/47649/244406/523304/57651/541758/467944,jpeg
http://inaturalist-open-data.s3.amazonaws.com/photos/12635644/large.jpeg,Chorthippus maritimus maritimus,48460/1/47120/372739/47158/184884/47651/67688/700600/47650/47649/244406/523304/57651/541758/467944,jpeg
http://inaturalist-open-data.s3.amazonaws.com/photos/17417351/large.jpeg,Chorthippus maritimus maritimus,48460/1/47120/372739/47158/184884/47651/67688/700600/47650/47649/244406/523304/57651/541758/467944,jpeg
http://inaturalist-open-data.s3.amazonaws.com/photos/17417443/large.jpeg,Chorthippus maritimus maritimus,48460/1/47120/372739/47158/184884/47651/67688/700600/47650/47649/244406/523304/57651/541758/467944,jpeg
http://inaturalist-open-data.s3.amazonaws.com/photos/18947682/large.jpeg,Chorthippus maritimus maritimus,48460/1/47120/372739/47158/184884/47651/67688/700600/47650/47649/244406/523304/57651/541758/467944,jpeg
http://inaturalist-open-data.s3.amazonaws.com/photos/20192598/large.jpeg,Chorthippus maritimus maritimus,48460/1/47120/372739/47158/184884/47651/67688/700600/47650/47649/244406/523304/57651/541758/467944,jpeg
http://inaturalist-open-data.s3.amazonaws.com/photos/20192634/large.jpeg,Chorthippus maritimus maritimus,48460/1/47120/372739/47158/184884/47651/67688/700600/47650/47649/244406/523304/57651/541758/467944,jpeg
http://inaturalist-open-data.s3.amazonaws.com/photos/20192875/large.jpeg,Chorthippus maritimus maritimus,48460/1/47120/372739/47158/184884/47651/67688/700600/47650/47649/244406/523304/57651/541758/467944,jpeg
http://inaturalist-open-data.s3.amazonaws.com/photos/20971638/large.jpeg,Chorthippus maritimus maritimus,48460/1/47120/372739/47158/184884/47651/67688/700600/47650/47649/244406/523304/57651/541758/467944,jpeg
http://inaturalist-open-data.s3.amazonaws.com/photos/21274602/large.jpeg,Chorthippus maritimus maritimus,48460/1/47120/372739/47158/184884/47651/67688/700600/47650/47649/244406/523304/57651/541758/467944,jpeg
http://inaturalist-open-data.s3.amazonaws.com/photos/23953248/large.jpg,Chorthippus maritimus maritimus,48460/1/47120/372739/47158/184884/47651/67688/700600/47650/47649/244406/523304/57651/541758/467944,jpg
http://inaturalist-open-data.s3.amazonaws.com/photos/23953242/large.jpg,Chorthippus maritimus maritimus,48460/1/47120/372739/47158/184884/47651/67688/700600/47650/47649/244406/523304/57651/541758/467944,jpg
http://inaturalist-open-data.s3.amazonaws.com/photos/24474110/large.jpeg,Chorthippus maritimus maritimus,48460/1/47120/372739/47158/184884/47651/67688/700600/47650/47649/244406/523304/57651/541758/467944,jpeg
http://inaturalist-open-data.s3.amazonaws.com/photos/25005071/large.jpeg,Chorthippus maritimus maritimus,48460/1/47120/372739/47158/184884/47651/67688/700600/47650/47649/244406/523304/57651/541758/467944,jpeg
http://inaturalist-open-data.s3.amazonaws.com/photos/25136855/large.jpeg,Chorthippus maritimus maritimus,48460/1/47120/372739/47158/184884/47651/67688/700600/47650/47649/244406/523304/57651/541758/467944,jpeg
http://inaturalist-open-data.s3.amazonaws.com/photos/25189570/large.jpeg,Chorthippus maritimus maritimus,48460/1/47120/372739/47158/184884/47651/67688/700600/47650/47649/244406/523304/57651/541758/467944,jpeg
http://inaturalist-open-data.s3.amazonaws.com/photos/25189628/large.jpeg,Chorthippus maritimus maritimus,48460/1/47120/372739/47158/184884/47651/67688/700600/47650/47649/244406/523304/57651/541758/467944,jpeg
http://inaturalist-open-data.s3.amazonaws.com/photos/25743562/large.jpg,Chorthippus maritimus maritimus,48460/1/47120/372739/47158/184884/47651/67688/700600/47650/47649/244406/523304/57651/541758/467944,jpg
http://inaturalist-open-data.s3.amazonaws.com/photos/25814253/large.jpeg,Chorthippus maritimus maritimus,48460/1/47120/372739/47158/184884/47651/67688/700600/47650/47649/244406/523304/57651/541758/467944,jpeg
http://inaturalist-open-data.s3.amazonaws.com/photos/25882098/large.jpeg,Chorthippus maritimus maritimus,48460/1/47120/372739/47158/184884/47651/67688/700600/47650/47649/244406/523304/57651/541758/467944,jpeg
http://inaturalist-open-data.s3.amazonaws.com/photos/26143045/large.jpeg,Chorthippus maritimus maritimus,48460/1/47120/372739/47158/184884/47651/67688/700600/47650/47649/244406/523304/57651/541758/467944,jpeg
http://inaturalist-open-data.s3.amazonaws.com/photos/26143040/large.jpeg,Chorthippus maritimus maritimus,48460/1/47120/372739/47158/184884/47651/67688/700600/47650/47649/244406/523304/57651/541758/467944,jpeg
http://inaturalist-open-data.s3.amazonaws.com/photos/26143049/large.jpeg,Chorthippus maritimus maritimus,48460/1/47120/372739/47158/184884/47651/67688/700600/47650/47649/244406/523304/57651/541758/467944,jpeg
http://inaturalist-open-data.s3.amazonaws.com/photos/26143053/large.jpeg,Chorthippus maritimus maritimus,48460/1/47120/372739/47158/184884/47651/67688/700600/47650/47649/244406/523304/57651/541758/467944,jpeg
http://inaturalist-open-data.s3.amazonaws.com/photos/26143061/large.jpeg,Chorthippus maritimus maritimus,48460/1/47120/372739/47158/184884/47651/67688/700600/47650/47649/244406/523304/57651/541758/467944,jpeg
http://inaturalist-open-data.s3.amazonaws.com/photos/26143189/large.jpeg,Chorthippus maritimus maritimus,48460/1/47120/372739/47158/184884/47651/67688/700600/47650/47649/244406/523304/57651/541758/467944,jpeg
http://inaturalist-open-data.s3.amazonaws.com/photos/26143055/large.jpeg,Chorthippus maritimus maritimus,48460/1/47120/372739/47158/184884/47651/67688/700600/47650/47649/244406/523304/57651/541758/467944,jpeg
http://inaturalist-open-data.s3.amazonaws.com/photos/26143061/large.jpeg,Chorthippus maritimus maritimus,48460/1/47120/372739/47158/184884/47651/67688/700600/47650/47649/244406/523304/57651/541758/467944,jpeg
http://inaturalist-open-data.s3.amazonaws.com/photos/27527761/large.jpeg,Chorthippus maritimus maritimus,48460/1/47120/372739/47158/184884/47651/67688/700600/47650/47649/244406/523304/57651/541758/467944,jpeg
http://inaturalist-open-data.s3.amazonaws.com/photos/27527765/large.jpeg,Chorthippus maritimus maritimus,48460/1/47120/372739/47158/184884/47651/67688/700600/47650/47649/244406/523304/57651/541758/467944,jpeg
http://inaturalist-open-data.s3.amazonaws.com/photos/27527779/large.jpeg,Chorthippus maritimus maritimus,48460/1/47120/372739/47158/184884/47651/67688/700600/47650/47649/244406/523304/57651/541758/467944,jpeg
http://inaturalist-open-data.s3.amazonaws.com/photos/27527782/large.jpeg,Chorthippus maritimus maritimus,48460/1/47120/372739/47158/184884/47651/67688/700600/47650/47649/244406/523304/57651/541758/467944,jpeg
http://inaturalist-open-data.s3.amazonaws.com/photos/28657934/large.jpeg,Chorthippus maritimus maritimus,48460/1/47120/372739/47158/184884/47651/67688/700600/47650/47649/244406/523304/57651/541758/467944,jpeg
http://inaturalist-open-data.s3.amazonaws.com/photos/29156100/large.jpeg,Chorthippus maritimus maritimus,48460/1/47120/372739/47158/184884/47651/67688/700600/47650/47649/244406/523304/57651/541758/467944,jpeg
http://inaturalist-open-data.s3.amazonaws.com/photos/29166717/large.jpeg,Chorthippus maritimus maritimus,48460/1/47120/372739/47158/184884/47651/67688/700600/47650/47649/244406/523304/57651/541758/467944,jpeg
http://inaturalist-open-data.s3.amazonaws.com/photos/29441968/large.jpeg,Chorthippus maritimus maritimus,48460/1/47120/372739/47158/184884/47651/67688/700600/47650/47649/244406/523304/57651/541758/467944,jpeg
http://inaturalist-open-data.s3.amazonaws.com/photos/29468863/large.jpg,Chorthippus maritimus maritimus,48460/1/47120/372739/47158/184884/47651/67688/700600/47650/47649/244406/523304/57651/541758/467944,jpg
http://inaturalist-open-data.s3.amazonaws.com/photos/29472795/large.jpg,Chorthippus maritimus maritimus,48460/1/47120/372739/47158/184884/47651/67688/700600/47650/47649/244406/523304/57651/541758/467944,jpg
http://inaturalist-open-data.s3.amazonaws.com/photos/30003372/large.jpeg,Chorthippus maritimus maritimus,48460/1/47120/372739/47158/184884/47651/67688/700600/47650/47649/244406/523304/57651/541758/467944,jpeg
http://inaturalist-open-data.s3.amazonaws.com/photos/30003456/large.jpeg,Chorthippus maritimus maritimus,48460/1/47120/372739/47158/184884/47651/67688/700600/47650/47649/244406/523304/57651/541758/467944,jpeg
http://inaturalist-open-data.s3.amazonaws.com/photos/30003493/large.jpeg,Chorthippus maritimus maritimus,48460/1/47120/372739/47158/184884/47651/67688/700600/47650/47649/244406/523304/57651/541758/467944,jpeg
http://inaturalist-open-data.s3.amazonaws.com/photos/30003527/large.jpeg,Chorthippus maritimus maritimus,48460/1/47120/372739/47158/184884/47651/67688/700600/47650/47649/244406/523304/57651/541758/467944,jpeg
http://inaturalist-open-data.s3.amazonaws.com/photos/30003575/large.jpeg,Chorthippus maritimus maritimus,48460/1/47120/372739/47158/184884/47651/67688/700600/47650/47649/244406/523304/57651/541758/467944,jpeg
http://inaturalist-open-data.s3.amazonaws.com/photos/30003603/large.jpeg,Chorthippus maritimus maritimus,48460/1/47120/372739/47158/184884/47651/67688/700600/47650/47649/244406/523304/57651/541758/467944,jpeg
http://inaturalist-open-data.s3.amazonaws.com/photos/30031483/large.jpeg,Chorthippus maritimus maritimus,48460/1/47120/372739/47158/184884/47651/67688/700600/47650/47649/244406/523304/57651/541758/467944,jpeg
http://inaturalist-open-data.s3.amazonaws.com/photos/30031419/large.jpeg,Chorthippus maritimus maritimus,48460/1/47120/372739/47158/184884/47651/67688/700600/47650/47649/244406/523304/57651/541758/467944,jpeg
http://inaturalist-open-data.s3.amazonaws.com/photos/30031485/large.jpeg,Chorthippus maritimus maritimus,48460/1/47120/372739/47158/184884/47651/67688/700600/47650/47649/244406/523304/57651/541758/467944,jpeg
http://inaturalist-open-data.s3.amazonaws.com/photos/30031515/large.jpeg,Chorthippus maritimus maritimus,48460/1/47120/372739/47158/184884/47651/67688/700600/47650/47649/244406/523304/57651/541758/467944,jpeg
http://inaturalist-open-data.s3.amazonaws.com/photos/39352713/large.jpeg,Chorthippus maritimus maritimus,48460/1/47120/372739/47158/184884/47651/67688/700600/47650/47649/244406/523304/57651/541758/467944,jpeg
http://inaturalist-open-data.s3.amazonaws.com/photos/39605183/large.jpeg,Chorthippus maritimus maritimus,48460/1/47120/372739/47158/184884/47651/67688/700600/47650/47649/244406/523304/57651/541758/467944,jpeg
http://inaturalist-open-data.s3.amazonaws.com/photos/39815617/large.jpg,Chorthippus maritimus maritimus,48460/1/47120/372739/47158/184884/47651/67688/700600/47650/47649/244406/523304/57651/541758/467944,jpg
http://inaturalist-open-data.s3.amazonaws.com/photos/42027169/large.jpg,Chorthippus maritimus maritimus,48460/1/47120/372739/47158/184884/47651/67688/700600/47650/47649/244406/523304/57651/541758/467944,jpg
http://inaturalist-open-data.s3.amazonaws.com/photos/42027533/large.jpg,Chorthippus maritimus maritimus,48460/1/47120/372739/47158/184884/47651/67688/700600/47650/47649/244406/523304/57651/541758/467944,jpg
http://inaturalist-open-data.s3.amazonaws.com/photos/42027737/large.jpg,Chorthippus maritimus maritimus,48460/1/47120/372739/47158/184884/47651/67688/700600/47650/47649/244406/523304/57651/541758/467944,jpg
http://inaturalist-open-data.s3.amazonaws.com/photos/42027766/large.jpg,Chorthippus maritimus maritimus,48460/1/47120/372739/47158/184884/47651/67688/700600/47650/47649/244406/523304/57651/541758/467944,jpg
http://inaturalist-open-data.s3.amazonaws.com/photos/42505735/large.jpeg,Chorthippus maritimus maritimus,48460/1/47120/372739/47158/184884/47651/67688/700600/47650/47649/244406/523304/57651/541758/467944,jpeg
http://inaturalist-open-data.s3.amazonaws.com/photos/44188089/large.jpeg,Chorthippus maritimus maritimus,48460/1/47120/372739/47158/184884/47651/67688/700600/47650/47649/244406/523304/57651/541758/467944,jpeg
http://inaturalist-open-data.s3.amazonaws.com/photos/44234204/large.jpeg,Chorthippus maritimus maritimus,48460/1/47120/372739/47158/184884/47651/67688/700600/47650/47649/244406/523304/57651/541758/467944,jpeg
http://inaturalist-open-data.s3.amazonaws.com/photos/44233186/large.jpeg,Chorthippus maritimus maritimus,48460/1/47120/372739/47158/184884/47651/67688/700600/47650/47649/244406/523304/57651/541758/467944,jpeg
http://inaturalist-open-data.s3.amazonaws.com/photos/44233410/large.jpeg,Chorthippus maritimus maritimus,48460/1/47120/372739/47158/184884/47651/67688/700600/47650/47649/244406/523304/57651/541758/467944,jpeg
http://inaturalist-open-data.s3.amazonaws.com/photos/45514172/large.jpeg,Chorthippus maritimus maritimus,48460/1/47120/372739/47158/184884/47651/67688/700600/47650/47649/244406/523304/57651/541758/467944,jpeg
http://inaturalist-open-data.s3.amazonaws.com/photos/47121215/large.jpg,Chorthippus maritimus maritimus,48460/1/47120/372739/47158/184884/47651/67688/700600/47650/47649/244406/523304/57651/541758/467944,jpg
http://inaturalist-open-data.s3.amazonaws.com/photos/48854184/large.jpeg,Chorthippus maritimus maritimus,48460/1/47120/372739/47158/184884/47651/67688/700600/47650/47649/244406/523304/57651/541758/467944,jpeg
http://inaturalist-open-data.s3.amazonaws.com/photos/49390795/large.jpg,Chorthippus maritimus maritimus,48460/1/47120/372739/47158/184884/47651/67688/700600/47650/47649/244406/523304/57651/541758/467944,jpg
http://inaturalist-open-data.s3.amazonaws.com/photos/49627120/large.jpeg,Chorthippus maritimus maritimus,48460/1/47120/372739/47158/184884/47651/67688/700600/47650/47649/244406/523304/57651/541758/467944,jpeg
http://inaturalist-open-data.s3.amazonaws.com/photos/50729723/large.jpg,Chorthippus maritimus maritimus,48460/1/47120/372739/47158/184884/47651/67688/700600/47650/47649/244406/523304/57651/541758/467944,jpg
http://inaturalist-open-data.s3.amazonaws.com/photos/50729729/large.jpg,Chorthippus maritimus maritimus,48460/1/47120/372739/47158/184884/47651/67688/700600/47650/47649/244406/523304/57651/541758/467944,jpg
http://inaturalist-open-data.s3.amazonaws.com/photos/50921242/large.jpeg,Chorthippus maritimus maritimus,48460/1/47120/372739/47158/184884/47651/67688/700600/47650/47649/244406/523304/57651/541758/467944,jpeg
http://inaturalist-open-data.s3.amazonaws.com/photos/50921225/large.jpeg,Chorthippus maritimus maritimus,48460/1/47120/372739/47158/184884/47651/67688/700600/47650/47649/244406/523304/57651/541758/467944,jpeg
http://inaturalist-open-data.s3.amazonaws.com/photos/52648657/large.jpeg,Chorthippus maritimus maritimus,48460/1/47120/372739/47158/184884/47651/67688/700600/47650/47649/244406/523304/57651/541758/467944,jpeg
http://inaturalist-open-data.s3.amazonaws.com/photos/52648662/large.jpeg,Chorthippus maritimus maritimus,48460/1/47120/372739/47158/184884/47651/67688/700600/47650/47649/244406/523304/57651/541758/467944,jpeg
http://inaturalist-open-data.s3.amazonaws.com/photos/52648667/large.jpeg,Chorthippus maritimus maritimus,48460/1/47120/372739/47158/184884/47651/67688/700600/47650/47649/244406/523304/57651/541758/467944,jpeg
http://inaturalist-open-data.s3.amazonaws.com/photos/52648672/large.jpeg,Chorthippus maritimus maritimus,48460/1/47120/372739/47158/184884/47651/67688/700600/47650/47649/244406/523304/57651/541758/467944,jpeg
http://inaturalist-open-data.s3.amazonaws.com/photos/53572684/large.jpeg,Chorthippus maritimus maritimus,48460/1/47120/372739/47158/184884/47651/67688/700600/47650/47649/244406/523304/57651/541758/467944,jpeg
http://inaturalist-open-data.s3.amazonaws.com/photos/53711924/large.jpg,Chorthippus maritimus maritimus,48460/1/47120/372739/47158/184884/47651/67688/700600/47650/47649/244406/523304/57651/541758/467944,jpg
http://inaturalist-open-data.s3.amazonaws.com/photos/54383642/large.jpeg,Chorthippus maritimus maritimus,48460/1/47120/372739/47158/184884/47651/67688/700600/47650/47649/244406/523304/57651/541758/467944,jpeg
http://inaturalist-open-data.s3.amazonaws.com/photos/54384362/large.jpeg,Chorthippus maritimus maritimus,48460/1/47120/372739/47158/184884/47651/67688/700600/47650/47649/244406/523304/57651/541758/467944,jpeg
http://inaturalist-open-data.s3.amazonaws.com/photos/54448596/large.jpeg,Chorthippus maritimus maritimus,48460/1/47120/372739/47158/184884/47651/67688/700600/47650/47649/244406/523304/57651/541758/467944,jpeg
http://inaturalist-open-data.s3.amazonaws.com/photos/54945625/large.jpeg,Chorthippus maritimus maritimus,48460/1/47120/372739/47158/184884/47651/67688/700600/47650/47649/244406/523304/57651/541758/467944,jpeg
http://inaturalist-open-data.s3.amazonaws.com/photos/54946169/large.jpeg,Chorthippus maritimus maritimus,48460/1/47120/372739/47158/184884/47651/67688/700600/47650/47649/244406/523304/57651/541758/467944,jpeg
http://inaturalist-open-data.s3.amazonaws.com/photos/55332595/large.jpeg,Chorthippus maritimus maritimus,48460/1/47120/372739/47158/184884/47651/67688/700600/47650/47649/244406/523304/57651/541758/467944,jpeg
http://inaturalist-open-data.s3.amazonaws.com/photos/55334257/large.jpeg,Chorthippus maritimus maritimus,48460/1/47120/372739/47158/184884/47651/67688/700600/47650/47649/244406/523304/57651/541758/467944,jpeg
http://inaturalist-open-data.s3.amazonaws.com/photos/55334263/large.jpeg,Chorthippus maritimus maritimus,48460/1/47120/372739/47158/184884/47651/67688/700600/47650/47649/244406/523304/57651/541758/467944,jpeg
http://inaturalist-open-data.s3.amazonaws.com/photos/55334254/large.jpeg,Chorthippus maritimus maritimus,48460/1/47120/372739/47158/184884/47651/67688/700600/47650/47649/244406/523304/57651/541758/467944,jpeg
http://inaturalist-open-data.s3.amazonaws.com/photos/55957224/large.jpeg,Chorthippus maritimus maritimus,48460/1/47120/372739/47158/184884/47651/67688/700600/47650/47649/244406/523304/57651/541758/467944,jpeg
http://inaturalist-open-data.s3.amazonaws.com/photos/55957236/large.jpeg,Chorthippus maritimus maritimus,48460/1/47120/372739/47158/184884/47651/67688/700600/47650/47649/244406/523304/57651/541758/467944,jpeg
http://inaturalist-open-data.s3.amazonaws.com/photos/57276166/large.jpg,Chorthippus maritimus maritimus,48460/1/47120/372739/47158/184884/47651/67688/700600/47650/47649/244406/523304/57651/541758/467944,jpg
http://inaturalist-open-data.s3.amazonaws.com/photos/58278510/large.jpg,Chorthippus maritimus maritimus,48460/1/47120/372739/47158/184884/47651/67688/700600/47650/47649/244406/523304/57651/541758/467944,jpg
http://inaturalist-open-data.s3.amazonaws.com/photos/58318645/large.jpeg,Chorthippus maritimus maritimus,48460/1/47120/372739/47158/184884/47651/67688/700600/47650/47649/244406/523304/57651/541758/467944,jpeg
http://inaturalist-open-data.s3.amazonaws.com/photos/58318642/large.jpeg,Chorthippus maritimus maritimus,48460/1/47120/372739/47158/184884/47651/67688/700600/47650/47649/244406/523304/57651/541758/467944,jpeg
http://inaturalist-open-data.s3.amazonaws.com/photos/58318649/large.jpeg,Chorthippus maritimus maritimus,48460/1/47120/372739/47158/184884/47651/67688/700600/47650/47649/244406/523304/57651/541758/467944,jpeg
http://inaturalist-open-data.s3.amazonaws.com/photos/59381431/large.jpg,Chorthippus maritimus maritimus,48460/1/47120/372739/47158/184884/47651/67688/700600/47650/47649/244406/523304/57651/541758/467944,jpg
http://inaturalist-open-data.s3.amazonaws.com/photos/62655470/large.jpg,Chorthippus maritimus maritimus,48460/1/47120/372739/47158/184884/47651/67688/700600/47650/47649/244406/523304/57651/541758/467944,jpg
http://inaturalist-open-data.s3.amazonaws.com/photos/68240049/large.jpg,Chorthippus maritimus maritimus,48460/1/47120/372739/47158/184884/47651/67688/700600/47650/47649/244406/523304/57651/541758/467944,jpg
http://inaturalist-open-data.s3.amazonaws.com/photos/70901707/large.jpeg,Chorthippus maritimus maritimus,48460/1/47120/372739/47158/184884/47651/67688/700600/47650/47649/244406/523304/57651/541758/467944,jpeg
http://inaturalist-open-data.s3.amazonaws.com/photos/71138403/large.jpg,Chorthippus maritimus maritimus,48460/1/47120/372739/47158/184884/47651/67688/700600/47650/47649/244406/523304/57651/541758/467944,jpg
http://inaturalist-open-data.s3.amazonaws.com/photos/71138416/large.jpg,Chorthippus maritimus maritimus,48460/1/47120/372739/47158/184884/47651/67688/700600/47650/47649/244406/523304/57651/541758/467944,jpg
http://inaturalist-open-data.s3.amazonaws.com/photos/71272895/large.jpeg,Chorthippus maritimus maritimus,48460/1/47120/372739/47158/184884/47651/67688/700600/47650/47649/244406/523304/57651/541758/467944,jpeg
http://inaturalist-open-data.s3.amazonaws.com/photos/71272901/large.jpeg,Chorthippus maritimus maritimus,48460/1/47120/372739/47158/184884/47651/67688/700600/47650/47649/244406/523304/57651/541758/467944,jpeg
http://inaturalist-open-data.s3.amazonaws.com/photos/72120854/large.jpg,Chorthippus maritimus maritimus,48460/1/47120/372739/47158/184884/47651/67688/700600/47650/47649/244406/523304/57651/541758/467944,jpg
http://inaturalist-open-data.s3.amazonaws.com/photos/73597531/large.jpeg,Chorthippus maritimus maritimus,48460/1/47120/372739/47158/184884/47651/67688/700600/47650/47649/244406/523304/57651/541758/467944,jpeg
http://inaturalist-open-data.s3.amazonaws.com/photos/73872398/large.jpeg,Chorthippus maritimus maritimus,48460/1/47120/372739/47158/184884/47651/67688/700600/47650/47649/244406/523304/57651/541758/467944,jpeg
http://inaturalist-open-data.s3.amazonaws.com/photos/75004369/large.jpg,Chorthippus maritimus maritimus,48460/1/47120/372739/47158/184884/47651/67688/700600/47650/47649/244406/523304/57651/541758/467944,jpg
http://inaturalist-open-data.s3.amazonaws.com/photos/75004399/large.jpg,Chorthippus maritimus maritimus,48460/1/47120/372739/47158/184884/47651/67688/700600/47650/47649/244406/523304/57651/541758/467944,jpg
http://inaturalist-open-data.s3.amazonaws.com/photos/75004435/large.jpg,Chorthippus maritimus maritimus,48460/1/47120/372739/47158/184884/47651/67688/700600/47650/47649/244406/523304/57651/541758/467944,jpg
http://inaturalist-open-data.s3.amazonaws.com/photos/75218753/large.jpeg,Chorthippus maritimus maritimus,48460/1/47120/372739/47158/184884/47651/67688/700600/47650/47649/244406/523304/57651/541758/467944,jpeg
http://inaturalist-open-data.s3.amazonaws.com/photos/77158603/large.jpeg,Chorthippus maritimus maritimus,48460/1/47120/372739/47158/184884/47651/67688/700600/47650/47649/244406/523304/57651/541758/467944,jpeg
http://inaturalist-open-data.s3.amazonaws.com/photos/77158617/large.jpeg,Chorthippus maritimus maritimus,48460/1/47120/372739/47158/184884/47651/67688/700600/47650/47649/244406/523304/57651/541758/467944,jpeg
http://inaturalist-open-data.s3.amazonaws.com/photos/77606977/large.jpeg,Chorthippus maritimus maritimus,48460/1/47120/372739/47158/184884/47651/67688/700600/47650/47649/244406/523304/57651/541758/467944,jpeg
http://inaturalist-open-data.s3.amazonaws.com/photos/77606989/large.jpeg,Chorthippus maritimus maritimus,48460/1/47120/372739/47158/184884/47651/67688/700600/47650/47649/244406/523304/57651/541758/467944,jpeg
http://inaturalist-open-data.s3.amazonaws.com/photos/77607027/large.jpeg,Chorthippus maritimus maritimus,48460/1/47120/372739/47158/184884/47651/67688/700600/47650/47649/244406/523304/57651/541758/467944,jpeg
http://inaturalist-open-data.s3.amazonaws.com/photos/77653904/large.jpeg,Chorthippus maritimus maritimus,48460/1/47120/372739/47158/184884/47651/67688/700600/47650/47649/244406/523304/57651/541758/467944,jpeg
http://inaturalist-open-data.s3.amazonaws.com/photos/77654457/large.jpeg,Chorthippus maritimus maritimus,48460/1/47120/372739/47158/184884/47651/67688/700600/47650/47649/244406/523304/57651/541758/467944,jpeg
http://inaturalist-open-data.s3.amazonaws.com/photos/77788837/large.jpeg,Chorthippus maritimus maritimus,48460/1/47120/372739/47158/184884/47651/67688/700600/47650/47649/244406/523304/57651/541758/467944,jpeg
http://inaturalist-open-data.s3.amazonaws.com/photos/77788846/large.jpeg,Chorthippus maritimus maritimus,48460/1/47120/372739/47158/184884/47651/67688/700600/47650/47649/244406/523304/57651/541758/467944,jpeg
http://inaturalist-open-data.s3.amazonaws.com/photos/77788850/large.jpeg,Chorthippus maritimus maritimus,48460/1/47120/372739/47158/184884/47651/67688/700600/47650/47649/244406/523304/57651/541758/467944,jpeg
http://inaturalist-open-data.s3.amazonaws.com/photos/77789062/large.jpeg,Chorthippus maritimus maritimus,48460/1/47120/372739/47158/184884/47651/67688/700600/47650/47649/244406/523304/57651/541758/467944,jpeg
http://inaturalist-open-data.s3.amazonaws.com/photos/77790541/large.jpeg,Chorthippus maritimus maritimus,48460/1/47120/372739/47158/184884/47651/67688/700600/47650/47649/244406/523304/57651/541758/467944,jpeg
http://inaturalist-open-data.s3.amazonaws.com/photos/77790538/large.jpeg,Chorthippus maritimus maritimus,48460/1/47120/372739/47158/184884/47651/67688/700600/47650/47649/244406/523304/57651/541758/467944,jpeg
http://inaturalist-open-data.s3.amazonaws.com/photos/77797186/large.jpeg,Chorthippus maritimus maritimus,48460/1/47120/372739/47158/184884/47651/67688/700600/47650/47649/244406/523304/57651/541758/467944,jpeg
http://inaturalist-open-data.s3.amazonaws.com/photos/85647364/large.jpeg,Chorthippus maritimus maritimus,48460/1/47120/372739/47158/184884/47651/67688/700600/47650/47649/244406/523304/57651/541758/467944,jpeg
http://inaturalist-open-data.s3.amazonaws.com/photos/90767044/large.jpeg,Chorthippus maritimus maritimus,48460/1/47120/372739/47158/184884/47651/67688/700600/47650/47649/244406/523304/57651/541758/467944,jpeg
http://inaturalist-open-data.s3.amazonaws.com/photos/90767012/large.jpeg,Chorthippus maritimus maritimus,48460/1/47120/372739/47158/184884/47651/67688/700600/47650/47649/244406/523304/57651/541758/467944,jpeg
http://inaturalist-open-data.s3.amazonaws.com/photos/97587109/large.jpeg,Chorthippus maritimus maritimus,48460/1/47120/372739/47158/184884/47651/67688/700600/47650/47649/244406/523304/57651/541758/467944,jpeg
http://inaturalist-open-data.s3.amazonaws.com/photos/97871445/large.jpeg,Chorthippus maritimus maritimus,48460/1/47120/372739/47158/184884/47651/67688/700600/47650/47649/244406/523304/57651/541758/467944,jpeg
http://inaturalist-open-data.s3.amazonaws.com/photos/99044579/large.jpg,Chorthippus maritimus maritimus,48460/1/47120/372739/47158/184884/47651/67688/700600/47650/47649/244406/523304/57651/541758/467944,jpg
http://inaturalist-open-data.s3.amazonaws.com/photos/99044649/large.jpg,Chorthippus maritimus maritimus,48460/1/47120/372739/47158/184884/47651/67688/700600/47650/47649/244406/523304/57651/541758/467944,jpg
http://inaturalist-open-data.s3.amazonaws.com/photos/99044589/large.jpg,Chorthippus maritimus maritimus,48460/1/47120/372739/47158/184884/47651/67688/700600/47650/47649/244406/523304/57651/541758/467944,jpg
http://inaturalist-open-data.s3.amazonaws.com/photos/99044677/large.jpg,Chorthippus maritimus maritimus,48460/1/47120/372739/47158/184884/47651/67688/700600/47650/47649/244406/523304/57651/541758/467944,jpg
http://inaturalist-open-data.s3.amazonaws.com/photos/99044657/large.jpg,Chorthippus maritimus maritimus,48460/1/47120/372739/47158/184884/47651/67688/700600/47650/47649/244406/523304/57651/541758/467944,jpg
http://inaturalist-open-data.s3.amazonaws.com/photos/100818143/large.jpeg,Chorthippus maritimus maritimus,48460/1/47120/372739/47158/184884/47651/67688/700600/47650/47649/244406/523304/57651/541758/467944,jpeg
http://inaturalist-open-data.s3.amazonaws.com/photos/100873944/large.jpeg,Chorthippus maritimus maritimus,48460/1/47120/372739/47158/184884/47651/67688/700600/47650/47649/244406/523304/57651/541758/467944,jpeg
http://inaturalist-open-data.s3.amazonaws.com/photos/101192094/large.jpeg,Chorthippus maritimus maritimus,48460/1/47120/372739/47158/184884/47651/67688/700600/47650/47649/244406/523304/57651/541758/467944,jpeg
http://inaturalist-open-data.s3.amazonaws.com/photos/101192422/large.jpeg,Chorthippus maritimus maritimus,48460/1/47120/372739/47158/184884/47651/67688/700600/47650/47649/244406/523304/57651/541758/467944,jpeg
http://inaturalist-open-data.s3.amazonaws.com/photos/101294816/large.jpeg,Chorthippus maritimus maritimus,48460/1/47120/372739/47158/184884/47651/67688/700600/47650/47649/244406/523304/57651/541758/467944,jpeg
http://inaturalist-open-data.s3.amazonaws.com/photos/104284900/large.jpg,Chorthippus maritimus maritimus,48460/1/47120/372739/47158/184884/47651/67688/700600/47650/47649/244406/523304/57651/541758/467944,jpg
http://inaturalist-open-data.s3.amazonaws.com/photos/104284872/large.jpg,Chorthippus maritimus maritimus,48460/1/47120/372739/47158/184884/47651/67688/700600/47650/47649/244406/523304/57651/541758/467944,jpg
http://inaturalist-open-data.s3.amazonaws.com/photos/104284882/large.jpg,Chorthippus maritimus maritimus,48460/1/47120/372739/47158/184884/47651/67688/700600/47650/47649/244406/523304/57651/541758/467944,jpg
http://inaturalist-open-data.s3.amazonaws.com/photos/105246012/large.jpg,Chorthippus maritimus maritimus,48460/1/47120/372739/47158/184884/47651/67688/700600/47650/47649/244406/523304/57651/541758/467944,jpg
http://inaturalist-open-data.s3.amazonaws.com/photos/105978019/large.jpeg,Chorthippus maritimus maritimus,48460/1/47120/372739/47158/184884/47651/67688/700600/47650/47649/244406/523304/57651/541758/467944,jpeg
http://inaturalist-open-data.s3.amazonaws.com/photos/105978033/large.jpeg,Chorthippus maritimus maritimus,48460/1/47120/372739/47158/184884/47651/67688/700600/47650/47649/244406/523304/57651/541758/467944,jpeg
http://inaturalist-open-data.s3.amazonaws.com/photos/105978053/large.jpeg,Chorthippus maritimus maritimus,48460/1/47120/372739/47158/184884/47651/67688/700600/47650/47649/244406/523304/57651/541758/467944,jpeg
http://inaturalist-open-data.s3.amazonaws.com/photos/105978043/large.jpeg,Chorthippus maritimus maritimus,48460/1/47120/372739/47158/184884/47651/67688/700600/47650/47649/244406/523304/57651/541758/467944,jpeg
http://inaturalist-open-data.s3.amazonaws.com/photos/110500676/large.jpeg,Chorthippus maritimus maritimus,48460/1/47120/372739/47158/184884/47651/67688/700600/47650/47649/244406/523304/57651/541758/467944,jpeg
http://inaturalist-open-data.s3.amazonaws.com/photos/110500679/large.jpeg,Chorthippus maritimus maritimus,48460/1/47120/372739/47158/184884/47651/67688/700600/47650/47649/244406/523304/57651/541758/467944,jpeg
http://inaturalist-open-data.s3.amazonaws.com/photos/110500811/large.jpeg,Chorthippus maritimus maritimus,48460/1/47120/372739/47158/184884/47651/67688/700600/47650/47649/244406/523304/57651/541758/467944,jpeg
http://inaturalist-open-data.s3.amazonaws.com/photos/110500801/large.jpeg,Chorthippus maritimus maritimus,48460/1/47120/372739/47158/184884/47651/67688/700600/47650/47649/244406/523304/57651/541758/467944,jpeg
http://inaturalist-open-data.s3.amazonaws.com/photos/110500805/large.jpeg,Chorthippus maritimus maritimus,48460/1/47120/372739/47158/184884/47651/67688/700600/47650/47649/244406/523304/57651/541758/467944,jpeg
http://inaturalist-open-data.s3.amazonaws.com/photos/111436604/large.jpg,Chorthippus maritimus maritimus,48460/1/47120/372739/47158/184884/47651/67688/700600/47650/47649/244406/523304/57651/541758/467944,jpg
http://inaturalist-open-data.s3.amazonaws.com/photos/117629976/large.jpeg,Chorthippus maritimus maritimus,48460/1/47120/372739/47158/184884/47651/67688/700600/47650/47649/244406/523304/57651/541758/467944,jpeg
http://inaturalist-open-data.s3.amazonaws.com/photos/117629990/large.jpeg,Chorthippus maritimus maritimus,48460/1/47120/372739/47158/184884/47651/67688/700600/47650/47649/244406/523304/57651/541758/467944,jpeg
http://inaturalist-open-data.s3.amazonaws.com/photos/122675545/large.jpeg,Chorthippus maritimus maritimus,48460/1/47120/372739/47158/184884/47651/67688/700600/47650/47649/244406/523304/57651/541758/467944,jpeg
http://inaturalist-open-data.s3.amazonaws.com/photos/122675554/large.jpeg,Chorthippus maritimus maritimus,48460/1/47120/372739/47158/184884/47651/67688/700600/47650/47649/244406/523304/57651/541758/467944,jpeg
http://inaturalist-open-data.s3.amazonaws.com/photos/122675566/large.jpeg,Chorthippus maritimus maritimus,48460/1/47120/372739/47158/184884/47651/67688/700600/47650/47649/244406/523304/57651/541758/467944,jpeg
http://inaturalist-open-data.s3.amazonaws.com/photos/126546717/large.jpeg,Chorthippus maritimus maritimus,48460/1/47120/372739/47158/184884/47651/67688/700600/47650/47649/244406/523304/57651/541758/467944,jpeg
http://inaturalist-open-data.s3.amazonaws.com/photos/127153028/large.jpg,Chorthippus maritimus maritimus,48460/1/47120/372739/47158/184884/47651/67688/700600/47650/47649/244406/523304/57651/541758/467944,jpg
http://inaturalist-open-data.s3.amazonaws.com/photos/128294497/large.jpeg,Chorthippus maritimus maritimus,48460/1/47120/372739/47158/184884/47651/67688/700600/47650/47649/244406/523304/57651/541758/467944,jpeg
http://inaturalist-open-data.s3.amazonaws.com/photos/128603928/large.jpg,Chorthippus maritimus maritimus,48460/1/47120/372739/47158/184884/47651/67688/700600/47650/47649/244406/523304/57651/541758/467944,jpg
http://inaturalist-open-data.s3.amazonaws.com/photos/128603949/large.jpg,Chorthippus maritimus maritimus,48460/1/47120/372739/47158/184884/47651/67688/700600/47650/47649/244406/523304/57651/541758/467944,jpg
http://inaturalist-open-data.s3.amazonaws.com/photos/131868793/large.jpeg,Chorthippus maritimus maritimus,48460/1/47120/372739/47158/184884/47651/67688/700600/47650/47649/244406/523304/57651/541758/467944,jpeg
http://inaturalist-open-data.s3.amazonaws.com/photos/131868799/large.jpeg,Chorthippus maritimus maritimus,48460/1/47120/372739/47158/184884/47651/67688/700600/47650/47649/244406/523304/57651/541758/467944,jpeg
http://inaturalist-open-data.s3.amazonaws.com/photos/133191782/large.jpeg,Chorthippus maritimus maritimus,48460/1/47120/372739/47158/184884/47651/67688/700600/47650/47649/244406/523304/57651/541758/467944,jpeg
http://inaturalist-open-data.s3.amazonaws.com/photos/133191832/large.jpeg,Chorthippus maritimus maritimus,48460/1/47120/372739/47158/184884/47651/67688/700600/47650/47649/244406/523304/57651/541758/467944,jpeg
http://inaturalist-open-data.s3.amazonaws.com/photos/133781755/large.jpeg,Chorthippus maritimus maritimus,48460/1/47120/372739/47158/184884/47651/67688/700600/47650/47649/244406/523304/57651/541758/467944,jpeg
http://inaturalist-open-data.s3.amazonaws.com/photos/133782277/large.jpeg,Chorthippus maritimus maritimus,48460/1/47120/372739/47158/184884/47651/67688/700600/47650/47649/244406/523304/57651/541758/467944,jpeg
http://inaturalist-open-data.s3.amazonaws.com/photos/133783489/large.jpeg,Chorthippus maritimus maritimus,48460/1/47120/372739/47158/184884/47651/67688/700600/47650/47649/244406/523304/57651/541758/467944,jpeg
http://inaturalist-open-data.s3.amazonaws.com/photos/133785859/large.jpeg,Chorthippus maritimus maritimus,48460/1/47120/372739/47158/184884/47651/67688/700600/47650/47649/244406/523304/57651/541758/467944,jpeg
http://inaturalist-open-data.s3.amazonaws.com/photos/133976107/large.jpeg,Chorthippus maritimus maritimus,48460/1/47120/372739/47158/184884/47651/67688/700600/47650/47649/244406/523304/57651/541758/467944,jpeg
http://inaturalist-open-data.s3.amazonaws.com/photos/135466260/large.jpeg,Chorthippus maritimus maritimus,48460/1/47120/372739/47158/184884/47651/67688/700600/47650/47649/244406/523304/57651/541758/467944,jpeg
http://inaturalist-open-data.s3.amazonaws.com/photos/135556420/large.jpeg,Chorthippus maritimus maritimus,48460/1/47120/372739/47158/184884/47651/67688/700600/47650/47649/244406/523304/57651/541758/467944,jpeg
http://inaturalist-open-data.s3.amazonaws.com/photos/135556431/large.jpeg,Chorthippus maritimus maritimus,48460/1/47120/372739/47158/184884/47651/67688/700600/47650/47649/244406/523304/57651/541758/467944,jpeg
http://inaturalist-open-data.s3.amazonaws.com/photos/135563547/large.jpeg,Chorthippus maritimus maritimus,48460/1/47120/372739/47158/184884/47651/67688/700600/47650/47649/244406/523304/57651/541758/467944,jpeg
http://inaturalist-open-data.s3.amazonaws.com/photos/135570566/large.jpg,Chorthippus maritimus maritimus,48460/1/47120/372739/47158/184884/47651/67688/700600/47650/47649/244406/523304/57651/541758/467944,jpg
http://inaturalist-open-data.s3.amazonaws.com/photos/135732909/large.jpeg,Chorthippus maritimus maritimus,48460/1/47120/372739/47158/184884/47651/67688/700600/47650/47649/244406/523304/57651/541758/467944,jpeg
http://inaturalist-open-data.s3.amazonaws.com/photos/135732999/large.jpeg,Chorthippus maritimus maritimus,48460/1/47120/372739/47158/184884/47651/67688/700600/47650/47649/244406/523304/57651/541758/467944,jpeg
http://inaturalist-open-data.s3.amazonaws.com/photos/135732822/large.jpeg,Chorthippus maritimus maritimus,48460/1/47120/372739/47158/184884/47651/67688/700600/47650/47649/244406/523304/57651/541758/467944,jpeg
http://inaturalist-open-data.s3.amazonaws.com/photos/135688221/large.jpeg,Chorthippus maritimus maritimus,48460/1/47120/372739/47158/184884/47651/67688/700600/47650/47649/244406/523304/57651/541758/467944,jpeg
http://inaturalist-open-data.s3.amazonaws.com/photos/135688297/large.jpeg,Chorthippus maritimus maritimus,48460/1/47120/372739/47158/184884/47651/67688/700600/47650/47649/244406/523304/57651/541758/467944,jpeg
http://inaturalist-open-data.s3.amazonaws.com/photos/135688710/large.jpeg,Chorthippus maritimus maritimus,48460/1/47120/372739/47158/184884/47651/67688/700600/47650/47649/244406/523304/57651/541758/467944,jpeg
http://inaturalist-open-data.s3.amazonaws.com/photos/135688712/large.jpeg,Chorthippus maritimus maritimus,48460/1/47120/372739/47158/184884/47651/67688/700600/47650/47649/244406/523304/57651/541758/467944,jpeg
http://inaturalist-open-data.s3.amazonaws.com/photos/135710613/large.jpg,Chorthippus maritimus maritimus,48460/1/47120/372739/47158/184884/47651/67688/700600/47650/47649/244406/523304/57651/541758/467944,jpg
http://inaturalist-open-data.s3.amazonaws.com/photos/135712610/large.jpg,Chorthippus maritimus maritimus,48460/1/47120/372739/47158/184884/47651/67688/700600/47650/47649/244406/523304/57651/541758/467944,jpg
http://inaturalist-open-data.s3.amazonaws.com/photos/136364879/large.jpeg,Chorthippus maritimus maritimus,48460/1/47120/372739/47158/184884/47651/67688/700600/47650/47649/244406/523304/57651/541758/467944,jpeg
http://inaturalist-open-data.s3.amazonaws.com/photos/136576166/large.jpg,Chorthippus maritimus maritimus,48460/1/47120/372739/47158/184884/47651/67688/700600/47650/47649/244406/523304/57651/541758/467944,jpg
http://inaturalist-open-data.s3.amazonaws.com/photos/137022287/large.jpeg,Chorthippus maritimus maritimus,48460/1/47120/372739/47158/184884/47651/67688/700600/47650/47649/244406/523304/57651/541758/467944,jpeg
http://inaturalist-open-data.s3.amazonaws.com/photos/137022323/large.jpeg,Chorthippus maritimus maritimus,48460/1/47120/372739/47158/184884/47651/67688/700600/47650/47649/244406/523304/57651/541758/467944,jpeg
http://inaturalist-open-data.s3.amazonaws.com/photos/142666048/large.jpeg,Chorthippus maritimus maritimus,48460/1/47120/372739/47158/184884/47651/67688/700600/47650/47649/244406/523304/57651/541758/467944,jpeg
http://inaturalist-open-data.s3.amazonaws.com/photos/142666082/large.jpeg,Chorthippus maritimus maritimus,48460/1/47120/372739/47158/184884/47651/67688/700600/47650/47649/244406/523304/57651/541758/467944,jpeg
http://inaturalist-open-data.s3.amazonaws.com/photos/146017021/large.jpeg,Chorthippus maritimus maritimus,48460/1/47120/372739/47158/184884/47651/67688/700600/47650/47649/244406/523304/57651/541758/467944,jpeg
http://inaturalist-open-data.s3.amazonaws.com/photos/147199913/large.jpeg,Chorthippus maritimus maritimus,48460/1/47120/372739/47158/184884/47651/67688/700600/47650/47649/244406/523304/57651/541758/467944,jpeg
http://inaturalist-open-data.s3.amazonaws.com/photos/153452181/large.jpeg,Chorthippus maritimus maritimus,48460/1/47120/372739/47158/184884/47651/67688/700600/47650/47649/244406/523304/57651/541758/467944,jpeg
http://inaturalist-open-data.s3.amazonaws.com/photos/153452193/large.jpeg,Chorthippus maritimus maritimus,48460/1/47120/372739/47158/184884/47651/67688/700600/47650/47649/244406/523304/57651/541758/467944,jpeg
http://inaturalist-open-data.s3.amazonaws.com/photos/153881714/large.jpeg,Chorthippus maritimus maritimus,48460/1/47120/372739/47158/184884/47651/67688/700600/47650/47649/244406/523304/57651/541758/467944,jpeg
http://inaturalist-open-data.s3.amazonaws.com/photos/153881725/large.jpeg,Chorthippus maritimus maritimus,48460/1/47120/372739/47158/184884/47651/67688/700600/47650/47649/244406/523304/57651/541758/467944,jpeg
http://inaturalist-open-data.s3.amazonaws.com/photos/155177917/large.jpeg,Chorthippus maritimus maritimus,48460/1/47120/372739/47158/184884/47651/67688/700600/47650/47649/244406/523304/57651/541758/467944,jpeg
http://inaturalist-open-data.s3.amazonaws.com/photos/156855204/large.jpg,Chorthippus maritimus maritimus,48460/1/47120/372739/47158/184884/47651/67688/700600/47650/47649/244406/523304/57651/541758/467944,jpg
http://inaturalist-open-data.s3.amazonaws.com/photos/157034553/large.jpg,Chorthippus maritimus maritimus,48460/1/47120/372739/47158/184884/47651/67688/700600/47650/47649/244406/523304/57651/541758/467944,jpg
http://inaturalist-open-data.s3.amazonaws.com/photos/158171210/large.jpeg,Chorthippus maritimus maritimus,48460/1/47120/372739/47158/184884/47651/67688/700600/47650/47649/244406/523304/57651/541758/467944,jpeg
http://inaturalist-open-data.s3.amazonaws.com/photos/158171353/large.jpeg,Chorthippus maritimus maritimus,48460/1/47120/372739/47158/184884/47651/67688/700600/47650/47649/244406/523304/57651/541758/467944,jpeg
http://inaturalist-open-data.s3.amazonaws.com/photos/158173024/large.jpeg,Chorthippus maritimus maritimus,48460/1/47120/372739/47158/184884/47651/67688/700600/47650/47649/244406/523304/57651/541758/467944,jpeg
http://inaturalist-open-data.s3.amazonaws.com/photos/158173075/large.jpeg,Chorthippus maritimus maritimus,48460/1/47120/372739/47158/184884/47651/67688/700600/47650/47649/244406/523304/57651/541758/467944,jpeg
http://inaturalist-open-data.s3.amazonaws.com/photos/158173099/large.jpeg,Chorthippus maritimus maritimus,48460/1/47120/372739/47158/184884/47651/67688/700600/47650/47649/244406/523304/57651/541758/467944,jpeg
http://inaturalist-open-data.s3.amazonaws.com/photos/158173589/large.jpeg,Chorthippus maritimus maritimus,48460/1/47120/372739/47158/184884/47651/67688/700600/47650/47649/244406/523304/57651/541758/467944,jpeg
http://inaturalist-open-data.s3.amazonaws.com/photos/158177377/large.jpeg,Chorthippus maritimus maritimus,48460/1/47120/372739/47158/184884/47651/67688/700600/47650/47649/244406/523304/57651/541758/467944,jpeg
http://inaturalist-open-data.s3.amazonaws.com/photos/158177593/large.jpeg,Chorthippus maritimus maritimus,48460/1/47120/372739/47158/184884/47651/67688/700600/47650/47649/244406/523304/57651/541758/467944,jpeg
http://inaturalist-open-data.s3.amazonaws.com/photos/158177774/large.jpeg,Chorthippus maritimus maritimus,48460/1/47120/372739/47158/184884/47651/67688/700600/47650/47649/244406/523304/57651/541758/467944,jpeg
http://inaturalist-open-data.s3.amazonaws.com/photos/158177786/large.jpeg,Chorthippus maritimus maritimus,48460/1/47120/372739/47158/184884/47651/67688/700600/47650/47649/244406/523304/57651/541758/467944,jpeg
http://inaturalist-open-data.s3.amazonaws.com/photos/158177906/large.jpeg,Chorthippus maritimus maritimus,48460/1/47120/372739/47158/184884/47651/67688/700600/47650/47649/244406/523304/57651/541758/467944,jpeg
http://inaturalist-open-data.s3.amazonaws.com/photos/158177964/large.jpeg,Chorthippus maritimus maritimus,48460/1/47120/372739/47158/184884/47651/67688/700600/47650/47649/244406/523304/57651/541758/467944,jpeg
http://inaturalist-open-data.s3.amazonaws.com/photos/158565323/large.jpeg,Chorthippus maritimus maritimus,48460/1/47120/372739/47158/184884/47651/67688/700600/47650/47649/244406/523304/57651/541758/467944,jpeg
http://inaturalist-open-data.s3.amazonaws.com/photos/158583695/large.jpg,Chorthippus maritimus maritimus,48460/1/47120/372739/47158/184884/47651/67688/700600/47650/47649/244406/523304/57651/541758/467944,jpg
http://inaturalist-open-data.s3.amazonaws.com/photos/159442211/large.jpg,Chorthippus maritimus maritimus,48460/1/47120/372739/47158/184884/47651/67688/700600/47650/47649/244406/523304/57651/541758/467944,jpg
http://inaturalist-open-data.s3.amazonaws.com/photos/159442163/large.jpg,Chorthippus maritimus maritimus,48460/1/47120/372739/47158/184884/47651/67688/700600/47650/47649/244406/523304/57651/541758/467944,jpg
http://inaturalist-open-data.s3.amazonaws.com/photos/159712757/large.jpg,Chorthippus maritimus maritimus,48460/1/47120/372739/47158/184884/47651/67688/700600/47650/47649/244406/523304/57651/541758/467944,jpg
http://inaturalist-open-data.s3.amazonaws.com/photos/160107745/large.jpg,Chorthippus maritimus maritimus,48460/1/47120/372739/47158/184884/47651/67688/700600/47650/47649/244406/523304/57651/541758/467944,jpg
http://inaturalist-open-data.s3.amazonaws.com/photos/160111429/large.jpg,Chorthippus maritimus maritimus,48460/1/47120/372739/47158/184884/47651/67688/700600/47650/47649/244406/523304/57651/541758/467944,jpg
http://inaturalist-open-data.s3.amazonaws.com/photos/160290972/large.jpeg,Chorthippus maritimus maritimus,48460/1/47120/372739/47158/184884/47651/67688/700600/47650/47649/244406/523304/57651/541758/467944,jpeg
http://inaturalist-open-data.s3.amazonaws.com/photos/160290344/large.jpeg,Chorthippus maritimus maritimus,48460/1/47120/372739/47158/184884/47651/67688/700600/47650/47649/244406/523304/57651/541758/467944,jpeg
http://inaturalist-open-data.s3.amazonaws.com/photos/160801440/large.jpg,Chorthippus maritimus maritimus,48460/1/47120/372739/47158/184884/47651/67688/700600/47650/47649/244406/523304/57651/541758/467944,jpg
http://inaturalist-open-data.s3.amazonaws.com/photos/161131378/large.jpeg,Chorthippus maritimus maritimus,48460/1/47120/372739/47158/184884/47651/67688/700600/47650/47649/244406/523304/57651/541758/467944,jpeg
http://inaturalist-open-data.s3.amazonaws.com/photos/161140351/large.jpeg,Chorthippus maritimus maritimus,48460/1/47120/372739/47158/184884/47651/67688/700600/47650/47649/244406/523304/57651/541758/467944,jpeg
http://inaturalist-open-data.s3.amazonaws.com/photos/161202625/large.jpeg,Chorthippus maritimus maritimus,48460/1/47120/372739/47158/184884/47651/67688/700600/47650/47649/244406/523304/57651/541758/467944,jpeg
http://inaturalist-open-data.s3.amazonaws.com/photos/161229174/large.jpeg,Chorthippus maritimus maritimus,48460/1/47120/372739/47158/184884/47651/67688/700600/47650/47649/244406/523304/57651/541758/467944,jpeg
http://inaturalist-open-data.s3.amazonaws.com/photos/162860903/large.jpeg,Chorthippus maritimus maritimus,48460/1/47120/372739/47158/184884/47651/67688/700600/47650/47649/244406/523304/57651/541758/467944,jpeg
http://inaturalist-open-data.s3.amazonaws.com/photos/162860914/large.jpeg,Chorthippus maritimus maritimus,48460/1/47120/372739/47158/184884/47651/67688/700600/47650/47649/244406/523304/57651/541758/467944,jpeg
http://inaturalist-open-data.s3.amazonaws.com/photos/163071681/large.jpg,Chorthippus maritimus maritimus,48460/1/47120/372739/47158/184884/47651/67688/700600/47650/47649/244406/523304/57651/541758/467944,jpg
http://inaturalist-open-data.s3.amazonaws.com/photos/163252211/large.jpeg,Chorthippus maritimus maritimus,48460/1/47120/372739/47158/184884/47651/67688/700600/47650/47649/244406/523304/57651/541758/467944,jpeg
http://inaturalist-open-data.s3.amazonaws.com/photos/163267509/large.jpeg,Chorthippus maritimus maritimus,48460/1/47120/372739/47158/184884/47651/67688/700600/47650/47649/244406/523304/57651/541758/467944,jpeg
http://inaturalist-open-data.s3.amazonaws.com/photos/165200169/large.jpg,Chorthippus maritimus maritimus,48460/1/47120/372739/47158/184884/47651/67688/700600/47650/47649/244406/523304/57651/541758/467944,jpg
http://inaturalist-open-data.s3.amazonaws.com/photos/165326038/large.jpg,Chorthippus maritimus maritimus,48460/1/47120/372739/47158/184884/47651/67688/700600/47650/47649/244406/523304/57651/541758/467944,jpg
http://inaturalist-open-data.s3.amazonaws.com/photos/166249840/large.jpeg,Chorthippus maritimus maritimus,48460/1/47120/372739/47158/184884/47651/67688/700600/47650/47649/244406/523304/57651/541758/467944,jpeg
http://inaturalist-open-data.s3.amazonaws.com/photos/166249849/large.jpeg,Chorthippus maritimus maritimus,48460/1/47120/372739/47158/184884/47651/67688/700600/47650/47649/244406/523304/57651/541758/467944,jpeg
http://inaturalist-open-data.s3.amazonaws.com/photos/166249855/large.jpeg,Chorthippus maritimus maritimus,48460/1/47120/372739/47158/184884/47651/67688/700600/47650/47649/244406/523304/57651/541758/467944,jpeg
http://inaturalist-open-data.s3.amazonaws.com/photos/166271805/large.jpg,Chorthippus maritimus maritimus,48460/1/47120/372739/47158/184884/47651/67688/700600/47650/47649/244406/523304/57651/541758/467944,jpg
http://inaturalist-open-data.s3.amazonaws.com/photos/166985319/large.jpeg,Chorthippus maritimus maritimus,48460/1/47120/372739/47158/184884/47651/67688/700600/47650/47649/244406/523304/57651/541758/467944,jpeg
http://inaturalist-open-data.s3.amazonaws.com/photos/167093151/large.jpeg,Chorthippus maritimus maritimus,48460/1/47120/372739/47158/184884/47651/67688/700600/47650/47649/244406/523304/57651/541758/467944,jpeg
http://inaturalist-open-data.s3.amazonaws.com/photos/167093155/large.jpeg,Chorthippus maritimus maritimus,48460/1/47120/372739/47158/184884/47651/67688/700600/47650/47649/244406/523304/57651/541758/467944,jpeg
http://inaturalist-open-data.s3.amazonaws.com/photos/167093159/large.jpeg,Chorthippus maritimus maritimus,48460/1/47120/372739/47158/184884/47651/67688/700600/47650/47649/244406/523304/57651/541758/467944,jpeg
http://inaturalist-open-data.s3.amazonaws.com/photos/168515398/large.jpeg,Chorthippus maritimus maritimus,48460/1/47120/372739/47158/184884/47651/67688/700600/47650/47649/244406/523304/57651/541758/467944,jpeg
http://inaturalist-open-data.s3.amazonaws.com/photos/168627525/large.jpeg,Chorthippus maritimus maritimus,48460/1/47120/372739/47158/184884/47651/67688/700600/47650/47649/244406/523304/57651/541758/467944,jpeg
http://inaturalist-open-data.s3.amazonaws.com/photos/168627510/large.jpeg,Chorthippus maritimus maritimus,48460/1/47120/372739/47158/184884/47651/67688/700600/47650/47649/244406/523304/57651/541758/467944,jpeg
http://inaturalist-open-data.s3.amazonaws.com/photos/168629697/large.jpg,Chorthippus maritimus maritimus,48460/1/47120/372739/47158/184884/47651/67688/700600/47650/47649/244406/523304/57651/541758/467944,jpg
http://inaturalist-open-data.s3.amazonaws.com/photos/168629707/large.jpg,Chorthippus maritimus maritimus,48460/1/47120/372739/47158/184884/47651/67688/700600/47650/47649/244406/523304/57651/541758/467944,jpg
http://inaturalist-open-data.s3.amazonaws.com/photos/168632382/large.jpeg,Chorthippus maritimus maritimus,48460/1/47120/372739/47158/184884/47651/67688/700600/47650/47649/244406/523304/57651/541758/467944,jpeg
http://inaturalist-open-data.s3.amazonaws.com/photos/168754113/large.jpg,Chorthippus maritimus maritimus,48460/1/47120/372739/47158/184884/47651/67688/700600/47650/47649/244406/523304/57651/541758/467944,jpg
http://inaturalist-open-data.s3.amazonaws.com/photos/168754194/large.jpg,Chorthippus maritimus maritimus,48460/1/47120/372739/47158/184884/47651/67688/700600/47650/47649/244406/523304/57651/541758/467944,jpg
http://inaturalist-open-data.s3.amazonaws.com/photos/168771441/large.jpg,Chorthippus maritimus maritimus,48460/1/47120/372739/47158/184884/47651/67688/700600/47650/47649/244406/523304/57651/541758/467944,jpg
http://inaturalist-open-data.s3.amazonaws.com/photos/168771457/large.jpg,Chorthippus maritimus maritimus,48460/1/47120/372739/47158/184884/47651/67688/700600/47650/47649/244406/523304/57651/541758/467944,jpg
http://inaturalist-open-data.s3.amazonaws.com/photos/168771466/large.jpg,Chorthippus maritimus maritimus,48460/1/47120/372739/47158/184884/47651/67688/700600/47650/47649/244406/523304/57651/541758/467944,jpg
http://inaturalist-open-data.s3.amazonaws.com/photos/168771642/large.jpg,Chorthippus maritimus maritimus,48460/1/47120/372739/47158/184884/47651/67688/700600/47650/47649/244406/523304/57651/541758/467944,jpg
http://inaturalist-open-data.s3.amazonaws.com/photos/170571511/large.jpeg,Chorthippus maritimus maritimus,48460/1/47120/372739/47158/184884/47651/67688/700600/47650/47649/244406/523304/57651/541758/467944,jpeg
http://inaturalist-open-data.s3.amazonaws.com/photos/170571523/large.jpeg,Chorthippus maritimus maritimus,48460/1/47120/372739/47158/184884/47651/67688/700600/47650/47649/244406/523304/57651/541758/467944,jpeg
http://inaturalist-open-data.s3.amazonaws.com/photos/170571560/large.jpg,Chorthippus maritimus maritimus,48460/1/47120/372739/47158/184884/47651/67688/700600/47650/47649/244406/523304/57651/541758/467944,jpg
http://inaturalist-open-data.s3.amazonaws.com/photos/170573343/large.jpeg,Chorthippus maritimus maritimus,48460/1/47120/372739/47158/184884/47651/67688/700600/47650/47649/244406/523304/57651/541758/467944,jpeg
http://inaturalist-open-data.s3.amazonaws.com/photos/170573382/large.jpeg,Chorthippus maritimus maritimus,48460/1/47120/372739/47158/184884/47651/67688/700600/47650/47649/244406/523304/57651/541758/467944,jpeg
http://inaturalist-open-data.s3.amazonaws.com/photos/170573378/large.jpeg,Chorthippus maritimus maritimus,48460/1/47120/372739/47158/184884/47651/67688/700600/47650/47649/244406/523304/57651/541758/467944,jpeg
http://inaturalist-open-data.s3.amazonaws.com/photos/170573432/large.jpeg,Chorthippus maritimus maritimus,48460/1/47120/372739/47158/184884/47651/67688/700600/47650/47649/244406/523304/57651/541758/467944,jpeg
http://inaturalist-open-data.s3.amazonaws.com/photos/170573429/large.jpeg,Chorthippus maritimus maritimus,48460/1/47120/372739/47158/184884/47651/67688/700600/47650/47649/244406/523304/57651/541758/467944,jpeg
http://inaturalist-open-data.s3.amazonaws.com/photos/170978192/large.jpeg,Chorthippus maritimus maritimus,48460/1/47120/372739/47158/184884/47651/67688/700600/47650/47649/244406/523304/57651/541758/467944,jpeg
http://inaturalist-open-data.s3.amazonaws.com/photos/170978792/large.jpeg,Chorthippus maritimus maritimus,48460/1/47120/372739/47158/184884/47651/67688/700600/47650/47649/244406/523304/57651/541758/467944,jpeg
http://inaturalist-open-data.s3.amazonaws.com/photos/170978776/large.jpeg,Chorthippus maritimus maritimus,48460/1/47120/372739/47158/184884/47651/67688/700600/47650/47649/244406/523304/57651/541758/467944,jpeg
http://inaturalist-open-data.s3.amazonaws.com/photos/173419444/large.jpeg,Chorthippus maritimus maritimus,48460/1/47120/372739/47158/184884/47651/67688/700600/47650/47649/244406/523304/57651/541758/467944,jpeg
http://inaturalist-open-data.s3.amazonaws.com/photos/174673663/large.jpg,Chorthippus maritimus maritimus,48460/1/47120/372739/47158/184884/47651/67688/700600/47650/47649/244406/523304/57651/541758/467944,jpg
