photo_url_large,taxon_name,ancestry,extension
http://inaturalist-open-data.s3.amazonaws.com/photos/1008107/large.jpg,Cicada barbara lusitanica,48460/1/47120/372739/47158/184884/47744/125816/372849/50190/50186/209685/605070/605071/205175/362756,jpg
http://inaturalist-open-data.s3.amazonaws.com/photos/1008106/large.jpg,Cicada barbara lusitanica,48460/1/47120/372739/47158/184884/47744/125816/372849/50190/50186/209685/605070/605071/205175/362756,jpg
http://inaturalist-open-data.s3.amazonaws.com/photos/1008108/large.jpg,Cicada barbara lusitanica,48460/1/47120/372739/47158/184884/47744/125816/372849/50190/50186/209685/605070/605071/205175/362756,jpg
http://inaturalist-open-data.s3.amazonaws.com/photos/1008109/large.jpg,Cicada barbara lusitanica,48460/1/47120/372739/47158/184884/47744/125816/372849/50190/50186/209685/605070/605071/205175/362756,jpg
http://inaturalist-open-data.s3.amazonaws.com/photos/1008110/large.jpg,Cicada barbara lusitanica,48460/1/47120/372739/47158/184884/47744/125816/372849/50190/50186/209685/605070/605071/205175/362756,jpg
http://inaturalist-open-data.s3.amazonaws.com/photos/2120766/large.JPG,Cicada barbara lusitanica,48460/1/47120/372739/47158/184884/47744/125816/372849/50190/50186/209685/605070/605071/205175/362756,JPG
http://inaturalist-open-data.s3.amazonaws.com/photos/2120767/large.JPG,Cicada barbara lusitanica,48460/1/47120/372739/47158/184884/47744/125816/372849/50190/50186/209685/605070/605071/205175/362756,JPG
http://inaturalist-open-data.s3.amazonaws.com/photos/2120768/large.JPG,Cicada barbara lusitanica,48460/1/47120/372739/47158/184884/47744/125816/372849/50190/50186/209685/605070/605071/205175/362756,JPG
http://inaturalist-open-data.s3.amazonaws.com/photos/4310578/large.jpg,Cicada barbara lusitanica,48460/1/47120/372739/47158/184884/47744/125816/372849/50190/50186/209685/605070/605071/205175/362756,jpg
http://inaturalist-open-data.s3.amazonaws.com/photos/11357339/large.jpg,Cicada barbara lusitanica,48460/1/47120/372739/47158/184884/47744/125816/372849/50190/50186/209685/605070/605071/205175/362756,jpg
http://inaturalist-open-data.s3.amazonaws.com/photos/40135864/large.jpg,Cicada barbara lusitanica,48460/1/47120/372739/47158/184884/47744/125816/372849/50190/50186/209685/605070/605071/205175/362756,jpg
http://inaturalist-open-data.s3.amazonaws.com/photos/40136220/large.jpg,Cicada barbara lusitanica,48460/1/47120/372739/47158/184884/47744/125816/372849/50190/50186/209685/605070/605071/205175/362756,jpg
http://inaturalist-open-data.s3.amazonaws.com/photos/45943497/large.jpg,Cicada barbara lusitanica,48460/1/47120/372739/47158/184884/47744/125816/372849/50190/50186/209685/605070/605071/205175/362756,jpg
http://inaturalist-open-data.s3.amazonaws.com/photos/45942193/large.jpg,Cicada barbara lusitanica,48460/1/47120/372739/47158/184884/47744/125816/372849/50190/50186/209685/605070/605071/205175/362756,jpg
http://inaturalist-open-data.s3.amazonaws.com/photos/47217414/large.jpeg,Cicada barbara lusitanica,48460/1/47120/372739/47158/184884/47744/125816/372849/50190/50186/209685/605070/605071/205175/362756,jpeg
http://inaturalist-open-data.s3.amazonaws.com/photos/48751176/large.jpg,Cicada barbara lusitanica,48460/1/47120/372739/47158/184884/47744/125816/372849/50190/50186/209685/605070/605071/205175/362756,jpg
http://inaturalist-open-data.s3.amazonaws.com/photos/56793862/large.jpeg,Cicada barbara lusitanica,48460/1/47120/372739/47158/184884/47744/125816/372849/50190/50186/209685/605070/605071/205175/362756,jpeg
http://inaturalist-open-data.s3.amazonaws.com/photos/57203527/large.jpeg,Cicada barbara lusitanica,48460/1/47120/372739/47158/184884/47744/125816/372849/50190/50186/209685/605070/605071/205175/362756,jpeg
http://inaturalist-open-data.s3.amazonaws.com/photos/80132614/large.jpeg,Cicada barbara lusitanica,48460/1/47120/372739/47158/184884/47744/125816/372849/50190/50186/209685/605070/605071/205175/362756,jpeg
http://inaturalist-open-data.s3.amazonaws.com/photos/80132644/large.jpeg,Cicada barbara lusitanica,48460/1/47120/372739/47158/184884/47744/125816/372849/50190/50186/209685/605070/605071/205175/362756,jpeg
http://inaturalist-open-data.s3.amazonaws.com/photos/80132671/large.jpeg,Cicada barbara lusitanica,48460/1/47120/372739/47158/184884/47744/125816/372849/50190/50186/209685/605070/605071/205175/362756,jpeg
http://inaturalist-open-data.s3.amazonaws.com/photos/80132695/large.jpeg,Cicada barbara lusitanica,48460/1/47120/372739/47158/184884/47744/125816/372849/50190/50186/209685/605070/605071/205175/362756,jpeg
http://inaturalist-open-data.s3.amazonaws.com/photos/80132728/large.jpeg,Cicada barbara lusitanica,48460/1/47120/372739/47158/184884/47744/125816/372849/50190/50186/209685/605070/605071/205175/362756,jpeg
http://inaturalist-open-data.s3.amazonaws.com/photos/80132750/large.jpeg,Cicada barbara lusitanica,48460/1/47120/372739/47158/184884/47744/125816/372849/50190/50186/209685/605070/605071/205175/362756,jpeg
http://inaturalist-open-data.s3.amazonaws.com/photos/80132792/large.jpeg,Cicada barbara lusitanica,48460/1/47120/372739/47158/184884/47744/125816/372849/50190/50186/209685/605070/605071/205175/362756,jpeg
http://inaturalist-open-data.s3.amazonaws.com/photos/80132824/large.jpeg,Cicada barbara lusitanica,48460/1/47120/372739/47158/184884/47744/125816/372849/50190/50186/209685/605070/605071/205175/362756,jpeg
http://inaturalist-open-data.s3.amazonaws.com/photos/80132846/large.jpeg,Cicada barbara lusitanica,48460/1/47120/372739/47158/184884/47744/125816/372849/50190/50186/209685/605070/605071/205175/362756,jpeg
http://inaturalist-open-data.s3.amazonaws.com/photos/80132872/large.jpeg,Cicada barbara lusitanica,48460/1/47120/372739/47158/184884/47744/125816/372849/50190/50186/209685/605070/605071/205175/362756,jpeg
http://inaturalist-open-data.s3.amazonaws.com/photos/82745752/large.jpg,Cicada barbara lusitanica,48460/1/47120/372739/47158/184884/47744/125816/372849/50190/50186/209685/605070/605071/205175/362756,jpg
http://inaturalist-open-data.s3.amazonaws.com/photos/82745771/large.jpeg,Cicada barbara lusitanica,48460/1/47120/372739/47158/184884/47744/125816/372849/50190/50186/209685/605070/605071/205175/362756,jpeg
http://inaturalist-open-data.s3.amazonaws.com/photos/83476645/large.jpg,Cicada barbara lusitanica,48460/1/47120/372739/47158/184884/47744/125816/372849/50190/50186/209685/605070/605071/205175/362756,jpg
http://inaturalist-open-data.s3.amazonaws.com/photos/84496274/large.jpeg,Cicada barbara lusitanica,48460/1/47120/372739/47158/184884/47744/125816/372849/50190/50186/209685/605070/605071/205175/362756,jpeg
http://inaturalist-open-data.s3.amazonaws.com/photos/84496283/large.jpeg,Cicada barbara lusitanica,48460/1/47120/372739/47158/184884/47744/125816/372849/50190/50186/209685/605070/605071/205175/362756,jpeg
http://inaturalist-open-data.s3.amazonaws.com/photos/84496293/large.jpeg,Cicada barbara lusitanica,48460/1/47120/372739/47158/184884/47744/125816/372849/50190/50186/209685/605070/605071/205175/362756,jpeg
http://inaturalist-open-data.s3.amazonaws.com/photos/84496305/large.jpeg,Cicada barbara lusitanica,48460/1/47120/372739/47158/184884/47744/125816/372849/50190/50186/209685/605070/605071/205175/362756,jpeg
http://inaturalist-open-data.s3.amazonaws.com/photos/84565600/large.jpg,Cicada barbara lusitanica,48460/1/47120/372739/47158/184884/47744/125816/372849/50190/50186/209685/605070/605071/205175/362756,jpg
http://inaturalist-open-data.s3.amazonaws.com/photos/84565677/large.jpeg,Cicada barbara lusitanica,48460/1/47120/372739/47158/184884/47744/125816/372849/50190/50186/209685/605070/605071/205175/362756,jpeg
http://inaturalist-open-data.s3.amazonaws.com/photos/85008353/large.jpg,Cicada barbara lusitanica,48460/1/47120/372739/47158/184884/47744/125816/372849/50190/50186/209685/605070/605071/205175/362756,jpg
http://inaturalist-open-data.s3.amazonaws.com/photos/85008241/large.jpg,Cicada barbara lusitanica,48460/1/47120/372739/47158/184884/47744/125816/372849/50190/50186/209685/605070/605071/205175/362756,jpg
http://inaturalist-open-data.s3.amazonaws.com/photos/85860549/large.jpg,Cicada barbara lusitanica,48460/1/47120/372739/47158/184884/47744/125816/372849/50190/50186/209685/605070/605071/205175/362756,jpg
http://inaturalist-open-data.s3.amazonaws.com/photos/85859567/large.jpg,Cicada barbara lusitanica,48460/1/47120/372739/47158/184884/47744/125816/372849/50190/50186/209685/605070/605071/205175/362756,jpg
http://inaturalist-open-data.s3.amazonaws.com/photos/85859601/large.jpg,Cicada barbara lusitanica,48460/1/47120/372739/47158/184884/47744/125816/372849/50190/50186/209685/605070/605071/205175/362756,jpg
http://inaturalist-open-data.s3.amazonaws.com/photos/87515890/large.jpg,Cicada barbara lusitanica,48460/1/47120/372739/47158/184884/47744/125816/372849/50190/50186/209685/605070/605071/205175/362756,jpg
http://inaturalist-open-data.s3.amazonaws.com/photos/87515894/large.jpg,Cicada barbara lusitanica,48460/1/47120/372739/47158/184884/47744/125816/372849/50190/50186/209685/605070/605071/205175/362756,jpg
http://inaturalist-open-data.s3.amazonaws.com/photos/87515864/large.jpg,Cicada barbara lusitanica,48460/1/47120/372739/47158/184884/47744/125816/372849/50190/50186/209685/605070/605071/205175/362756,jpg
http://inaturalist-open-data.s3.amazonaws.com/photos/87515845/large.jpg,Cicada barbara lusitanica,48460/1/47120/372739/47158/184884/47744/125816/372849/50190/50186/209685/605070/605071/205175/362756,jpg
http://inaturalist-open-data.s3.amazonaws.com/photos/88161711/large.jpg,Cicada barbara lusitanica,48460/1/47120/372739/47158/184884/47744/125816/372849/50190/50186/209685/605070/605071/205175/362756,jpg
http://inaturalist-open-data.s3.amazonaws.com/photos/88161714/large.jpg,Cicada barbara lusitanica,48460/1/47120/372739/47158/184884/47744/125816/372849/50190/50186/209685/605070/605071/205175/362756,jpg
http://inaturalist-open-data.s3.amazonaws.com/photos/88161720/large.jpg,Cicada barbara lusitanica,48460/1/47120/372739/47158/184884/47744/125816/372849/50190/50186/209685/605070/605071/205175/362756,jpg
http://inaturalist-open-data.s3.amazonaws.com/photos/88161724/large.jpg,Cicada barbara lusitanica,48460/1/47120/372739/47158/184884/47744/125816/372849/50190/50186/209685/605070/605071/205175/362756,jpg
http://inaturalist-open-data.s3.amazonaws.com/photos/88161726/large.jpg,Cicada barbara lusitanica,48460/1/47120/372739/47158/184884/47744/125816/372849/50190/50186/209685/605070/605071/205175/362756,jpg
http://inaturalist-open-data.s3.amazonaws.com/photos/88164911/large.jpg,Cicada barbara lusitanica,48460/1/47120/372739/47158/184884/47744/125816/372849/50190/50186/209685/605070/605071/205175/362756,jpg
http://inaturalist-open-data.s3.amazonaws.com/photos/102895976/large.jpeg,Cicada barbara lusitanica,48460/1/47120/372739/47158/184884/47744/125816/372849/50190/50186/209685/605070/605071/205175/362756,jpeg
http://inaturalist-open-data.s3.amazonaws.com/photos/102897138/large.jpeg,Cicada barbara lusitanica,48460/1/47120/372739/47158/184884/47744/125816/372849/50190/50186/209685/605070/605071/205175/362756,jpeg
http://inaturalist-open-data.s3.amazonaws.com/photos/102897773/large.jpeg,Cicada barbara lusitanica,48460/1/47120/372739/47158/184884/47744/125816/372849/50190/50186/209685/605070/605071/205175/362756,jpeg
http://inaturalist-open-data.s3.amazonaws.com/photos/102897538/large.jpeg,Cicada barbara lusitanica,48460/1/47120/372739/47158/184884/47744/125816/372849/50190/50186/209685/605070/605071/205175/362756,jpeg
http://inaturalist-open-data.s3.amazonaws.com/photos/102897659/large.jpeg,Cicada barbara lusitanica,48460/1/47120/372739/47158/184884/47744/125816/372849/50190/50186/209685/605070/605071/205175/362756,jpeg
http://inaturalist-open-data.s3.amazonaws.com/photos/103003915/large.jpeg,Cicada barbara lusitanica,48460/1/47120/372739/47158/184884/47744/125816/372849/50190/50186/209685/605070/605071/205175/362756,jpeg
http://inaturalist-open-data.s3.amazonaws.com/photos/136742572/large.jpeg,Cicada barbara lusitanica,48460/1/47120/372739/47158/184884/47744/125816/372849/50190/50186/209685/605070/605071/205175/362756,jpeg
http://inaturalist-open-data.s3.amazonaws.com/photos/141423168/large.jpg,Cicada barbara lusitanica,48460/1/47120/372739/47158/184884/47744/125816/372849/50190/50186/209685/605070/605071/205175/362756,jpg
http://inaturalist-open-data.s3.amazonaws.com/photos/141423184/large.jpg,Cicada barbara lusitanica,48460/1/47120/372739/47158/184884/47744/125816/372849/50190/50186/209685/605070/605071/205175/362756,jpg
http://inaturalist-open-data.s3.amazonaws.com/photos/166393820/large.jpeg,Cicada barbara lusitanica,48460/1/47120/372739/47158/184884/47744/125816/372849/50190/50186/209685/605070/605071/205175/362756,jpeg
http://inaturalist-open-data.s3.amazonaws.com/photos/144615872/large.jpeg,Cicada barbara lusitanica,48460/1/47120/372739/47158/184884/47744/125816/372849/50190/50186/209685/605070/605071/205175/362756,jpeg
http://inaturalist-open-data.s3.amazonaws.com/photos/145150536/large.jpeg,Cicada barbara lusitanica,48460/1/47120/372739/47158/184884/47744/125816/372849/50190/50186/209685/605070/605071/205175/362756,jpeg
http://inaturalist-open-data.s3.amazonaws.com/photos/145226924/large.jpg,Cicada barbara lusitanica,48460/1/47120/372739/47158/184884/47744/125816/372849/50190/50186/209685/605070/605071/205175/362756,jpg
http://inaturalist-open-data.s3.amazonaws.com/photos/145226905/large.jpg,Cicada barbara lusitanica,48460/1/47120/372739/47158/184884/47744/125816/372849/50190/50186/209685/605070/605071/205175/362756,jpg
http://inaturalist-open-data.s3.amazonaws.com/photos/145321504/large.jpg,Cicada barbara lusitanica,48460/1/47120/372739/47158/184884/47744/125816/372849/50190/50186/209685/605070/605071/205175/362756,jpg
http://inaturalist-open-data.s3.amazonaws.com/photos/147308745/large.jpeg,Cicada barbara lusitanica,48460/1/47120/372739/47158/184884/47744/125816/372849/50190/50186/209685/605070/605071/205175/362756,jpeg
http://inaturalist-open-data.s3.amazonaws.com/photos/148053116/large.jpeg,Cicada barbara lusitanica,48460/1/47120/372739/47158/184884/47744/125816/372849/50190/50186/209685/605070/605071/205175/362756,jpeg
http://inaturalist-open-data.s3.amazonaws.com/photos/148053135/large.jpeg,Cicada barbara lusitanica,48460/1/47120/372739/47158/184884/47744/125816/372849/50190/50186/209685/605070/605071/205175/362756,jpeg
http://inaturalist-open-data.s3.amazonaws.com/photos/148825377/large.jpeg,Cicada barbara lusitanica,48460/1/47120/372739/47158/184884/47744/125816/372849/50190/50186/209685/605070/605071/205175/362756,jpeg
http://inaturalist-open-data.s3.amazonaws.com/photos/148825413/large.jpeg,Cicada barbara lusitanica,48460/1/47120/372739/47158/184884/47744/125816/372849/50190/50186/209685/605070/605071/205175/362756,jpeg
http://inaturalist-open-data.s3.amazonaws.com/photos/148825353/large.jpeg,Cicada barbara lusitanica,48460/1/47120/372739/47158/184884/47744/125816/372849/50190/50186/209685/605070/605071/205175/362756,jpeg
http://inaturalist-open-data.s3.amazonaws.com/photos/148992670/large.jpg,Cicada barbara lusitanica,48460/1/47120/372739/47158/184884/47744/125816/372849/50190/50186/209685/605070/605071/205175/362756,jpg
http://inaturalist-open-data.s3.amazonaws.com/photos/149134346/large.jpeg,Cicada barbara lusitanica,48460/1/47120/372739/47158/184884/47744/125816/372849/50190/50186/209685/605070/605071/205175/362756,jpeg
http://inaturalist-open-data.s3.amazonaws.com/photos/149728392/large.jpeg,Cicada barbara lusitanica,48460/1/47120/372739/47158/184884/47744/125816/372849/50190/50186/209685/605070/605071/205175/362756,jpeg
http://inaturalist-open-data.s3.amazonaws.com/photos/149728385/large.jpeg,Cicada barbara lusitanica,48460/1/47120/372739/47158/184884/47744/125816/372849/50190/50186/209685/605070/605071/205175/362756,jpeg
http://inaturalist-open-data.s3.amazonaws.com/photos/149729951/large.jpeg,Cicada barbara lusitanica,48460/1/47120/372739/47158/184884/47744/125816/372849/50190/50186/209685/605070/605071/205175/362756,jpeg
http://inaturalist-open-data.s3.amazonaws.com/photos/149729958/large.jpeg,Cicada barbara lusitanica,48460/1/47120/372739/47158/184884/47744/125816/372849/50190/50186/209685/605070/605071/205175/362756,jpeg
http://inaturalist-open-data.s3.amazonaws.com/photos/149163078/large.jpeg,Cicada barbara lusitanica,48460/1/47120/372739/47158/184884/47744/125816/372849/50190/50186/209685/605070/605071/205175/362756,jpeg
http://inaturalist-open-data.s3.amazonaws.com/photos/149163125/large.jpeg,Cicada barbara lusitanica,48460/1/47120/372739/47158/184884/47744/125816/372849/50190/50186/209685/605070/605071/205175/362756,jpeg
http://inaturalist-open-data.s3.amazonaws.com/photos/149731869/large.jpeg,Cicada barbara lusitanica,48460/1/47120/372739/47158/184884/47744/125816/372849/50190/50186/209685/605070/605071/205175/362756,jpeg
http://inaturalist-open-data.s3.amazonaws.com/photos/149508342/large.jpg,Cicada barbara lusitanica,48460/1/47120/372739/47158/184884/47744/125816/372849/50190/50186/209685/605070/605071/205175/362756,jpg
http://inaturalist-open-data.s3.amazonaws.com/photos/149508361/large.jpg,Cicada barbara lusitanica,48460/1/47120/372739/47158/184884/47744/125816/372849/50190/50186/209685/605070/605071/205175/362756,jpg
http://inaturalist-open-data.s3.amazonaws.com/photos/149508386/large.jpg,Cicada barbara lusitanica,48460/1/47120/372739/47158/184884/47744/125816/372849/50190/50186/209685/605070/605071/205175/362756,jpg
http://inaturalist-open-data.s3.amazonaws.com/photos/149508404/large.jpg,Cicada barbara lusitanica,48460/1/47120/372739/47158/184884/47744/125816/372849/50190/50186/209685/605070/605071/205175/362756,jpg
http://inaturalist-open-data.s3.amazonaws.com/photos/149508437/large.jpg,Cicada barbara lusitanica,48460/1/47120/372739/47158/184884/47744/125816/372849/50190/50186/209685/605070/605071/205175/362756,jpg
http://inaturalist-open-data.s3.amazonaws.com/photos/149508481/large.jpg,Cicada barbara lusitanica,48460/1/47120/372739/47158/184884/47744/125816/372849/50190/50186/209685/605070/605071/205175/362756,jpg
http://inaturalist-open-data.s3.amazonaws.com/photos/149916667/large.jpeg,Cicada barbara lusitanica,48460/1/47120/372739/47158/184884/47744/125816/372849/50190/50186/209685/605070/605071/205175/362756,jpeg
http://inaturalist-open-data.s3.amazonaws.com/photos/149917507/large.jpeg,Cicada barbara lusitanica,48460/1/47120/372739/47158/184884/47744/125816/372849/50190/50186/209685/605070/605071/205175/362756,jpeg
http://inaturalist-open-data.s3.amazonaws.com/photos/149917408/large.jpeg,Cicada barbara lusitanica,48460/1/47120/372739/47158/184884/47744/125816/372849/50190/50186/209685/605070/605071/205175/362756,jpeg
http://inaturalist-open-data.s3.amazonaws.com/photos/149917661/large.jpeg,Cicada barbara lusitanica,48460/1/47120/372739/47158/184884/47744/125816/372849/50190/50186/209685/605070/605071/205175/362756,jpeg
http://inaturalist-open-data.s3.amazonaws.com/photos/150015956/large.jpeg,Cicada barbara lusitanica,48460/1/47120/372739/47158/184884/47744/125816/372849/50190/50186/209685/605070/605071/205175/362756,jpeg
http://inaturalist-open-data.s3.amazonaws.com/photos/149956764/large.jpeg,Cicada barbara lusitanica,48460/1/47120/372739/47158/184884/47744/125816/372849/50190/50186/209685/605070/605071/205175/362756,jpeg
http://inaturalist-open-data.s3.amazonaws.com/photos/150341366/large.jpg,Cicada barbara lusitanica,48460/1/47120/372739/47158/184884/47744/125816/372849/50190/50186/209685/605070/605071/205175/362756,jpg
http://inaturalist-open-data.s3.amazonaws.com/photos/150444898/large.jpeg,Cicada barbara lusitanica,48460/1/47120/372739/47158/184884/47744/125816/372849/50190/50186/209685/605070/605071/205175/362756,jpeg
http://inaturalist-open-data.s3.amazonaws.com/photos/150445101/large.jpeg,Cicada barbara lusitanica,48460/1/47120/372739/47158/184884/47744/125816/372849/50190/50186/209685/605070/605071/205175/362756,jpeg
http://inaturalist-open-data.s3.amazonaws.com/photos/150476720/large.jpg,Cicada barbara lusitanica,48460/1/47120/372739/47158/184884/47744/125816/372849/50190/50186/209685/605070/605071/205175/362756,jpg
http://inaturalist-open-data.s3.amazonaws.com/photos/150476743/large.jpg,Cicada barbara lusitanica,48460/1/47120/372739/47158/184884/47744/125816/372849/50190/50186/209685/605070/605071/205175/362756,jpg
http://inaturalist-open-data.s3.amazonaws.com/photos/150876963/large.jpeg,Cicada barbara lusitanica,48460/1/47120/372739/47158/184884/47744/125816/372849/50190/50186/209685/605070/605071/205175/362756,jpeg
http://inaturalist-open-data.s3.amazonaws.com/photos/150876975/large.jpeg,Cicada barbara lusitanica,48460/1/47120/372739/47158/184884/47744/125816/372849/50190/50186/209685/605070/605071/205175/362756,jpeg
http://inaturalist-open-data.s3.amazonaws.com/photos/151035862/large.jpg,Cicada barbara lusitanica,48460/1/47120/372739/47158/184884/47744/125816/372849/50190/50186/209685/605070/605071/205175/362756,jpg
http://inaturalist-open-data.s3.amazonaws.com/photos/151457944/large.jpg,Cicada barbara lusitanica,48460/1/47120/372739/47158/184884/47744/125816/372849/50190/50186/209685/605070/605071/205175/362756,jpg
http://inaturalist-open-data.s3.amazonaws.com/photos/151578791/large.jpeg,Cicada barbara lusitanica,48460/1/47120/372739/47158/184884/47744/125816/372849/50190/50186/209685/605070/605071/205175/362756,jpeg
http://inaturalist-open-data.s3.amazonaws.com/photos/151578931/large.jpeg,Cicada barbara lusitanica,48460/1/47120/372739/47158/184884/47744/125816/372849/50190/50186/209685/605070/605071/205175/362756,jpeg
http://inaturalist-open-data.s3.amazonaws.com/photos/151578936/large.jpeg,Cicada barbara lusitanica,48460/1/47120/372739/47158/184884/47744/125816/372849/50190/50186/209685/605070/605071/205175/362756,jpeg
http://inaturalist-open-data.s3.amazonaws.com/photos/151578943/large.jpeg,Cicada barbara lusitanica,48460/1/47120/372739/47158/184884/47744/125816/372849/50190/50186/209685/605070/605071/205175/362756,jpeg
http://inaturalist-open-data.s3.amazonaws.com/photos/151638988/large.jpeg,Cicada barbara lusitanica,48460/1/47120/372739/47158/184884/47744/125816/372849/50190/50186/209685/605070/605071/205175/362756,jpeg
http://inaturalist-open-data.s3.amazonaws.com/photos/151801236/large.jpg,Cicada barbara lusitanica,48460/1/47120/372739/47158/184884/47744/125816/372849/50190/50186/209685/605070/605071/205175/362756,jpg
http://inaturalist-open-data.s3.amazonaws.com/photos/151803881/large.jpg,Cicada barbara lusitanica,48460/1/47120/372739/47158/184884/47744/125816/372849/50190/50186/209685/605070/605071/205175/362756,jpg
http://inaturalist-open-data.s3.amazonaws.com/photos/151811015/large.jpg,Cicada barbara lusitanica,48460/1/47120/372739/47158/184884/47744/125816/372849/50190/50186/209685/605070/605071/205175/362756,jpg
http://inaturalist-open-data.s3.amazonaws.com/photos/151811489/large.jpg,Cicada barbara lusitanica,48460/1/47120/372739/47158/184884/47744/125816/372849/50190/50186/209685/605070/605071/205175/362756,jpg
http://inaturalist-open-data.s3.amazonaws.com/photos/151813267/large.jpg,Cicada barbara lusitanica,48460/1/47120/372739/47158/184884/47744/125816/372849/50190/50186/209685/605070/605071/205175/362756,jpg
http://inaturalist-open-data.s3.amazonaws.com/photos/151821078/large.jpg,Cicada barbara lusitanica,48460/1/47120/372739/47158/184884/47744/125816/372849/50190/50186/209685/605070/605071/205175/362756,jpg
http://inaturalist-open-data.s3.amazonaws.com/photos/151821128/large.jpg,Cicada barbara lusitanica,48460/1/47120/372739/47158/184884/47744/125816/372849/50190/50186/209685/605070/605071/205175/362756,jpg
http://inaturalist-open-data.s3.amazonaws.com/photos/152032736/large.jpg,Cicada barbara lusitanica,48460/1/47120/372739/47158/184884/47744/125816/372849/50190/50186/209685/605070/605071/205175/362756,jpg
http://inaturalist-open-data.s3.amazonaws.com/photos/152062802/large.jpg,Cicada barbara lusitanica,48460/1/47120/372739/47158/184884/47744/125816/372849/50190/50186/209685/605070/605071/205175/362756,jpg
http://inaturalist-open-data.s3.amazonaws.com/photos/152062838/large.jpg,Cicada barbara lusitanica,48460/1/47120/372739/47158/184884/47744/125816/372849/50190/50186/209685/605070/605071/205175/362756,jpg
http://inaturalist-open-data.s3.amazonaws.com/photos/152062871/large.jpg,Cicada barbara lusitanica,48460/1/47120/372739/47158/184884/47744/125816/372849/50190/50186/209685/605070/605071/205175/362756,jpg
http://inaturalist-open-data.s3.amazonaws.com/photos/152062909/large.jpg,Cicada barbara lusitanica,48460/1/47120/372739/47158/184884/47744/125816/372849/50190/50186/209685/605070/605071/205175/362756,jpg
http://inaturalist-open-data.s3.amazonaws.com/photos/152062945/large.jpg,Cicada barbara lusitanica,48460/1/47120/372739/47158/184884/47744/125816/372849/50190/50186/209685/605070/605071/205175/362756,jpg
http://inaturalist-open-data.s3.amazonaws.com/photos/152062983/large.jpg,Cicada barbara lusitanica,48460/1/47120/372739/47158/184884/47744/125816/372849/50190/50186/209685/605070/605071/205175/362756,jpg
http://inaturalist-open-data.s3.amazonaws.com/photos/152063022/large.jpg,Cicada barbara lusitanica,48460/1/47120/372739/47158/184884/47744/125816/372849/50190/50186/209685/605070/605071/205175/362756,jpg
http://inaturalist-open-data.s3.amazonaws.com/photos/152063060/large.jpg,Cicada barbara lusitanica,48460/1/47120/372739/47158/184884/47744/125816/372849/50190/50186/209685/605070/605071/205175/362756,jpg
http://inaturalist-open-data.s3.amazonaws.com/photos/152063091/large.jpg,Cicada barbara lusitanica,48460/1/47120/372739/47158/184884/47744/125816/372849/50190/50186/209685/605070/605071/205175/362756,jpg
http://inaturalist-open-data.s3.amazonaws.com/photos/152063141/large.jpg,Cicada barbara lusitanica,48460/1/47120/372739/47158/184884/47744/125816/372849/50190/50186/209685/605070/605071/205175/362756,jpg
http://inaturalist-open-data.s3.amazonaws.com/photos/152063257/large.jpg,Cicada barbara lusitanica,48460/1/47120/372739/47158/184884/47744/125816/372849/50190/50186/209685/605070/605071/205175/362756,jpg
http://inaturalist-open-data.s3.amazonaws.com/photos/152063186/large.jpg,Cicada barbara lusitanica,48460/1/47120/372739/47158/184884/47744/125816/372849/50190/50186/209685/605070/605071/205175/362756,jpg
http://inaturalist-open-data.s3.amazonaws.com/photos/152063350/large.jpg,Cicada barbara lusitanica,48460/1/47120/372739/47158/184884/47744/125816/372849/50190/50186/209685/605070/605071/205175/362756,jpg
http://inaturalist-open-data.s3.amazonaws.com/photos/152063395/large.jpg,Cicada barbara lusitanica,48460/1/47120/372739/47158/184884/47744/125816/372849/50190/50186/209685/605070/605071/205175/362756,jpg
http://inaturalist-open-data.s3.amazonaws.com/photos/152063448/large.jpg,Cicada barbara lusitanica,48460/1/47120/372739/47158/184884/47744/125816/372849/50190/50186/209685/605070/605071/205175/362756,jpg
http://inaturalist-open-data.s3.amazonaws.com/photos/152280067/large.jpg,Cicada barbara lusitanica,48460/1/47120/372739/47158/184884/47744/125816/372849/50190/50186/209685/605070/605071/205175/362756,jpg
http://inaturalist-open-data.s3.amazonaws.com/photos/152297611/large.jpg,Cicada barbara lusitanica,48460/1/47120/372739/47158/184884/47744/125816/372849/50190/50186/209685/605070/605071/205175/362756,jpg
http://inaturalist-open-data.s3.amazonaws.com/photos/152297684/large.jpg,Cicada barbara lusitanica,48460/1/47120/372739/47158/184884/47744/125816/372849/50190/50186/209685/605070/605071/205175/362756,jpg
http://inaturalist-open-data.s3.amazonaws.com/photos/152541287/large.jpg,Cicada barbara lusitanica,48460/1/47120/372739/47158/184884/47744/125816/372849/50190/50186/209685/605070/605071/205175/362756,jpg
http://inaturalist-open-data.s3.amazonaws.com/photos/152540231/large.jpg,Cicada barbara lusitanica,48460/1/47120/372739/47158/184884/47744/125816/372849/50190/50186/209685/605070/605071/205175/362756,jpg
http://inaturalist-open-data.s3.amazonaws.com/photos/152511025/large.jpg,Cicada barbara lusitanica,48460/1/47120/372739/47158/184884/47744/125816/372849/50190/50186/209685/605070/605071/205175/362756,jpg
http://inaturalist-open-data.s3.amazonaws.com/photos/152511094/large.jpg,Cicada barbara lusitanica,48460/1/47120/372739/47158/184884/47744/125816/372849/50190/50186/209685/605070/605071/205175/362756,jpg
http://inaturalist-open-data.s3.amazonaws.com/photos/152512190/large.jpg,Cicada barbara lusitanica,48460/1/47120/372739/47158/184884/47744/125816/372849/50190/50186/209685/605070/605071/205175/362756,jpg
http://inaturalist-open-data.s3.amazonaws.com/photos/152529542/large.jpeg,Cicada barbara lusitanica,48460/1/47120/372739/47158/184884/47744/125816/372849/50190/50186/209685/605070/605071/205175/362756,jpeg
http://inaturalist-open-data.s3.amazonaws.com/photos/152529630/large.jpeg,Cicada barbara lusitanica,48460/1/47120/372739/47158/184884/47744/125816/372849/50190/50186/209685/605070/605071/205175/362756,jpeg
http://inaturalist-open-data.s3.amazonaws.com/photos/152529651/large.jpeg,Cicada barbara lusitanica,48460/1/47120/372739/47158/184884/47744/125816/372849/50190/50186/209685/605070/605071/205175/362756,jpeg
http://inaturalist-open-data.s3.amazonaws.com/photos/152533441/large.jpg,Cicada barbara lusitanica,48460/1/47120/372739/47158/184884/47744/125816/372849/50190/50186/209685/605070/605071/205175/362756,jpg
http://inaturalist-open-data.s3.amazonaws.com/photos/152533501/large.jpg,Cicada barbara lusitanica,48460/1/47120/372739/47158/184884/47744/125816/372849/50190/50186/209685/605070/605071/205175/362756,jpg
http://inaturalist-open-data.s3.amazonaws.com/photos/152539493/large.jpg,Cicada barbara lusitanica,48460/1/47120/372739/47158/184884/47744/125816/372849/50190/50186/209685/605070/605071/205175/362756,jpg
http://inaturalist-open-data.s3.amazonaws.com/photos/152534417/large.jpg,Cicada barbara lusitanica,48460/1/47120/372739/47158/184884/47744/125816/372849/50190/50186/209685/605070/605071/205175/362756,jpg
http://inaturalist-open-data.s3.amazonaws.com/photos/152534493/large.jpg,Cicada barbara lusitanica,48460/1/47120/372739/47158/184884/47744/125816/372849/50190/50186/209685/605070/605071/205175/362756,jpg
http://inaturalist-open-data.s3.amazonaws.com/photos/152795249/large.jpeg,Cicada barbara lusitanica,48460/1/47120/372739/47158/184884/47744/125816/372849/50190/50186/209685/605070/605071/205175/362756,jpeg
http://inaturalist-open-data.s3.amazonaws.com/photos/152794567/large.jpeg,Cicada barbara lusitanica,48460/1/47120/372739/47158/184884/47744/125816/372849/50190/50186/209685/605070/605071/205175/362756,jpeg
http://inaturalist-open-data.s3.amazonaws.com/photos/152794974/large.jpeg,Cicada barbara lusitanica,48460/1/47120/372739/47158/184884/47744/125816/372849/50190/50186/209685/605070/605071/205175/362756,jpeg
http://inaturalist-open-data.s3.amazonaws.com/photos/152795092/large.jpeg,Cicada barbara lusitanica,48460/1/47120/372739/47158/184884/47744/125816/372849/50190/50186/209685/605070/605071/205175/362756,jpeg
http://inaturalist-open-data.s3.amazonaws.com/photos/152798256/large.jpeg,Cicada barbara lusitanica,48460/1/47120/372739/47158/184884/47744/125816/372849/50190/50186/209685/605070/605071/205175/362756,jpeg
http://inaturalist-open-data.s3.amazonaws.com/photos/152872408/large.jpeg,Cicada barbara lusitanica,48460/1/47120/372739/47158/184884/47744/125816/372849/50190/50186/209685/605070/605071/205175/362756,jpeg
http://inaturalist-open-data.s3.amazonaws.com/photos/152872420/large.jpeg,Cicada barbara lusitanica,48460/1/47120/372739/47158/184884/47744/125816/372849/50190/50186/209685/605070/605071/205175/362756,jpeg
http://inaturalist-open-data.s3.amazonaws.com/photos/152872434/large.jpeg,Cicada barbara lusitanica,48460/1/47120/372739/47158/184884/47744/125816/372849/50190/50186/209685/605070/605071/205175/362756,jpeg
http://inaturalist-open-data.s3.amazonaws.com/photos/156875193/large.jpeg,Cicada barbara lusitanica,48460/1/47120/372739/47158/184884/47744/125816/372849/50190/50186/209685/605070/605071/205175/362756,jpeg
http://inaturalist-open-data.s3.amazonaws.com/photos/156875211/large.jpeg,Cicada barbara lusitanica,48460/1/47120/372739/47158/184884/47744/125816/372849/50190/50186/209685/605070/605071/205175/362756,jpeg
http://inaturalist-open-data.s3.amazonaws.com/photos/156875230/large.jpeg,Cicada barbara lusitanica,48460/1/47120/372739/47158/184884/47744/125816/372849/50190/50186/209685/605070/605071/205175/362756,jpeg
http://inaturalist-open-data.s3.amazonaws.com/photos/159420371/large.jpeg,Cicada barbara lusitanica,48460/1/47120/372739/47158/184884/47744/125816/372849/50190/50186/209685/605070/605071/205175/362756,jpeg
http://inaturalist-open-data.s3.amazonaws.com/photos/161670359/large.jpeg,Cicada barbara lusitanica,48460/1/47120/372739/47158/184884/47744/125816/372849/50190/50186/209685/605070/605071/205175/362756,jpeg
http://inaturalist-open-data.s3.amazonaws.com/photos/161670395/large.jpeg,Cicada barbara lusitanica,48460/1/47120/372739/47158/184884/47744/125816/372849/50190/50186/209685/605070/605071/205175/362756,jpeg
http://inaturalist-open-data.s3.amazonaws.com/photos/161670405/large.jpeg,Cicada barbara lusitanica,48460/1/47120/372739/47158/184884/47744/125816/372849/50190/50186/209685/605070/605071/205175/362756,jpeg
http://inaturalist-open-data.s3.amazonaws.com/photos/161670408/large.jpeg,Cicada barbara lusitanica,48460/1/47120/372739/47158/184884/47744/125816/372849/50190/50186/209685/605070/605071/205175/362756,jpeg
http://inaturalist-open-data.s3.amazonaws.com/photos/161694550/large.jpeg,Cicada barbara lusitanica,48460/1/47120/372739/47158/184884/47744/125816/372849/50190/50186/209685/605070/605071/205175/362756,jpeg
http://inaturalist-open-data.s3.amazonaws.com/photos/166648410/large.jpg,Cicada barbara lusitanica,48460/1/47120/372739/47158/184884/47744/125816/372849/50190/50186/209685/605070/605071/205175/362756,jpg
http://inaturalist-open-data.s3.amazonaws.com/photos/166648475/large.jpeg,Cicada barbara lusitanica,48460/1/47120/372739/47158/184884/47744/125816/372849/50190/50186/209685/605070/605071/205175/362756,jpeg
http://inaturalist-open-data.s3.amazonaws.com/photos/167765898/large.jpg,Cicada barbara lusitanica,48460/1/47120/372739/47158/184884/47744/125816/372849/50190/50186/209685/605070/605071/205175/362756,jpg
http://inaturalist-open-data.s3.amazonaws.com/photos/167765912/large.jpg,Cicada barbara lusitanica,48460/1/47120/372739/47158/184884/47744/125816/372849/50190/50186/209685/605070/605071/205175/362756,jpg
http://inaturalist-open-data.s3.amazonaws.com/photos/167765926/large.jpg,Cicada barbara lusitanica,48460/1/47120/372739/47158/184884/47744/125816/372849/50190/50186/209685/605070/605071/205175/362756,jpg
