photo_url_large,taxon_name,ancestry,extension
http://inaturalist-open-data.s3.amazonaws.com/photos/5176474/large.jpg,Cicindela tranquebarica diffracta,48460/1/47120/372739/47158/184884/47208/340471/372884/49567/119895/373661/373919/49568/736941/82450,jpg
http://inaturalist-open-data.s3.amazonaws.com/photos/8997648/large.jpeg,Cicindela tranquebarica diffracta,48460/1/47120/372739/47158/184884/47208/340471/372884/49567/119895/373661/373919/49568/736941/82450,jpeg
http://inaturalist-open-data.s3.amazonaws.com/photos/11059409/large.jpeg,Cicindela tranquebarica diffracta,48460/1/47120/372739/47158/184884/47208/340471/372884/49567/119895/373661/373919/49568/736941/82450,jpeg
http://inaturalist-open-data.s3.amazonaws.com/photos/11059412/large.jpeg,Cicindela tranquebarica diffracta,48460/1/47120/372739/47158/184884/47208/340471/372884/49567/119895/373661/373919/49568/736941/82450,jpeg
http://inaturalist-open-data.s3.amazonaws.com/photos/14698901/large.jpg,Cicindela tranquebarica diffracta,48460/1/47120/372739/47158/184884/47208/340471/372884/49567/119895/373661/373919/49568/736941/82450,jpg
http://inaturalist-open-data.s3.amazonaws.com/photos/56676735/large.jpg,Cicindela tranquebarica diffracta,48460/1/47120/372739/47158/184884/47208/340471/372884/49567/119895/373661/373919/49568/736941/82450,jpg
http://inaturalist-open-data.s3.amazonaws.com/photos/56676738/large.jpg,Cicindela tranquebarica diffracta,48460/1/47120/372739/47158/184884/47208/340471/372884/49567/119895/373661/373919/49568/736941/82450,jpg
http://inaturalist-open-data.s3.amazonaws.com/photos/56676741/large.jpg,Cicindela tranquebarica diffracta,48460/1/47120/372739/47158/184884/47208/340471/372884/49567/119895/373661/373919/49568/736941/82450,jpg
http://inaturalist-open-data.s3.amazonaws.com/photos/56676870/large.jpg,Cicindela tranquebarica diffracta,48460/1/47120/372739/47158/184884/47208/340471/372884/49567/119895/373661/373919/49568/736941/82450,jpg
http://inaturalist-open-data.s3.amazonaws.com/photos/56676871/large.jpg,Cicindela tranquebarica diffracta,48460/1/47120/372739/47158/184884/47208/340471/372884/49567/119895/373661/373919/49568/736941/82450,jpg
http://inaturalist-open-data.s3.amazonaws.com/photos/80732455/large.jpg,Cicindela tranquebarica diffracta,48460/1/47120/372739/47158/184884/47208/340471/372884/49567/119895/373661/373919/49568/736941/82450,jpg
http://inaturalist-open-data.s3.amazonaws.com/photos/81007457/large.jpg,Cicindela tranquebarica diffracta,48460/1/47120/372739/47158/184884/47208/340471/372884/49567/119895/373661/373919/49568/736941/82450,jpg
http://inaturalist-open-data.s3.amazonaws.com/photos/119086788/large.jpg,Cicindela tranquebarica diffracta,48460/1/47120/372739/47158/184884/47208/340471/372884/49567/119895/373661/373919/49568/736941/82450,jpg
http://inaturalist-open-data.s3.amazonaws.com/photos/122852795/large.jpg,Cicindela tranquebarica diffracta,48460/1/47120/372739/47158/184884/47208/340471/372884/49567/119895/373661/373919/49568/736941/82450,jpg
http://inaturalist-open-data.s3.amazonaws.com/photos/123105278/large.jpg,Cicindela tranquebarica diffracta,48460/1/47120/372739/47158/184884/47208/340471/372884/49567/119895/373661/373919/49568/736941/82450,jpg
