photo_url_large,taxon_name,ancestry,extension
http://inaturalist-open-data.s3.amazonaws.com/photos/1783917/large.jpg,Cicindela repanda repanda,48460/1/47120/372739/47158/184884/47208/340471/372884/49567/119895/373661/373919/49568/736941/82425,jpg
http://inaturalist-open-data.s3.amazonaws.com/photos/2712172/large.JPG,Cicindela repanda repanda,48460/1/47120/372739/47158/184884/47208/340471/372884/49567/119895/373661/373919/49568/736941/82425,JPG
http://inaturalist-open-data.s3.amazonaws.com/photos/3347488/large.JPG,Cicindela repanda repanda,48460/1/47120/372739/47158/184884/47208/340471/372884/49567/119895/373661/373919/49568/736941/82425,JPG
http://inaturalist-open-data.s3.amazonaws.com/photos/5068986/large.jpg,Cicindela repanda repanda,48460/1/47120/372739/47158/184884/47208/340471/372884/49567/119895/373661/373919/49568/736941/82425,jpg
http://inaturalist-open-data.s3.amazonaws.com/photos/5374490/large.jpg,Cicindela repanda repanda,48460/1/47120/372739/47158/184884/47208/340471/372884/49567/119895/373661/373919/49568/736941/82425,jpg
http://inaturalist-open-data.s3.amazonaws.com/photos/6709277/large.jpg,Cicindela repanda repanda,48460/1/47120/372739/47158/184884/47208/340471/372884/49567/119895/373661/373919/49568/736941/82425,jpg
http://inaturalist-open-data.s3.amazonaws.com/photos/6921318/large.jpeg,Cicindela repanda repanda,48460/1/47120/372739/47158/184884/47208/340471/372884/49567/119895/373661/373919/49568/736941/82425,jpeg
http://inaturalist-open-data.s3.amazonaws.com/photos/9517655/large.jpeg,Cicindela repanda repanda,48460/1/47120/372739/47158/184884/47208/340471/372884/49567/119895/373661/373919/49568/736941/82425,jpeg
http://inaturalist-open-data.s3.amazonaws.com/photos/9517659/large.jpeg,Cicindela repanda repanda,48460/1/47120/372739/47158/184884/47208/340471/372884/49567/119895/373661/373919/49568/736941/82425,jpeg
http://inaturalist-open-data.s3.amazonaws.com/photos/12429710/large.jpeg,Cicindela repanda repanda,48460/1/47120/372739/47158/184884/47208/340471/372884/49567/119895/373661/373919/49568/736941/82425,jpeg
http://inaturalist-open-data.s3.amazonaws.com/photos/12592883/large.jpg,Cicindela repanda repanda,48460/1/47120/372739/47158/184884/47208/340471/372884/49567/119895/373661/373919/49568/736941/82425,jpg
http://inaturalist-open-data.s3.amazonaws.com/photos/16331523/large.jpeg,Cicindela repanda repanda,48460/1/47120/372739/47158/184884/47208/340471/372884/49567/119895/373661/373919/49568/736941/82425,jpeg
http://inaturalist-open-data.s3.amazonaws.com/photos/16331529/large.jpeg,Cicindela repanda repanda,48460/1/47120/372739/47158/184884/47208/340471/372884/49567/119895/373661/373919/49568/736941/82425,jpeg
http://inaturalist-open-data.s3.amazonaws.com/photos/17643004/large.jpeg,Cicindela repanda repanda,48460/1/47120/372739/47158/184884/47208/340471/372884/49567/119895/373661/373919/49568/736941/82425,jpeg
http://inaturalist-open-data.s3.amazonaws.com/photos/17643012/large.jpeg,Cicindela repanda repanda,48460/1/47120/372739/47158/184884/47208/340471/372884/49567/119895/373661/373919/49568/736941/82425,jpeg
http://inaturalist-open-data.s3.amazonaws.com/photos/17644016/large.jpeg,Cicindela repanda repanda,48460/1/47120/372739/47158/184884/47208/340471/372884/49567/119895/373661/373919/49568/736941/82425,jpeg
http://inaturalist-open-data.s3.amazonaws.com/photos/19111318/large.jpeg,Cicindela repanda repanda,48460/1/47120/372739/47158/184884/47208/340471/372884/49567/119895/373661/373919/49568/736941/82425,jpeg
http://inaturalist-open-data.s3.amazonaws.com/photos/19111323/large.jpeg,Cicindela repanda repanda,48460/1/47120/372739/47158/184884/47208/340471/372884/49567/119895/373661/373919/49568/736941/82425,jpeg
http://inaturalist-open-data.s3.amazonaws.com/photos/20589776/large.jpeg,Cicindela repanda repanda,48460/1/47120/372739/47158/184884/47208/340471/372884/49567/119895/373661/373919/49568/736941/82425,jpeg
http://inaturalist-open-data.s3.amazonaws.com/photos/21161941/large.jpg,Cicindela repanda repanda,48460/1/47120/372739/47158/184884/47208/340471/372884/49567/119895/373661/373919/49568/736941/82425,jpg
http://inaturalist-open-data.s3.amazonaws.com/photos/21161481/large.jpg,Cicindela repanda repanda,48460/1/47120/372739/47158/184884/47208/340471/372884/49567/119895/373661/373919/49568/736941/82425,jpg
http://inaturalist-open-data.s3.amazonaws.com/photos/21429015/large.jpg,Cicindela repanda repanda,48460/1/47120/372739/47158/184884/47208/340471/372884/49567/119895/373661/373919/49568/736941/82425,jpg
http://inaturalist-open-data.s3.amazonaws.com/photos/21890013/large.jpeg,Cicindela repanda repanda,48460/1/47120/372739/47158/184884/47208/340471/372884/49567/119895/373661/373919/49568/736941/82425,jpeg
http://inaturalist-open-data.s3.amazonaws.com/photos/24135576/large.jpg,Cicindela repanda repanda,48460/1/47120/372739/47158/184884/47208/340471/372884/49567/119895/373661/373919/49568/736941/82425,jpg
http://inaturalist-open-data.s3.amazonaws.com/photos/24280629/large.jpg,Cicindela repanda repanda,48460/1/47120/372739/47158/184884/47208/340471/372884/49567/119895/373661/373919/49568/736941/82425,jpg
http://inaturalist-open-data.s3.amazonaws.com/photos/24707835/large.jpg,Cicindela repanda repanda,48460/1/47120/372739/47158/184884/47208/340471/372884/49567/119895/373661/373919/49568/736941/82425,jpg
http://inaturalist-open-data.s3.amazonaws.com/photos/24739662/large.jpeg,Cicindela repanda repanda,48460/1/47120/372739/47158/184884/47208/340471/372884/49567/119895/373661/373919/49568/736941/82425,jpeg
http://inaturalist-open-data.s3.amazonaws.com/photos/24739619/large.jpeg,Cicindela repanda repanda,48460/1/47120/372739/47158/184884/47208/340471/372884/49567/119895/373661/373919/49568/736941/82425,jpeg
http://inaturalist-open-data.s3.amazonaws.com/photos/24739595/large.jpeg,Cicindela repanda repanda,48460/1/47120/372739/47158/184884/47208/340471/372884/49567/119895/373661/373919/49568/736941/82425,jpeg
http://inaturalist-open-data.s3.amazonaws.com/photos/25798711/large.jpg,Cicindela repanda repanda,48460/1/47120/372739/47158/184884/47208/340471/372884/49567/119895/373661/373919/49568/736941/82425,jpg
http://inaturalist-open-data.s3.amazonaws.com/photos/27677055/large.jpg,Cicindela repanda repanda,48460/1/47120/372739/47158/184884/47208/340471/372884/49567/119895/373661/373919/49568/736941/82425,jpg
http://inaturalist-open-data.s3.amazonaws.com/photos/27677275/large.jpeg,Cicindela repanda repanda,48460/1/47120/372739/47158/184884/47208/340471/372884/49567/119895/373661/373919/49568/736941/82425,jpeg
http://inaturalist-open-data.s3.amazonaws.com/photos/27678013/large.jpg,Cicindela repanda repanda,48460/1/47120/372739/47158/184884/47208/340471/372884/49567/119895/373661/373919/49568/736941/82425,jpg
http://inaturalist-open-data.s3.amazonaws.com/photos/27677741/large.jpeg,Cicindela repanda repanda,48460/1/47120/372739/47158/184884/47208/340471/372884/49567/119895/373661/373919/49568/736941/82425,jpeg
http://inaturalist-open-data.s3.amazonaws.com/photos/27678200/large.jpg,Cicindela repanda repanda,48460/1/47120/372739/47158/184884/47208/340471/372884/49567/119895/373661/373919/49568/736941/82425,jpg
http://inaturalist-open-data.s3.amazonaws.com/photos/27678567/large.jpg,Cicindela repanda repanda,48460/1/47120/372739/47158/184884/47208/340471/372884/49567/119895/373661/373919/49568/736941/82425,jpg
http://inaturalist-open-data.s3.amazonaws.com/photos/27678710/large.jpeg,Cicindela repanda repanda,48460/1/47120/372739/47158/184884/47208/340471/372884/49567/119895/373661/373919/49568/736941/82425,jpeg
http://inaturalist-open-data.s3.amazonaws.com/photos/27678860/large.jpeg,Cicindela repanda repanda,48460/1/47120/372739/47158/184884/47208/340471/372884/49567/119895/373661/373919/49568/736941/82425,jpeg
http://inaturalist-open-data.s3.amazonaws.com/photos/27679148/large.jpeg,Cicindela repanda repanda,48460/1/47120/372739/47158/184884/47208/340471/372884/49567/119895/373661/373919/49568/736941/82425,jpeg
http://inaturalist-open-data.s3.amazonaws.com/photos/27679267/large.jpeg,Cicindela repanda repanda,48460/1/47120/372739/47158/184884/47208/340471/372884/49567/119895/373661/373919/49568/736941/82425,jpeg
http://inaturalist-open-data.s3.amazonaws.com/photos/27679635/large.jpeg,Cicindela repanda repanda,48460/1/47120/372739/47158/184884/47208/340471/372884/49567/119895/373661/373919/49568/736941/82425,jpeg
http://inaturalist-open-data.s3.amazonaws.com/photos/30486867/large.jpeg,Cicindela repanda repanda,48460/1/47120/372739/47158/184884/47208/340471/372884/49567/119895/373661/373919/49568/736941/82425,jpeg
http://inaturalist-open-data.s3.amazonaws.com/photos/30486864/large.jpeg,Cicindela repanda repanda,48460/1/47120/372739/47158/184884/47208/340471/372884/49567/119895/373661/373919/49568/736941/82425,jpeg
http://inaturalist-open-data.s3.amazonaws.com/photos/30486869/large.jpeg,Cicindela repanda repanda,48460/1/47120/372739/47158/184884/47208/340471/372884/49567/119895/373661/373919/49568/736941/82425,jpeg
http://inaturalist-open-data.s3.amazonaws.com/photos/39243963/large.jpeg,Cicindela repanda repanda,48460/1/47120/372739/47158/184884/47208/340471/372884/49567/119895/373661/373919/49568/736941/82425,jpeg
http://inaturalist-open-data.s3.amazonaws.com/photos/40394723/large.jpg,Cicindela repanda repanda,48460/1/47120/372739/47158/184884/47208/340471/372884/49567/119895/373661/373919/49568/736941/82425,jpg
http://inaturalist-open-data.s3.amazonaws.com/photos/40400077/large.jpeg,Cicindela repanda repanda,48460/1/47120/372739/47158/184884/47208/340471/372884/49567/119895/373661/373919/49568/736941/82425,jpeg
http://inaturalist-open-data.s3.amazonaws.com/photos/41805388/large.jpg,Cicindela repanda repanda,48460/1/47120/372739/47158/184884/47208/340471/372884/49567/119895/373661/373919/49568/736941/82425,jpg
http://inaturalist-open-data.s3.amazonaws.com/photos/41805347/large.jpg,Cicindela repanda repanda,48460/1/47120/372739/47158/184884/47208/340471/372884/49567/119895/373661/373919/49568/736941/82425,jpg
http://inaturalist-open-data.s3.amazonaws.com/photos/41805369/large.jpg,Cicindela repanda repanda,48460/1/47120/372739/47158/184884/47208/340471/372884/49567/119895/373661/373919/49568/736941/82425,jpg
http://inaturalist-open-data.s3.amazonaws.com/photos/41978253/large.jpg,Cicindela repanda repanda,48460/1/47120/372739/47158/184884/47208/340471/372884/49567/119895/373661/373919/49568/736941/82425,jpg
http://inaturalist-open-data.s3.amazonaws.com/photos/41978262/large.jpg,Cicindela repanda repanda,48460/1/47120/372739/47158/184884/47208/340471/372884/49567/119895/373661/373919/49568/736941/82425,jpg
http://inaturalist-open-data.s3.amazonaws.com/photos/42007574/large.jpeg,Cicindela repanda repanda,48460/1/47120/372739/47158/184884/47208/340471/372884/49567/119895/373661/373919/49568/736941/82425,jpeg
http://inaturalist-open-data.s3.amazonaws.com/photos/42007535/large.jpeg,Cicindela repanda repanda,48460/1/47120/372739/47158/184884/47208/340471/372884/49567/119895/373661/373919/49568/736941/82425,jpeg
http://inaturalist-open-data.s3.amazonaws.com/photos/42239450/large.jpg,Cicindela repanda repanda,48460/1/47120/372739/47158/184884/47208/340471/372884/49567/119895/373661/373919/49568/736941/82425,jpg
http://inaturalist-open-data.s3.amazonaws.com/photos/44447021/large.jpg,Cicindela repanda repanda,48460/1/47120/372739/47158/184884/47208/340471/372884/49567/119895/373661/373919/49568/736941/82425,jpg
http://inaturalist-open-data.s3.amazonaws.com/photos/44447053/large.jpg,Cicindela repanda repanda,48460/1/47120/372739/47158/184884/47208/340471/372884/49567/119895/373661/373919/49568/736941/82425,jpg
http://inaturalist-open-data.s3.amazonaws.com/photos/48930286/large.jpeg,Cicindela repanda repanda,48460/1/47120/372739/47158/184884/47208/340471/372884/49567/119895/373661/373919/49568/736941/82425,jpeg
http://inaturalist-open-data.s3.amazonaws.com/photos/50784718/large.jpg,Cicindela repanda repanda,48460/1/47120/372739/47158/184884/47208/340471/372884/49567/119895/373661/373919/49568/736941/82425,jpg
http://inaturalist-open-data.s3.amazonaws.com/photos/51221471/large.jpg,Cicindela repanda repanda,48460/1/47120/372739/47158/184884/47208/340471/372884/49567/119895/373661/373919/49568/736941/82425,jpg
http://inaturalist-open-data.s3.amazonaws.com/photos/51549842/large.jpg,Cicindela repanda repanda,48460/1/47120/372739/47158/184884/47208/340471/372884/49567/119895/373661/373919/49568/736941/82425,jpg
http://inaturalist-open-data.s3.amazonaws.com/photos/52717340/large.jpg,Cicindela repanda repanda,48460/1/47120/372739/47158/184884/47208/340471/372884/49567/119895/373661/373919/49568/736941/82425,jpg
http://inaturalist-open-data.s3.amazonaws.com/photos/52759604/large.jpeg,Cicindela repanda repanda,48460/1/47120/372739/47158/184884/47208/340471/372884/49567/119895/373661/373919/49568/736941/82425,jpeg
http://inaturalist-open-data.s3.amazonaws.com/photos/52759607/large.jpeg,Cicindela repanda repanda,48460/1/47120/372739/47158/184884/47208/340471/372884/49567/119895/373661/373919/49568/736941/82425,jpeg
http://inaturalist-open-data.s3.amazonaws.com/photos/52759641/large.jpeg,Cicindela repanda repanda,48460/1/47120/372739/47158/184884/47208/340471/372884/49567/119895/373661/373919/49568/736941/82425,jpeg
http://inaturalist-open-data.s3.amazonaws.com/photos/52759670/large.jpeg,Cicindela repanda repanda,48460/1/47120/372739/47158/184884/47208/340471/372884/49567/119895/373661/373919/49568/736941/82425,jpeg
http://inaturalist-open-data.s3.amazonaws.com/photos/52759682/large.jpeg,Cicindela repanda repanda,48460/1/47120/372739/47158/184884/47208/340471/372884/49567/119895/373661/373919/49568/736941/82425,jpeg
http://inaturalist-open-data.s3.amazonaws.com/photos/52769192/large.jpeg,Cicindela repanda repanda,48460/1/47120/372739/47158/184884/47208/340471/372884/49567/119895/373661/373919/49568/736941/82425,jpeg
http://inaturalist-open-data.s3.amazonaws.com/photos/53932141/large.jpeg,Cicindela repanda repanda,48460/1/47120/372739/47158/184884/47208/340471/372884/49567/119895/373661/373919/49568/736941/82425,jpeg
http://inaturalist-open-data.s3.amazonaws.com/photos/53932146/large.jpeg,Cicindela repanda repanda,48460/1/47120/372739/47158/184884/47208/340471/372884/49567/119895/373661/373919/49568/736941/82425,jpeg
http://inaturalist-open-data.s3.amazonaws.com/photos/56066904/large.jpeg,Cicindela repanda repanda,48460/1/47120/372739/47158/184884/47208/340471/372884/49567/119895/373661/373919/49568/736941/82425,jpeg
http://inaturalist-open-data.s3.amazonaws.com/photos/56066900/large.jpeg,Cicindela repanda repanda,48460/1/47120/372739/47158/184884/47208/340471/372884/49567/119895/373661/373919/49568/736941/82425,jpeg
http://inaturalist-open-data.s3.amazonaws.com/photos/56476440/large.jpeg,Cicindela repanda repanda,48460/1/47120/372739/47158/184884/47208/340471/372884/49567/119895/373661/373919/49568/736941/82425,jpeg
http://inaturalist-open-data.s3.amazonaws.com/photos/56476448/large.jpeg,Cicindela repanda repanda,48460/1/47120/372739/47158/184884/47208/340471/372884/49567/119895/373661/373919/49568/736941/82425,jpeg
http://inaturalist-open-data.s3.amazonaws.com/photos/56476450/large.jpeg,Cicindela repanda repanda,48460/1/47120/372739/47158/184884/47208/340471/372884/49567/119895/373661/373919/49568/736941/82425,jpeg
http://inaturalist-open-data.s3.amazonaws.com/photos/56476506/large.jpeg,Cicindela repanda repanda,48460/1/47120/372739/47158/184884/47208/340471/372884/49567/119895/373661/373919/49568/736941/82425,jpeg
http://inaturalist-open-data.s3.amazonaws.com/photos/56476512/large.jpeg,Cicindela repanda repanda,48460/1/47120/372739/47158/184884/47208/340471/372884/49567/119895/373661/373919/49568/736941/82425,jpeg
http://inaturalist-open-data.s3.amazonaws.com/photos/56476513/large.jpeg,Cicindela repanda repanda,48460/1/47120/372739/47158/184884/47208/340471/372884/49567/119895/373661/373919/49568/736941/82425,jpeg
http://inaturalist-open-data.s3.amazonaws.com/photos/56476466/large.jpeg,Cicindela repanda repanda,48460/1/47120/372739/47158/184884/47208/340471/372884/49567/119895/373661/373919/49568/736941/82425,jpeg
http://inaturalist-open-data.s3.amazonaws.com/photos/56476491/large.jpeg,Cicindela repanda repanda,48460/1/47120/372739/47158/184884/47208/340471/372884/49567/119895/373661/373919/49568/736941/82425,jpeg
http://inaturalist-open-data.s3.amazonaws.com/photos/56476504/large.jpeg,Cicindela repanda repanda,48460/1/47120/372739/47158/184884/47208/340471/372884/49567/119895/373661/373919/49568/736941/82425,jpeg
http://inaturalist-open-data.s3.amazonaws.com/photos/56476480/large.jpeg,Cicindela repanda repanda,48460/1/47120/372739/47158/184884/47208/340471/372884/49567/119895/373661/373919/49568/736941/82425,jpeg
http://inaturalist-open-data.s3.amazonaws.com/photos/56476474/large.jpeg,Cicindela repanda repanda,48460/1/47120/372739/47158/184884/47208/340471/372884/49567/119895/373661/373919/49568/736941/82425,jpeg
http://inaturalist-open-data.s3.amazonaws.com/photos/56476521/large.jpeg,Cicindela repanda repanda,48460/1/47120/372739/47158/184884/47208/340471/372884/49567/119895/373661/373919/49568/736941/82425,jpeg
http://inaturalist-open-data.s3.amazonaws.com/photos/56476483/large.jpeg,Cicindela repanda repanda,48460/1/47120/372739/47158/184884/47208/340471/372884/49567/119895/373661/373919/49568/736941/82425,jpeg
http://inaturalist-open-data.s3.amazonaws.com/photos/56834343/large.jpg,Cicindela repanda repanda,48460/1/47120/372739/47158/184884/47208/340471/372884/49567/119895/373661/373919/49568/736941/82425,jpg
http://inaturalist-open-data.s3.amazonaws.com/photos/56834355/large.jpg,Cicindela repanda repanda,48460/1/47120/372739/47158/184884/47208/340471/372884/49567/119895/373661/373919/49568/736941/82425,jpg
http://inaturalist-open-data.s3.amazonaws.com/photos/56834348/large.jpg,Cicindela repanda repanda,48460/1/47120/372739/47158/184884/47208/340471/372884/49567/119895/373661/373919/49568/736941/82425,jpg
http://inaturalist-open-data.s3.amazonaws.com/photos/65005069/large.jpg,Cicindela repanda repanda,48460/1/47120/372739/47158/184884/47208/340471/372884/49567/119895/373661/373919/49568/736941/82425,jpg
http://inaturalist-open-data.s3.amazonaws.com/photos/65966336/large.jpg,Cicindela repanda repanda,48460/1/47120/372739/47158/184884/47208/340471/372884/49567/119895/373661/373919/49568/736941/82425,jpg
http://inaturalist-open-data.s3.amazonaws.com/photos/65965943/large.jpg,Cicindela repanda repanda,48460/1/47120/372739/47158/184884/47208/340471/372884/49567/119895/373661/373919/49568/736941/82425,jpg
http://inaturalist-open-data.s3.amazonaws.com/photos/66028949/large.jpg,Cicindela repanda repanda,48460/1/47120/372739/47158/184884/47208/340471/372884/49567/119895/373661/373919/49568/736941/82425,jpg
http://inaturalist-open-data.s3.amazonaws.com/photos/66028970/large.jpg,Cicindela repanda repanda,48460/1/47120/372739/47158/184884/47208/340471/372884/49567/119895/373661/373919/49568/736941/82425,jpg
http://inaturalist-open-data.s3.amazonaws.com/photos/66028991/large.jpg,Cicindela repanda repanda,48460/1/47120/372739/47158/184884/47208/340471/372884/49567/119895/373661/373919/49568/736941/82425,jpg
http://inaturalist-open-data.s3.amazonaws.com/photos/66346894/large.jpeg,Cicindela repanda repanda,48460/1/47120/372739/47158/184884/47208/340471/372884/49567/119895/373661/373919/49568/736941/82425,jpeg
http://inaturalist-open-data.s3.amazonaws.com/photos/66346898/large.jpeg,Cicindela repanda repanda,48460/1/47120/372739/47158/184884/47208/340471/372884/49567/119895/373661/373919/49568/736941/82425,jpeg
http://inaturalist-open-data.s3.amazonaws.com/photos/66708717/large.jpg,Cicindela repanda repanda,48460/1/47120/372739/47158/184884/47208/340471/372884/49567/119895/373661/373919/49568/736941/82425,jpg
http://inaturalist-open-data.s3.amazonaws.com/photos/67193519/large.jpg,Cicindela repanda repanda,48460/1/47120/372739/47158/184884/47208/340471/372884/49567/119895/373661/373919/49568/736941/82425,jpg
http://inaturalist-open-data.s3.amazonaws.com/photos/68948287/large.jpg,Cicindela repanda repanda,48460/1/47120/372739/47158/184884/47208/340471/372884/49567/119895/373661/373919/49568/736941/82425,jpg
http://inaturalist-open-data.s3.amazonaws.com/photos/68948328/large.jpg,Cicindela repanda repanda,48460/1/47120/372739/47158/184884/47208/340471/372884/49567/119895/373661/373919/49568/736941/82425,jpg
http://inaturalist-open-data.s3.amazonaws.com/photos/68948383/large.jpg,Cicindela repanda repanda,48460/1/47120/372739/47158/184884/47208/340471/372884/49567/119895/373661/373919/49568/736941/82425,jpg
http://inaturalist-open-data.s3.amazonaws.com/photos/69159405/large.jpg,Cicindela repanda repanda,48460/1/47120/372739/47158/184884/47208/340471/372884/49567/119895/373661/373919/49568/736941/82425,jpg
http://inaturalist-open-data.s3.amazonaws.com/photos/69159422/large.jpg,Cicindela repanda repanda,48460/1/47120/372739/47158/184884/47208/340471/372884/49567/119895/373661/373919/49568/736941/82425,jpg
http://inaturalist-open-data.s3.amazonaws.com/photos/69569110/large.jpg,Cicindela repanda repanda,48460/1/47120/372739/47158/184884/47208/340471/372884/49567/119895/373661/373919/49568/736941/82425,jpg
http://inaturalist-open-data.s3.amazonaws.com/photos/69569115/large.jpg,Cicindela repanda repanda,48460/1/47120/372739/47158/184884/47208/340471/372884/49567/119895/373661/373919/49568/736941/82425,jpg
http://inaturalist-open-data.s3.amazonaws.com/photos/69581445/large.jpg,Cicindela repanda repanda,48460/1/47120/372739/47158/184884/47208/340471/372884/49567/119895/373661/373919/49568/736941/82425,jpg
http://inaturalist-open-data.s3.amazonaws.com/photos/69159393/large.jpg,Cicindela repanda repanda,48460/1/47120/372739/47158/184884/47208/340471/372884/49567/119895/373661/373919/49568/736941/82425,jpg
http://inaturalist-open-data.s3.amazonaws.com/photos/70362432/large.jpeg,Cicindela repanda repanda,48460/1/47120/372739/47158/184884/47208/340471/372884/49567/119895/373661/373919/49568/736941/82425,jpeg
http://inaturalist-open-data.s3.amazonaws.com/photos/70408745/large.jpg,Cicindela repanda repanda,48460/1/47120/372739/47158/184884/47208/340471/372884/49567/119895/373661/373919/49568/736941/82425,jpg
http://inaturalist-open-data.s3.amazonaws.com/photos/70761186/large.jpeg,Cicindela repanda repanda,48460/1/47120/372739/47158/184884/47208/340471/372884/49567/119895/373661/373919/49568/736941/82425,jpeg
http://inaturalist-open-data.s3.amazonaws.com/photos/70985605/large.jpeg,Cicindela repanda repanda,48460/1/47120/372739/47158/184884/47208/340471/372884/49567/119895/373661/373919/49568/736941/82425,jpeg
http://inaturalist-open-data.s3.amazonaws.com/photos/70993554/large.jpeg,Cicindela repanda repanda,48460/1/47120/372739/47158/184884/47208/340471/372884/49567/119895/373661/373919/49568/736941/82425,jpeg
http://inaturalist-open-data.s3.amazonaws.com/photos/70993596/large.jpeg,Cicindela repanda repanda,48460/1/47120/372739/47158/184884/47208/340471/372884/49567/119895/373661/373919/49568/736941/82425,jpeg
http://inaturalist-open-data.s3.amazonaws.com/photos/71419488/large.jpg,Cicindela repanda repanda,48460/1/47120/372739/47158/184884/47208/340471/372884/49567/119895/373661/373919/49568/736941/82425,jpg
http://inaturalist-open-data.s3.amazonaws.com/photos/71725968/large.png,Cicindela repanda repanda,48460/1/47120/372739/47158/184884/47208/340471/372884/49567/119895/373661/373919/49568/736941/82425,png
http://inaturalist-open-data.s3.amazonaws.com/photos/71725982/large.jpeg,Cicindela repanda repanda,48460/1/47120/372739/47158/184884/47208/340471/372884/49567/119895/373661/373919/49568/736941/82425,jpeg
http://inaturalist-open-data.s3.amazonaws.com/photos/71924136/large.jpg,Cicindela repanda repanda,48460/1/47120/372739/47158/184884/47208/340471/372884/49567/119895/373661/373919/49568/736941/82425,jpg
http://inaturalist-open-data.s3.amazonaws.com/photos/71982220/large.jpg,Cicindela repanda repanda,48460/1/47120/372739/47158/184884/47208/340471/372884/49567/119895/373661/373919/49568/736941/82425,jpg
http://inaturalist-open-data.s3.amazonaws.com/photos/72183363/large.jpg,Cicindela repanda repanda,48460/1/47120/372739/47158/184884/47208/340471/372884/49567/119895/373661/373919/49568/736941/82425,jpg
http://inaturalist-open-data.s3.amazonaws.com/photos/72660193/large.jpg,Cicindela repanda repanda,48460/1/47120/372739/47158/184884/47208/340471/372884/49567/119895/373661/373919/49568/736941/82425,jpg
http://inaturalist-open-data.s3.amazonaws.com/photos/72660209/large.jpg,Cicindela repanda repanda,48460/1/47120/372739/47158/184884/47208/340471/372884/49567/119895/373661/373919/49568/736941/82425,jpg
http://inaturalist-open-data.s3.amazonaws.com/photos/72697259/large.jpg,Cicindela repanda repanda,48460/1/47120/372739/47158/184884/47208/340471/372884/49567/119895/373661/373919/49568/736941/82425,jpg
http://inaturalist-open-data.s3.amazonaws.com/photos/73970636/large.jpg,Cicindela repanda repanda,48460/1/47120/372739/47158/184884/47208/340471/372884/49567/119895/373661/373919/49568/736941/82425,jpg
http://inaturalist-open-data.s3.amazonaws.com/photos/74526460/large.jpeg,Cicindela repanda repanda,48460/1/47120/372739/47158/184884/47208/340471/372884/49567/119895/373661/373919/49568/736941/82425,jpeg
http://inaturalist-open-data.s3.amazonaws.com/photos/74825670/large.jpeg,Cicindela repanda repanda,48460/1/47120/372739/47158/184884/47208/340471/372884/49567/119895/373661/373919/49568/736941/82425,jpeg
http://inaturalist-open-data.s3.amazonaws.com/photos/75743658/large.jpg,Cicindela repanda repanda,48460/1/47120/372739/47158/184884/47208/340471/372884/49567/119895/373661/373919/49568/736941/82425,jpg
http://inaturalist-open-data.s3.amazonaws.com/photos/76188622/large.jpg,Cicindela repanda repanda,48460/1/47120/372739/47158/184884/47208/340471/372884/49567/119895/373661/373919/49568/736941/82425,jpg
http://inaturalist-open-data.s3.amazonaws.com/photos/76905019/large.jpeg,Cicindela repanda repanda,48460/1/47120/372739/47158/184884/47208/340471/372884/49567/119895/373661/373919/49568/736941/82425,jpeg
http://inaturalist-open-data.s3.amazonaws.com/photos/76905045/large.jpeg,Cicindela repanda repanda,48460/1/47120/372739/47158/184884/47208/340471/372884/49567/119895/373661/373919/49568/736941/82425,jpeg
http://inaturalist-open-data.s3.amazonaws.com/photos/76905085/large.jpeg,Cicindela repanda repanda,48460/1/47120/372739/47158/184884/47208/340471/372884/49567/119895/373661/373919/49568/736941/82425,jpeg
http://inaturalist-open-data.s3.amazonaws.com/photos/76908475/large.jpg,Cicindela repanda repanda,48460/1/47120/372739/47158/184884/47208/340471/372884/49567/119895/373661/373919/49568/736941/82425,jpg
http://inaturalist-open-data.s3.amazonaws.com/photos/76906265/large.jpeg,Cicindela repanda repanda,48460/1/47120/372739/47158/184884/47208/340471/372884/49567/119895/373661/373919/49568/736941/82425,jpeg
http://inaturalist-open-data.s3.amazonaws.com/photos/77036815/large.jpg,Cicindela repanda repanda,48460/1/47120/372739/47158/184884/47208/340471/372884/49567/119895/373661/373919/49568/736941/82425,jpg
http://inaturalist-open-data.s3.amazonaws.com/photos/77260564/large.jpg,Cicindela repanda repanda,48460/1/47120/372739/47158/184884/47208/340471/372884/49567/119895/373661/373919/49568/736941/82425,jpg
http://inaturalist-open-data.s3.amazonaws.com/photos/78001475/large.jpg,Cicindela repanda repanda,48460/1/47120/372739/47158/184884/47208/340471/372884/49567/119895/373661/373919/49568/736941/82425,jpg
http://inaturalist-open-data.s3.amazonaws.com/photos/78001487/large.jpg,Cicindela repanda repanda,48460/1/47120/372739/47158/184884/47208/340471/372884/49567/119895/373661/373919/49568/736941/82425,jpg
http://inaturalist-open-data.s3.amazonaws.com/photos/78001506/large.jpg,Cicindela repanda repanda,48460/1/47120/372739/47158/184884/47208/340471/372884/49567/119895/373661/373919/49568/736941/82425,jpg
http://inaturalist-open-data.s3.amazonaws.com/photos/78001523/large.jpeg,Cicindela repanda repanda,48460/1/47120/372739/47158/184884/47208/340471/372884/49567/119895/373661/373919/49568/736941/82425,jpeg
http://inaturalist-open-data.s3.amazonaws.com/photos/78004261/large.jpg,Cicindela repanda repanda,48460/1/47120/372739/47158/184884/47208/340471/372884/49567/119895/373661/373919/49568/736941/82425,jpg
http://inaturalist-open-data.s3.amazonaws.com/photos/78004274/large.jpeg,Cicindela repanda repanda,48460/1/47120/372739/47158/184884/47208/340471/372884/49567/119895/373661/373919/49568/736941/82425,jpeg
http://inaturalist-open-data.s3.amazonaws.com/photos/78179457/large.jpeg,Cicindela repanda repanda,48460/1/47120/372739/47158/184884/47208/340471/372884/49567/119895/373661/373919/49568/736941/82425,jpeg
http://inaturalist-open-data.s3.amazonaws.com/photos/78369224/large.jpeg,Cicindela repanda repanda,48460/1/47120/372739/47158/184884/47208/340471/372884/49567/119895/373661/373919/49568/736941/82425,jpeg
http://inaturalist-open-data.s3.amazonaws.com/photos/78369242/large.jpeg,Cicindela repanda repanda,48460/1/47120/372739/47158/184884/47208/340471/372884/49567/119895/373661/373919/49568/736941/82425,jpeg
http://inaturalist-open-data.s3.amazonaws.com/photos/78369245/large.jpeg,Cicindela repanda repanda,48460/1/47120/372739/47158/184884/47208/340471/372884/49567/119895/373661/373919/49568/736941/82425,jpeg
http://inaturalist-open-data.s3.amazonaws.com/photos/78369251/large.jpeg,Cicindela repanda repanda,48460/1/47120/372739/47158/184884/47208/340471/372884/49567/119895/373661/373919/49568/736941/82425,jpeg
http://inaturalist-open-data.s3.amazonaws.com/photos/78369922/large.jpeg,Cicindela repanda repanda,48460/1/47120/372739/47158/184884/47208/340471/372884/49567/119895/373661/373919/49568/736941/82425,jpeg
http://inaturalist-open-data.s3.amazonaws.com/photos/78369927/large.jpeg,Cicindela repanda repanda,48460/1/47120/372739/47158/184884/47208/340471/372884/49567/119895/373661/373919/49568/736941/82425,jpeg
http://inaturalist-open-data.s3.amazonaws.com/photos/78373031/large.jpeg,Cicindela repanda repanda,48460/1/47120/372739/47158/184884/47208/340471/372884/49567/119895/373661/373919/49568/736941/82425,jpeg
http://inaturalist-open-data.s3.amazonaws.com/photos/78374007/large.jpeg,Cicindela repanda repanda,48460/1/47120/372739/47158/184884/47208/340471/372884/49567/119895/373661/373919/49568/736941/82425,jpeg
http://inaturalist-open-data.s3.amazonaws.com/photos/78374012/large.jpeg,Cicindela repanda repanda,48460/1/47120/372739/47158/184884/47208/340471/372884/49567/119895/373661/373919/49568/736941/82425,jpeg
http://inaturalist-open-data.s3.amazonaws.com/photos/78436943/large.jpeg,Cicindela repanda repanda,48460/1/47120/372739/47158/184884/47208/340471/372884/49567/119895/373661/373919/49568/736941/82425,jpeg
http://inaturalist-open-data.s3.amazonaws.com/photos/78692207/large.jpeg,Cicindela repanda repanda,48460/1/47120/372739/47158/184884/47208/340471/372884/49567/119895/373661/373919/49568/736941/82425,jpeg
http://inaturalist-open-data.s3.amazonaws.com/photos/79166512/large.jpeg,Cicindela repanda repanda,48460/1/47120/372739/47158/184884/47208/340471/372884/49567/119895/373661/373919/49568/736941/82425,jpeg
http://inaturalist-open-data.s3.amazonaws.com/photos/79166477/large.jpeg,Cicindela repanda repanda,48460/1/47120/372739/47158/184884/47208/340471/372884/49567/119895/373661/373919/49568/736941/82425,jpeg
http://inaturalist-open-data.s3.amazonaws.com/photos/79690006/large.jpeg,Cicindela repanda repanda,48460/1/47120/372739/47158/184884/47208/340471/372884/49567/119895/373661/373919/49568/736941/82425,jpeg
http://inaturalist-open-data.s3.amazonaws.com/photos/79710528/large.jpeg,Cicindela repanda repanda,48460/1/47120/372739/47158/184884/47208/340471/372884/49567/119895/373661/373919/49568/736941/82425,jpeg
http://inaturalist-open-data.s3.amazonaws.com/photos/79729138/large.jpg,Cicindela repanda repanda,48460/1/47120/372739/47158/184884/47208/340471/372884/49567/119895/373661/373919/49568/736941/82425,jpg
http://inaturalist-open-data.s3.amazonaws.com/photos/80535690/large.jpeg,Cicindela repanda repanda,48460/1/47120/372739/47158/184884/47208/340471/372884/49567/119895/373661/373919/49568/736941/82425,jpeg
http://inaturalist-open-data.s3.amazonaws.com/photos/81321884/large.jpeg,Cicindela repanda repanda,48460/1/47120/372739/47158/184884/47208/340471/372884/49567/119895/373661/373919/49568/736941/82425,jpeg
http://inaturalist-open-data.s3.amazonaws.com/photos/81321906/large.jpeg,Cicindela repanda repanda,48460/1/47120/372739/47158/184884/47208/340471/372884/49567/119895/373661/373919/49568/736941/82425,jpeg
http://inaturalist-open-data.s3.amazonaws.com/photos/81321975/large.jpeg,Cicindela repanda repanda,48460/1/47120/372739/47158/184884/47208/340471/372884/49567/119895/373661/373919/49568/736941/82425,jpeg
http://inaturalist-open-data.s3.amazonaws.com/photos/81322030/large.jpeg,Cicindela repanda repanda,48460/1/47120/372739/47158/184884/47208/340471/372884/49567/119895/373661/373919/49568/736941/82425,jpeg
http://inaturalist-open-data.s3.amazonaws.com/photos/81440496/large.jpeg,Cicindela repanda repanda,48460/1/47120/372739/47158/184884/47208/340471/372884/49567/119895/373661/373919/49568/736941/82425,jpeg
http://inaturalist-open-data.s3.amazonaws.com/photos/83472045/large.jpg,Cicindela repanda repanda,48460/1/47120/372739/47158/184884/47208/340471/372884/49567/119895/373661/373919/49568/736941/82425,jpg
http://inaturalist-open-data.s3.amazonaws.com/photos/85794080/large.jpeg,Cicindela repanda repanda,48460/1/47120/372739/47158/184884/47208/340471/372884/49567/119895/373661/373919/49568/736941/82425,jpeg
http://inaturalist-open-data.s3.amazonaws.com/photos/90124737/large.jpg,Cicindela repanda repanda,48460/1/47120/372739/47158/184884/47208/340471/372884/49567/119895/373661/373919/49568/736941/82425,jpg
http://inaturalist-open-data.s3.amazonaws.com/photos/90124670/large.jpg,Cicindela repanda repanda,48460/1/47120/372739/47158/184884/47208/340471/372884/49567/119895/373661/373919/49568/736941/82425,jpg
http://inaturalist-open-data.s3.amazonaws.com/photos/90124707/large.jpg,Cicindela repanda repanda,48460/1/47120/372739/47158/184884/47208/340471/372884/49567/119895/373661/373919/49568/736941/82425,jpg
http://inaturalist-open-data.s3.amazonaws.com/photos/90124685/large.jpg,Cicindela repanda repanda,48460/1/47120/372739/47158/184884/47208/340471/372884/49567/119895/373661/373919/49568/736941/82425,jpg
http://inaturalist-open-data.s3.amazonaws.com/photos/90597703/large.jpeg,Cicindela repanda repanda,48460/1/47120/372739/47158/184884/47208/340471/372884/49567/119895/373661/373919/49568/736941/82425,jpeg
http://inaturalist-open-data.s3.amazonaws.com/photos/90597732/large.jpeg,Cicindela repanda repanda,48460/1/47120/372739/47158/184884/47208/340471/372884/49567/119895/373661/373919/49568/736941/82425,jpeg
http://inaturalist-open-data.s3.amazonaws.com/photos/90597710/large.jpeg,Cicindela repanda repanda,48460/1/47120/372739/47158/184884/47208/340471/372884/49567/119895/373661/373919/49568/736941/82425,jpeg
http://inaturalist-open-data.s3.amazonaws.com/photos/90598032/large.jpeg,Cicindela repanda repanda,48460/1/47120/372739/47158/184884/47208/340471/372884/49567/119895/373661/373919/49568/736941/82425,jpeg
http://inaturalist-open-data.s3.amazonaws.com/photos/90598055/large.jpeg,Cicindela repanda repanda,48460/1/47120/372739/47158/184884/47208/340471/372884/49567/119895/373661/373919/49568/736941/82425,jpeg
http://inaturalist-open-data.s3.amazonaws.com/photos/90598076/large.jpeg,Cicindela repanda repanda,48460/1/47120/372739/47158/184884/47208/340471/372884/49567/119895/373661/373919/49568/736941/82425,jpeg
http://inaturalist-open-data.s3.amazonaws.com/photos/90598151/large.jpeg,Cicindela repanda repanda,48460/1/47120/372739/47158/184884/47208/340471/372884/49567/119895/373661/373919/49568/736941/82425,jpeg
http://inaturalist-open-data.s3.amazonaws.com/photos/90598135/large.jpeg,Cicindela repanda repanda,48460/1/47120/372739/47158/184884/47208/340471/372884/49567/119895/373661/373919/49568/736941/82425,jpeg
http://inaturalist-open-data.s3.amazonaws.com/photos/92310739/large.jpeg,Cicindela repanda repanda,48460/1/47120/372739/47158/184884/47208/340471/372884/49567/119895/373661/373919/49568/736941/82425,jpeg
http://inaturalist-open-data.s3.amazonaws.com/photos/92556641/large.jpeg,Cicindela repanda repanda,48460/1/47120/372739/47158/184884/47208/340471/372884/49567/119895/373661/373919/49568/736941/82425,jpeg
http://inaturalist-open-data.s3.amazonaws.com/photos/92556632/large.jpeg,Cicindela repanda repanda,48460/1/47120/372739/47158/184884/47208/340471/372884/49567/119895/373661/373919/49568/736941/82425,jpeg
http://inaturalist-open-data.s3.amazonaws.com/photos/92556650/large.jpeg,Cicindela repanda repanda,48460/1/47120/372739/47158/184884/47208/340471/372884/49567/119895/373661/373919/49568/736941/82425,jpeg
http://inaturalist-open-data.s3.amazonaws.com/photos/92556658/large.jpeg,Cicindela repanda repanda,48460/1/47120/372739/47158/184884/47208/340471/372884/49567/119895/373661/373919/49568/736941/82425,jpeg
http://inaturalist-open-data.s3.amazonaws.com/photos/94763391/large.jpg,Cicindela repanda repanda,48460/1/47120/372739/47158/184884/47208/340471/372884/49567/119895/373661/373919/49568/736941/82425,jpg
http://inaturalist-open-data.s3.amazonaws.com/photos/94865533/large.jpg,Cicindela repanda repanda,48460/1/47120/372739/47158/184884/47208/340471/372884/49567/119895/373661/373919/49568/736941/82425,jpg
http://inaturalist-open-data.s3.amazonaws.com/photos/94865542/large.jpg,Cicindela repanda repanda,48460/1/47120/372739/47158/184884/47208/340471/372884/49567/119895/373661/373919/49568/736941/82425,jpg
http://inaturalist-open-data.s3.amazonaws.com/photos/94865554/large.jpg,Cicindela repanda repanda,48460/1/47120/372739/47158/184884/47208/340471/372884/49567/119895/373661/373919/49568/736941/82425,jpg
http://inaturalist-open-data.s3.amazonaws.com/photos/95060471/large.jpg,Cicindela repanda repanda,48460/1/47120/372739/47158/184884/47208/340471/372884/49567/119895/373661/373919/49568/736941/82425,jpg
http://inaturalist-open-data.s3.amazonaws.com/photos/95060451/large.jpg,Cicindela repanda repanda,48460/1/47120/372739/47158/184884/47208/340471/372884/49567/119895/373661/373919/49568/736941/82425,jpg
http://inaturalist-open-data.s3.amazonaws.com/photos/95593919/large.jpeg,Cicindela repanda repanda,48460/1/47120/372739/47158/184884/47208/340471/372884/49567/119895/373661/373919/49568/736941/82425,jpeg
http://inaturalist-open-data.s3.amazonaws.com/photos/96448237/large.jpg,Cicindela repanda repanda,48460/1/47120/372739/47158/184884/47208/340471/372884/49567/119895/373661/373919/49568/736941/82425,jpg
http://inaturalist-open-data.s3.amazonaws.com/photos/96470563/large.jpeg,Cicindela repanda repanda,48460/1/47120/372739/47158/184884/47208/340471/372884/49567/119895/373661/373919/49568/736941/82425,jpeg
http://inaturalist-open-data.s3.amazonaws.com/photos/96498579/large.jpg,Cicindela repanda repanda,48460/1/47120/372739/47158/184884/47208/340471/372884/49567/119895/373661/373919/49568/736941/82425,jpg
http://inaturalist-open-data.s3.amazonaws.com/photos/96498594/large.jpg,Cicindela repanda repanda,48460/1/47120/372739/47158/184884/47208/340471/372884/49567/119895/373661/373919/49568/736941/82425,jpg
http://inaturalist-open-data.s3.amazonaws.com/photos/96498616/large.jpg,Cicindela repanda repanda,48460/1/47120/372739/47158/184884/47208/340471/372884/49567/119895/373661/373919/49568/736941/82425,jpg
http://inaturalist-open-data.s3.amazonaws.com/photos/97341104/large.jpg,Cicindela repanda repanda,48460/1/47120/372739/47158/184884/47208/340471/372884/49567/119895/373661/373919/49568/736941/82425,jpg
http://inaturalist-open-data.s3.amazonaws.com/photos/97620920/large.jpeg,Cicindela repanda repanda,48460/1/47120/372739/47158/184884/47208/340471/372884/49567/119895/373661/373919/49568/736941/82425,jpeg
http://inaturalist-open-data.s3.amazonaws.com/photos/97620963/large.jpeg,Cicindela repanda repanda,48460/1/47120/372739/47158/184884/47208/340471/372884/49567/119895/373661/373919/49568/736941/82425,jpeg
http://inaturalist-open-data.s3.amazonaws.com/photos/97790900/large.jpg,Cicindela repanda repanda,48460/1/47120/372739/47158/184884/47208/340471/372884/49567/119895/373661/373919/49568/736941/82425,jpg
http://inaturalist-open-data.s3.amazonaws.com/photos/97790858/large.jpg,Cicindela repanda repanda,48460/1/47120/372739/47158/184884/47208/340471/372884/49567/119895/373661/373919/49568/736941/82425,jpg
http://inaturalist-open-data.s3.amazonaws.com/photos/98745959/large.jpeg,Cicindela repanda repanda,48460/1/47120/372739/47158/184884/47208/340471/372884/49567/119895/373661/373919/49568/736941/82425,jpeg
http://inaturalist-open-data.s3.amazonaws.com/photos/98745759/large.jpeg,Cicindela repanda repanda,48460/1/47120/372739/47158/184884/47208/340471/372884/49567/119895/373661/373919/49568/736941/82425,jpeg
http://inaturalist-open-data.s3.amazonaws.com/photos/98746354/large.jpeg,Cicindela repanda repanda,48460/1/47120/372739/47158/184884/47208/340471/372884/49567/119895/373661/373919/49568/736941/82425,jpeg
http://inaturalist-open-data.s3.amazonaws.com/photos/98746200/large.jpeg,Cicindela repanda repanda,48460/1/47120/372739/47158/184884/47208/340471/372884/49567/119895/373661/373919/49568/736941/82425,jpeg
http://inaturalist-open-data.s3.amazonaws.com/photos/98746274/large.jpeg,Cicindela repanda repanda,48460/1/47120/372739/47158/184884/47208/340471/372884/49567/119895/373661/373919/49568/736941/82425,jpeg
http://inaturalist-open-data.s3.amazonaws.com/photos/98746320/large.jpeg,Cicindela repanda repanda,48460/1/47120/372739/47158/184884/47208/340471/372884/49567/119895/373661/373919/49568/736941/82425,jpeg
http://inaturalist-open-data.s3.amazonaws.com/photos/98747420/large.jpeg,Cicindela repanda repanda,48460/1/47120/372739/47158/184884/47208/340471/372884/49567/119895/373661/373919/49568/736941/82425,jpeg
http://inaturalist-open-data.s3.amazonaws.com/photos/98747329/large.jpeg,Cicindela repanda repanda,48460/1/47120/372739/47158/184884/47208/340471/372884/49567/119895/373661/373919/49568/736941/82425,jpeg
http://inaturalist-open-data.s3.amazonaws.com/photos/98748172/large.jpeg,Cicindela repanda repanda,48460/1/47120/372739/47158/184884/47208/340471/372884/49567/119895/373661/373919/49568/736941/82425,jpeg
http://inaturalist-open-data.s3.amazonaws.com/photos/98748401/large.jpeg,Cicindela repanda repanda,48460/1/47120/372739/47158/184884/47208/340471/372884/49567/119895/373661/373919/49568/736941/82425,jpeg
http://inaturalist-open-data.s3.amazonaws.com/photos/98749451/large.jpeg,Cicindela repanda repanda,48460/1/47120/372739/47158/184884/47208/340471/372884/49567/119895/373661/373919/49568/736941/82425,jpeg
http://inaturalist-open-data.s3.amazonaws.com/photos/98749234/large.jpeg,Cicindela repanda repanda,48460/1/47120/372739/47158/184884/47208/340471/372884/49567/119895/373661/373919/49568/736941/82425,jpeg
http://inaturalist-open-data.s3.amazonaws.com/photos/98749938/large.jpeg,Cicindela repanda repanda,48460/1/47120/372739/47158/184884/47208/340471/372884/49567/119895/373661/373919/49568/736941/82425,jpeg
http://inaturalist-open-data.s3.amazonaws.com/photos/98749793/large.jpeg,Cicindela repanda repanda,48460/1/47120/372739/47158/184884/47208/340471/372884/49567/119895/373661/373919/49568/736941/82425,jpeg
http://inaturalist-open-data.s3.amazonaws.com/photos/98750638/large.jpeg,Cicindela repanda repanda,48460/1/47120/372739/47158/184884/47208/340471/372884/49567/119895/373661/373919/49568/736941/82425,jpeg
http://inaturalist-open-data.s3.amazonaws.com/photos/98750780/large.jpeg,Cicindela repanda repanda,48460/1/47120/372739/47158/184884/47208/340471/372884/49567/119895/373661/373919/49568/736941/82425,jpeg
http://inaturalist-open-data.s3.amazonaws.com/photos/98750676/large.jpeg,Cicindela repanda repanda,48460/1/47120/372739/47158/184884/47208/340471/372884/49567/119895/373661/373919/49568/736941/82425,jpeg
http://inaturalist-open-data.s3.amazonaws.com/photos/98752749/large.jpeg,Cicindela repanda repanda,48460/1/47120/372739/47158/184884/47208/340471/372884/49567/119895/373661/373919/49568/736941/82425,jpeg
http://inaturalist-open-data.s3.amazonaws.com/photos/98752816/large.jpeg,Cicindela repanda repanda,48460/1/47120/372739/47158/184884/47208/340471/372884/49567/119895/373661/373919/49568/736941/82425,jpeg
http://inaturalist-open-data.s3.amazonaws.com/photos/98832449/large.jpeg,Cicindela repanda repanda,48460/1/47120/372739/47158/184884/47208/340471/372884/49567/119895/373661/373919/49568/736941/82425,jpeg
http://inaturalist-open-data.s3.amazonaws.com/photos/100034433/large.jpeg,Cicindela repanda repanda,48460/1/47120/372739/47158/184884/47208/340471/372884/49567/119895/373661/373919/49568/736941/82425,jpeg
http://inaturalist-open-data.s3.amazonaws.com/photos/103340429/large.jpg,Cicindela repanda repanda,48460/1/47120/372739/47158/184884/47208/340471/372884/49567/119895/373661/373919/49568/736941/82425,jpg
http://inaturalist-open-data.s3.amazonaws.com/photos/108951597/large.jpeg,Cicindela repanda repanda,48460/1/47120/372739/47158/184884/47208/340471/372884/49567/119895/373661/373919/49568/736941/82425,jpeg
http://inaturalist-open-data.s3.amazonaws.com/photos/108951654/large.jpeg,Cicindela repanda repanda,48460/1/47120/372739/47158/184884/47208/340471/372884/49567/119895/373661/373919/49568/736941/82425,jpeg
http://inaturalist-open-data.s3.amazonaws.com/photos/108951789/large.jpeg,Cicindela repanda repanda,48460/1/47120/372739/47158/184884/47208/340471/372884/49567/119895/373661/373919/49568/736941/82425,jpeg
http://inaturalist-open-data.s3.amazonaws.com/photos/108951927/large.jpeg,Cicindela repanda repanda,48460/1/47120/372739/47158/184884/47208/340471/372884/49567/119895/373661/373919/49568/736941/82425,jpeg
http://inaturalist-open-data.s3.amazonaws.com/photos/108951758/large.jpeg,Cicindela repanda repanda,48460/1/47120/372739/47158/184884/47208/340471/372884/49567/119895/373661/373919/49568/736941/82425,jpeg
http://inaturalist-open-data.s3.amazonaws.com/photos/108951942/large.jpeg,Cicindela repanda repanda,48460/1/47120/372739/47158/184884/47208/340471/372884/49567/119895/373661/373919/49568/736941/82425,jpeg
http://inaturalist-open-data.s3.amazonaws.com/photos/108951978/large.jpeg,Cicindela repanda repanda,48460/1/47120/372739/47158/184884/47208/340471/372884/49567/119895/373661/373919/49568/736941/82425,jpeg
http://inaturalist-open-data.s3.amazonaws.com/photos/108952169/large.jpeg,Cicindela repanda repanda,48460/1/47120/372739/47158/184884/47208/340471/372884/49567/119895/373661/373919/49568/736941/82425,jpeg
http://inaturalist-open-data.s3.amazonaws.com/photos/108952122/large.jpeg,Cicindela repanda repanda,48460/1/47120/372739/47158/184884/47208/340471/372884/49567/119895/373661/373919/49568/736941/82425,jpeg
http://inaturalist-open-data.s3.amazonaws.com/photos/108952089/large.jpeg,Cicindela repanda repanda,48460/1/47120/372739/47158/184884/47208/340471/372884/49567/119895/373661/373919/49568/736941/82425,jpeg
http://inaturalist-open-data.s3.amazonaws.com/photos/108952597/large.jpeg,Cicindela repanda repanda,48460/1/47120/372739/47158/184884/47208/340471/372884/49567/119895/373661/373919/49568/736941/82425,jpeg
http://inaturalist-open-data.s3.amazonaws.com/photos/108952619/large.jpeg,Cicindela repanda repanda,48460/1/47120/372739/47158/184884/47208/340471/372884/49567/119895/373661/373919/49568/736941/82425,jpeg
http://inaturalist-open-data.s3.amazonaws.com/photos/108952561/large.jpeg,Cicindela repanda repanda,48460/1/47120/372739/47158/184884/47208/340471/372884/49567/119895/373661/373919/49568/736941/82425,jpeg
http://inaturalist-open-data.s3.amazonaws.com/photos/110213607/large.jpg,Cicindela repanda repanda,48460/1/47120/372739/47158/184884/47208/340471/372884/49567/119895/373661/373919/49568/736941/82425,jpg
http://inaturalist-open-data.s3.amazonaws.com/photos/111988575/large.jpg,Cicindela repanda repanda,48460/1/47120/372739/47158/184884/47208/340471/372884/49567/119895/373661/373919/49568/736941/82425,jpg
http://inaturalist-open-data.s3.amazonaws.com/photos/127397549/large.jpeg,Cicindela repanda repanda,48460/1/47120/372739/47158/184884/47208/340471/372884/49567/119895/373661/373919/49568/736941/82425,jpeg
http://inaturalist-open-data.s3.amazonaws.com/photos/128299158/large.jpeg,Cicindela repanda repanda,48460/1/47120/372739/47158/184884/47208/340471/372884/49567/119895/373661/373919/49568/736941/82425,jpeg
http://inaturalist-open-data.s3.amazonaws.com/photos/128299164/large.jpeg,Cicindela repanda repanda,48460/1/47120/372739/47158/184884/47208/340471/372884/49567/119895/373661/373919/49568/736941/82425,jpeg
http://inaturalist-open-data.s3.amazonaws.com/photos/131680642/large.jpeg,Cicindela repanda repanda,48460/1/47120/372739/47158/184884/47208/340471/372884/49567/119895/373661/373919/49568/736941/82425,jpeg
http://inaturalist-open-data.s3.amazonaws.com/photos/141302614/large.jpeg,Cicindela repanda repanda,48460/1/47120/372739/47158/184884/47208/340471/372884/49567/119895/373661/373919/49568/736941/82425,jpeg
http://inaturalist-open-data.s3.amazonaws.com/photos/141302862/large.jpeg,Cicindela repanda repanda,48460/1/47120/372739/47158/184884/47208/340471/372884/49567/119895/373661/373919/49568/736941/82425,jpeg
http://inaturalist-open-data.s3.amazonaws.com/photos/141302853/large.jpeg,Cicindela repanda repanda,48460/1/47120/372739/47158/184884/47208/340471/372884/49567/119895/373661/373919/49568/736941/82425,jpeg
http://inaturalist-open-data.s3.amazonaws.com/photos/152966247/large.jpg,Cicindela repanda repanda,48460/1/47120/372739/47158/184884/47208/340471/372884/49567/119895/373661/373919/49568/736941/82425,jpg
http://inaturalist-open-data.s3.amazonaws.com/photos/152966250/large.jpg,Cicindela repanda repanda,48460/1/47120/372739/47158/184884/47208/340471/372884/49567/119895/373661/373919/49568/736941/82425,jpg
http://inaturalist-open-data.s3.amazonaws.com/photos/152966261/large.jpg,Cicindela repanda repanda,48460/1/47120/372739/47158/184884/47208/340471/372884/49567/119895/373661/373919/49568/736941/82425,jpg
http://inaturalist-open-data.s3.amazonaws.com/photos/152966271/large.jpg,Cicindela repanda repanda,48460/1/47120/372739/47158/184884/47208/340471/372884/49567/119895/373661/373919/49568/736941/82425,jpg
http://inaturalist-open-data.s3.amazonaws.com/photos/152966276/large.jpg,Cicindela repanda repanda,48460/1/47120/372739/47158/184884/47208/340471/372884/49567/119895/373661/373919/49568/736941/82425,jpg
http://inaturalist-open-data.s3.amazonaws.com/photos/152966279/large.jpg,Cicindela repanda repanda,48460/1/47120/372739/47158/184884/47208/340471/372884/49567/119895/373661/373919/49568/736941/82425,jpg
http://inaturalist-open-data.s3.amazonaws.com/photos/152966282/large.jpg,Cicindela repanda repanda,48460/1/47120/372739/47158/184884/47208/340471/372884/49567/119895/373661/373919/49568/736941/82425,jpg
http://inaturalist-open-data.s3.amazonaws.com/photos/152966288/large.jpg,Cicindela repanda repanda,48460/1/47120/372739/47158/184884/47208/340471/372884/49567/119895/373661/373919/49568/736941/82425,jpg
http://inaturalist-open-data.s3.amazonaws.com/photos/152966291/large.jpg,Cicindela repanda repanda,48460/1/47120/372739/47158/184884/47208/340471/372884/49567/119895/373661/373919/49568/736941/82425,jpg
http://inaturalist-open-data.s3.amazonaws.com/photos/152966295/large.jpg,Cicindela repanda repanda,48460/1/47120/372739/47158/184884/47208/340471/372884/49567/119895/373661/373919/49568/736941/82425,jpg
http://inaturalist-open-data.s3.amazonaws.com/photos/156368171/large.jpg,Cicindela repanda repanda,48460/1/47120/372739/47158/184884/47208/340471/372884/49567/119895/373661/373919/49568/736941/82425,jpg
http://inaturalist-open-data.s3.amazonaws.com/photos/156901035/large.jpeg,Cicindela repanda repanda,48460/1/47120/372739/47158/184884/47208/340471/372884/49567/119895/373661/373919/49568/736941/82425,jpeg
http://inaturalist-open-data.s3.amazonaws.com/photos/156901053/large.jpeg,Cicindela repanda repanda,48460/1/47120/372739/47158/184884/47208/340471/372884/49567/119895/373661/373919/49568/736941/82425,jpeg
http://inaturalist-open-data.s3.amazonaws.com/photos/162102456/large.jpg,Cicindela repanda repanda,48460/1/47120/372739/47158/184884/47208/340471/372884/49567/119895/373661/373919/49568/736941/82425,jpg
http://inaturalist-open-data.s3.amazonaws.com/photos/162102477/large.jpg,Cicindela repanda repanda,48460/1/47120/372739/47158/184884/47208/340471/372884/49567/119895/373661/373919/49568/736941/82425,jpg
http://inaturalist-open-data.s3.amazonaws.com/photos/162102493/large.jpg,Cicindela repanda repanda,48460/1/47120/372739/47158/184884/47208/340471/372884/49567/119895/373661/373919/49568/736941/82425,jpg
http://inaturalist-open-data.s3.amazonaws.com/photos/172922437/large.jpg,Cicindela repanda repanda,48460/1/47120/372739/47158/184884/47208/340471/372884/49567/119895/373661/373919/49568/736941/82425,jpg
http://inaturalist-open-data.s3.amazonaws.com/photos/172922451/large.jpg,Cicindela repanda repanda,48460/1/47120/372739/47158/184884/47208/340471/372884/49567/119895/373661/373919/49568/736941/82425,jpg
