photo_url_large,taxon_name,ancestry,extension
http://inaturalist-open-data.s3.amazonaws.com/photos/68288952/large.jpg,Cicindela trifasciata australis,48460/1/47120/372739/47158/184884/47208/340471/372884/49567/119895/373661/373919/49568/736865/128007,jpg
http://inaturalist-open-data.s3.amazonaws.com/photos/106752204/large.jpeg,Cicindela trifasciata australis,48460/1/47120/372739/47158/184884/47208/340471/372884/49567/119895/373661/373919/49568/736865/128007,jpeg
http://inaturalist-open-data.s3.amazonaws.com/photos/106752178/large.jpeg,Cicindela trifasciata australis,48460/1/47120/372739/47158/184884/47208/340471/372884/49567/119895/373661/373919/49568/736865/128007,jpeg
http://inaturalist-open-data.s3.amazonaws.com/photos/106752182/large.jpeg,Cicindela trifasciata australis,48460/1/47120/372739/47158/184884/47208/340471/372884/49567/119895/373661/373919/49568/736865/128007,jpeg
http://inaturalist-open-data.s3.amazonaws.com/photos/106752199/large.jpeg,Cicindela trifasciata australis,48460/1/47120/372739/47158/184884/47208/340471/372884/49567/119895/373661/373919/49568/736865/128007,jpeg
http://inaturalist-open-data.s3.amazonaws.com/photos/114018677/large.jpeg,Cicindela trifasciata australis,48460/1/47120/372739/47158/184884/47208/340471/372884/49567/119895/373661/373919/49568/736865/128007,jpeg
http://inaturalist-open-data.s3.amazonaws.com/photos/140654267/large.jpeg,Cicindela trifasciata australis,48460/1/47120/372739/47158/184884/47208/340471/372884/49567/119895/373661/373919/49568/736865/128007,jpeg
