photo_url_large,taxon_name,ancestry,extension
http://inaturalist-open-data.s3.amazonaws.com/photos/118877/large.JPG,Cicindela formosa generosa,48460/1/47120/372739/47158/184884/47208/340471/372884/49567/119895/373661/373919/49568/736941/82453,JPG
http://inaturalist-open-data.s3.amazonaws.com/photos/644110/large.JPG,Cicindela formosa generosa,48460/1/47120/372739/47158/184884/47208/340471/372884/49567/119895/373661/373919/49568/736941/82453,JPG
http://inaturalist-open-data.s3.amazonaws.com/photos/2693113/large.jpg,Cicindela formosa generosa,48460/1/47120/372739/47158/184884/47208/340471/372884/49567/119895/373661/373919/49568/736941/82453,jpg
http://inaturalist-open-data.s3.amazonaws.com/photos/2693112/large.jpg,Cicindela formosa generosa,48460/1/47120/372739/47158/184884/47208/340471/372884/49567/119895/373661/373919/49568/736941/82453,jpg
http://inaturalist-open-data.s3.amazonaws.com/photos/4450809/large.jpg,Cicindela formosa generosa,48460/1/47120/372739/47158/184884/47208/340471/372884/49567/119895/373661/373919/49568/736941/82453,jpg
http://inaturalist-open-data.s3.amazonaws.com/photos/6921290/large.jpeg,Cicindela formosa generosa,48460/1/47120/372739/47158/184884/47208/340471/372884/49567/119895/373661/373919/49568/736941/82453,jpeg
http://inaturalist-open-data.s3.amazonaws.com/photos/8152153/large.jpeg,Cicindela formosa generosa,48460/1/47120/372739/47158/184884/47208/340471/372884/49567/119895/373661/373919/49568/736941/82453,jpeg
http://inaturalist-open-data.s3.amazonaws.com/photos/8718639/large.jpg,Cicindela formosa generosa,48460/1/47120/372739/47158/184884/47208/340471/372884/49567/119895/373661/373919/49568/736941/82453,jpg
http://inaturalist-open-data.s3.amazonaws.com/photos/9517644/large.jpeg,Cicindela formosa generosa,48460/1/47120/372739/47158/184884/47208/340471/372884/49567/119895/373661/373919/49568/736941/82453,jpeg
http://inaturalist-open-data.s3.amazonaws.com/photos/9517648/large.jpeg,Cicindela formosa generosa,48460/1/47120/372739/47158/184884/47208/340471/372884/49567/119895/373661/373919/49568/736941/82453,jpeg
http://inaturalist-open-data.s3.amazonaws.com/photos/9517649/large.jpeg,Cicindela formosa generosa,48460/1/47120/372739/47158/184884/47208/340471/372884/49567/119895/373661/373919/49568/736941/82453,jpeg
http://inaturalist-open-data.s3.amazonaws.com/photos/9517657/large.jpeg,Cicindela formosa generosa,48460/1/47120/372739/47158/184884/47208/340471/372884/49567/119895/373661/373919/49568/736941/82453,jpeg
http://inaturalist-open-data.s3.amazonaws.com/photos/9517658/large.jpeg,Cicindela formosa generosa,48460/1/47120/372739/47158/184884/47208/340471/372884/49567/119895/373661/373919/49568/736941/82453,jpeg
http://inaturalist-open-data.s3.amazonaws.com/photos/9517654/large.jpeg,Cicindela formosa generosa,48460/1/47120/372739/47158/184884/47208/340471/372884/49567/119895/373661/373919/49568/736941/82453,jpeg
http://inaturalist-open-data.s3.amazonaws.com/photos/9517652/large.jpeg,Cicindela formosa generosa,48460/1/47120/372739/47158/184884/47208/340471/372884/49567/119895/373661/373919/49568/736941/82453,jpeg
http://inaturalist-open-data.s3.amazonaws.com/photos/9574476/large.jpg,Cicindela formosa generosa,48460/1/47120/372739/47158/184884/47208/340471/372884/49567/119895/373661/373919/49568/736941/82453,jpg
http://inaturalist-open-data.s3.amazonaws.com/photos/9574485/large.jpg,Cicindela formosa generosa,48460/1/47120/372739/47158/184884/47208/340471/372884/49567/119895/373661/373919/49568/736941/82453,jpg
http://inaturalist-open-data.s3.amazonaws.com/photos/9811005/large.jpg,Cicindela formosa generosa,48460/1/47120/372739/47158/184884/47208/340471/372884/49567/119895/373661/373919/49568/736941/82453,jpg
http://inaturalist-open-data.s3.amazonaws.com/photos/9816731/large.jpg,Cicindela formosa generosa,48460/1/47120/372739/47158/184884/47208/340471/372884/49567/119895/373661/373919/49568/736941/82453,jpg
http://inaturalist-open-data.s3.amazonaws.com/photos/9829269/large.jpeg,Cicindela formosa generosa,48460/1/47120/372739/47158/184884/47208/340471/372884/49567/119895/373661/373919/49568/736941/82453,jpeg
http://inaturalist-open-data.s3.amazonaws.com/photos/9829432/large.jpeg,Cicindela formosa generosa,48460/1/47120/372739/47158/184884/47208/340471/372884/49567/119895/373661/373919/49568/736941/82453,jpeg
http://inaturalist-open-data.s3.amazonaws.com/photos/11555923/large.jpeg,Cicindela formosa generosa,48460/1/47120/372739/47158/184884/47208/340471/372884/49567/119895/373661/373919/49568/736941/82453,jpeg
http://inaturalist-open-data.s3.amazonaws.com/photos/11624906/large.jpg,Cicindela formosa generosa,48460/1/47120/372739/47158/184884/47208/340471/372884/49567/119895/373661/373919/49568/736941/82453,jpg
http://inaturalist-open-data.s3.amazonaws.com/photos/11624917/large.jpg,Cicindela formosa generosa,48460/1/47120/372739/47158/184884/47208/340471/372884/49567/119895/373661/373919/49568/736941/82453,jpg
http://inaturalist-open-data.s3.amazonaws.com/photos/11624938/large.jpg,Cicindela formosa generosa,48460/1/47120/372739/47158/184884/47208/340471/372884/49567/119895/373661/373919/49568/736941/82453,jpg
http://inaturalist-open-data.s3.amazonaws.com/photos/11625003/large.jpg,Cicindela formosa generosa,48460/1/47120/372739/47158/184884/47208/340471/372884/49567/119895/373661/373919/49568/736941/82453,jpg
http://inaturalist-open-data.s3.amazonaws.com/photos/11624971/large.jpg,Cicindela formosa generosa,48460/1/47120/372739/47158/184884/47208/340471/372884/49567/119895/373661/373919/49568/736941/82453,jpg
http://inaturalist-open-data.s3.amazonaws.com/photos/11625313/large.jpg,Cicindela formosa generosa,48460/1/47120/372739/47158/184884/47208/340471/372884/49567/119895/373661/373919/49568/736941/82453,jpg
http://inaturalist-open-data.s3.amazonaws.com/photos/11625323/large.jpg,Cicindela formosa generosa,48460/1/47120/372739/47158/184884/47208/340471/372884/49567/119895/373661/373919/49568/736941/82453,jpg
http://inaturalist-open-data.s3.amazonaws.com/photos/12530764/large.jpeg,Cicindela formosa generosa,48460/1/47120/372739/47158/184884/47208/340471/372884/49567/119895/373661/373919/49568/736941/82453,jpeg
http://inaturalist-open-data.s3.amazonaws.com/photos/12530765/large.jpeg,Cicindela formosa generosa,48460/1/47120/372739/47158/184884/47208/340471/372884/49567/119895/373661/373919/49568/736941/82453,jpeg
http://inaturalist-open-data.s3.amazonaws.com/photos/12530768/large.jpeg,Cicindela formosa generosa,48460/1/47120/372739/47158/184884/47208/340471/372884/49567/119895/373661/373919/49568/736941/82453,jpeg
http://inaturalist-open-data.s3.amazonaws.com/photos/12530796/large.jpeg,Cicindela formosa generosa,48460/1/47120/372739/47158/184884/47208/340471/372884/49567/119895/373661/373919/49568/736941/82453,jpeg
http://inaturalist-open-data.s3.amazonaws.com/photos/17565913/large.jpg,Cicindela formosa generosa,48460/1/47120/372739/47158/184884/47208/340471/372884/49567/119895/373661/373919/49568/736941/82453,jpg
http://inaturalist-open-data.s3.amazonaws.com/photos/17565915/large.jpg,Cicindela formosa generosa,48460/1/47120/372739/47158/184884/47208/340471/372884/49567/119895/373661/373919/49568/736941/82453,jpg
http://inaturalist-open-data.s3.amazonaws.com/photos/18760469/large.jpg,Cicindela formosa generosa,48460/1/47120/372739/47158/184884/47208/340471/372884/49567/119895/373661/373919/49568/736941/82453,jpg
http://inaturalist-open-data.s3.amazonaws.com/photos/18773302/large.jpg,Cicindela formosa generosa,48460/1/47120/372739/47158/184884/47208/340471/372884/49567/119895/373661/373919/49568/736941/82453,jpg
http://inaturalist-open-data.s3.amazonaws.com/photos/18775208/large.jpg,Cicindela formosa generosa,48460/1/47120/372739/47158/184884/47208/340471/372884/49567/119895/373661/373919/49568/736941/82453,jpg
http://inaturalist-open-data.s3.amazonaws.com/photos/18775207/large.jpg,Cicindela formosa generosa,48460/1/47120/372739/47158/184884/47208/340471/372884/49567/119895/373661/373919/49568/736941/82453,jpg
http://inaturalist-open-data.s3.amazonaws.com/photos/18835964/large.jpeg,Cicindela formosa generosa,48460/1/47120/372739/47158/184884/47208/340471/372884/49567/119895/373661/373919/49568/736941/82453,jpeg
http://inaturalist-open-data.s3.amazonaws.com/photos/18916338/large.jpeg,Cicindela formosa generosa,48460/1/47120/372739/47158/184884/47208/340471/372884/49567/119895/373661/373919/49568/736941/82453,jpeg
http://inaturalist-open-data.s3.amazonaws.com/photos/19289856/large.jpeg,Cicindela formosa generosa,48460/1/47120/372739/47158/184884/47208/340471/372884/49567/119895/373661/373919/49568/736941/82453,jpeg
http://inaturalist-open-data.s3.amazonaws.com/photos/19325341/large.jpg,Cicindela formosa generosa,48460/1/47120/372739/47158/184884/47208/340471/372884/49567/119895/373661/373919/49568/736941/82453,jpg
http://inaturalist-open-data.s3.amazonaws.com/photos/19401944/large.jpg,Cicindela formosa generosa,48460/1/47120/372739/47158/184884/47208/340471/372884/49567/119895/373661/373919/49568/736941/82453,jpg
http://inaturalist-open-data.s3.amazonaws.com/photos/19787392/large.jpeg,Cicindela formosa generosa,48460/1/47120/372739/47158/184884/47208/340471/372884/49567/119895/373661/373919/49568/736941/82453,jpeg
http://inaturalist-open-data.s3.amazonaws.com/photos/19971372/large.jpg,Cicindela formosa generosa,48460/1/47120/372739/47158/184884/47208/340471/372884/49567/119895/373661/373919/49568/736941/82453,jpg
http://inaturalist-open-data.s3.amazonaws.com/photos/20285482/large.jpeg,Cicindela formosa generosa,48460/1/47120/372739/47158/184884/47208/340471/372884/49567/119895/373661/373919/49568/736941/82453,jpeg
http://inaturalist-open-data.s3.amazonaws.com/photos/20829310/large.jpeg,Cicindela formosa generosa,48460/1/47120/372739/47158/184884/47208/340471/372884/49567/119895/373661/373919/49568/736941/82453,jpeg
http://inaturalist-open-data.s3.amazonaws.com/photos/20865361/large.jpg,Cicindela formosa generosa,48460/1/47120/372739/47158/184884/47208/340471/372884/49567/119895/373661/373919/49568/736941/82453,jpg
http://inaturalist-open-data.s3.amazonaws.com/photos/20865412/large.jpg,Cicindela formosa generosa,48460/1/47120/372739/47158/184884/47208/340471/372884/49567/119895/373661/373919/49568/736941/82453,jpg
http://inaturalist-open-data.s3.amazonaws.com/photos/20865436/large.jpg,Cicindela formosa generosa,48460/1/47120/372739/47158/184884/47208/340471/372884/49567/119895/373661/373919/49568/736941/82453,jpg
http://inaturalist-open-data.s3.amazonaws.com/photos/21743465/large.jpg,Cicindela formosa generosa,48460/1/47120/372739/47158/184884/47208/340471/372884/49567/119895/373661/373919/49568/736941/82453,jpg
http://inaturalist-open-data.s3.amazonaws.com/photos/21850472/large.jpeg,Cicindela formosa generosa,48460/1/47120/372739/47158/184884/47208/340471/372884/49567/119895/373661/373919/49568/736941/82453,jpeg
http://inaturalist-open-data.s3.amazonaws.com/photos/21868884/large.jpg,Cicindela formosa generosa,48460/1/47120/372739/47158/184884/47208/340471/372884/49567/119895/373661/373919/49568/736941/82453,jpg
http://inaturalist-open-data.s3.amazonaws.com/photos/21868886/large.jpg,Cicindela formosa generosa,48460/1/47120/372739/47158/184884/47208/340471/372884/49567/119895/373661/373919/49568/736941/82453,jpg
http://inaturalist-open-data.s3.amazonaws.com/photos/21868893/large.jpg,Cicindela formosa generosa,48460/1/47120/372739/47158/184884/47208/340471/372884/49567/119895/373661/373919/49568/736941/82453,jpg
http://inaturalist-open-data.s3.amazonaws.com/photos/22427707/large.jpeg,Cicindela formosa generosa,48460/1/47120/372739/47158/184884/47208/340471/372884/49567/119895/373661/373919/49568/736941/82453,jpeg
http://inaturalist-open-data.s3.amazonaws.com/photos/22998668/large.jpeg,Cicindela formosa generosa,48460/1/47120/372739/47158/184884/47208/340471/372884/49567/119895/373661/373919/49568/736941/82453,jpeg
http://inaturalist-open-data.s3.amazonaws.com/photos/22998612/large.jpeg,Cicindela formosa generosa,48460/1/47120/372739/47158/184884/47208/340471/372884/49567/119895/373661/373919/49568/736941/82453,jpeg
http://inaturalist-open-data.s3.amazonaws.com/photos/22998540/large.jpeg,Cicindela formosa generosa,48460/1/47120/372739/47158/184884/47208/340471/372884/49567/119895/373661/373919/49568/736941/82453,jpeg
http://inaturalist-open-data.s3.amazonaws.com/photos/22998518/large.jpeg,Cicindela formosa generosa,48460/1/47120/372739/47158/184884/47208/340471/372884/49567/119895/373661/373919/49568/736941/82453,jpeg
http://inaturalist-open-data.s3.amazonaws.com/photos/23168212/large.jpg,Cicindela formosa generosa,48460/1/47120/372739/47158/184884/47208/340471/372884/49567/119895/373661/373919/49568/736941/82453,jpg
http://inaturalist-open-data.s3.amazonaws.com/photos/23186883/large.jpg,Cicindela formosa generosa,48460/1/47120/372739/47158/184884/47208/340471/372884/49567/119895/373661/373919/49568/736941/82453,jpg
http://inaturalist-open-data.s3.amazonaws.com/photos/23238142/large.jpg,Cicindela formosa generosa,48460/1/47120/372739/47158/184884/47208/340471/372884/49567/119895/373661/373919/49568/736941/82453,jpg
http://inaturalist-open-data.s3.amazonaws.com/photos/23238146/large.jpg,Cicindela formosa generosa,48460/1/47120/372739/47158/184884/47208/340471/372884/49567/119895/373661/373919/49568/736941/82453,jpg
http://inaturalist-open-data.s3.amazonaws.com/photos/23238152/large.jpg,Cicindela formosa generosa,48460/1/47120/372739/47158/184884/47208/340471/372884/49567/119895/373661/373919/49568/736941/82453,jpg
http://inaturalist-open-data.s3.amazonaws.com/photos/23382486/large.jpeg,Cicindela formosa generosa,48460/1/47120/372739/47158/184884/47208/340471/372884/49567/119895/373661/373919/49568/736941/82453,jpeg
http://inaturalist-open-data.s3.amazonaws.com/photos/23930386/large.jpg,Cicindela formosa generosa,48460/1/47120/372739/47158/184884/47208/340471/372884/49567/119895/373661/373919/49568/736941/82453,jpg
http://inaturalist-open-data.s3.amazonaws.com/photos/25201998/large.jpeg,Cicindela formosa generosa,48460/1/47120/372739/47158/184884/47208/340471/372884/49567/119895/373661/373919/49568/736941/82453,jpeg
http://inaturalist-open-data.s3.amazonaws.com/photos/25204140/large.jpeg,Cicindela formosa generosa,48460/1/47120/372739/47158/184884/47208/340471/372884/49567/119895/373661/373919/49568/736941/82453,jpeg
http://inaturalist-open-data.s3.amazonaws.com/photos/25204674/large.jpeg,Cicindela formosa generosa,48460/1/47120/372739/47158/184884/47208/340471/372884/49567/119895/373661/373919/49568/736941/82453,jpeg
http://inaturalist-open-data.s3.amazonaws.com/photos/25205936/large.jpg,Cicindela formosa generosa,48460/1/47120/372739/47158/184884/47208/340471/372884/49567/119895/373661/373919/49568/736941/82453,jpg
http://inaturalist-open-data.s3.amazonaws.com/photos/25455121/large.jpeg,Cicindela formosa generosa,48460/1/47120/372739/47158/184884/47208/340471/372884/49567/119895/373661/373919/49568/736941/82453,jpeg
http://inaturalist-open-data.s3.amazonaws.com/photos/27202156/large.jpeg,Cicindela formosa generosa,48460/1/47120/372739/47158/184884/47208/340471/372884/49567/119895/373661/373919/49568/736941/82453,jpeg
http://inaturalist-open-data.s3.amazonaws.com/photos/28726920/large.jpeg,Cicindela formosa generosa,48460/1/47120/372739/47158/184884/47208/340471/372884/49567/119895/373661/373919/49568/736941/82453,jpeg
http://inaturalist-open-data.s3.amazonaws.com/photos/30559015/large.jpeg,Cicindela formosa generosa,48460/1/47120/372739/47158/184884/47208/340471/372884/49567/119895/373661/373919/49568/736941/82453,jpeg
http://inaturalist-open-data.s3.amazonaws.com/photos/30983215/large.jpeg,Cicindela formosa generosa,48460/1/47120/372739/47158/184884/47208/340471/372884/49567/119895/373661/373919/49568/736941/82453,jpeg
http://inaturalist-open-data.s3.amazonaws.com/photos/30983222/large.jpeg,Cicindela formosa generosa,48460/1/47120/372739/47158/184884/47208/340471/372884/49567/119895/373661/373919/49568/736941/82453,jpeg
http://inaturalist-open-data.s3.amazonaws.com/photos/30983400/large.jpeg,Cicindela formosa generosa,48460/1/47120/372739/47158/184884/47208/340471/372884/49567/119895/373661/373919/49568/736941/82453,jpeg
http://inaturalist-open-data.s3.amazonaws.com/photos/30983404/large.jpeg,Cicindela formosa generosa,48460/1/47120/372739/47158/184884/47208/340471/372884/49567/119895/373661/373919/49568/736941/82453,jpeg
http://inaturalist-open-data.s3.amazonaws.com/photos/31422317/large.jpeg,Cicindela formosa generosa,48460/1/47120/372739/47158/184884/47208/340471/372884/49567/119895/373661/373919/49568/736941/82453,jpeg
http://inaturalist-open-data.s3.amazonaws.com/photos/31422360/large.jpeg,Cicindela formosa generosa,48460/1/47120/372739/47158/184884/47208/340471/372884/49567/119895/373661/373919/49568/736941/82453,jpeg
http://inaturalist-open-data.s3.amazonaws.com/photos/32166064/large.jpeg,Cicindela formosa generosa,48460/1/47120/372739/47158/184884/47208/340471/372884/49567/119895/373661/373919/49568/736941/82453,jpeg
http://inaturalist-open-data.s3.amazonaws.com/photos/32166192/large.jpeg,Cicindela formosa generosa,48460/1/47120/372739/47158/184884/47208/340471/372884/49567/119895/373661/373919/49568/736941/82453,jpeg
http://inaturalist-open-data.s3.amazonaws.com/photos/33733857/large.jpeg,Cicindela formosa generosa,48460/1/47120/372739/47158/184884/47208/340471/372884/49567/119895/373661/373919/49568/736941/82453,jpeg
http://inaturalist-open-data.s3.amazonaws.com/photos/37016905/large.jpg,Cicindela formosa generosa,48460/1/47120/372739/47158/184884/47208/340471/372884/49567/119895/373661/373919/49568/736941/82453,jpg
http://inaturalist-open-data.s3.amazonaws.com/photos/37743740/large.jpeg,Cicindela formosa generosa,48460/1/47120/372739/47158/184884/47208/340471/372884/49567/119895/373661/373919/49568/736941/82453,jpeg
http://inaturalist-open-data.s3.amazonaws.com/photos/39271635/large.jpeg,Cicindela formosa generosa,48460/1/47120/372739/47158/184884/47208/340471/372884/49567/119895/373661/373919/49568/736941/82453,jpeg
http://inaturalist-open-data.s3.amazonaws.com/photos/39271644/large.jpeg,Cicindela formosa generosa,48460/1/47120/372739/47158/184884/47208/340471/372884/49567/119895/373661/373919/49568/736941/82453,jpeg
http://inaturalist-open-data.s3.amazonaws.com/photos/39271664/large.jpeg,Cicindela formosa generosa,48460/1/47120/372739/47158/184884/47208/340471/372884/49567/119895/373661/373919/49568/736941/82453,jpeg
http://inaturalist-open-data.s3.amazonaws.com/photos/39271692/large.jpeg,Cicindela formosa generosa,48460/1/47120/372739/47158/184884/47208/340471/372884/49567/119895/373661/373919/49568/736941/82453,jpeg
http://inaturalist-open-data.s3.amazonaws.com/photos/39685083/large.jpeg,Cicindela formosa generosa,48460/1/47120/372739/47158/184884/47208/340471/372884/49567/119895/373661/373919/49568/736941/82453,jpeg
http://inaturalist-open-data.s3.amazonaws.com/photos/40478935/large.jpeg,Cicindela formosa generosa,48460/1/47120/372739/47158/184884/47208/340471/372884/49567/119895/373661/373919/49568/736941/82453,jpeg
http://inaturalist-open-data.s3.amazonaws.com/photos/40482474/large.jpeg,Cicindela formosa generosa,48460/1/47120/372739/47158/184884/47208/340471/372884/49567/119895/373661/373919/49568/736941/82453,jpeg
http://inaturalist-open-data.s3.amazonaws.com/photos/40526901/large.jpeg,Cicindela formosa generosa,48460/1/47120/372739/47158/184884/47208/340471/372884/49567/119895/373661/373919/49568/736941/82453,jpeg
http://inaturalist-open-data.s3.amazonaws.com/photos/40685621/large.jpeg,Cicindela formosa generosa,48460/1/47120/372739/47158/184884/47208/340471/372884/49567/119895/373661/373919/49568/736941/82453,jpeg
http://inaturalist-open-data.s3.amazonaws.com/photos/41337720/large.jpg,Cicindela formosa generosa,48460/1/47120/372739/47158/184884/47208/340471/372884/49567/119895/373661/373919/49568/736941/82453,jpg
http://inaturalist-open-data.s3.amazonaws.com/photos/41772821/large.jpg,Cicindela formosa generosa,48460/1/47120/372739/47158/184884/47208/340471/372884/49567/119895/373661/373919/49568/736941/82453,jpg
http://inaturalist-open-data.s3.amazonaws.com/photos/41825401/large.jpg,Cicindela formosa generosa,48460/1/47120/372739/47158/184884/47208/340471/372884/49567/119895/373661/373919/49568/736941/82453,jpg
http://inaturalist-open-data.s3.amazonaws.com/photos/41985245/large.jpg,Cicindela formosa generosa,48460/1/47120/372739/47158/184884/47208/340471/372884/49567/119895/373661/373919/49568/736941/82453,jpg
http://inaturalist-open-data.s3.amazonaws.com/photos/42243991/large.jpg,Cicindela formosa generosa,48460/1/47120/372739/47158/184884/47208/340471/372884/49567/119895/373661/373919/49568/736941/82453,jpg
http://inaturalist-open-data.s3.amazonaws.com/photos/52017974/large.jpg,Cicindela formosa generosa,48460/1/47120/372739/47158/184884/47208/340471/372884/49567/119895/373661/373919/49568/736941/82453,jpg
http://inaturalist-open-data.s3.amazonaws.com/photos/44000566/large.jpg,Cicindela formosa generosa,48460/1/47120/372739/47158/184884/47208/340471/372884/49567/119895/373661/373919/49568/736941/82453,jpg
http://inaturalist-open-data.s3.amazonaws.com/photos/44102040/large.jpg,Cicindela formosa generosa,48460/1/47120/372739/47158/184884/47208/340471/372884/49567/119895/373661/373919/49568/736941/82453,jpg
http://inaturalist-open-data.s3.amazonaws.com/photos/44102083/large.jpg,Cicindela formosa generosa,48460/1/47120/372739/47158/184884/47208/340471/372884/49567/119895/373661/373919/49568/736941/82453,jpg
http://inaturalist-open-data.s3.amazonaws.com/photos/44449295/large.jpeg,Cicindela formosa generosa,48460/1/47120/372739/47158/184884/47208/340471/372884/49567/119895/373661/373919/49568/736941/82453,jpeg
http://inaturalist-open-data.s3.amazonaws.com/photos/44679393/large.jpg,Cicindela formosa generosa,48460/1/47120/372739/47158/184884/47208/340471/372884/49567/119895/373661/373919/49568/736941/82453,jpg
http://inaturalist-open-data.s3.amazonaws.com/photos/45193473/large.jpg,Cicindela formosa generosa,48460/1/47120/372739/47158/184884/47208/340471/372884/49567/119895/373661/373919/49568/736941/82453,jpg
http://inaturalist-open-data.s3.amazonaws.com/photos/45302737/large.jpg,Cicindela formosa generosa,48460/1/47120/372739/47158/184884/47208/340471/372884/49567/119895/373661/373919/49568/736941/82453,jpg
http://inaturalist-open-data.s3.amazonaws.com/photos/45428935/large.jpg,Cicindela formosa generosa,48460/1/47120/372739/47158/184884/47208/340471/372884/49567/119895/373661/373919/49568/736941/82453,jpg
http://inaturalist-open-data.s3.amazonaws.com/photos/45894233/large.jpg,Cicindela formosa generosa,48460/1/47120/372739/47158/184884/47208/340471/372884/49567/119895/373661/373919/49568/736941/82453,jpg
http://inaturalist-open-data.s3.amazonaws.com/photos/46714787/large.jpg,Cicindela formosa generosa,48460/1/47120/372739/47158/184884/47208/340471/372884/49567/119895/373661/373919/49568/736941/82453,jpg
http://inaturalist-open-data.s3.amazonaws.com/photos/46714794/large.jpg,Cicindela formosa generosa,48460/1/47120/372739/47158/184884/47208/340471/372884/49567/119895/373661/373919/49568/736941/82453,jpg
http://inaturalist-open-data.s3.amazonaws.com/photos/47297710/large.jpg,Cicindela formosa generosa,48460/1/47120/372739/47158/184884/47208/340471/372884/49567/119895/373661/373919/49568/736941/82453,jpg
http://inaturalist-open-data.s3.amazonaws.com/photos/47297723/large.jpg,Cicindela formosa generosa,48460/1/47120/372739/47158/184884/47208/340471/372884/49567/119895/373661/373919/49568/736941/82453,jpg
http://inaturalist-open-data.s3.amazonaws.com/photos/47298337/large.jpg,Cicindela formosa generosa,48460/1/47120/372739/47158/184884/47208/340471/372884/49567/119895/373661/373919/49568/736941/82453,jpg
http://inaturalist-open-data.s3.amazonaws.com/photos/47475203/large.jpg,Cicindela formosa generosa,48460/1/47120/372739/47158/184884/47208/340471/372884/49567/119895/373661/373919/49568/736941/82453,jpg
http://inaturalist-open-data.s3.amazonaws.com/photos/47708513/large.jpg,Cicindela formosa generosa,48460/1/47120/372739/47158/184884/47208/340471/372884/49567/119895/373661/373919/49568/736941/82453,jpg
http://inaturalist-open-data.s3.amazonaws.com/photos/48018594/large.jpeg,Cicindela formosa generosa,48460/1/47120/372739/47158/184884/47208/340471/372884/49567/119895/373661/373919/49568/736941/82453,jpeg
http://inaturalist-open-data.s3.amazonaws.com/photos/48018587/large.jpeg,Cicindela formosa generosa,48460/1/47120/372739/47158/184884/47208/340471/372884/49567/119895/373661/373919/49568/736941/82453,jpeg
http://inaturalist-open-data.s3.amazonaws.com/photos/48727855/large.jpeg,Cicindela formosa generosa,48460/1/47120/372739/47158/184884/47208/340471/372884/49567/119895/373661/373919/49568/736941/82453,jpeg
http://inaturalist-open-data.s3.amazonaws.com/photos/49816757/large.jpg,Cicindela formosa generosa,48460/1/47120/372739/47158/184884/47208/340471/372884/49567/119895/373661/373919/49568/736941/82453,jpg
http://inaturalist-open-data.s3.amazonaws.com/photos/49816793/large.jpg,Cicindela formosa generosa,48460/1/47120/372739/47158/184884/47208/340471/372884/49567/119895/373661/373919/49568/736941/82453,jpg
http://inaturalist-open-data.s3.amazonaws.com/photos/49816774/large.jpg,Cicindela formosa generosa,48460/1/47120/372739/47158/184884/47208/340471/372884/49567/119895/373661/373919/49568/736941/82453,jpg
http://inaturalist-open-data.s3.amazonaws.com/photos/49849361/large.jpg,Cicindela formosa generosa,48460/1/47120/372739/47158/184884/47208/340471/372884/49567/119895/373661/373919/49568/736941/82453,jpg
http://inaturalist-open-data.s3.amazonaws.com/photos/51478868/large.jpeg,Cicindela formosa generosa,48460/1/47120/372739/47158/184884/47208/340471/372884/49567/119895/373661/373919/49568/736941/82453,jpeg
http://inaturalist-open-data.s3.amazonaws.com/photos/51478860/large.jpeg,Cicindela formosa generosa,48460/1/47120/372739/47158/184884/47208/340471/372884/49567/119895/373661/373919/49568/736941/82453,jpeg
http://inaturalist-open-data.s3.amazonaws.com/photos/51954075/large.jpg,Cicindela formosa generosa,48460/1/47120/372739/47158/184884/47208/340471/372884/49567/119895/373661/373919/49568/736941/82453,jpg
http://inaturalist-open-data.s3.amazonaws.com/photos/53445661/large.jpg,Cicindela formosa generosa,48460/1/47120/372739/47158/184884/47208/340471/372884/49567/119895/373661/373919/49568/736941/82453,jpg
http://inaturalist-open-data.s3.amazonaws.com/photos/53445653/large.jpg,Cicindela formosa generosa,48460/1/47120/372739/47158/184884/47208/340471/372884/49567/119895/373661/373919/49568/736941/82453,jpg
http://inaturalist-open-data.s3.amazonaws.com/photos/53445658/large.jpg,Cicindela formosa generosa,48460/1/47120/372739/47158/184884/47208/340471/372884/49567/119895/373661/373919/49568/736941/82453,jpg
http://inaturalist-open-data.s3.amazonaws.com/photos/53445665/large.jpg,Cicindela formosa generosa,48460/1/47120/372739/47158/184884/47208/340471/372884/49567/119895/373661/373919/49568/736941/82453,jpg
http://inaturalist-open-data.s3.amazonaws.com/photos/53445672/large.jpg,Cicindela formosa generosa,48460/1/47120/372739/47158/184884/47208/340471/372884/49567/119895/373661/373919/49568/736941/82453,jpg
http://inaturalist-open-data.s3.amazonaws.com/photos/53445676/large.jpg,Cicindela formosa generosa,48460/1/47120/372739/47158/184884/47208/340471/372884/49567/119895/373661/373919/49568/736941/82453,jpg
http://inaturalist-open-data.s3.amazonaws.com/photos/55403675/large.jpeg,Cicindela formosa generosa,48460/1/47120/372739/47158/184884/47208/340471/372884/49567/119895/373661/373919/49568/736941/82453,jpeg
http://inaturalist-open-data.s3.amazonaws.com/photos/56476384/large.jpeg,Cicindela formosa generosa,48460/1/47120/372739/47158/184884/47208/340471/372884/49567/119895/373661/373919/49568/736941/82453,jpeg
http://inaturalist-open-data.s3.amazonaws.com/photos/56476403/large.jpeg,Cicindela formosa generosa,48460/1/47120/372739/47158/184884/47208/340471/372884/49567/119895/373661/373919/49568/736941/82453,jpeg
http://inaturalist-open-data.s3.amazonaws.com/photos/56476391/large.jpeg,Cicindela formosa generosa,48460/1/47120/372739/47158/184884/47208/340471/372884/49567/119895/373661/373919/49568/736941/82453,jpeg
http://inaturalist-open-data.s3.amazonaws.com/photos/56476409/large.jpeg,Cicindela formosa generosa,48460/1/47120/372739/47158/184884/47208/340471/372884/49567/119895/373661/373919/49568/736941/82453,jpeg
http://inaturalist-open-data.s3.amazonaws.com/photos/56476416/large.jpeg,Cicindela formosa generosa,48460/1/47120/372739/47158/184884/47208/340471/372884/49567/119895/373661/373919/49568/736941/82453,jpeg
http://inaturalist-open-data.s3.amazonaws.com/photos/56476418/large.jpeg,Cicindela formosa generosa,48460/1/47120/372739/47158/184884/47208/340471/372884/49567/119895/373661/373919/49568/736941/82453,jpeg
http://inaturalist-open-data.s3.amazonaws.com/photos/56476423/large.jpeg,Cicindela formosa generosa,48460/1/47120/372739/47158/184884/47208/340471/372884/49567/119895/373661/373919/49568/736941/82453,jpeg
http://inaturalist-open-data.s3.amazonaws.com/photos/58309578/large.jpg,Cicindela formosa generosa,48460/1/47120/372739/47158/184884/47208/340471/372884/49567/119895/373661/373919/49568/736941/82453,jpg
http://inaturalist-open-data.s3.amazonaws.com/photos/58328319/large.jpeg,Cicindela formosa generosa,48460/1/47120/372739/47158/184884/47208/340471/372884/49567/119895/373661/373919/49568/736941/82453,jpeg
http://inaturalist-open-data.s3.amazonaws.com/photos/58328755/large.jpeg,Cicindela formosa generosa,48460/1/47120/372739/47158/184884/47208/340471/372884/49567/119895/373661/373919/49568/736941/82453,jpeg
http://inaturalist-open-data.s3.amazonaws.com/photos/58926872/large.jpg,Cicindela formosa generosa,48460/1/47120/372739/47158/184884/47208/340471/372884/49567/119895/373661/373919/49568/736941/82453,jpg
http://inaturalist-open-data.s3.amazonaws.com/photos/58926889/large.jpg,Cicindela formosa generosa,48460/1/47120/372739/47158/184884/47208/340471/372884/49567/119895/373661/373919/49568/736941/82453,jpg
http://inaturalist-open-data.s3.amazonaws.com/photos/61951821/large.jpg,Cicindela formosa generosa,48460/1/47120/372739/47158/184884/47208/340471/372884/49567/119895/373661/373919/49568/736941/82453,jpg
http://inaturalist-open-data.s3.amazonaws.com/photos/63274088/large.jpeg,Cicindela formosa generosa,48460/1/47120/372739/47158/184884/47208/340471/372884/49567/119895/373661/373919/49568/736941/82453,jpeg
http://inaturalist-open-data.s3.amazonaws.com/photos/63802617/large.jpg,Cicindela formosa generosa,48460/1/47120/372739/47158/184884/47208/340471/372884/49567/119895/373661/373919/49568/736941/82453,jpg
http://inaturalist-open-data.s3.amazonaws.com/photos/63916650/large.jpg,Cicindela formosa generosa,48460/1/47120/372739/47158/184884/47208/340471/372884/49567/119895/373661/373919/49568/736941/82453,jpg
http://inaturalist-open-data.s3.amazonaws.com/photos/66807589/large.jpeg,Cicindela formosa generosa,48460/1/47120/372739/47158/184884/47208/340471/372884/49567/119895/373661/373919/49568/736941/82453,jpeg
http://inaturalist-open-data.s3.amazonaws.com/photos/66807630/large.jpeg,Cicindela formosa generosa,48460/1/47120/372739/47158/184884/47208/340471/372884/49567/119895/373661/373919/49568/736941/82453,jpeg
http://inaturalist-open-data.s3.amazonaws.com/photos/66946199/large.jpeg,Cicindela formosa generosa,48460/1/47120/372739/47158/184884/47208/340471/372884/49567/119895/373661/373919/49568/736941/82453,jpeg
http://inaturalist-open-data.s3.amazonaws.com/photos/67367332/large.jpeg,Cicindela formosa generosa,48460/1/47120/372739/47158/184884/47208/340471/372884/49567/119895/373661/373919/49568/736941/82453,jpeg
http://inaturalist-open-data.s3.amazonaws.com/photos/67366849/large.jpeg,Cicindela formosa generosa,48460/1/47120/372739/47158/184884/47208/340471/372884/49567/119895/373661/373919/49568/736941/82453,jpeg
http://inaturalist-open-data.s3.amazonaws.com/photos/69474621/large.jpg,Cicindela formosa generosa,48460/1/47120/372739/47158/184884/47208/340471/372884/49567/119895/373661/373919/49568/736941/82453,jpg
http://inaturalist-open-data.s3.amazonaws.com/photos/69474674/large.jpg,Cicindela formosa generosa,48460/1/47120/372739/47158/184884/47208/340471/372884/49567/119895/373661/373919/49568/736941/82453,jpg
http://inaturalist-open-data.s3.amazonaws.com/photos/69641602/large.jpg,Cicindela formosa generosa,48460/1/47120/372739/47158/184884/47208/340471/372884/49567/119895/373661/373919/49568/736941/82453,jpg
http://inaturalist-open-data.s3.amazonaws.com/photos/70760116/large.jpeg,Cicindela formosa generosa,48460/1/47120/372739/47158/184884/47208/340471/372884/49567/119895/373661/373919/49568/736941/82453,jpeg
http://inaturalist-open-data.s3.amazonaws.com/photos/70809107/large.jpg,Cicindela formosa generosa,48460/1/47120/372739/47158/184884/47208/340471/372884/49567/119895/373661/373919/49568/736941/82453,jpg
http://inaturalist-open-data.s3.amazonaws.com/photos/70991234/large.jpg,Cicindela formosa generosa,48460/1/47120/372739/47158/184884/47208/340471/372884/49567/119895/373661/373919/49568/736941/82453,jpg
http://inaturalist-open-data.s3.amazonaws.com/photos/71011704/large.jpg,Cicindela formosa generosa,48460/1/47120/372739/47158/184884/47208/340471/372884/49567/119895/373661/373919/49568/736941/82453,jpg
http://inaturalist-open-data.s3.amazonaws.com/photos/71011627/large.jpg,Cicindela formosa generosa,48460/1/47120/372739/47158/184884/47208/340471/372884/49567/119895/373661/373919/49568/736941/82453,jpg
http://inaturalist-open-data.s3.amazonaws.com/photos/71011535/large.jpg,Cicindela formosa generosa,48460/1/47120/372739/47158/184884/47208/340471/372884/49567/119895/373661/373919/49568/736941/82453,jpg
http://inaturalist-open-data.s3.amazonaws.com/photos/71011324/large.jpg,Cicindela formosa generosa,48460/1/47120/372739/47158/184884/47208/340471/372884/49567/119895/373661/373919/49568/736941/82453,jpg
http://inaturalist-open-data.s3.amazonaws.com/photos/71207661/large.jpg,Cicindela formosa generosa,48460/1/47120/372739/47158/184884/47208/340471/372884/49567/119895/373661/373919/49568/736941/82453,jpg
http://inaturalist-open-data.s3.amazonaws.com/photos/71551038/large.jpg,Cicindela formosa generosa,48460/1/47120/372739/47158/184884/47208/340471/372884/49567/119895/373661/373919/49568/736941/82453,jpg
http://inaturalist-open-data.s3.amazonaws.com/photos/72834840/large.jpg,Cicindela formosa generosa,48460/1/47120/372739/47158/184884/47208/340471/372884/49567/119895/373661/373919/49568/736941/82453,jpg
http://inaturalist-open-data.s3.amazonaws.com/photos/72834846/large.jpg,Cicindela formosa generosa,48460/1/47120/372739/47158/184884/47208/340471/372884/49567/119895/373661/373919/49568/736941/82453,jpg
http://inaturalist-open-data.s3.amazonaws.com/photos/73141492/large.jpg,Cicindela formosa generosa,48460/1/47120/372739/47158/184884/47208/340471/372884/49567/119895/373661/373919/49568/736941/82453,jpg
http://inaturalist-open-data.s3.amazonaws.com/photos/73265169/large.jpg,Cicindela formosa generosa,48460/1/47120/372739/47158/184884/47208/340471/372884/49567/119895/373661/373919/49568/736941/82453,jpg
http://inaturalist-open-data.s3.amazonaws.com/photos/74091052/large.jpeg,Cicindela formosa generosa,48460/1/47120/372739/47158/184884/47208/340471/372884/49567/119895/373661/373919/49568/736941/82453,jpeg
http://inaturalist-open-data.s3.amazonaws.com/photos/74091084/large.jpeg,Cicindela formosa generosa,48460/1/47120/372739/47158/184884/47208/340471/372884/49567/119895/373661/373919/49568/736941/82453,jpeg
http://inaturalist-open-data.s3.amazonaws.com/photos/74091111/large.jpeg,Cicindela formosa generosa,48460/1/47120/372739/47158/184884/47208/340471/372884/49567/119895/373661/373919/49568/736941/82453,jpeg
http://inaturalist-open-data.s3.amazonaws.com/photos/74345794/large.jpg,Cicindela formosa generosa,48460/1/47120/372739/47158/184884/47208/340471/372884/49567/119895/373661/373919/49568/736941/82453,jpg
http://inaturalist-open-data.s3.amazonaws.com/photos/74345964/large.jpg,Cicindela formosa generosa,48460/1/47120/372739/47158/184884/47208/340471/372884/49567/119895/373661/373919/49568/736941/82453,jpg
http://inaturalist-open-data.s3.amazonaws.com/photos/74345943/large.jpg,Cicindela formosa generosa,48460/1/47120/372739/47158/184884/47208/340471/372884/49567/119895/373661/373919/49568/736941/82453,jpg
http://inaturalist-open-data.s3.amazonaws.com/photos/74346040/large.jpg,Cicindela formosa generosa,48460/1/47120/372739/47158/184884/47208/340471/372884/49567/119895/373661/373919/49568/736941/82453,jpg
http://inaturalist-open-data.s3.amazonaws.com/photos/74346057/large.jpg,Cicindela formosa generosa,48460/1/47120/372739/47158/184884/47208/340471/372884/49567/119895/373661/373919/49568/736941/82453,jpg
http://inaturalist-open-data.s3.amazonaws.com/photos/74346261/large.jpg,Cicindela formosa generosa,48460/1/47120/372739/47158/184884/47208/340471/372884/49567/119895/373661/373919/49568/736941/82453,jpg
http://inaturalist-open-data.s3.amazonaws.com/photos/74346244/large.jpg,Cicindela formosa generosa,48460/1/47120/372739/47158/184884/47208/340471/372884/49567/119895/373661/373919/49568/736941/82453,jpg
http://inaturalist-open-data.s3.amazonaws.com/photos/74594943/large.jpg,Cicindela formosa generosa,48460/1/47120/372739/47158/184884/47208/340471/372884/49567/119895/373661/373919/49568/736941/82453,jpg
http://inaturalist-open-data.s3.amazonaws.com/photos/74824827/large.jpeg,Cicindela formosa generosa,48460/1/47120/372739/47158/184884/47208/340471/372884/49567/119895/373661/373919/49568/736941/82453,jpeg
http://inaturalist-open-data.s3.amazonaws.com/photos/74826110/large.jpeg,Cicindela formosa generosa,48460/1/47120/372739/47158/184884/47208/340471/372884/49567/119895/373661/373919/49568/736941/82453,jpeg
http://inaturalist-open-data.s3.amazonaws.com/photos/75110860/large.jpg,Cicindela formosa generosa,48460/1/47120/372739/47158/184884/47208/340471/372884/49567/119895/373661/373919/49568/736941/82453,jpg
http://inaturalist-open-data.s3.amazonaws.com/photos/75110837/large.jpg,Cicindela formosa generosa,48460/1/47120/372739/47158/184884/47208/340471/372884/49567/119895/373661/373919/49568/736941/82453,jpg
http://inaturalist-open-data.s3.amazonaws.com/photos/75110848/large.jpg,Cicindela formosa generosa,48460/1/47120/372739/47158/184884/47208/340471/372884/49567/119895/373661/373919/49568/736941/82453,jpg
http://inaturalist-open-data.s3.amazonaws.com/photos/75359507/large.jpeg,Cicindela formosa generosa,48460/1/47120/372739/47158/184884/47208/340471/372884/49567/119895/373661/373919/49568/736941/82453,jpeg
http://inaturalist-open-data.s3.amazonaws.com/photos/75594933/large.jpg,Cicindela formosa generosa,48460/1/47120/372739/47158/184884/47208/340471/372884/49567/119895/373661/373919/49568/736941/82453,jpg
http://inaturalist-open-data.s3.amazonaws.com/photos/75594952/large.jpg,Cicindela formosa generosa,48460/1/47120/372739/47158/184884/47208/340471/372884/49567/119895/373661/373919/49568/736941/82453,jpg
http://inaturalist-open-data.s3.amazonaws.com/photos/75594984/large.jpg,Cicindela formosa generosa,48460/1/47120/372739/47158/184884/47208/340471/372884/49567/119895/373661/373919/49568/736941/82453,jpg
http://inaturalist-open-data.s3.amazonaws.com/photos/75595021/large.jpg,Cicindela formosa generosa,48460/1/47120/372739/47158/184884/47208/340471/372884/49567/119895/373661/373919/49568/736941/82453,jpg
http://inaturalist-open-data.s3.amazonaws.com/photos/75595834/large.jpg,Cicindela formosa generosa,48460/1/47120/372739/47158/184884/47208/340471/372884/49567/119895/373661/373919/49568/736941/82453,jpg
http://inaturalist-open-data.s3.amazonaws.com/photos/75745604/large.jpg,Cicindela formosa generosa,48460/1/47120/372739/47158/184884/47208/340471/372884/49567/119895/373661/373919/49568/736941/82453,jpg
http://inaturalist-open-data.s3.amazonaws.com/photos/75816126/large.jpeg,Cicindela formosa generosa,48460/1/47120/372739/47158/184884/47208/340471/372884/49567/119895/373661/373919/49568/736941/82453,jpeg
http://inaturalist-open-data.s3.amazonaws.com/photos/76458697/large.jpeg,Cicindela formosa generosa,48460/1/47120/372739/47158/184884/47208/340471/372884/49567/119895/373661/373919/49568/736941/82453,jpeg
http://inaturalist-open-data.s3.amazonaws.com/photos/76795228/large.jpg,Cicindela formosa generosa,48460/1/47120/372739/47158/184884/47208/340471/372884/49567/119895/373661/373919/49568/736941/82453,jpg
http://inaturalist-open-data.s3.amazonaws.com/photos/76795236/large.jpg,Cicindela formosa generosa,48460/1/47120/372739/47158/184884/47208/340471/372884/49567/119895/373661/373919/49568/736941/82453,jpg
http://inaturalist-open-data.s3.amazonaws.com/photos/76863953/large.jpg,Cicindela formosa generosa,48460/1/47120/372739/47158/184884/47208/340471/372884/49567/119895/373661/373919/49568/736941/82453,jpg
http://inaturalist-open-data.s3.amazonaws.com/photos/76863941/large.jpg,Cicindela formosa generosa,48460/1/47120/372739/47158/184884/47208/340471/372884/49567/119895/373661/373919/49568/736941/82453,jpg
http://inaturalist-open-data.s3.amazonaws.com/photos/76863966/large.jpg,Cicindela formosa generosa,48460/1/47120/372739/47158/184884/47208/340471/372884/49567/119895/373661/373919/49568/736941/82453,jpg
http://inaturalist-open-data.s3.amazonaws.com/photos/76864000/large.jpg,Cicindela formosa generosa,48460/1/47120/372739/47158/184884/47208/340471/372884/49567/119895/373661/373919/49568/736941/82453,jpg
http://inaturalist-open-data.s3.amazonaws.com/photos/77275468/large.jpg,Cicindela formosa generosa,48460/1/47120/372739/47158/184884/47208/340471/372884/49567/119895/373661/373919/49568/736941/82453,jpg
http://inaturalist-open-data.s3.amazonaws.com/photos/77308656/large.jpg,Cicindela formosa generosa,48460/1/47120/372739/47158/184884/47208/340471/372884/49567/119895/373661/373919/49568/736941/82453,jpg
http://inaturalist-open-data.s3.amazonaws.com/photos/77316371/large.jpeg,Cicindela formosa generosa,48460/1/47120/372739/47158/184884/47208/340471/372884/49567/119895/373661/373919/49568/736941/82453,jpeg
http://inaturalist-open-data.s3.amazonaws.com/photos/77315404/large.jpeg,Cicindela formosa generosa,48460/1/47120/372739/47158/184884/47208/340471/372884/49567/119895/373661/373919/49568/736941/82453,jpeg
http://inaturalist-open-data.s3.amazonaws.com/photos/77316915/large.jpeg,Cicindela formosa generosa,48460/1/47120/372739/47158/184884/47208/340471/372884/49567/119895/373661/373919/49568/736941/82453,jpeg
http://inaturalist-open-data.s3.amazonaws.com/photos/77318313/large.jpeg,Cicindela formosa generosa,48460/1/47120/372739/47158/184884/47208/340471/372884/49567/119895/373661/373919/49568/736941/82453,jpeg
http://inaturalist-open-data.s3.amazonaws.com/photos/77327504/large.jpg,Cicindela formosa generosa,48460/1/47120/372739/47158/184884/47208/340471/372884/49567/119895/373661/373919/49568/736941/82453,jpg
http://inaturalist-open-data.s3.amazonaws.com/photos/77327011/large.jpg,Cicindela formosa generosa,48460/1/47120/372739/47158/184884/47208/340471/372884/49567/119895/373661/373919/49568/736941/82453,jpg
http://inaturalist-open-data.s3.amazonaws.com/photos/77617448/large.jpg,Cicindela formosa generosa,48460/1/47120/372739/47158/184884/47208/340471/372884/49567/119895/373661/373919/49568/736941/82453,jpg
http://inaturalist-open-data.s3.amazonaws.com/photos/77724034/large.jpeg,Cicindela formosa generosa,48460/1/47120/372739/47158/184884/47208/340471/372884/49567/119895/373661/373919/49568/736941/82453,jpeg
http://inaturalist-open-data.s3.amazonaws.com/photos/77729148/large.jpeg,Cicindela formosa generosa,48460/1/47120/372739/47158/184884/47208/340471/372884/49567/119895/373661/373919/49568/736941/82453,jpeg
http://inaturalist-open-data.s3.amazonaws.com/photos/78087061/large.jpg,Cicindela formosa generosa,48460/1/47120/372739/47158/184884/47208/340471/372884/49567/119895/373661/373919/49568/736941/82453,jpg
http://inaturalist-open-data.s3.amazonaws.com/photos/78332372/large.jpg,Cicindela formosa generosa,48460/1/47120/372739/47158/184884/47208/340471/372884/49567/119895/373661/373919/49568/736941/82453,jpg
http://inaturalist-open-data.s3.amazonaws.com/photos/78332431/large.jpg,Cicindela formosa generosa,48460/1/47120/372739/47158/184884/47208/340471/372884/49567/119895/373661/373919/49568/736941/82453,jpg
http://inaturalist-open-data.s3.amazonaws.com/photos/78332391/large.jpg,Cicindela formosa generosa,48460/1/47120/372739/47158/184884/47208/340471/372884/49567/119895/373661/373919/49568/736941/82453,jpg
http://inaturalist-open-data.s3.amazonaws.com/photos/78332412/large.jpg,Cicindela formosa generosa,48460/1/47120/372739/47158/184884/47208/340471/372884/49567/119895/373661/373919/49568/736941/82453,jpg
http://inaturalist-open-data.s3.amazonaws.com/photos/78535320/large.jpeg,Cicindela formosa generosa,48460/1/47120/372739/47158/184884/47208/340471/372884/49567/119895/373661/373919/49568/736941/82453,jpeg
http://inaturalist-open-data.s3.amazonaws.com/photos/78716078/large.jpeg,Cicindela formosa generosa,48460/1/47120/372739/47158/184884/47208/340471/372884/49567/119895/373661/373919/49568/736941/82453,jpeg
http://inaturalist-open-data.s3.amazonaws.com/photos/79647874/large.jpg,Cicindela formosa generosa,48460/1/47120/372739/47158/184884/47208/340471/372884/49567/119895/373661/373919/49568/736941/82453,jpg
http://inaturalist-open-data.s3.amazonaws.com/photos/79728142/large.jpg,Cicindela formosa generosa,48460/1/47120/372739/47158/184884/47208/340471/372884/49567/119895/373661/373919/49568/736941/82453,jpg
http://inaturalist-open-data.s3.amazonaws.com/photos/79891392/large.jpg,Cicindela formosa generosa,48460/1/47120/372739/47158/184884/47208/340471/372884/49567/119895/373661/373919/49568/736941/82453,jpg
http://inaturalist-open-data.s3.amazonaws.com/photos/79891423/large.jpg,Cicindela formosa generosa,48460/1/47120/372739/47158/184884/47208/340471/372884/49567/119895/373661/373919/49568/736941/82453,jpg
http://inaturalist-open-data.s3.amazonaws.com/photos/80296135/large.jpg,Cicindela formosa generosa,48460/1/47120/372739/47158/184884/47208/340471/372884/49567/119895/373661/373919/49568/736941/82453,jpg
http://inaturalist-open-data.s3.amazonaws.com/photos/80307777/large.jpg,Cicindela formosa generosa,48460/1/47120/372739/47158/184884/47208/340471/372884/49567/119895/373661/373919/49568/736941/82453,jpg
http://inaturalist-open-data.s3.amazonaws.com/photos/81372802/large.jpg,Cicindela formosa generosa,48460/1/47120/372739/47158/184884/47208/340471/372884/49567/119895/373661/373919/49568/736941/82453,jpg
http://inaturalist-open-data.s3.amazonaws.com/photos/81656733/large.jpg,Cicindela formosa generosa,48460/1/47120/372739/47158/184884/47208/340471/372884/49567/119895/373661/373919/49568/736941/82453,jpg
http://inaturalist-open-data.s3.amazonaws.com/photos/81657579/large.jpg,Cicindela formosa generosa,48460/1/47120/372739/47158/184884/47208/340471/372884/49567/119895/373661/373919/49568/736941/82453,jpg
http://inaturalist-open-data.s3.amazonaws.com/photos/81657557/large.jpg,Cicindela formosa generosa,48460/1/47120/372739/47158/184884/47208/340471/372884/49567/119895/373661/373919/49568/736941/82453,jpg
http://inaturalist-open-data.s3.amazonaws.com/photos/81657598/large.jpg,Cicindela formosa generosa,48460/1/47120/372739/47158/184884/47208/340471/372884/49567/119895/373661/373919/49568/736941/82453,jpg
http://inaturalist-open-data.s3.amazonaws.com/photos/81659215/large.jpg,Cicindela formosa generosa,48460/1/47120/372739/47158/184884/47208/340471/372884/49567/119895/373661/373919/49568/736941/82453,jpg
http://inaturalist-open-data.s3.amazonaws.com/photos/81660105/large.jpg,Cicindela formosa generosa,48460/1/47120/372739/47158/184884/47208/340471/372884/49567/119895/373661/373919/49568/736941/82453,jpg
http://inaturalist-open-data.s3.amazonaws.com/photos/81660086/large.jpg,Cicindela formosa generosa,48460/1/47120/372739/47158/184884/47208/340471/372884/49567/119895/373661/373919/49568/736941/82453,jpg
http://inaturalist-open-data.s3.amazonaws.com/photos/81660130/large.jpg,Cicindela formosa generosa,48460/1/47120/372739/47158/184884/47208/340471/372884/49567/119895/373661/373919/49568/736941/82453,jpg
http://inaturalist-open-data.s3.amazonaws.com/photos/81661524/large.jpg,Cicindela formosa generosa,48460/1/47120/372739/47158/184884/47208/340471/372884/49567/119895/373661/373919/49568/736941/82453,jpg
http://inaturalist-open-data.s3.amazonaws.com/photos/81661556/large.jpg,Cicindela formosa generosa,48460/1/47120/372739/47158/184884/47208/340471/372884/49567/119895/373661/373919/49568/736941/82453,jpg
http://inaturalist-open-data.s3.amazonaws.com/photos/81661541/large.jpg,Cicindela formosa generosa,48460/1/47120/372739/47158/184884/47208/340471/372884/49567/119895/373661/373919/49568/736941/82453,jpg
http://inaturalist-open-data.s3.amazonaws.com/photos/81661816/large.jpg,Cicindela formosa generosa,48460/1/47120/372739/47158/184884/47208/340471/372884/49567/119895/373661/373919/49568/736941/82453,jpg
http://inaturalist-open-data.s3.amazonaws.com/photos/81661867/large.jpg,Cicindela formosa generosa,48460/1/47120/372739/47158/184884/47208/340471/372884/49567/119895/373661/373919/49568/736941/82453,jpg
http://inaturalist-open-data.s3.amazonaws.com/photos/81661842/large.jpg,Cicindela formosa generosa,48460/1/47120/372739/47158/184884/47208/340471/372884/49567/119895/373661/373919/49568/736941/82453,jpg
http://inaturalist-open-data.s3.amazonaws.com/photos/81662181/large.jpg,Cicindela formosa generosa,48460/1/47120/372739/47158/184884/47208/340471/372884/49567/119895/373661/373919/49568/736941/82453,jpg
http://inaturalist-open-data.s3.amazonaws.com/photos/81662203/large.jpg,Cicindela formosa generosa,48460/1/47120/372739/47158/184884/47208/340471/372884/49567/119895/373661/373919/49568/736941/82453,jpg
http://inaturalist-open-data.s3.amazonaws.com/photos/81662591/large.jpg,Cicindela formosa generosa,48460/1/47120/372739/47158/184884/47208/340471/372884/49567/119895/373661/373919/49568/736941/82453,jpg
http://inaturalist-open-data.s3.amazonaws.com/photos/81662612/large.jpg,Cicindela formosa generosa,48460/1/47120/372739/47158/184884/47208/340471/372884/49567/119895/373661/373919/49568/736941/82453,jpg
http://inaturalist-open-data.s3.amazonaws.com/photos/81662576/large.jpg,Cicindela formosa generosa,48460/1/47120/372739/47158/184884/47208/340471/372884/49567/119895/373661/373919/49568/736941/82453,jpg
http://inaturalist-open-data.s3.amazonaws.com/photos/81662955/large.jpg,Cicindela formosa generosa,48460/1/47120/372739/47158/184884/47208/340471/372884/49567/119895/373661/373919/49568/736941/82453,jpg
http://inaturalist-open-data.s3.amazonaws.com/photos/81662978/large.jpg,Cicindela formosa generosa,48460/1/47120/372739/47158/184884/47208/340471/372884/49567/119895/373661/373919/49568/736941/82453,jpg
http://inaturalist-open-data.s3.amazonaws.com/photos/81681233/large.jpg,Cicindela formosa generosa,48460/1/47120/372739/47158/184884/47208/340471/372884/49567/119895/373661/373919/49568/736941/82453,jpg
http://inaturalist-open-data.s3.amazonaws.com/photos/81681207/large.jpg,Cicindela formosa generosa,48460/1/47120/372739/47158/184884/47208/340471/372884/49567/119895/373661/373919/49568/736941/82453,jpg
http://inaturalist-open-data.s3.amazonaws.com/photos/81681870/large.jpg,Cicindela formosa generosa,48460/1/47120/372739/47158/184884/47208/340471/372884/49567/119895/373661/373919/49568/736941/82453,jpg
http://inaturalist-open-data.s3.amazonaws.com/photos/81681845/large.jpg,Cicindela formosa generosa,48460/1/47120/372739/47158/184884/47208/340471/372884/49567/119895/373661/373919/49568/736941/82453,jpg
http://inaturalist-open-data.s3.amazonaws.com/photos/81682379/large.jpg,Cicindela formosa generosa,48460/1/47120/372739/47158/184884/47208/340471/372884/49567/119895/373661/373919/49568/736941/82453,jpg
http://inaturalist-open-data.s3.amazonaws.com/photos/81682367/large.jpg,Cicindela formosa generosa,48460/1/47120/372739/47158/184884/47208/340471/372884/49567/119895/373661/373919/49568/736941/82453,jpg
http://inaturalist-open-data.s3.amazonaws.com/photos/81682354/large.jpg,Cicindela formosa generosa,48460/1/47120/372739/47158/184884/47208/340471/372884/49567/119895/373661/373919/49568/736941/82453,jpg
http://inaturalist-open-data.s3.amazonaws.com/photos/81683206/large.jpg,Cicindela formosa generosa,48460/1/47120/372739/47158/184884/47208/340471/372884/49567/119895/373661/373919/49568/736941/82453,jpg
http://inaturalist-open-data.s3.amazonaws.com/photos/81683183/large.jpg,Cicindela formosa generosa,48460/1/47120/372739/47158/184884/47208/340471/372884/49567/119895/373661/373919/49568/736941/82453,jpg
http://inaturalist-open-data.s3.amazonaws.com/photos/81683194/large.jpg,Cicindela formosa generosa,48460/1/47120/372739/47158/184884/47208/340471/372884/49567/119895/373661/373919/49568/736941/82453,jpg
http://inaturalist-open-data.s3.amazonaws.com/photos/81683441/large.jpg,Cicindela formosa generosa,48460/1/47120/372739/47158/184884/47208/340471/372884/49567/119895/373661/373919/49568/736941/82453,jpg
http://inaturalist-open-data.s3.amazonaws.com/photos/81683455/large.jpg,Cicindela formosa generosa,48460/1/47120/372739/47158/184884/47208/340471/372884/49567/119895/373661/373919/49568/736941/82453,jpg
http://inaturalist-open-data.s3.amazonaws.com/photos/81683823/large.jpg,Cicindela formosa generosa,48460/1/47120/372739/47158/184884/47208/340471/372884/49567/119895/373661/373919/49568/736941/82453,jpg
http://inaturalist-open-data.s3.amazonaws.com/photos/81683836/large.jpg,Cicindela formosa generosa,48460/1/47120/372739/47158/184884/47208/340471/372884/49567/119895/373661/373919/49568/736941/82453,jpg
http://inaturalist-open-data.s3.amazonaws.com/photos/81683847/large.jpg,Cicindela formosa generosa,48460/1/47120/372739/47158/184884/47208/340471/372884/49567/119895/373661/373919/49568/736941/82453,jpg
http://inaturalist-open-data.s3.amazonaws.com/photos/81684152/large.jpg,Cicindela formosa generosa,48460/1/47120/372739/47158/184884/47208/340471/372884/49567/119895/373661/373919/49568/736941/82453,jpg
http://inaturalist-open-data.s3.amazonaws.com/photos/81684119/large.jpg,Cicindela formosa generosa,48460/1/47120/372739/47158/184884/47208/340471/372884/49567/119895/373661/373919/49568/736941/82453,jpg
http://inaturalist-open-data.s3.amazonaws.com/photos/81684140/large.jpg,Cicindela formosa generosa,48460/1/47120/372739/47158/184884/47208/340471/372884/49567/119895/373661/373919/49568/736941/82453,jpg
http://inaturalist-open-data.s3.amazonaws.com/photos/81684693/large.jpg,Cicindela formosa generosa,48460/1/47120/372739/47158/184884/47208/340471/372884/49567/119895/373661/373919/49568/736941/82453,jpg
http://inaturalist-open-data.s3.amazonaws.com/photos/81684644/large.jpg,Cicindela formosa generosa,48460/1/47120/372739/47158/184884/47208/340471/372884/49567/119895/373661/373919/49568/736941/82453,jpg
http://inaturalist-open-data.s3.amazonaws.com/photos/81684675/large.jpg,Cicindela formosa generosa,48460/1/47120/372739/47158/184884/47208/340471/372884/49567/119895/373661/373919/49568/736941/82453,jpg
http://inaturalist-open-data.s3.amazonaws.com/photos/81685041/large.jpg,Cicindela formosa generosa,48460/1/47120/372739/47158/184884/47208/340471/372884/49567/119895/373661/373919/49568/736941/82453,jpg
http://inaturalist-open-data.s3.amazonaws.com/photos/81685018/large.jpg,Cicindela formosa generosa,48460/1/47120/372739/47158/184884/47208/340471/372884/49567/119895/373661/373919/49568/736941/82453,jpg
http://inaturalist-open-data.s3.amazonaws.com/photos/81684997/large.jpg,Cicindela formosa generosa,48460/1/47120/372739/47158/184884/47208/340471/372884/49567/119895/373661/373919/49568/736941/82453,jpg
http://inaturalist-open-data.s3.amazonaws.com/photos/81685387/large.jpg,Cicindela formosa generosa,48460/1/47120/372739/47158/184884/47208/340471/372884/49567/119895/373661/373919/49568/736941/82453,jpg
http://inaturalist-open-data.s3.amazonaws.com/photos/81685369/large.jpg,Cicindela formosa generosa,48460/1/47120/372739/47158/184884/47208/340471/372884/49567/119895/373661/373919/49568/736941/82453,jpg
http://inaturalist-open-data.s3.amazonaws.com/photos/82752523/large.jpg,Cicindela formosa generosa,48460/1/47120/372739/47158/184884/47208/340471/372884/49567/119895/373661/373919/49568/736941/82453,jpg
http://inaturalist-open-data.s3.amazonaws.com/photos/82752460/large.jpg,Cicindela formosa generosa,48460/1/47120/372739/47158/184884/47208/340471/372884/49567/119895/373661/373919/49568/736941/82453,jpg
http://inaturalist-open-data.s3.amazonaws.com/photos/82752489/large.jpg,Cicindela formosa generosa,48460/1/47120/372739/47158/184884/47208/340471/372884/49567/119895/373661/373919/49568/736941/82453,jpg
http://inaturalist-open-data.s3.amazonaws.com/photos/83665286/large.jpg,Cicindela formosa generosa,48460/1/47120/372739/47158/184884/47208/340471/372884/49567/119895/373661/373919/49568/736941/82453,jpg
http://inaturalist-open-data.s3.amazonaws.com/photos/83665452/large.jpg,Cicindela formosa generosa,48460/1/47120/372739/47158/184884/47208/340471/372884/49567/119895/373661/373919/49568/736941/82453,jpg
http://inaturalist-open-data.s3.amazonaws.com/photos/84015110/large.jpg,Cicindela formosa generosa,48460/1/47120/372739/47158/184884/47208/340471/372884/49567/119895/373661/373919/49568/736941/82453,jpg
http://inaturalist-open-data.s3.amazonaws.com/photos/84378801/large.jpg,Cicindela formosa generosa,48460/1/47120/372739/47158/184884/47208/340471/372884/49567/119895/373661/373919/49568/736941/82453,jpg
http://inaturalist-open-data.s3.amazonaws.com/photos/84383476/large.jpeg,Cicindela formosa generosa,48460/1/47120/372739/47158/184884/47208/340471/372884/49567/119895/373661/373919/49568/736941/82453,jpeg
http://inaturalist-open-data.s3.amazonaws.com/photos/84383528/large.jpeg,Cicindela formosa generosa,48460/1/47120/372739/47158/184884/47208/340471/372884/49567/119895/373661/373919/49568/736941/82453,jpeg
http://inaturalist-open-data.s3.amazonaws.com/photos/84383590/large.jpeg,Cicindela formosa generosa,48460/1/47120/372739/47158/184884/47208/340471/372884/49567/119895/373661/373919/49568/736941/82453,jpeg
http://inaturalist-open-data.s3.amazonaws.com/photos/84383637/large.jpeg,Cicindela formosa generosa,48460/1/47120/372739/47158/184884/47208/340471/372884/49567/119895/373661/373919/49568/736941/82453,jpeg
http://inaturalist-open-data.s3.amazonaws.com/photos/84436783/large.jpeg,Cicindela formosa generosa,48460/1/47120/372739/47158/184884/47208/340471/372884/49567/119895/373661/373919/49568/736941/82453,jpeg
http://inaturalist-open-data.s3.amazonaws.com/photos/84569440/large.jpeg,Cicindela formosa generosa,48460/1/47120/372739/47158/184884/47208/340471/372884/49567/119895/373661/373919/49568/736941/82453,jpeg
http://inaturalist-open-data.s3.amazonaws.com/photos/84569463/large.jpeg,Cicindela formosa generosa,48460/1/47120/372739/47158/184884/47208/340471/372884/49567/119895/373661/373919/49568/736941/82453,jpeg
http://inaturalist-open-data.s3.amazonaws.com/photos/84569473/large.jpeg,Cicindela formosa generosa,48460/1/47120/372739/47158/184884/47208/340471/372884/49567/119895/373661/373919/49568/736941/82453,jpeg
http://inaturalist-open-data.s3.amazonaws.com/photos/84569404/large.jpeg,Cicindela formosa generosa,48460/1/47120/372739/47158/184884/47208/340471/372884/49567/119895/373661/373919/49568/736941/82453,jpeg
http://inaturalist-open-data.s3.amazonaws.com/photos/84569420/large.jpeg,Cicindela formosa generosa,48460/1/47120/372739/47158/184884/47208/340471/372884/49567/119895/373661/373919/49568/736941/82453,jpeg
http://inaturalist-open-data.s3.amazonaws.com/photos/84595074/large.jpeg,Cicindela formosa generosa,48460/1/47120/372739/47158/184884/47208/340471/372884/49567/119895/373661/373919/49568/736941/82453,jpeg
http://inaturalist-open-data.s3.amazonaws.com/photos/84595147/large.jpeg,Cicindela formosa generosa,48460/1/47120/372739/47158/184884/47208/340471/372884/49567/119895/373661/373919/49568/736941/82453,jpeg
http://inaturalist-open-data.s3.amazonaws.com/photos/84853445/large.jpg,Cicindela formosa generosa,48460/1/47120/372739/47158/184884/47208/340471/372884/49567/119895/373661/373919/49568/736941/82453,jpg
http://inaturalist-open-data.s3.amazonaws.com/photos/84853431/large.jpg,Cicindela formosa generosa,48460/1/47120/372739/47158/184884/47208/340471/372884/49567/119895/373661/373919/49568/736941/82453,jpg
http://inaturalist-open-data.s3.amazonaws.com/photos/85173749/large.jpg,Cicindela formosa generosa,48460/1/47120/372739/47158/184884/47208/340471/372884/49567/119895/373661/373919/49568/736941/82453,jpg
http://inaturalist-open-data.s3.amazonaws.com/photos/85173989/large.jpg,Cicindela formosa generosa,48460/1/47120/372739/47158/184884/47208/340471/372884/49567/119895/373661/373919/49568/736941/82453,jpg
http://inaturalist-open-data.s3.amazonaws.com/photos/85174188/large.jpg,Cicindela formosa generosa,48460/1/47120/372739/47158/184884/47208/340471/372884/49567/119895/373661/373919/49568/736941/82453,jpg
http://inaturalist-open-data.s3.amazonaws.com/photos/85174657/large.jpg,Cicindela formosa generosa,48460/1/47120/372739/47158/184884/47208/340471/372884/49567/119895/373661/373919/49568/736941/82453,jpg
http://inaturalist-open-data.s3.amazonaws.com/photos/85534261/large.jpg,Cicindela formosa generosa,48460/1/47120/372739/47158/184884/47208/340471/372884/49567/119895/373661/373919/49568/736941/82453,jpg
http://inaturalist-open-data.s3.amazonaws.com/photos/85669972/large.jpeg,Cicindela formosa generosa,48460/1/47120/372739/47158/184884/47208/340471/372884/49567/119895/373661/373919/49568/736941/82453,jpeg
http://inaturalist-open-data.s3.amazonaws.com/photos/85669986/large.jpeg,Cicindela formosa generosa,48460/1/47120/372739/47158/184884/47208/340471/372884/49567/119895/373661/373919/49568/736941/82453,jpeg
http://inaturalist-open-data.s3.amazonaws.com/photos/85670000/large.jpeg,Cicindela formosa generosa,48460/1/47120/372739/47158/184884/47208/340471/372884/49567/119895/373661/373919/49568/736941/82453,jpeg
http://inaturalist-open-data.s3.amazonaws.com/photos/86171936/large.jpg,Cicindela formosa generosa,48460/1/47120/372739/47158/184884/47208/340471/372884/49567/119895/373661/373919/49568/736941/82453,jpg
http://inaturalist-open-data.s3.amazonaws.com/photos/88457707/large.jpeg,Cicindela formosa generosa,48460/1/47120/372739/47158/184884/47208/340471/372884/49567/119895/373661/373919/49568/736941/82453,jpeg
http://inaturalist-open-data.s3.amazonaws.com/photos/88457697/large.jpeg,Cicindela formosa generosa,48460/1/47120/372739/47158/184884/47208/340471/372884/49567/119895/373661/373919/49568/736941/82453,jpeg
http://inaturalist-open-data.s3.amazonaws.com/photos/88584451/large.jpg,Cicindela formosa generosa,48460/1/47120/372739/47158/184884/47208/340471/372884/49567/119895/373661/373919/49568/736941/82453,jpg
http://inaturalist-open-data.s3.amazonaws.com/photos/88584410/large.jpg,Cicindela formosa generosa,48460/1/47120/372739/47158/184884/47208/340471/372884/49567/119895/373661/373919/49568/736941/82453,jpg
http://inaturalist-open-data.s3.amazonaws.com/photos/88960814/large.jpg,Cicindela formosa generosa,48460/1/47120/372739/47158/184884/47208/340471/372884/49567/119895/373661/373919/49568/736941/82453,jpg
http://inaturalist-open-data.s3.amazonaws.com/photos/89309606/large.jpeg,Cicindela formosa generosa,48460/1/47120/372739/47158/184884/47208/340471/372884/49567/119895/373661/373919/49568/736941/82453,jpeg
http://inaturalist-open-data.s3.amazonaws.com/photos/89611787/large.jpeg,Cicindela formosa generosa,48460/1/47120/372739/47158/184884/47208/340471/372884/49567/119895/373661/373919/49568/736941/82453,jpeg
http://inaturalist-open-data.s3.amazonaws.com/photos/89805634/large.jpg,Cicindela formosa generosa,48460/1/47120/372739/47158/184884/47208/340471/372884/49567/119895/373661/373919/49568/736941/82453,jpg
http://inaturalist-open-data.s3.amazonaws.com/photos/89805624/large.jpg,Cicindela formosa generosa,48460/1/47120/372739/47158/184884/47208/340471/372884/49567/119895/373661/373919/49568/736941/82453,jpg
http://inaturalist-open-data.s3.amazonaws.com/photos/89805642/large.jpg,Cicindela formosa generosa,48460/1/47120/372739/47158/184884/47208/340471/372884/49567/119895/373661/373919/49568/736941/82453,jpg
http://inaturalist-open-data.s3.amazonaws.com/photos/90135056/large.jpg,Cicindela formosa generosa,48460/1/47120/372739/47158/184884/47208/340471/372884/49567/119895/373661/373919/49568/736941/82453,jpg
http://inaturalist-open-data.s3.amazonaws.com/photos/90135070/large.jpg,Cicindela formosa generosa,48460/1/47120/372739/47158/184884/47208/340471/372884/49567/119895/373661/373919/49568/736941/82453,jpg
http://inaturalist-open-data.s3.amazonaws.com/photos/90241320/large.jpeg,Cicindela formosa generosa,48460/1/47120/372739/47158/184884/47208/340471/372884/49567/119895/373661/373919/49568/736941/82453,jpeg
http://inaturalist-open-data.s3.amazonaws.com/photos/90243308/large.jpeg,Cicindela formosa generosa,48460/1/47120/372739/47158/184884/47208/340471/372884/49567/119895/373661/373919/49568/736941/82453,jpeg
http://inaturalist-open-data.s3.amazonaws.com/photos/90376353/large.jpeg,Cicindela formosa generosa,48460/1/47120/372739/47158/184884/47208/340471/372884/49567/119895/373661/373919/49568/736941/82453,jpeg
http://inaturalist-open-data.s3.amazonaws.com/photos/90376555/large.jpeg,Cicindela formosa generosa,48460/1/47120/372739/47158/184884/47208/340471/372884/49567/119895/373661/373919/49568/736941/82453,jpeg
http://inaturalist-open-data.s3.amazonaws.com/photos/90442917/large.jpeg,Cicindela formosa generosa,48460/1/47120/372739/47158/184884/47208/340471/372884/49567/119895/373661/373919/49568/736941/82453,jpeg
http://inaturalist-open-data.s3.amazonaws.com/photos/90772699/large.jpg,Cicindela formosa generosa,48460/1/47120/372739/47158/184884/47208/340471/372884/49567/119895/373661/373919/49568/736941/82453,jpg
http://inaturalist-open-data.s3.amazonaws.com/photos/90860123/large.jpeg,Cicindela formosa generosa,48460/1/47120/372739/47158/184884/47208/340471/372884/49567/119895/373661/373919/49568/736941/82453,jpeg
http://inaturalist-open-data.s3.amazonaws.com/photos/91474000/large.jpg,Cicindela formosa generosa,48460/1/47120/372739/47158/184884/47208/340471/372884/49567/119895/373661/373919/49568/736941/82453,jpg
http://inaturalist-open-data.s3.amazonaws.com/photos/91505217/large.jpg,Cicindela formosa generosa,48460/1/47120/372739/47158/184884/47208/340471/372884/49567/119895/373661/373919/49568/736941/82453,jpg
http://inaturalist-open-data.s3.amazonaws.com/photos/91505236/large.jpg,Cicindela formosa generosa,48460/1/47120/372739/47158/184884/47208/340471/372884/49567/119895/373661/373919/49568/736941/82453,jpg
http://inaturalist-open-data.s3.amazonaws.com/photos/91505250/large.jpg,Cicindela formosa generosa,48460/1/47120/372739/47158/184884/47208/340471/372884/49567/119895/373661/373919/49568/736941/82453,jpg
http://inaturalist-open-data.s3.amazonaws.com/photos/91505274/large.jpg,Cicindela formosa generosa,48460/1/47120/372739/47158/184884/47208/340471/372884/49567/119895/373661/373919/49568/736941/82453,jpg
http://inaturalist-open-data.s3.amazonaws.com/photos/92166803/large.jpg,Cicindela formosa generosa,48460/1/47120/372739/47158/184884/47208/340471/372884/49567/119895/373661/373919/49568/736941/82453,jpg
http://inaturalist-open-data.s3.amazonaws.com/photos/93294066/large.jpg,Cicindela formosa generosa,48460/1/47120/372739/47158/184884/47208/340471/372884/49567/119895/373661/373919/49568/736941/82453,jpg
http://inaturalist-open-data.s3.amazonaws.com/photos/93271325/large.jpg,Cicindela formosa generosa,48460/1/47120/372739/47158/184884/47208/340471/372884/49567/119895/373661/373919/49568/736941/82453,jpg
http://inaturalist-open-data.s3.amazonaws.com/photos/93686488/large.jpeg,Cicindela formosa generosa,48460/1/47120/372739/47158/184884/47208/340471/372884/49567/119895/373661/373919/49568/736941/82453,jpeg
http://inaturalist-open-data.s3.amazonaws.com/photos/94806979/large.jpeg,Cicindela formosa generosa,48460/1/47120/372739/47158/184884/47208/340471/372884/49567/119895/373661/373919/49568/736941/82453,jpeg
http://inaturalist-open-data.s3.amazonaws.com/photos/95030656/large.jpg,Cicindela formosa generosa,48460/1/47120/372739/47158/184884/47208/340471/372884/49567/119895/373661/373919/49568/736941/82453,jpg
http://inaturalist-open-data.s3.amazonaws.com/photos/95159728/large.jpeg,Cicindela formosa generosa,48460/1/47120/372739/47158/184884/47208/340471/372884/49567/119895/373661/373919/49568/736941/82453,jpeg
http://inaturalist-open-data.s3.amazonaws.com/photos/95528513/large.jpg,Cicindela formosa generosa,48460/1/47120/372739/47158/184884/47208/340471/372884/49567/119895/373661/373919/49568/736941/82453,jpg
http://inaturalist-open-data.s3.amazonaws.com/photos/95589402/large.jpg,Cicindela formosa generosa,48460/1/47120/372739/47158/184884/47208/340471/372884/49567/119895/373661/373919/49568/736941/82453,jpg
http://inaturalist-open-data.s3.amazonaws.com/photos/95792248/large.jpg,Cicindela formosa generosa,48460/1/47120/372739/47158/184884/47208/340471/372884/49567/119895/373661/373919/49568/736941/82453,jpg
http://inaturalist-open-data.s3.amazonaws.com/photos/95794025/large.jpg,Cicindela formosa generosa,48460/1/47120/372739/47158/184884/47208/340471/372884/49567/119895/373661/373919/49568/736941/82453,jpg
http://inaturalist-open-data.s3.amazonaws.com/photos/98254318/large.jpg,Cicindela formosa generosa,48460/1/47120/372739/47158/184884/47208/340471/372884/49567/119895/373661/373919/49568/736941/82453,jpg
http://inaturalist-open-data.s3.amazonaws.com/photos/98305984/large.jpeg,Cicindela formosa generosa,48460/1/47120/372739/47158/184884/47208/340471/372884/49567/119895/373661/373919/49568/736941/82453,jpeg
http://inaturalist-open-data.s3.amazonaws.com/photos/98491789/large.jpeg,Cicindela formosa generosa,48460/1/47120/372739/47158/184884/47208/340471/372884/49567/119895/373661/373919/49568/736941/82453,jpeg
http://inaturalist-open-data.s3.amazonaws.com/photos/98491799/large.jpeg,Cicindela formosa generosa,48460/1/47120/372739/47158/184884/47208/340471/372884/49567/119895/373661/373919/49568/736941/82453,jpeg
http://inaturalist-open-data.s3.amazonaws.com/photos/98491803/large.jpeg,Cicindela formosa generosa,48460/1/47120/372739/47158/184884/47208/340471/372884/49567/119895/373661/373919/49568/736941/82453,jpeg
http://inaturalist-open-data.s3.amazonaws.com/photos/98491808/large.jpeg,Cicindela formosa generosa,48460/1/47120/372739/47158/184884/47208/340471/372884/49567/119895/373661/373919/49568/736941/82453,jpeg
http://inaturalist-open-data.s3.amazonaws.com/photos/98491836/large.jpeg,Cicindela formosa generosa,48460/1/47120/372739/47158/184884/47208/340471/372884/49567/119895/373661/373919/49568/736941/82453,jpeg
http://inaturalist-open-data.s3.amazonaws.com/photos/104892133/large.jpg,Cicindela formosa generosa,48460/1/47120/372739/47158/184884/47208/340471/372884/49567/119895/373661/373919/49568/736941/82453,jpg
http://inaturalist-open-data.s3.amazonaws.com/photos/108235298/large.jpg,Cicindela formosa generosa,48460/1/47120/372739/47158/184884/47208/340471/372884/49567/119895/373661/373919/49568/736941/82453,jpg
http://inaturalist-open-data.s3.amazonaws.com/photos/109302050/large.jpg,Cicindela formosa generosa,48460/1/47120/372739/47158/184884/47208/340471/372884/49567/119895/373661/373919/49568/736941/82453,jpg
http://inaturalist-open-data.s3.amazonaws.com/photos/109305575/large.jpg,Cicindela formosa generosa,48460/1/47120/372739/47158/184884/47208/340471/372884/49567/119895/373661/373919/49568/736941/82453,jpg
http://inaturalist-open-data.s3.amazonaws.com/photos/110868492/large.jpeg,Cicindela formosa generosa,48460/1/47120/372739/47158/184884/47208/340471/372884/49567/119895/373661/373919/49568/736941/82453,jpeg
http://inaturalist-open-data.s3.amazonaws.com/photos/110868378/large.jpeg,Cicindela formosa generosa,48460/1/47120/372739/47158/184884/47208/340471/372884/49567/119895/373661/373919/49568/736941/82453,jpeg
http://inaturalist-open-data.s3.amazonaws.com/photos/111420166/large.jpg,Cicindela formosa generosa,48460/1/47120/372739/47158/184884/47208/340471/372884/49567/119895/373661/373919/49568/736941/82453,jpg
http://inaturalist-open-data.s3.amazonaws.com/photos/111566367/large.jpeg,Cicindela formosa generosa,48460/1/47120/372739/47158/184884/47208/340471/372884/49567/119895/373661/373919/49568/736941/82453,jpeg
http://inaturalist-open-data.s3.amazonaws.com/photos/112719695/large.jpg,Cicindela formosa generosa,48460/1/47120/372739/47158/184884/47208/340471/372884/49567/119895/373661/373919/49568/736941/82453,jpg
http://inaturalist-open-data.s3.amazonaws.com/photos/114115320/large.jpeg,Cicindela formosa generosa,48460/1/47120/372739/47158/184884/47208/340471/372884/49567/119895/373661/373919/49568/736941/82453,jpeg
http://inaturalist-open-data.s3.amazonaws.com/photos/114115331/large.jpeg,Cicindela formosa generosa,48460/1/47120/372739/47158/184884/47208/340471/372884/49567/119895/373661/373919/49568/736941/82453,jpeg
http://inaturalist-open-data.s3.amazonaws.com/photos/114115343/large.jpeg,Cicindela formosa generosa,48460/1/47120/372739/47158/184884/47208/340471/372884/49567/119895/373661/373919/49568/736941/82453,jpeg
http://inaturalist-open-data.s3.amazonaws.com/photos/114115354/large.jpeg,Cicindela formosa generosa,48460/1/47120/372739/47158/184884/47208/340471/372884/49567/119895/373661/373919/49568/736941/82453,jpeg
http://inaturalist-open-data.s3.amazonaws.com/photos/118853230/large.jpeg,Cicindela formosa generosa,48460/1/47120/372739/47158/184884/47208/340471/372884/49567/119895/373661/373919/49568/736941/82453,jpeg
http://inaturalist-open-data.s3.amazonaws.com/photos/123098965/large.jpeg,Cicindela formosa generosa,48460/1/47120/372739/47158/184884/47208/340471/372884/49567/119895/373661/373919/49568/736941/82453,jpeg
http://inaturalist-open-data.s3.amazonaws.com/photos/123610474/large.jpeg,Cicindela formosa generosa,48460/1/47120/372739/47158/184884/47208/340471/372884/49567/119895/373661/373919/49568/736941/82453,jpeg
http://inaturalist-open-data.s3.amazonaws.com/photos/125013451/large.jpg,Cicindela formosa generosa,48460/1/47120/372739/47158/184884/47208/340471/372884/49567/119895/373661/373919/49568/736941/82453,jpg
http://inaturalist-open-data.s3.amazonaws.com/photos/126575903/large.jpeg,Cicindela formosa generosa,48460/1/47120/372739/47158/184884/47208/340471/372884/49567/119895/373661/373919/49568/736941/82453,jpeg
http://inaturalist-open-data.s3.amazonaws.com/photos/128900894/large.jpeg,Cicindela formosa generosa,48460/1/47120/372739/47158/184884/47208/340471/372884/49567/119895/373661/373919/49568/736941/82453,jpeg
http://inaturalist-open-data.s3.amazonaws.com/photos/128900927/large.jpeg,Cicindela formosa generosa,48460/1/47120/372739/47158/184884/47208/340471/372884/49567/119895/373661/373919/49568/736941/82453,jpeg
http://inaturalist-open-data.s3.amazonaws.com/photos/129184896/large.jpg,Cicindela formosa generosa,48460/1/47120/372739/47158/184884/47208/340471/372884/49567/119895/373661/373919/49568/736941/82453,jpg
http://inaturalist-open-data.s3.amazonaws.com/photos/129719706/large.jpg,Cicindela formosa generosa,48460/1/47120/372739/47158/184884/47208/340471/372884/49567/119895/373661/373919/49568/736941/82453,jpg
http://inaturalist-open-data.s3.amazonaws.com/photos/129719717/large.jpg,Cicindela formosa generosa,48460/1/47120/372739/47158/184884/47208/340471/372884/49567/119895/373661/373919/49568/736941/82453,jpg
http://inaturalist-open-data.s3.amazonaws.com/photos/129946871/large.jpeg,Cicindela formosa generosa,48460/1/47120/372739/47158/184884/47208/340471/372884/49567/119895/373661/373919/49568/736941/82453,jpeg
http://inaturalist-open-data.s3.amazonaws.com/photos/129946870/large.jpeg,Cicindela formosa generosa,48460/1/47120/372739/47158/184884/47208/340471/372884/49567/119895/373661/373919/49568/736941/82453,jpeg
http://inaturalist-open-data.s3.amazonaws.com/photos/130497302/large.jpg,Cicindela formosa generosa,48460/1/47120/372739/47158/184884/47208/340471/372884/49567/119895/373661/373919/49568/736941/82453,jpg
http://inaturalist-open-data.s3.amazonaws.com/photos/130497363/large.jpg,Cicindela formosa generosa,48460/1/47120/372739/47158/184884/47208/340471/372884/49567/119895/373661/373919/49568/736941/82453,jpg
http://inaturalist-open-data.s3.amazonaws.com/photos/131121702/large.jpg,Cicindela formosa generosa,48460/1/47120/372739/47158/184884/47208/340471/372884/49567/119895/373661/373919/49568/736941/82453,jpg
http://inaturalist-open-data.s3.amazonaws.com/photos/131520400/large.jpg,Cicindela formosa generosa,48460/1/47120/372739/47158/184884/47208/340471/372884/49567/119895/373661/373919/49568/736941/82453,jpg
http://inaturalist-open-data.s3.amazonaws.com/photos/131520420/large.jpg,Cicindela formosa generosa,48460/1/47120/372739/47158/184884/47208/340471/372884/49567/119895/373661/373919/49568/736941/82453,jpg
http://inaturalist-open-data.s3.amazonaws.com/photos/131520439/large.jpg,Cicindela formosa generosa,48460/1/47120/372739/47158/184884/47208/340471/372884/49567/119895/373661/373919/49568/736941/82453,jpg
http://inaturalist-open-data.s3.amazonaws.com/photos/131520490/large.jpg,Cicindela formosa generosa,48460/1/47120/372739/47158/184884/47208/340471/372884/49567/119895/373661/373919/49568/736941/82453,jpg
http://inaturalist-open-data.s3.amazonaws.com/photos/131533408/large.jpeg,Cicindela formosa generosa,48460/1/47120/372739/47158/184884/47208/340471/372884/49567/119895/373661/373919/49568/736941/82453,jpeg
http://inaturalist-open-data.s3.amazonaws.com/photos/131533452/large.jpeg,Cicindela formosa generosa,48460/1/47120/372739/47158/184884/47208/340471/372884/49567/119895/373661/373919/49568/736941/82453,jpeg
http://inaturalist-open-data.s3.amazonaws.com/photos/131533480/large.jpeg,Cicindela formosa generosa,48460/1/47120/372739/47158/184884/47208/340471/372884/49567/119895/373661/373919/49568/736941/82453,jpeg
http://inaturalist-open-data.s3.amazonaws.com/photos/131967205/large.jpg,Cicindela formosa generosa,48460/1/47120/372739/47158/184884/47208/340471/372884/49567/119895/373661/373919/49568/736941/82453,jpg
http://inaturalist-open-data.s3.amazonaws.com/photos/132025324/large.jpg,Cicindela formosa generosa,48460/1/47120/372739/47158/184884/47208/340471/372884/49567/119895/373661/373919/49568/736941/82453,jpg
http://inaturalist-open-data.s3.amazonaws.com/photos/132025358/large.jpg,Cicindela formosa generosa,48460/1/47120/372739/47158/184884/47208/340471/372884/49567/119895/373661/373919/49568/736941/82453,jpg
http://inaturalist-open-data.s3.amazonaws.com/photos/132463010/large.jpg,Cicindela formosa generosa,48460/1/47120/372739/47158/184884/47208/340471/372884/49567/119895/373661/373919/49568/736941/82453,jpg
http://inaturalist-open-data.s3.amazonaws.com/photos/133502847/large.jpg,Cicindela formosa generosa,48460/1/47120/372739/47158/184884/47208/340471/372884/49567/119895/373661/373919/49568/736941/82453,jpg
http://inaturalist-open-data.s3.amazonaws.com/photos/133803207/large.jpg,Cicindela formosa generosa,48460/1/47120/372739/47158/184884/47208/340471/372884/49567/119895/373661/373919/49568/736941/82453,jpg
http://inaturalist-open-data.s3.amazonaws.com/photos/133802815/large.jpg,Cicindela formosa generosa,48460/1/47120/372739/47158/184884/47208/340471/372884/49567/119895/373661/373919/49568/736941/82453,jpg
http://inaturalist-open-data.s3.amazonaws.com/photos/133818553/large.jpg,Cicindela formosa generosa,48460/1/47120/372739/47158/184884/47208/340471/372884/49567/119895/373661/373919/49568/736941/82453,jpg
http://inaturalist-open-data.s3.amazonaws.com/photos/134606854/large.jpg,Cicindela formosa generosa,48460/1/47120/372739/47158/184884/47208/340471/372884/49567/119895/373661/373919/49568/736941/82453,jpg
http://inaturalist-open-data.s3.amazonaws.com/photos/134606900/large.jpg,Cicindela formosa generosa,48460/1/47120/372739/47158/184884/47208/340471/372884/49567/119895/373661/373919/49568/736941/82453,jpg
http://inaturalist-open-data.s3.amazonaws.com/photos/134606935/large.jpg,Cicindela formosa generosa,48460/1/47120/372739/47158/184884/47208/340471/372884/49567/119895/373661/373919/49568/736941/82453,jpg
http://inaturalist-open-data.s3.amazonaws.com/photos/136331448/large.jpg,Cicindela formosa generosa,48460/1/47120/372739/47158/184884/47208/340471/372884/49567/119895/373661/373919/49568/736941/82453,jpg
http://inaturalist-open-data.s3.amazonaws.com/photos/136607641/large.jpg,Cicindela formosa generosa,48460/1/47120/372739/47158/184884/47208/340471/372884/49567/119895/373661/373919/49568/736941/82453,jpg
http://inaturalist-open-data.s3.amazonaws.com/photos/136607862/large.jpg,Cicindela formosa generosa,48460/1/47120/372739/47158/184884/47208/340471/372884/49567/119895/373661/373919/49568/736941/82453,jpg
http://inaturalist-open-data.s3.amazonaws.com/photos/137165015/large.jpeg,Cicindela formosa generosa,48460/1/47120/372739/47158/184884/47208/340471/372884/49567/119895/373661/373919/49568/736941/82453,jpeg
http://inaturalist-open-data.s3.amazonaws.com/photos/137165065/large.jpeg,Cicindela formosa generosa,48460/1/47120/372739/47158/184884/47208/340471/372884/49567/119895/373661/373919/49568/736941/82453,jpeg
http://inaturalist-open-data.s3.amazonaws.com/photos/137165109/large.jpeg,Cicindela formosa generosa,48460/1/47120/372739/47158/184884/47208/340471/372884/49567/119895/373661/373919/49568/736941/82453,jpeg
http://inaturalist-open-data.s3.amazonaws.com/photos/137165144/large.jpeg,Cicindela formosa generosa,48460/1/47120/372739/47158/184884/47208/340471/372884/49567/119895/373661/373919/49568/736941/82453,jpeg
http://inaturalist-open-data.s3.amazonaws.com/photos/137165183/large.jpeg,Cicindela formosa generosa,48460/1/47120/372739/47158/184884/47208/340471/372884/49567/119895/373661/373919/49568/736941/82453,jpeg
http://inaturalist-open-data.s3.amazonaws.com/photos/137264804/large.jpg,Cicindela formosa generosa,48460/1/47120/372739/47158/184884/47208/340471/372884/49567/119895/373661/373919/49568/736941/82453,jpg
http://inaturalist-open-data.s3.amazonaws.com/photos/137929982/large.jpg,Cicindela formosa generosa,48460/1/47120/372739/47158/184884/47208/340471/372884/49567/119895/373661/373919/49568/736941/82453,jpg
http://inaturalist-open-data.s3.amazonaws.com/photos/137909696/large.jpg,Cicindela formosa generosa,48460/1/47120/372739/47158/184884/47208/340471/372884/49567/119895/373661/373919/49568/736941/82453,jpg
http://inaturalist-open-data.s3.amazonaws.com/photos/137929969/large.jpg,Cicindela formosa generosa,48460/1/47120/372739/47158/184884/47208/340471/372884/49567/119895/373661/373919/49568/736941/82453,jpg
http://inaturalist-open-data.s3.amazonaws.com/photos/137929975/large.jpg,Cicindela formosa generosa,48460/1/47120/372739/47158/184884/47208/340471/372884/49567/119895/373661/373919/49568/736941/82453,jpg
http://inaturalist-open-data.s3.amazonaws.com/photos/138606469/large.jpeg,Cicindela formosa generosa,48460/1/47120/372739/47158/184884/47208/340471/372884/49567/119895/373661/373919/49568/736941/82453,jpeg
http://inaturalist-open-data.s3.amazonaws.com/photos/139632847/large.jpg,Cicindela formosa generosa,48460/1/47120/372739/47158/184884/47208/340471/372884/49567/119895/373661/373919/49568/736941/82453,jpg
http://inaturalist-open-data.s3.amazonaws.com/photos/139858342/large.jpeg,Cicindela formosa generosa,48460/1/47120/372739/47158/184884/47208/340471/372884/49567/119895/373661/373919/49568/736941/82453,jpeg
http://inaturalist-open-data.s3.amazonaws.com/photos/142362120/large.jpg,Cicindela formosa generosa,48460/1/47120/372739/47158/184884/47208/340471/372884/49567/119895/373661/373919/49568/736941/82453,jpg
http://inaturalist-open-data.s3.amazonaws.com/photos/143102926/large.jpeg,Cicindela formosa generosa,48460/1/47120/372739/47158/184884/47208/340471/372884/49567/119895/373661/373919/49568/736941/82453,jpeg
http://inaturalist-open-data.s3.amazonaws.com/photos/143102922/large.jpeg,Cicindela formosa generosa,48460/1/47120/372739/47158/184884/47208/340471/372884/49567/119895/373661/373919/49568/736941/82453,jpeg
http://inaturalist-open-data.s3.amazonaws.com/photos/143793221/large.jpg,Cicindela formosa generosa,48460/1/47120/372739/47158/184884/47208/340471/372884/49567/119895/373661/373919/49568/736941/82453,jpg
http://inaturalist-open-data.s3.amazonaws.com/photos/144265526/large.jpeg,Cicindela formosa generosa,48460/1/47120/372739/47158/184884/47208/340471/372884/49567/119895/373661/373919/49568/736941/82453,jpeg
http://inaturalist-open-data.s3.amazonaws.com/photos/147639075/large.jpeg,Cicindela formosa generosa,48460/1/47120/372739/47158/184884/47208/340471/372884/49567/119895/373661/373919/49568/736941/82453,jpeg
http://inaturalist-open-data.s3.amazonaws.com/photos/150729254/large.jpg,Cicindela formosa generosa,48460/1/47120/372739/47158/184884/47208/340471/372884/49567/119895/373661/373919/49568/736941/82453,jpg
http://inaturalist-open-data.s3.amazonaws.com/photos/151720558/large.jpg,Cicindela formosa generosa,48460/1/47120/372739/47158/184884/47208/340471/372884/49567/119895/373661/373919/49568/736941/82453,jpg
http://inaturalist-open-data.s3.amazonaws.com/photos/152576866/large.jpg,Cicindela formosa generosa,48460/1/47120/372739/47158/184884/47208/340471/372884/49567/119895/373661/373919/49568/736941/82453,jpg
http://inaturalist-open-data.s3.amazonaws.com/photos/153797731/large.jpeg,Cicindela formosa generosa,48460/1/47120/372739/47158/184884/47208/340471/372884/49567/119895/373661/373919/49568/736941/82453,jpeg
http://inaturalist-open-data.s3.amazonaws.com/photos/153797726/large.jpeg,Cicindela formosa generosa,48460/1/47120/372739/47158/184884/47208/340471/372884/49567/119895/373661/373919/49568/736941/82453,jpeg
http://inaturalist-open-data.s3.amazonaws.com/photos/154259593/large.jpg,Cicindela formosa generosa,48460/1/47120/372739/47158/184884/47208/340471/372884/49567/119895/373661/373919/49568/736941/82453,jpg
http://inaturalist-open-data.s3.amazonaws.com/photos/154259612/large.jpg,Cicindela formosa generosa,48460/1/47120/372739/47158/184884/47208/340471/372884/49567/119895/373661/373919/49568/736941/82453,jpg
http://inaturalist-open-data.s3.amazonaws.com/photos/154259629/large.jpg,Cicindela formosa generosa,48460/1/47120/372739/47158/184884/47208/340471/372884/49567/119895/373661/373919/49568/736941/82453,jpg
http://inaturalist-open-data.s3.amazonaws.com/photos/154259645/large.jpg,Cicindela formosa generosa,48460/1/47120/372739/47158/184884/47208/340471/372884/49567/119895/373661/373919/49568/736941/82453,jpg
http://inaturalist-open-data.s3.amazonaws.com/photos/155491139/large.jpeg,Cicindela formosa generosa,48460/1/47120/372739/47158/184884/47208/340471/372884/49567/119895/373661/373919/49568/736941/82453,jpeg
http://inaturalist-open-data.s3.amazonaws.com/photos/155491177/large.jpeg,Cicindela formosa generosa,48460/1/47120/372739/47158/184884/47208/340471/372884/49567/119895/373661/373919/49568/736941/82453,jpeg
http://inaturalist-open-data.s3.amazonaws.com/photos/155491207/large.jpeg,Cicindela formosa generosa,48460/1/47120/372739/47158/184884/47208/340471/372884/49567/119895/373661/373919/49568/736941/82453,jpeg
http://inaturalist-open-data.s3.amazonaws.com/photos/156597995/large.jpeg,Cicindela formosa generosa,48460/1/47120/372739/47158/184884/47208/340471/372884/49567/119895/373661/373919/49568/736941/82453,jpeg
http://inaturalist-open-data.s3.amazonaws.com/photos/157217143/large.jpeg,Cicindela formosa generosa,48460/1/47120/372739/47158/184884/47208/340471/372884/49567/119895/373661/373919/49568/736941/82453,jpeg
http://inaturalist-open-data.s3.amazonaws.com/photos/157217163/large.jpeg,Cicindela formosa generosa,48460/1/47120/372739/47158/184884/47208/340471/372884/49567/119895/373661/373919/49568/736941/82453,jpeg
http://inaturalist-open-data.s3.amazonaws.com/photos/157217176/large.jpeg,Cicindela formosa generosa,48460/1/47120/372739/47158/184884/47208/340471/372884/49567/119895/373661/373919/49568/736941/82453,jpeg
http://inaturalist-open-data.s3.amazonaws.com/photos/157217189/large.jpeg,Cicindela formosa generosa,48460/1/47120/372739/47158/184884/47208/340471/372884/49567/119895/373661/373919/49568/736941/82453,jpeg
http://inaturalist-open-data.s3.amazonaws.com/photos/157571299/large.jpg,Cicindela formosa generosa,48460/1/47120/372739/47158/184884/47208/340471/372884/49567/119895/373661/373919/49568/736941/82453,jpg
http://inaturalist-open-data.s3.amazonaws.com/photos/157571335/large.jpg,Cicindela formosa generosa,48460/1/47120/372739/47158/184884/47208/340471/372884/49567/119895/373661/373919/49568/736941/82453,jpg
http://inaturalist-open-data.s3.amazonaws.com/photos/157571377/large.jpg,Cicindela formosa generosa,48460/1/47120/372739/47158/184884/47208/340471/372884/49567/119895/373661/373919/49568/736941/82453,jpg
http://inaturalist-open-data.s3.amazonaws.com/photos/158722883/large.jpeg,Cicindela formosa generosa,48460/1/47120/372739/47158/184884/47208/340471/372884/49567/119895/373661/373919/49568/736941/82453,jpeg
http://inaturalist-open-data.s3.amazonaws.com/photos/158722899/large.jpeg,Cicindela formosa generosa,48460/1/47120/372739/47158/184884/47208/340471/372884/49567/119895/373661/373919/49568/736941/82453,jpeg
http://inaturalist-open-data.s3.amazonaws.com/photos/160227613/large.jpg,Cicindela formosa generosa,48460/1/47120/372739/47158/184884/47208/340471/372884/49567/119895/373661/373919/49568/736941/82453,jpg
http://inaturalist-open-data.s3.amazonaws.com/photos/166073427/large.jpg,Cicindela formosa generosa,48460/1/47120/372739/47158/184884/47208/340471/372884/49567/119895/373661/373919/49568/736941/82453,jpg
http://inaturalist-open-data.s3.amazonaws.com/photos/171795154/large.jpeg,Cicindela formosa generosa,48460/1/47120/372739/47158/184884/47208/340471/372884/49567/119895/373661/373919/49568/736941/82453,jpeg
http://inaturalist-open-data.s3.amazonaws.com/photos/176481277/large.jpg,Cicindela formosa generosa,48460/1/47120/372739/47158/184884/47208/340471/372884/49567/119895/373661/373919/49568/736941/82453,jpg
http://inaturalist-open-data.s3.amazonaws.com/photos/176676210/large.jpeg,Cicindela formosa generosa,48460/1/47120/372739/47158/184884/47208/340471/372884/49567/119895/373661/373919/49568/736941/82453,jpeg
http://inaturalist-open-data.s3.amazonaws.com/photos/176676222/large.jpeg,Cicindela formosa generosa,48460/1/47120/372739/47158/184884/47208/340471/372884/49567/119895/373661/373919/49568/736941/82453,jpeg
http://inaturalist-open-data.s3.amazonaws.com/photos/176676229/large.jpeg,Cicindela formosa generosa,48460/1/47120/372739/47158/184884/47208/340471/372884/49567/119895/373661/373919/49568/736941/82453,jpeg
http://inaturalist-open-data.s3.amazonaws.com/photos/176676235/large.jpeg,Cicindela formosa generosa,48460/1/47120/372739/47158/184884/47208/340471/372884/49567/119895/373661/373919/49568/736941/82453,jpeg
