photo_url_large,taxon_name,ancestry,extension
http://inaturalist-open-data.s3.amazonaws.com/photos/172636/large.JPG,Cicindela longilabris perviridis,48460/1/47120/372739/47158/184884/47208/340471/372884/49567/119895/373661/373919/49568/736941/127997,JPG
http://inaturalist-open-data.s3.amazonaws.com/photos/172561/large.JPG,Cicindela longilabris perviridis,48460/1/47120/372739/47158/184884/47208/340471/372884/49567/119895/373661/373919/49568/736941/127997,JPG
http://inaturalist-open-data.s3.amazonaws.com/photos/412271/large.jpg,Cicindela longilabris perviridis,48460/1/47120/372739/47158/184884/47208/340471/372884/49567/119895/373661/373919/49568/736941/127997,jpg
http://inaturalist-open-data.s3.amazonaws.com/photos/447055/large.jpg,Cicindela longilabris perviridis,48460/1/47120/372739/47158/184884/47208/340471/372884/49567/119895/373661/373919/49568/736941/127997,jpg
http://inaturalist-open-data.s3.amazonaws.com/photos/1588537/large.jpg,Cicindela longilabris perviridis,48460/1/47120/372739/47158/184884/47208/340471/372884/49567/119895/373661/373919/49568/736941/127997,jpg
http://inaturalist-open-data.s3.amazonaws.com/photos/2356604/large.jpg,Cicindela longilabris perviridis,48460/1/47120/372739/47158/184884/47208/340471/372884/49567/119895/373661/373919/49568/736941/127997,jpg
http://inaturalist-open-data.s3.amazonaws.com/photos/2356605/large.jpg,Cicindela longilabris perviridis,48460/1/47120/372739/47158/184884/47208/340471/372884/49567/119895/373661/373919/49568/736941/127997,jpg
http://inaturalist-open-data.s3.amazonaws.com/photos/2356602/large.jpg,Cicindela longilabris perviridis,48460/1/47120/372739/47158/184884/47208/340471/372884/49567/119895/373661/373919/49568/736941/127997,jpg
http://inaturalist-open-data.s3.amazonaws.com/photos/2356603/large.jpg,Cicindela longilabris perviridis,48460/1/47120/372739/47158/184884/47208/340471/372884/49567/119895/373661/373919/49568/736941/127997,jpg
http://inaturalist-open-data.s3.amazonaws.com/photos/4419438/large.jpg,Cicindela longilabris perviridis,48460/1/47120/372739/47158/184884/47208/340471/372884/49567/119895/373661/373919/49568/736941/127997,jpg
http://inaturalist-open-data.s3.amazonaws.com/photos/4419439/large.jpg,Cicindela longilabris perviridis,48460/1/47120/372739/47158/184884/47208/340471/372884/49567/119895/373661/373919/49568/736941/127997,jpg
http://inaturalist-open-data.s3.amazonaws.com/photos/4702420/large.jpeg,Cicindela longilabris perviridis,48460/1/47120/372739/47158/184884/47208/340471/372884/49567/119895/373661/373919/49568/736941/127997,jpeg
http://inaturalist-open-data.s3.amazonaws.com/photos/5299264/large.jpg,Cicindela longilabris perviridis,48460/1/47120/372739/47158/184884/47208/340471/372884/49567/119895/373661/373919/49568/736941/127997,jpg
http://inaturalist-open-data.s3.amazonaws.com/photos/8544644/large.jpg,Cicindela longilabris perviridis,48460/1/47120/372739/47158/184884/47208/340471/372884/49567/119895/373661/373919/49568/736941/127997,jpg
http://inaturalist-open-data.s3.amazonaws.com/photos/9042848/large.jpg,Cicindela longilabris perviridis,48460/1/47120/372739/47158/184884/47208/340471/372884/49567/119895/373661/373919/49568/736941/127997,jpg
http://inaturalist-open-data.s3.amazonaws.com/photos/9339714/large.jpg,Cicindela longilabris perviridis,48460/1/47120/372739/47158/184884/47208/340471/372884/49567/119895/373661/373919/49568/736941/127997,jpg
http://inaturalist-open-data.s3.amazonaws.com/photos/9451625/large.jpeg,Cicindela longilabris perviridis,48460/1/47120/372739/47158/184884/47208/340471/372884/49567/119895/373661/373919/49568/736941/127997,jpeg
http://inaturalist-open-data.s3.amazonaws.com/photos/12064719/large.jpg,Cicindela longilabris perviridis,48460/1/47120/372739/47158/184884/47208/340471/372884/49567/119895/373661/373919/49568/736941/127997,jpg
http://inaturalist-open-data.s3.amazonaws.com/photos/12064709/large.jpg,Cicindela longilabris perviridis,48460/1/47120/372739/47158/184884/47208/340471/372884/49567/119895/373661/373919/49568/736941/127997,jpg
http://inaturalist-open-data.s3.amazonaws.com/photos/12064996/large.jpg,Cicindela longilabris perviridis,48460/1/47120/372739/47158/184884/47208/340471/372884/49567/119895/373661/373919/49568/736941/127997,jpg
http://inaturalist-open-data.s3.amazonaws.com/photos/12064981/large.jpg,Cicindela longilabris perviridis,48460/1/47120/372739/47158/184884/47208/340471/372884/49567/119895/373661/373919/49568/736941/127997,jpg
http://inaturalist-open-data.s3.amazonaws.com/photos/12205151/large.jpg,Cicindela longilabris perviridis,48460/1/47120/372739/47158/184884/47208/340471/372884/49567/119895/373661/373919/49568/736941/127997,jpg
http://inaturalist-open-data.s3.amazonaws.com/photos/12205144/large.jpg,Cicindela longilabris perviridis,48460/1/47120/372739/47158/184884/47208/340471/372884/49567/119895/373661/373919/49568/736941/127997,jpg
http://inaturalist-open-data.s3.amazonaws.com/photos/12205865/large.jpg,Cicindela longilabris perviridis,48460/1/47120/372739/47158/184884/47208/340471/372884/49567/119895/373661/373919/49568/736941/127997,jpg
http://inaturalist-open-data.s3.amazonaws.com/photos/16741332/large.jpg,Cicindela longilabris perviridis,48460/1/47120/372739/47158/184884/47208/340471/372884/49567/119895/373661/373919/49568/736941/127997,jpg
http://inaturalist-open-data.s3.amazonaws.com/photos/16741352/large.jpg,Cicindela longilabris perviridis,48460/1/47120/372739/47158/184884/47208/340471/372884/49567/119895/373661/373919/49568/736941/127997,jpg
http://inaturalist-open-data.s3.amazonaws.com/photos/20747350/large.jpg,Cicindela longilabris perviridis,48460/1/47120/372739/47158/184884/47208/340471/372884/49567/119895/373661/373919/49568/736941/127997,jpg
http://inaturalist-open-data.s3.amazonaws.com/photos/20747401/large.jpg,Cicindela longilabris perviridis,48460/1/47120/372739/47158/184884/47208/340471/372884/49567/119895/373661/373919/49568/736941/127997,jpg
http://inaturalist-open-data.s3.amazonaws.com/photos/21103336/large.jpg,Cicindela longilabris perviridis,48460/1/47120/372739/47158/184884/47208/340471/372884/49567/119895/373661/373919/49568/736941/127997,jpg
http://inaturalist-open-data.s3.amazonaws.com/photos/24474249/large.jpg,Cicindela longilabris perviridis,48460/1/47120/372739/47158/184884/47208/340471/372884/49567/119895/373661/373919/49568/736941/127997,jpg
http://inaturalist-open-data.s3.amazonaws.com/photos/24900269/large.jpg,Cicindela longilabris perviridis,48460/1/47120/372739/47158/184884/47208/340471/372884/49567/119895/373661/373919/49568/736941/127997,jpg
http://inaturalist-open-data.s3.amazonaws.com/photos/24900265/large.jpg,Cicindela longilabris perviridis,48460/1/47120/372739/47158/184884/47208/340471/372884/49567/119895/373661/373919/49568/736941/127997,jpg
http://inaturalist-open-data.s3.amazonaws.com/photos/25195399/large.jpg,Cicindela longilabris perviridis,48460/1/47120/372739/47158/184884/47208/340471/372884/49567/119895/373661/373919/49568/736941/127997,jpg
http://inaturalist-open-data.s3.amazonaws.com/photos/25210127/large.jpg,Cicindela longilabris perviridis,48460/1/47120/372739/47158/184884/47208/340471/372884/49567/119895/373661/373919/49568/736941/127997,jpg
http://inaturalist-open-data.s3.amazonaws.com/photos/25210131/large.jpg,Cicindela longilabris perviridis,48460/1/47120/372739/47158/184884/47208/340471/372884/49567/119895/373661/373919/49568/736941/127997,jpg
http://inaturalist-open-data.s3.amazonaws.com/photos/25499751/large.jpg,Cicindela longilabris perviridis,48460/1/47120/372739/47158/184884/47208/340471/372884/49567/119895/373661/373919/49568/736941/127997,jpg
http://inaturalist-open-data.s3.amazonaws.com/photos/25499763/large.jpg,Cicindela longilabris perviridis,48460/1/47120/372739/47158/184884/47208/340471/372884/49567/119895/373661/373919/49568/736941/127997,jpg
http://inaturalist-open-data.s3.amazonaws.com/photos/25914463/large.jpeg,Cicindela longilabris perviridis,48460/1/47120/372739/47158/184884/47208/340471/372884/49567/119895/373661/373919/49568/736941/127997,jpeg
http://inaturalist-open-data.s3.amazonaws.com/photos/25929069/large.jpg,Cicindela longilabris perviridis,48460/1/47120/372739/47158/184884/47208/340471/372884/49567/119895/373661/373919/49568/736941/127997,jpg
http://inaturalist-open-data.s3.amazonaws.com/photos/30509796/large.jpg,Cicindela longilabris perviridis,48460/1/47120/372739/47158/184884/47208/340471/372884/49567/119895/373661/373919/49568/736941/127997,jpg
http://inaturalist-open-data.s3.amazonaws.com/photos/38802901/large.jpg,Cicindela longilabris perviridis,48460/1/47120/372739/47158/184884/47208/340471/372884/49567/119895/373661/373919/49568/736941/127997,jpg
http://inaturalist-open-data.s3.amazonaws.com/photos/38802904/large.jpg,Cicindela longilabris perviridis,48460/1/47120/372739/47158/184884/47208/340471/372884/49567/119895/373661/373919/49568/736941/127997,jpg
http://inaturalist-open-data.s3.amazonaws.com/photos/38802899/large.jpg,Cicindela longilabris perviridis,48460/1/47120/372739/47158/184884/47208/340471/372884/49567/119895/373661/373919/49568/736941/127997,jpg
http://inaturalist-open-data.s3.amazonaws.com/photos/38802950/large.jpg,Cicindela longilabris perviridis,48460/1/47120/372739/47158/184884/47208/340471/372884/49567/119895/373661/373919/49568/736941/127997,jpg
http://inaturalist-open-data.s3.amazonaws.com/photos/38803789/large.jpeg,Cicindela longilabris perviridis,48460/1/47120/372739/47158/184884/47208/340471/372884/49567/119895/373661/373919/49568/736941/127997,jpeg
http://inaturalist-open-data.s3.amazonaws.com/photos/42315830/large.jpg,Cicindela longilabris perviridis,48460/1/47120/372739/47158/184884/47208/340471/372884/49567/119895/373661/373919/49568/736941/127997,jpg
http://inaturalist-open-data.s3.amazonaws.com/photos/44266500/large.jpg,Cicindela longilabris perviridis,48460/1/47120/372739/47158/184884/47208/340471/372884/49567/119895/373661/373919/49568/736941/127997,jpg
http://inaturalist-open-data.s3.amazonaws.com/photos/44266639/large.jpg,Cicindela longilabris perviridis,48460/1/47120/372739/47158/184884/47208/340471/372884/49567/119895/373661/373919/49568/736941/127997,jpg
http://inaturalist-open-data.s3.amazonaws.com/photos/44266561/large.jpg,Cicindela longilabris perviridis,48460/1/47120/372739/47158/184884/47208/340471/372884/49567/119895/373661/373919/49568/736941/127997,jpg
http://inaturalist-open-data.s3.amazonaws.com/photos/44266584/large.jpg,Cicindela longilabris perviridis,48460/1/47120/372739/47158/184884/47208/340471/372884/49567/119895/373661/373919/49568/736941/127997,jpg
http://inaturalist-open-data.s3.amazonaws.com/photos/44266611/large.jpg,Cicindela longilabris perviridis,48460/1/47120/372739/47158/184884/47208/340471/372884/49567/119895/373661/373919/49568/736941/127997,jpg
http://inaturalist-open-data.s3.amazonaws.com/photos/44266526/large.jpg,Cicindela longilabris perviridis,48460/1/47120/372739/47158/184884/47208/340471/372884/49567/119895/373661/373919/49568/736941/127997,jpg
http://inaturalist-open-data.s3.amazonaws.com/photos/44266661/large.jpg,Cicindela longilabris perviridis,48460/1/47120/372739/47158/184884/47208/340471/372884/49567/119895/373661/373919/49568/736941/127997,jpg
http://inaturalist-open-data.s3.amazonaws.com/photos/44266684/large.jpg,Cicindela longilabris perviridis,48460/1/47120/372739/47158/184884/47208/340471/372884/49567/119895/373661/373919/49568/736941/127997,jpg
http://inaturalist-open-data.s3.amazonaws.com/photos/44267129/large.jpg,Cicindela longilabris perviridis,48460/1/47120/372739/47158/184884/47208/340471/372884/49567/119895/373661/373919/49568/736941/127997,jpg
http://inaturalist-open-data.s3.amazonaws.com/photos/44267163/large.jpg,Cicindela longilabris perviridis,48460/1/47120/372739/47158/184884/47208/340471/372884/49567/119895/373661/373919/49568/736941/127997,jpg
http://inaturalist-open-data.s3.amazonaws.com/photos/44267144/large.jpg,Cicindela longilabris perviridis,48460/1/47120/372739/47158/184884/47208/340471/372884/49567/119895/373661/373919/49568/736941/127997,jpg
http://inaturalist-open-data.s3.amazonaws.com/photos/44267186/large.jpg,Cicindela longilabris perviridis,48460/1/47120/372739/47158/184884/47208/340471/372884/49567/119895/373661/373919/49568/736941/127997,jpg
http://inaturalist-open-data.s3.amazonaws.com/photos/44268831/large.jpg,Cicindela longilabris perviridis,48460/1/47120/372739/47158/184884/47208/340471/372884/49567/119895/373661/373919/49568/736941/127997,jpg
http://inaturalist-open-data.s3.amazonaws.com/photos/44268869/large.jpg,Cicindela longilabris perviridis,48460/1/47120/372739/47158/184884/47208/340471/372884/49567/119895/373661/373919/49568/736941/127997,jpg
http://inaturalist-open-data.s3.amazonaws.com/photos/44268948/large.jpg,Cicindela longilabris perviridis,48460/1/47120/372739/47158/184884/47208/340471/372884/49567/119895/373661/373919/49568/736941/127997,jpg
http://inaturalist-open-data.s3.amazonaws.com/photos/44268889/large.jpg,Cicindela longilabris perviridis,48460/1/47120/372739/47158/184884/47208/340471/372884/49567/119895/373661/373919/49568/736941/127997,jpg
http://inaturalist-open-data.s3.amazonaws.com/photos/44268928/large.jpg,Cicindela longilabris perviridis,48460/1/47120/372739/47158/184884/47208/340471/372884/49567/119895/373661/373919/49568/736941/127997,jpg
http://inaturalist-open-data.s3.amazonaws.com/photos/44268851/large.jpg,Cicindela longilabris perviridis,48460/1/47120/372739/47158/184884/47208/340471/372884/49567/119895/373661/373919/49568/736941/127997,jpg
http://inaturalist-open-data.s3.amazonaws.com/photos/44268907/large.jpg,Cicindela longilabris perviridis,48460/1/47120/372739/47158/184884/47208/340471/372884/49567/119895/373661/373919/49568/736941/127997,jpg
http://inaturalist-open-data.s3.amazonaws.com/photos/44268970/large.jpg,Cicindela longilabris perviridis,48460/1/47120/372739/47158/184884/47208/340471/372884/49567/119895/373661/373919/49568/736941/127997,jpg
http://inaturalist-open-data.s3.amazonaws.com/photos/44813370/large.jpeg,Cicindela longilabris perviridis,48460/1/47120/372739/47158/184884/47208/340471/372884/49567/119895/373661/373919/49568/736941/127997,jpeg
http://inaturalist-open-data.s3.amazonaws.com/photos/44813378/large.jpeg,Cicindela longilabris perviridis,48460/1/47120/372739/47158/184884/47208/340471/372884/49567/119895/373661/373919/49568/736941/127997,jpeg
http://inaturalist-open-data.s3.amazonaws.com/photos/44956980/large.jpg,Cicindela longilabris perviridis,48460/1/47120/372739/47158/184884/47208/340471/372884/49567/119895/373661/373919/49568/736941/127997,jpg
http://inaturalist-open-data.s3.amazonaws.com/photos/45111200/large.jpeg,Cicindela longilabris perviridis,48460/1/47120/372739/47158/184884/47208/340471/372884/49567/119895/373661/373919/49568/736941/127997,jpeg
http://inaturalist-open-data.s3.amazonaws.com/photos/45111206/large.jpeg,Cicindela longilabris perviridis,48460/1/47120/372739/47158/184884/47208/340471/372884/49567/119895/373661/373919/49568/736941/127997,jpeg
http://inaturalist-open-data.s3.amazonaws.com/photos/45111210/large.jpeg,Cicindela longilabris perviridis,48460/1/47120/372739/47158/184884/47208/340471/372884/49567/119895/373661/373919/49568/736941/127997,jpeg
http://inaturalist-open-data.s3.amazonaws.com/photos/45113317/large.jpeg,Cicindela longilabris perviridis,48460/1/47120/372739/47158/184884/47208/340471/372884/49567/119895/373661/373919/49568/736941/127997,jpeg
http://inaturalist-open-data.s3.amazonaws.com/photos/45113344/large.jpeg,Cicindela longilabris perviridis,48460/1/47120/372739/47158/184884/47208/340471/372884/49567/119895/373661/373919/49568/736941/127997,jpeg
http://inaturalist-open-data.s3.amazonaws.com/photos/45184021/large.jpg,Cicindela longilabris perviridis,48460/1/47120/372739/47158/184884/47208/340471/372884/49567/119895/373661/373919/49568/736941/127997,jpg
http://inaturalist-open-data.s3.amazonaws.com/photos/45212904/large.jpeg,Cicindela longilabris perviridis,48460/1/47120/372739/47158/184884/47208/340471/372884/49567/119895/373661/373919/49568/736941/127997,jpeg
http://inaturalist-open-data.s3.amazonaws.com/photos/45212907/large.jpeg,Cicindela longilabris perviridis,48460/1/47120/372739/47158/184884/47208/340471/372884/49567/119895/373661/373919/49568/736941/127997,jpeg
http://inaturalist-open-data.s3.amazonaws.com/photos/45715372/large.jpg,Cicindela longilabris perviridis,48460/1/47120/372739/47158/184884/47208/340471/372884/49567/119895/373661/373919/49568/736941/127997,jpg
http://inaturalist-open-data.s3.amazonaws.com/photos/46188251/large.jpg,Cicindela longilabris perviridis,48460/1/47120/372739/47158/184884/47208/340471/372884/49567/119895/373661/373919/49568/736941/127997,jpg
http://inaturalist-open-data.s3.amazonaws.com/photos/46187878/large.jpg,Cicindela longilabris perviridis,48460/1/47120/372739/47158/184884/47208/340471/372884/49567/119895/373661/373919/49568/736941/127997,jpg
http://inaturalist-open-data.s3.amazonaws.com/photos/46188273/large.jpg,Cicindela longilabris perviridis,48460/1/47120/372739/47158/184884/47208/340471/372884/49567/119895/373661/373919/49568/736941/127997,jpg
http://inaturalist-open-data.s3.amazonaws.com/photos/48937405/large.jpg,Cicindela longilabris perviridis,48460/1/47120/372739/47158/184884/47208/340471/372884/49567/119895/373661/373919/49568/736941/127997,jpg
http://inaturalist-open-data.s3.amazonaws.com/photos/50993999/large.jpg,Cicindela longilabris perviridis,48460/1/47120/372739/47158/184884/47208/340471/372884/49567/119895/373661/373919/49568/736941/127997,jpg
http://inaturalist-open-data.s3.amazonaws.com/photos/50993990/large.jpg,Cicindela longilabris perviridis,48460/1/47120/372739/47158/184884/47208/340471/372884/49567/119895/373661/373919/49568/736941/127997,jpg
http://inaturalist-open-data.s3.amazonaws.com/photos/50994006/large.jpg,Cicindela longilabris perviridis,48460/1/47120/372739/47158/184884/47208/340471/372884/49567/119895/373661/373919/49568/736941/127997,jpg
http://inaturalist-open-data.s3.amazonaws.com/photos/53001662/large.jpg,Cicindela longilabris perviridis,48460/1/47120/372739/47158/184884/47208/340471/372884/49567/119895/373661/373919/49568/736941/127997,jpg
http://inaturalist-open-data.s3.amazonaws.com/photos/53004014/large.jpg,Cicindela longilabris perviridis,48460/1/47120/372739/47158/184884/47208/340471/372884/49567/119895/373661/373919/49568/736941/127997,jpg
http://inaturalist-open-data.s3.amazonaws.com/photos/58068141/large.jpg,Cicindela longilabris perviridis,48460/1/47120/372739/47158/184884/47208/340471/372884/49567/119895/373661/373919/49568/736941/127997,jpg
http://inaturalist-open-data.s3.amazonaws.com/photos/58357686/large.jpg,Cicindela longilabris perviridis,48460/1/47120/372739/47158/184884/47208/340471/372884/49567/119895/373661/373919/49568/736941/127997,jpg
http://inaturalist-open-data.s3.amazonaws.com/photos/70098639/large.jpeg,Cicindela longilabris perviridis,48460/1/47120/372739/47158/184884/47208/340471/372884/49567/119895/373661/373919/49568/736941/127997,jpeg
http://inaturalist-open-data.s3.amazonaws.com/photos/70098647/large.jpeg,Cicindela longilabris perviridis,48460/1/47120/372739/47158/184884/47208/340471/372884/49567/119895/373661/373919/49568/736941/127997,jpeg
http://inaturalist-open-data.s3.amazonaws.com/photos/70098653/large.jpeg,Cicindela longilabris perviridis,48460/1/47120/372739/47158/184884/47208/340471/372884/49567/119895/373661/373919/49568/736941/127997,jpeg
http://inaturalist-open-data.s3.amazonaws.com/photos/70096793/large.jpeg,Cicindela longilabris perviridis,48460/1/47120/372739/47158/184884/47208/340471/372884/49567/119895/373661/373919/49568/736941/127997,jpeg
http://inaturalist-open-data.s3.amazonaws.com/photos/91193633/large.jpg,Cicindela longilabris perviridis,48460/1/47120/372739/47158/184884/47208/340471/372884/49567/119895/373661/373919/49568/736941/127997,jpg
http://inaturalist-open-data.s3.amazonaws.com/photos/93438527/large.jpg,Cicindela longilabris perviridis,48460/1/47120/372739/47158/184884/47208/340471/372884/49567/119895/373661/373919/49568/736941/127997,jpg
http://inaturalist-open-data.s3.amazonaws.com/photos/94031850/large.jpg,Cicindela longilabris perviridis,48460/1/47120/372739/47158/184884/47208/340471/372884/49567/119895/373661/373919/49568/736941/127997,jpg
http://inaturalist-open-data.s3.amazonaws.com/photos/107861579/large.jpg,Cicindela longilabris perviridis,48460/1/47120/372739/47158/184884/47208/340471/372884/49567/119895/373661/373919/49568/736941/127997,jpg
http://inaturalist-open-data.s3.amazonaws.com/photos/107860837/large.jpg,Cicindela longilabris perviridis,48460/1/47120/372739/47158/184884/47208/340471/372884/49567/119895/373661/373919/49568/736941/127997,jpg
http://inaturalist-open-data.s3.amazonaws.com/photos/107861587/large.jpg,Cicindela longilabris perviridis,48460/1/47120/372739/47158/184884/47208/340471/372884/49567/119895/373661/373919/49568/736941/127997,jpg
http://inaturalist-open-data.s3.amazonaws.com/photos/107861588/large.jpg,Cicindela longilabris perviridis,48460/1/47120/372739/47158/184884/47208/340471/372884/49567/119895/373661/373919/49568/736941/127997,jpg
http://inaturalist-open-data.s3.amazonaws.com/photos/120390884/large.jpg,Cicindela longilabris perviridis,48460/1/47120/372739/47158/184884/47208/340471/372884/49567/119895/373661/373919/49568/736941/127997,jpg
http://inaturalist-open-data.s3.amazonaws.com/photos/131829029/large.jpg,Cicindela longilabris perviridis,48460/1/47120/372739/47158/184884/47208/340471/372884/49567/119895/373661/373919/49568/736941/127997,jpg
http://inaturalist-open-data.s3.amazonaws.com/photos/133008496/large.jpeg,Cicindela longilabris perviridis,48460/1/47120/372739/47158/184884/47208/340471/372884/49567/119895/373661/373919/49568/736941/127997,jpeg
http://inaturalist-open-data.s3.amazonaws.com/photos/133008515/large.jpeg,Cicindela longilabris perviridis,48460/1/47120/372739/47158/184884/47208/340471/372884/49567/119895/373661/373919/49568/736941/127997,jpeg
http://inaturalist-open-data.s3.amazonaws.com/photos/133008536/large.jpeg,Cicindela longilabris perviridis,48460/1/47120/372739/47158/184884/47208/340471/372884/49567/119895/373661/373919/49568/736941/127997,jpeg
http://inaturalist-open-data.s3.amazonaws.com/photos/136187943/large.jpeg,Cicindela longilabris perviridis,48460/1/47120/372739/47158/184884/47208/340471/372884/49567/119895/373661/373919/49568/736941/127997,jpeg
http://inaturalist-open-data.s3.amazonaws.com/photos/136187448/large.jpeg,Cicindela longilabris perviridis,48460/1/47120/372739/47158/184884/47208/340471/372884/49567/119895/373661/373919/49568/736941/127997,jpeg
http://inaturalist-open-data.s3.amazonaws.com/photos/136396006/large.jpg,Cicindela longilabris perviridis,48460/1/47120/372739/47158/184884/47208/340471/372884/49567/119895/373661/373919/49568/736941/127997,jpg
http://inaturalist-open-data.s3.amazonaws.com/photos/136396480/large.jpg,Cicindela longilabris perviridis,48460/1/47120/372739/47158/184884/47208/340471/372884/49567/119895/373661/373919/49568/736941/127997,jpg
http://inaturalist-open-data.s3.amazonaws.com/photos/137321171/large.jpeg,Cicindela longilabris perviridis,48460/1/47120/372739/47158/184884/47208/340471/372884/49567/119895/373661/373919/49568/736941/127997,jpeg
http://inaturalist-open-data.s3.amazonaws.com/photos/145427988/large.jpg,Cicindela longilabris perviridis,48460/1/47120/372739/47158/184884/47208/340471/372884/49567/119895/373661/373919/49568/736941/127997,jpg
http://inaturalist-open-data.s3.amazonaws.com/photos/140742073/large.jpeg,Cicindela longilabris perviridis,48460/1/47120/372739/47158/184884/47208/340471/372884/49567/119895/373661/373919/49568/736941/127997,jpeg
http://inaturalist-open-data.s3.amazonaws.com/photos/140742097/large.jpeg,Cicindela longilabris perviridis,48460/1/47120/372739/47158/184884/47208/340471/372884/49567/119895/373661/373919/49568/736941/127997,jpeg
http://inaturalist-open-data.s3.amazonaws.com/photos/143545984/large.jpeg,Cicindela longilabris perviridis,48460/1/47120/372739/47158/184884/47208/340471/372884/49567/119895/373661/373919/49568/736941/127997,jpeg
http://inaturalist-open-data.s3.amazonaws.com/photos/143545996/large.jpeg,Cicindela longilabris perviridis,48460/1/47120/372739/47158/184884/47208/340471/372884/49567/119895/373661/373919/49568/736941/127997,jpeg
http://inaturalist-open-data.s3.amazonaws.com/photos/150402641/large.jpeg,Cicindela longilabris perviridis,48460/1/47120/372739/47158/184884/47208/340471/372884/49567/119895/373661/373919/49568/736941/127997,jpeg
http://inaturalist-open-data.s3.amazonaws.com/photos/150402608/large.jpeg,Cicindela longilabris perviridis,48460/1/47120/372739/47158/184884/47208/340471/372884/49567/119895/373661/373919/49568/736941/127997,jpeg
http://inaturalist-open-data.s3.amazonaws.com/photos/150402622/large.jpeg,Cicindela longilabris perviridis,48460/1/47120/372739/47158/184884/47208/340471/372884/49567/119895/373661/373919/49568/736941/127997,jpeg
http://inaturalist-open-data.s3.amazonaws.com/photos/150402629/large.jpeg,Cicindela longilabris perviridis,48460/1/47120/372739/47158/184884/47208/340471/372884/49567/119895/373661/373919/49568/736941/127997,jpeg
http://inaturalist-open-data.s3.amazonaws.com/photos/150402638/large.jpeg,Cicindela longilabris perviridis,48460/1/47120/372739/47158/184884/47208/340471/372884/49567/119895/373661/373919/49568/736941/127997,jpeg
http://inaturalist-open-data.s3.amazonaws.com/photos/159304332/large.jpg,Cicindela longilabris perviridis,48460/1/47120/372739/47158/184884/47208/340471/372884/49567/119895/373661/373919/49568/736941/127997,jpg
http://inaturalist-open-data.s3.amazonaws.com/photos/159302437/large.jpg,Cicindela longilabris perviridis,48460/1/47120/372739/47158/184884/47208/340471/372884/49567/119895/373661/373919/49568/736941/127997,jpg
http://inaturalist-open-data.s3.amazonaws.com/photos/159302455/large.jpg,Cicindela longilabris perviridis,48460/1/47120/372739/47158/184884/47208/340471/372884/49567/119895/373661/373919/49568/736941/127997,jpg
http://inaturalist-open-data.s3.amazonaws.com/photos/159302470/large.jpg,Cicindela longilabris perviridis,48460/1/47120/372739/47158/184884/47208/340471/372884/49567/119895/373661/373919/49568/736941/127997,jpg
