photo_url_large,taxon_name,ancestry,extension
http://inaturalist-open-data.s3.amazonaws.com/photos/132873958/large.jpeg,Cicindela bicolor xanthospilota,48460/1/47120/372739/47158/184884/47208/340471/372884/49567/119895/373661/373919/49568/510179/736858,jpeg
http://inaturalist-open-data.s3.amazonaws.com/photos/133072853/large.jpeg,Cicindela bicolor xanthospilota,48460/1/47120/372739/47158/184884/47208/340471/372884/49567/119895/373661/373919/49568/510179/736858,jpeg
http://inaturalist-open-data.s3.amazonaws.com/photos/133096569/large.jpeg,Cicindela bicolor xanthospilota,48460/1/47120/372739/47158/184884/47208/340471/372884/49567/119895/373661/373919/49568/510179/736858,jpeg
http://inaturalist-open-data.s3.amazonaws.com/photos/133310414/large.jpeg,Cicindela bicolor xanthospilota,48460/1/47120/372739/47158/184884/47208/340471/372884/49567/119895/373661/373919/49568/510179/736858,jpeg
http://inaturalist-open-data.s3.amazonaws.com/photos/133790865/large.jpeg,Cicindela bicolor xanthospilota,48460/1/47120/372739/47158/184884/47208/340471/372884/49567/119895/373661/373919/49568/510179/736858,jpeg
