photo_url_large,taxon_name,ancestry,extension
http://inaturalist-open-data.s3.amazonaws.com/photos/10129193/large.jpg,Cissia rubricata anabelae,48460/1/47120/372739/47158/184884/47157/47224/47922/58597/58598/58605/132062/1241373,jpg
http://inaturalist-open-data.s3.amazonaws.com/photos/10129190/large.jpg,Cissia rubricata anabelae,48460/1/47120/372739/47158/184884/47157/47224/47922/58597/58598/58605/132062/1241373,jpg
http://inaturalist-open-data.s3.amazonaws.com/photos/10129196/large.jpg,Cissia rubricata anabelae,48460/1/47120/372739/47158/184884/47157/47224/47922/58597/58598/58605/132062/1241373,jpg
http://inaturalist-open-data.s3.amazonaws.com/photos/10129224/large.jpg,Cissia rubricata anabelae,48460/1/47120/372739/47158/184884/47157/47224/47922/58597/58598/58605/132062/1241373,jpg
http://inaturalist-open-data.s3.amazonaws.com/photos/10129205/large.jpg,Cissia rubricata anabelae,48460/1/47120/372739/47158/184884/47157/47224/47922/58597/58598/58605/132062/1241373,jpg
http://inaturalist-open-data.s3.amazonaws.com/photos/19140504/large.jpg,Cissia rubricata anabelae,48460/1/47120/372739/47158/184884/47157/47224/47922/58597/58598/58605/132062/1241373,jpg
http://inaturalist-open-data.s3.amazonaws.com/photos/19140509/large.jpg,Cissia rubricata anabelae,48460/1/47120/372739/47158/184884/47157/47224/47922/58597/58598/58605/132062/1241373,jpg
http://inaturalist-open-data.s3.amazonaws.com/photos/22915979/large.jpg,Cissia rubricata anabelae,48460/1/47120/372739/47158/184884/47157/47224/47922/58597/58598/58605/132062/1241373,jpg
http://inaturalist-open-data.s3.amazonaws.com/photos/22915982/large.jpg,Cissia rubricata anabelae,48460/1/47120/372739/47158/184884/47157/47224/47922/58597/58598/58605/132062/1241373,jpg
http://inaturalist-open-data.s3.amazonaws.com/photos/36500675/large.jpeg,Cissia rubricata anabelae,48460/1/47120/372739/47158/184884/47157/47224/47922/58597/58598/58605/132062/1241373,jpeg
