photo_url_large,taxon_name,ancestry,extension
http://inaturalist-open-data.s3.amazonaws.com/photos/11920317/large.jpg,Cithaerias andromeda bandusia,48460/1/47120/372739/47158/184884/47157/47224/47922/58597/205406/428278/577868,jpg
http://inaturalist-open-data.s3.amazonaws.com/photos/11920319/large.jpg,Cithaerias andromeda bandusia,48460/1/47120/372739/47158/184884/47157/47224/47922/58597/205406/428278/577868,jpg
http://inaturalist-open-data.s3.amazonaws.com/photos/11920322/large.jpg,Cithaerias andromeda bandusia,48460/1/47120/372739/47158/184884/47157/47224/47922/58597/205406/428278/577868,jpg
http://inaturalist-open-data.s3.amazonaws.com/photos/11920320/large.jpg,Cithaerias andromeda bandusia,48460/1/47120/372739/47158/184884/47157/47224/47922/58597/205406/428278/577868,jpg
http://inaturalist-open-data.s3.amazonaws.com/photos/14657607/large.jpg,Cithaerias andromeda bandusia,48460/1/47120/372739/47158/184884/47157/47224/47922/58597/205406/428278/577868,jpg
http://inaturalist-open-data.s3.amazonaws.com/photos/14657610/large.jpg,Cithaerias andromeda bandusia,48460/1/47120/372739/47158/184884/47157/47224/47922/58597/205406/428278/577868,jpg
http://inaturalist-open-data.s3.amazonaws.com/photos/14657605/large.jpg,Cithaerias andromeda bandusia,48460/1/47120/372739/47158/184884/47157/47224/47922/58597/205406/428278/577868,jpg
http://inaturalist-open-data.s3.amazonaws.com/photos/14657602/large.jpg,Cithaerias andromeda bandusia,48460/1/47120/372739/47158/184884/47157/47224/47922/58597/205406/428278/577868,jpg
http://inaturalist-open-data.s3.amazonaws.com/photos/42724785/large.jpeg,Cithaerias andromeda bandusia,48460/1/47120/372739/47158/184884/47157/47224/47922/58597/205406/428278/577868,jpeg
http://inaturalist-open-data.s3.amazonaws.com/photos/46282633/large.jpeg,Cithaerias andromeda bandusia,48460/1/47120/372739/47158/184884/47157/47224/47922/58597/205406/428278/577868,jpeg
http://inaturalist-open-data.s3.amazonaws.com/photos/67230024/large.jpeg,Cithaerias andromeda bandusia,48460/1/47120/372739/47158/184884/47157/47224/47922/58597/205406/428278/577868,jpeg
http://inaturalist-open-data.s3.amazonaws.com/photos/95714353/large.jpeg,Cithaerias andromeda bandusia,48460/1/47120/372739/47158/184884/47157/47224/47922/58597/205406/428278/577868,jpeg
http://inaturalist-open-data.s3.amazonaws.com/photos/111277275/large.jpeg,Cithaerias andromeda bandusia,48460/1/47120/372739/47158/184884/47157/47224/47922/58597/205406/428278/577868,jpeg
http://inaturalist-open-data.s3.amazonaws.com/photos/111277284/large.jpeg,Cithaerias andromeda bandusia,48460/1/47120/372739/47158/184884/47157/47224/47922/58597/205406/428278/577868,jpeg
