photo_url_large,taxon_name,ancestry,extension
http://inaturalist-open-data.s3.amazonaws.com/photos/73565273/large.jpeg,Cithaerias andromeda andromeda,48460/1/47120/372739/47158/184884/47157/47224/47922/58597/205406/428278/577868,jpeg
http://inaturalist-open-data.s3.amazonaws.com/photos/168225495/large.jpeg,Cithaerias andromeda andromeda,48460/1/47120/372739/47158/184884/47157/47224/47922/58597/205406/428278/577868,jpeg
http://inaturalist-open-data.s3.amazonaws.com/photos/105415256/large.jpeg,Cithaerias andromeda andromeda,48460/1/47120/372739/47158/184884/47157/47224/47922/58597/205406/428278/577868,jpeg
http://inaturalist-open-data.s3.amazonaws.com/photos/168225502/large.jpeg,Cithaerias andromeda andromeda,48460/1/47120/372739/47158/184884/47157/47224/47922/58597/205406/428278/577868,jpeg
