photo_url_large,taxon_name,ancestry,extension
http://inaturalist-open-data.s3.amazonaws.com/photos/9077379/large.jpg,Citheronia splendens queretana,48460/1/47120/372739/47158/184884/47157/47214/47918/125085/81587/129435,jpg
http://inaturalist-open-data.s3.amazonaws.com/photos/140198597/large.jpeg,Citheronia splendens queretana,48460/1/47120/372739/47158/184884/47157/47214/47918/125085/81587/129435,jpeg
http://inaturalist-open-data.s3.amazonaws.com/photos/140198617/large.jpeg,Citheronia splendens queretana,48460/1/47120/372739/47158/184884/47157/47214/47918/125085/81587/129435,jpeg
http://inaturalist-open-data.s3.amazonaws.com/photos/140198647/large.jpeg,Citheronia splendens queretana,48460/1/47120/372739/47158/184884/47157/47214/47918/125085/81587/129435,jpeg
