photo_url_large,taxon_name,ancestry,extension
http://inaturalist-open-data.s3.amazonaws.com/photos/2656348/large.jpg,Coleomegilla maculata fuscilabris,48460/1/47120/372739/47158/184884/47208/71130/372852/471714/48486/333790/333796/126268/126267,jpg
http://inaturalist-open-data.s3.amazonaws.com/photos/2656349/large.jpg,Coleomegilla maculata fuscilabris,48460/1/47120/372739/47158/184884/47208/71130/372852/471714/48486/333790/333796/126268/126267,jpg
http://inaturalist-open-data.s3.amazonaws.com/photos/3141551/large.JPG,Coleomegilla maculata fuscilabris,48460/1/47120/372739/47158/184884/47208/71130/372852/471714/48486/333790/333796/126268/126267,JPG
http://inaturalist-open-data.s3.amazonaws.com/photos/3141552/large.JPG,Coleomegilla maculata fuscilabris,48460/1/47120/372739/47158/184884/47208/71130/372852/471714/48486/333790/333796/126268/126267,JPG
http://inaturalist-open-data.s3.amazonaws.com/photos/3141553/large.JPG,Coleomegilla maculata fuscilabris,48460/1/47120/372739/47158/184884/47208/71130/372852/471714/48486/333790/333796/126268/126267,JPG
http://inaturalist-open-data.s3.amazonaws.com/photos/11375989/large.jpeg,Coleomegilla maculata fuscilabris,48460/1/47120/372739/47158/184884/47208/71130/372852/471714/48486/333790/333796/126268/126267,jpeg
http://inaturalist-open-data.s3.amazonaws.com/photos/13032210/large.jpg,Coleomegilla maculata fuscilabris,48460/1/47120/372739/47158/184884/47208/71130/372852/471714/48486/333790/333796/126268/126267,jpg
http://inaturalist-open-data.s3.amazonaws.com/photos/13032224/large.jpg,Coleomegilla maculata fuscilabris,48460/1/47120/372739/47158/184884/47208/71130/372852/471714/48486/333790/333796/126268/126267,jpg
http://inaturalist-open-data.s3.amazonaws.com/photos/13032226/large.jpg,Coleomegilla maculata fuscilabris,48460/1/47120/372739/47158/184884/47208/71130/372852/471714/48486/333790/333796/126268/126267,jpg
http://inaturalist-open-data.s3.amazonaws.com/photos/13505918/large.jpeg,Coleomegilla maculata fuscilabris,48460/1/47120/372739/47158/184884/47208/71130/372852/471714/48486/333790/333796/126268/126267,jpeg
http://inaturalist-open-data.s3.amazonaws.com/photos/13505955/large.jpeg,Coleomegilla maculata fuscilabris,48460/1/47120/372739/47158/184884/47208/71130/372852/471714/48486/333790/333796/126268/126267,jpeg
http://inaturalist-open-data.s3.amazonaws.com/photos/13506015/large.jpeg,Coleomegilla maculata fuscilabris,48460/1/47120/372739/47158/184884/47208/71130/372852/471714/48486/333790/333796/126268/126267,jpeg
http://inaturalist-open-data.s3.amazonaws.com/photos/13506020/large.jpeg,Coleomegilla maculata fuscilabris,48460/1/47120/372739/47158/184884/47208/71130/372852/471714/48486/333790/333796/126268/126267,jpeg
http://inaturalist-open-data.s3.amazonaws.com/photos/13506687/large.jpeg,Coleomegilla maculata fuscilabris,48460/1/47120/372739/47158/184884/47208/71130/372852/471714/48486/333790/333796/126268/126267,jpeg
http://inaturalist-open-data.s3.amazonaws.com/photos/13506691/large.jpeg,Coleomegilla maculata fuscilabris,48460/1/47120/372739/47158/184884/47208/71130/372852/471714/48486/333790/333796/126268/126267,jpeg
http://inaturalist-open-data.s3.amazonaws.com/photos/13506715/large.jpeg,Coleomegilla maculata fuscilabris,48460/1/47120/372739/47158/184884/47208/71130/372852/471714/48486/333790/333796/126268/126267,jpeg
http://inaturalist-open-data.s3.amazonaws.com/photos/13506720/large.jpeg,Coleomegilla maculata fuscilabris,48460/1/47120/372739/47158/184884/47208/71130/372852/471714/48486/333790/333796/126268/126267,jpeg
http://inaturalist-open-data.s3.amazonaws.com/photos/13506725/large.jpeg,Coleomegilla maculata fuscilabris,48460/1/47120/372739/47158/184884/47208/71130/372852/471714/48486/333790/333796/126268/126267,jpeg
http://inaturalist-open-data.s3.amazonaws.com/photos/13506727/large.jpeg,Coleomegilla maculata fuscilabris,48460/1/47120/372739/47158/184884/47208/71130/372852/471714/48486/333790/333796/126268/126267,jpeg
http://inaturalist-open-data.s3.amazonaws.com/photos/19072658/large.jpeg,Coleomegilla maculata fuscilabris,48460/1/47120/372739/47158/184884/47208/71130/372852/471714/48486/333790/333796/126268/126267,jpeg
http://inaturalist-open-data.s3.amazonaws.com/photos/19072667/large.jpeg,Coleomegilla maculata fuscilabris,48460/1/47120/372739/47158/184884/47208/71130/372852/471714/48486/333790/333796/126268/126267,jpeg
http://inaturalist-open-data.s3.amazonaws.com/photos/42586433/large.jpeg,Coleomegilla maculata fuscilabris,48460/1/47120/372739/47158/184884/47208/71130/372852/471714/48486/333790/333796/126268/126267,jpeg
http://inaturalist-open-data.s3.amazonaws.com/photos/65256418/large.jpg,Coleomegilla maculata fuscilabris,48460/1/47120/372739/47158/184884/47208/71130/372852/471714/48486/333790/333796/126268/126267,jpg
http://inaturalist-open-data.s3.amazonaws.com/photos/65256423/large.jpg,Coleomegilla maculata fuscilabris,48460/1/47120/372739/47158/184884/47208/71130/372852/471714/48486/333790/333796/126268/126267,jpg
http://inaturalist-open-data.s3.amazonaws.com/photos/65256424/large.jpg,Coleomegilla maculata fuscilabris,48460/1/47120/372739/47158/184884/47208/71130/372852/471714/48486/333790/333796/126268/126267,jpg
http://inaturalist-open-data.s3.amazonaws.com/photos/136209672/large.jpeg,Coleomegilla maculata fuscilabris,48460/1/47120/372739/47158/184884/47208/71130/372852/471714/48486/333790/333796/126268/126267,jpeg
http://inaturalist-open-data.s3.amazonaws.com/photos/136209729/large.jpeg,Coleomegilla maculata fuscilabris,48460/1/47120/372739/47158/184884/47208/71130/372852/471714/48486/333790/333796/126268/126267,jpeg
http://inaturalist-open-data.s3.amazonaws.com/photos/136209787/large.jpeg,Coleomegilla maculata fuscilabris,48460/1/47120/372739/47158/184884/47208/71130/372852/471714/48486/333790/333796/126268/126267,jpeg
