photo_url_large,taxon_name,ancestry,extension
http://inaturalist-open-data.s3.amazonaws.com/photos/101852797/large.jpg,Colias palaeno europome,48460/1/47120/372739/47158/184884/47157/47224/48508/119556/58533/217396,jpg
http://inaturalist-open-data.s3.amazonaws.com/photos/101852799/large.jpg,Colias palaeno europome,48460/1/47120/372739/47158/184884/47157/47224/48508/119556/58533/217396,jpg
http://inaturalist-open-data.s3.amazonaws.com/photos/101852802/large.jpg,Colias palaeno europome,48460/1/47120/372739/47158/184884/47157/47224/48508/119556/58533/217396,jpg
http://inaturalist-open-data.s3.amazonaws.com/photos/101852806/large.jpg,Colias palaeno europome,48460/1/47120/372739/47158/184884/47157/47224/48508/119556/58533/217396,jpg
http://inaturalist-open-data.s3.amazonaws.com/photos/101852809/large.jpg,Colias palaeno europome,48460/1/47120/372739/47158/184884/47157/47224/48508/119556/58533/217396,jpg
http://inaturalist-open-data.s3.amazonaws.com/photos/101852812/large.jpg,Colias palaeno europome,48460/1/47120/372739/47158/184884/47157/47224/48508/119556/58533/217396,jpg
http://inaturalist-open-data.s3.amazonaws.com/photos/101852823/large.jpg,Colias palaeno europome,48460/1/47120/372739/47158/184884/47157/47224/48508/119556/58533/217396,jpg
http://inaturalist-open-data.s3.amazonaws.com/photos/101852817/large.jpg,Colias palaeno europome,48460/1/47120/372739/47158/184884/47157/47224/48508/119556/58533/217396,jpg
http://inaturalist-open-data.s3.amazonaws.com/photos/101852824/large.jpg,Colias palaeno europome,48460/1/47120/372739/47158/184884/47157/47224/48508/119556/58533/217396,jpg
http://inaturalist-open-data.s3.amazonaws.com/photos/101852827/large.jpg,Colias palaeno europome,48460/1/47120/372739/47158/184884/47157/47224/48508/119556/58533/217396,jpg
http://inaturalist-open-data.s3.amazonaws.com/photos/101852832/large.jpg,Colias palaeno europome,48460/1/47120/372739/47158/184884/47157/47224/48508/119556/58533/217396,jpg
http://inaturalist-open-data.s3.amazonaws.com/photos/101852833/large.jpg,Colias palaeno europome,48460/1/47120/372739/47158/184884/47157/47224/48508/119556/58533/217396,jpg
http://inaturalist-open-data.s3.amazonaws.com/photos/101852836/large.jpg,Colias palaeno europome,48460/1/47120/372739/47158/184884/47157/47224/48508/119556/58533/217396,jpg
