photo_url_large,taxon_name,ancestry,extension
http://inaturalist-open-data.s3.amazonaws.com/photos/15635036/large.jpg,Colotis euippe mediata,48460/1/47120/372739/47158/184884/47157/47224/48508/209720/902162/68484/68495,jpg
http://inaturalist-open-data.s3.amazonaws.com/photos/15635104/large.jpg,Colotis euippe mediata,48460/1/47120/372739/47158/184884/47157/47224/48508/209720/902162/68484/68495,jpg
http://inaturalist-open-data.s3.amazonaws.com/photos/17334966/large.jpg,Colotis euippe mediata,48460/1/47120/372739/47158/184884/47157/47224/48508/209720/902162/68484/68495,jpg
http://inaturalist-open-data.s3.amazonaws.com/photos/17745858/large.jpeg,Colotis euippe mediata,48460/1/47120/372739/47158/184884/47157/47224/48508/209720/902162/68484/68495,jpeg
http://inaturalist-open-data.s3.amazonaws.com/photos/17745896/large.jpeg,Colotis euippe mediata,48460/1/47120/372739/47158/184884/47157/47224/48508/209720/902162/68484/68495,jpeg
http://inaturalist-open-data.s3.amazonaws.com/photos/18970739/large.jpeg,Colotis euippe mediata,48460/1/47120/372739/47158/184884/47157/47224/48508/209720/902162/68484/68495,jpeg
http://inaturalist-open-data.s3.amazonaws.com/photos/19034361/large.jpeg,Colotis euippe mediata,48460/1/47120/372739/47158/184884/47157/47224/48508/209720/902162/68484/68495,jpeg
http://inaturalist-open-data.s3.amazonaws.com/photos/26051484/large.jpeg,Colotis euippe mediata,48460/1/47120/372739/47158/184884/47157/47224/48508/209720/902162/68484/68495,jpeg
http://inaturalist-open-data.s3.amazonaws.com/photos/59439870/large.jpeg,Colotis euippe mediata,48460/1/47120/372739/47158/184884/47157/47224/48508/209720/902162/68484/68495,jpeg
http://inaturalist-open-data.s3.amazonaws.com/photos/60225776/large.jpeg,Colotis euippe mediata,48460/1/47120/372739/47158/184884/47157/47224/48508/209720/902162/68484/68495,jpeg
http://inaturalist-open-data.s3.amazonaws.com/photos/65610398/large.jpeg,Colotis euippe mediata,48460/1/47120/372739/47158/184884/47157/47224/48508/209720/902162/68484/68495,jpeg
http://inaturalist-open-data.s3.amazonaws.com/photos/107044439/large.jpeg,Colotis euippe mediata,48460/1/47120/372739/47158/184884/47157/47224/48508/209720/902162/68484/68495,jpeg
http://inaturalist-open-data.s3.amazonaws.com/photos/108758171/large.jpeg,Colotis euippe mediata,48460/1/47120/372739/47158/184884/47157/47224/48508/209720/902162/68484/68495,jpeg
http://inaturalist-open-data.s3.amazonaws.com/photos/108758178/large.jpeg,Colotis euippe mediata,48460/1/47120/372739/47158/184884/47157/47224/48508/209720/902162/68484/68495,jpeg
http://inaturalist-open-data.s3.amazonaws.com/photos/108786695/large.jpeg,Colotis euippe mediata,48460/1/47120/372739/47158/184884/47157/47224/48508/209720/902162/68484/68495,jpeg
http://inaturalist-open-data.s3.amazonaws.com/photos/108786696/large.jpeg,Colotis euippe mediata,48460/1/47120/372739/47158/184884/47157/47224/48508/209720/902162/68484/68495,jpeg
http://inaturalist-open-data.s3.amazonaws.com/photos/110889363/large.jpeg,Colotis euippe mediata,48460/1/47120/372739/47158/184884/47157/47224/48508/209720/902162/68484/68495,jpeg
http://inaturalist-open-data.s3.amazonaws.com/photos/137449152/large.jpeg,Colotis euippe mediata,48460/1/47120/372739/47158/184884/47157/47224/48508/209720/902162/68484/68495,jpeg
http://inaturalist-open-data.s3.amazonaws.com/photos/144364867/large.jpeg,Colotis euippe mediata,48460/1/47120/372739/47158/184884/47157/47224/48508/209720/902162/68484/68495,jpeg
http://inaturalist-open-data.s3.amazonaws.com/photos/144364909/large.jpeg,Colotis euippe mediata,48460/1/47120/372739/47158/184884/47157/47224/48508/209720/902162/68484/68495,jpeg
http://inaturalist-open-data.s3.amazonaws.com/photos/144364960/large.jpeg,Colotis euippe mediata,48460/1/47120/372739/47158/184884/47157/47224/48508/209720/902162/68484/68495,jpeg
http://inaturalist-open-data.s3.amazonaws.com/photos/144365100/large.jpeg,Colotis euippe mediata,48460/1/47120/372739/47158/184884/47157/47224/48508/209720/902162/68484/68495,jpeg
http://inaturalist-open-data.s3.amazonaws.com/photos/167378337/large.jpeg,Colotis euippe mediata,48460/1/47120/372739/47158/184884/47157/47224/48508/209720/902162/68484/68495,jpeg
http://inaturalist-open-data.s3.amazonaws.com/photos/175241016/large.jpeg,Colotis euippe mediata,48460/1/47120/372739/47158/184884/47157/47224/48508/209720/902162/68484/68495,jpeg
http://inaturalist-open-data.s3.amazonaws.com/photos/175827873/large.jpeg,Colotis euippe mediata,48460/1/47120/372739/47158/184884/47157/47224/48508/209720/902162/68484/68495,jpeg
