photo_url_large,taxon_name,ancestry,extension
http://inaturalist-open-data.s3.amazonaws.com/photos/73900979/large.jpeg,Colotis antevippe zera,48460/1/47120/372739/47158/184884/47157/47224/48508/209720/902162/68484/68483,jpeg
http://inaturalist-open-data.s3.amazonaws.com/photos/6717671/large.jpeg,Colotis antevippe zera,48460/1/47120/372739/47158/184884/47157/47224/48508/209720/902162/68484/68483,jpeg
http://inaturalist-open-data.s3.amazonaws.com/photos/42901263/large.jpg,Colotis antevippe zera,48460/1/47120/372739/47158/184884/47157/47224/48508/209720/902162/68484/68483,jpg
http://inaturalist-open-data.s3.amazonaws.com/photos/48343973/large.jpg,Colotis antevippe zera,48460/1/47120/372739/47158/184884/47157/47224/48508/209720/902162/68484/68483,jpg
http://inaturalist-open-data.s3.amazonaws.com/photos/66411903/large.jpg,Colotis antevippe zera,48460/1/47120/372739/47158/184884/47157/47224/48508/209720/902162/68484/68483,jpg
http://inaturalist-open-data.s3.amazonaws.com/photos/81171671/large.jpg,Colotis antevippe zera,48460/1/47120/372739/47158/184884/47157/47224/48508/209720/902162/68484/68483,jpg
http://inaturalist-open-data.s3.amazonaws.com/photos/85943849/large.jpg,Colotis antevippe zera,48460/1/47120/372739/47158/184884/47157/47224/48508/209720/902162/68484/68483,jpg
http://inaturalist-open-data.s3.amazonaws.com/photos/85943780/large.jpg,Colotis antevippe zera,48460/1/47120/372739/47158/184884/47157/47224/48508/209720/902162/68484/68483,jpg
