photo_url_large,taxon_name,ancestry,extension
http://inaturalist-open-data.s3.amazonaws.com/photos/64406184/large.jpg,Copris mesacanthus mesacanthus,48460/1/47120/372739/47158/184884/47208/71130/702480/48202/48201/125819/362585/71110/496595,jpg
http://inaturalist-open-data.s3.amazonaws.com/photos/64406086/large.jpg,Copris mesacanthus mesacanthus,48460/1/47120/372739/47158/184884/47208/71130/702480/48202/48201/125819/362585/71110/496595,jpg
http://inaturalist-open-data.s3.amazonaws.com/photos/64406217/large.jpg,Copris mesacanthus mesacanthus,48460/1/47120/372739/47158/184884/47208/71130/702480/48202/48201/125819/362585/71110/496595,jpg
http://inaturalist-open-data.s3.amazonaws.com/photos/64406104/large.jpg,Copris mesacanthus mesacanthus,48460/1/47120/372739/47158/184884/47208/71130/702480/48202/48201/125819/362585/71110/496595,jpg
http://inaturalist-open-data.s3.amazonaws.com/photos/64406114/large.jpg,Copris mesacanthus mesacanthus,48460/1/47120/372739/47158/184884/47208/71130/702480/48202/48201/125819/362585/71110/496595,jpg
http://inaturalist-open-data.s3.amazonaws.com/photos/64406122/large.jpg,Copris mesacanthus mesacanthus,48460/1/47120/372739/47158/184884/47208/71130/702480/48202/48201/125819/362585/71110/496595,jpg
http://inaturalist-open-data.s3.amazonaws.com/photos/64406132/large.jpg,Copris mesacanthus mesacanthus,48460/1/47120/372739/47158/184884/47208/71130/702480/48202/48201/125819/362585/71110/496595,jpg
http://inaturalist-open-data.s3.amazonaws.com/photos/64406141/large.jpg,Copris mesacanthus mesacanthus,48460/1/47120/372739/47158/184884/47208/71130/702480/48202/48201/125819/362585/71110/496595,jpg
http://inaturalist-open-data.s3.amazonaws.com/photos/64406146/large.jpg,Copris mesacanthus mesacanthus,48460/1/47120/372739/47158/184884/47208/71130/702480/48202/48201/125819/362585/71110/496595,jpg
http://inaturalist-open-data.s3.amazonaws.com/photos/64406152/large.jpg,Copris mesacanthus mesacanthus,48460/1/47120/372739/47158/184884/47208/71130/702480/48202/48201/125819/362585/71110/496595,jpg
http://inaturalist-open-data.s3.amazonaws.com/photos/64406161/large.jpg,Copris mesacanthus mesacanthus,48460/1/47120/372739/47158/184884/47208/71130/702480/48202/48201/125819/362585/71110/496595,jpg
http://inaturalist-open-data.s3.amazonaws.com/photos/64406175/large.jpg,Copris mesacanthus mesacanthus,48460/1/47120/372739/47158/184884/47208/71130/702480/48202/48201/125819/362585/71110/496595,jpg
http://inaturalist-open-data.s3.amazonaws.com/photos/64406202/large.jpg,Copris mesacanthus mesacanthus,48460/1/47120/372739/47158/184884/47208/71130/702480/48202/48201/125819/362585/71110/496595,jpg
http://inaturalist-open-data.s3.amazonaws.com/photos/65599599/large.jpg,Copris mesacanthus mesacanthus,48460/1/47120/372739/47158/184884/47208/71130/702480/48202/48201/125819/362585/71110/496595,jpg
http://inaturalist-open-data.s3.amazonaws.com/photos/65599548/large.jpg,Copris mesacanthus mesacanthus,48460/1/47120/372739/47158/184884/47208/71130/702480/48202/48201/125819/362585/71110/496595,jpg
http://inaturalist-open-data.s3.amazonaws.com/photos/65599560/large.jpg,Copris mesacanthus mesacanthus,48460/1/47120/372739/47158/184884/47208/71130/702480/48202/48201/125819/362585/71110/496595,jpg
http://inaturalist-open-data.s3.amazonaws.com/photos/65599572/large.jpg,Copris mesacanthus mesacanthus,48460/1/47120/372739/47158/184884/47208/71130/702480/48202/48201/125819/362585/71110/496595,jpg
http://inaturalist-open-data.s3.amazonaws.com/photos/65599585/large.jpg,Copris mesacanthus mesacanthus,48460/1/47120/372739/47158/184884/47208/71130/702480/48202/48201/125819/362585/71110/496595,jpg
http://inaturalist-open-data.s3.amazonaws.com/photos/65599615/large.jpg,Copris mesacanthus mesacanthus,48460/1/47120/372739/47158/184884/47208/71130/702480/48202/48201/125819/362585/71110/496595,jpg
http://inaturalist-open-data.s3.amazonaws.com/photos/65599633/large.jpg,Copris mesacanthus mesacanthus,48460/1/47120/372739/47158/184884/47208/71130/702480/48202/48201/125819/362585/71110/496595,jpg
http://inaturalist-open-data.s3.amazonaws.com/photos/65599642/large.jpg,Copris mesacanthus mesacanthus,48460/1/47120/372739/47158/184884/47208/71130/702480/48202/48201/125819/362585/71110/496595,jpg
http://inaturalist-open-data.s3.amazonaws.com/photos/65599651/large.jpg,Copris mesacanthus mesacanthus,48460/1/47120/372739/47158/184884/47208/71130/702480/48202/48201/125819/362585/71110/496595,jpg
http://inaturalist-open-data.s3.amazonaws.com/photos/85941477/large.jpg,Copris mesacanthus mesacanthus,48460/1/47120/372739/47158/184884/47208/71130/702480/48202/48201/125819/362585/71110/496595,jpg
