photo_url_large,taxon_name,ancestry,extension
http://inaturalist-open-data.s3.amazonaws.com/photos/9076513/large.jpg,Coprophanaeus pluto pluto,48460/1/47120/372739/47158/184884/47208/71130/702480/48202/48201/125819/520046/210587/306998,jpg
http://inaturalist-open-data.s3.amazonaws.com/photos/9076529/large.jpg,Coprophanaeus pluto pluto,48460/1/47120/372739/47158/184884/47208/71130/702480/48202/48201/125819/520046/210587/306998,jpg
http://inaturalist-open-data.s3.amazonaws.com/photos/13525165/large.jpeg,Coprophanaeus pluto pluto,48460/1/47120/372739/47158/184884/47208/71130/702480/48202/48201/125819/520046/210587/306998,jpeg
http://inaturalist-open-data.s3.amazonaws.com/photos/13525167/large.jpg,Coprophanaeus pluto pluto,48460/1/47120/372739/47158/184884/47208/71130/702480/48202/48201/125819/520046/210587/306998,jpg
http://inaturalist-open-data.s3.amazonaws.com/photos/13525172/large.jpeg,Coprophanaeus pluto pluto,48460/1/47120/372739/47158/184884/47208/71130/702480/48202/48201/125819/520046/210587/306998,jpeg
http://inaturalist-open-data.s3.amazonaws.com/photos/13525212/large.jpeg,Coprophanaeus pluto pluto,48460/1/47120/372739/47158/184884/47208/71130/702480/48202/48201/125819/520046/210587/306998,jpeg
