photo_url_large,taxon_name,ancestry,extension
http://inaturalist-open-data.s3.amazonaws.com/photos/53100392/large.jpeg,Creatonotos transiens koni,48460/1/47120/372739/47158/184884/47157/47607/121850/47606/82089/123834/125259/125258,jpeg
http://inaturalist-open-data.s3.amazonaws.com/photos/59773579/large.jpeg,Creatonotos transiens koni,48460/1/47120/372739/47158/184884/47157/47607/121850/47606/82089/123834/125259/125258,jpeg
http://inaturalist-open-data.s3.amazonaws.com/photos/60837046/large.jpeg,Creatonotos transiens koni,48460/1/47120/372739/47158/184884/47157/47607/121850/47606/82089/123834/125259/125258,jpeg
http://inaturalist-open-data.s3.amazonaws.com/photos/61410725/large.jpeg,Creatonotos transiens koni,48460/1/47120/372739/47158/184884/47157/47607/121850/47606/82089/123834/125259/125258,jpeg
http://inaturalist-open-data.s3.amazonaws.com/photos/62223456/large.jpeg,Creatonotos transiens koni,48460/1/47120/372739/47158/184884/47157/47607/121850/47606/82089/123834/125259/125258,jpeg
http://inaturalist-open-data.s3.amazonaws.com/photos/64403875/large.jpeg,Creatonotos transiens koni,48460/1/47120/372739/47158/184884/47157/47607/121850/47606/82089/123834/125259/125258,jpeg
http://inaturalist-open-data.s3.amazonaws.com/photos/65251359/large.jpeg,Creatonotos transiens koni,48460/1/47120/372739/47158/184884/47157/47607/121850/47606/82089/123834/125259/125258,jpeg
http://inaturalist-open-data.s3.amazonaws.com/photos/65251319/large.jpeg,Creatonotos transiens koni,48460/1/47120/372739/47158/184884/47157/47607/121850/47606/82089/123834/125259/125258,jpeg
http://inaturalist-open-data.s3.amazonaws.com/photos/65251332/large.jpeg,Creatonotos transiens koni,48460/1/47120/372739/47158/184884/47157/47607/121850/47606/82089/123834/125259/125258,jpeg
http://inaturalist-open-data.s3.amazonaws.com/photos/67747134/large.jpeg,Creatonotos transiens koni,48460/1/47120/372739/47158/184884/47157/47607/121850/47606/82089/123834/125259/125258,jpeg
http://inaturalist-open-data.s3.amazonaws.com/photos/67747142/large.jpeg,Creatonotos transiens koni,48460/1/47120/372739/47158/184884/47157/47607/121850/47606/82089/123834/125259/125258,jpeg
http://inaturalist-open-data.s3.amazonaws.com/photos/71094274/large.jpeg,Creatonotos transiens koni,48460/1/47120/372739/47158/184884/47157/47607/121850/47606/82089/123834/125259/125258,jpeg
http://inaturalist-open-data.s3.amazonaws.com/photos/74247495/large.jpeg,Creatonotos transiens koni,48460/1/47120/372739/47158/184884/47157/47607/121850/47606/82089/123834/125259/125258,jpeg
http://inaturalist-open-data.s3.amazonaws.com/photos/74247474/large.jpeg,Creatonotos transiens koni,48460/1/47120/372739/47158/184884/47157/47607/121850/47606/82089/123834/125259/125258,jpeg
http://inaturalist-open-data.s3.amazonaws.com/photos/74247424/large.jpeg,Creatonotos transiens koni,48460/1/47120/372739/47158/184884/47157/47607/121850/47606/82089/123834/125259/125258,jpeg
http://inaturalist-open-data.s3.amazonaws.com/photos/74247431/large.jpeg,Creatonotos transiens koni,48460/1/47120/372739/47158/184884/47157/47607/121850/47606/82089/123834/125259/125258,jpeg
http://inaturalist-open-data.s3.amazonaws.com/photos/74247436/large.jpeg,Creatonotos transiens koni,48460/1/47120/372739/47158/184884/47157/47607/121850/47606/82089/123834/125259/125258,jpeg
http://inaturalist-open-data.s3.amazonaws.com/photos/74247445/large.jpeg,Creatonotos transiens koni,48460/1/47120/372739/47158/184884/47157/47607/121850/47606/82089/123834/125259/125258,jpeg
http://inaturalist-open-data.s3.amazonaws.com/photos/74247451/large.jpeg,Creatonotos transiens koni,48460/1/47120/372739/47158/184884/47157/47607/121850/47606/82089/123834/125259/125258,jpeg
http://inaturalist-open-data.s3.amazonaws.com/photos/74247462/large.jpeg,Creatonotos transiens koni,48460/1/47120/372739/47158/184884/47157/47607/121850/47606/82089/123834/125259/125258,jpeg
http://inaturalist-open-data.s3.amazonaws.com/photos/74247467/large.jpeg,Creatonotos transiens koni,48460/1/47120/372739/47158/184884/47157/47607/121850/47606/82089/123834/125259/125258,jpeg
http://inaturalist-open-data.s3.amazonaws.com/photos/74247483/large.jpeg,Creatonotos transiens koni,48460/1/47120/372739/47158/184884/47157/47607/121850/47606/82089/123834/125259/125258,jpeg
http://inaturalist-open-data.s3.amazonaws.com/photos/74247499/large.jpeg,Creatonotos transiens koni,48460/1/47120/372739/47158/184884/47157/47607/121850/47606/82089/123834/125259/125258,jpeg
http://inaturalist-open-data.s3.amazonaws.com/photos/74247507/large.jpeg,Creatonotos transiens koni,48460/1/47120/372739/47158/184884/47157/47607/121850/47606/82089/123834/125259/125258,jpeg
http://inaturalist-open-data.s3.amazonaws.com/photos/74247513/large.jpeg,Creatonotos transiens koni,48460/1/47120/372739/47158/184884/47157/47607/121850/47606/82089/123834/125259/125258,jpeg
http://inaturalist-open-data.s3.amazonaws.com/photos/74247516/large.jpeg,Creatonotos transiens koni,48460/1/47120/372739/47158/184884/47157/47607/121850/47606/82089/123834/125259/125258,jpeg
http://inaturalist-open-data.s3.amazonaws.com/photos/74247523/large.jpeg,Creatonotos transiens koni,48460/1/47120/372739/47158/184884/47157/47607/121850/47606/82089/123834/125259/125258,jpeg
http://inaturalist-open-data.s3.amazonaws.com/photos/74247533/large.jpeg,Creatonotos transiens koni,48460/1/47120/372739/47158/184884/47157/47607/121850/47606/82089/123834/125259/125258,jpeg
http://inaturalist-open-data.s3.amazonaws.com/photos/74247544/large.jpeg,Creatonotos transiens koni,48460/1/47120/372739/47158/184884/47157/47607/121850/47606/82089/123834/125259/125258,jpeg
http://inaturalist-open-data.s3.amazonaws.com/photos/74247553/large.jpeg,Creatonotos transiens koni,48460/1/47120/372739/47158/184884/47157/47607/121850/47606/82089/123834/125259/125258,jpeg
http://inaturalist-open-data.s3.amazonaws.com/photos/74247558/large.jpeg,Creatonotos transiens koni,48460/1/47120/372739/47158/184884/47157/47607/121850/47606/82089/123834/125259/125258,jpeg
http://inaturalist-open-data.s3.amazonaws.com/photos/74247565/large.jpeg,Creatonotos transiens koni,48460/1/47120/372739/47158/184884/47157/47607/121850/47606/82089/123834/125259/125258,jpeg
http://inaturalist-open-data.s3.amazonaws.com/photos/74247571/large.jpeg,Creatonotos transiens koni,48460/1/47120/372739/47158/184884/47157/47607/121850/47606/82089/123834/125259/125258,jpeg
http://inaturalist-open-data.s3.amazonaws.com/photos/74247582/large.jpeg,Creatonotos transiens koni,48460/1/47120/372739/47158/184884/47157/47607/121850/47606/82089/123834/125259/125258,jpeg
http://inaturalist-open-data.s3.amazonaws.com/photos/74247591/large.jpeg,Creatonotos transiens koni,48460/1/47120/372739/47158/184884/47157/47607/121850/47606/82089/123834/125259/125258,jpeg
http://inaturalist-open-data.s3.amazonaws.com/photos/80785609/large.jpeg,Creatonotos transiens koni,48460/1/47120/372739/47158/184884/47157/47607/121850/47606/82089/123834/125259/125258,jpeg
http://inaturalist-open-data.s3.amazonaws.com/photos/81517730/large.jpeg,Creatonotos transiens koni,48460/1/47120/372739/47158/184884/47157/47607/121850/47606/82089/123834/125259/125258,jpeg
http://inaturalist-open-data.s3.amazonaws.com/photos/81762258/large.jpeg,Creatonotos transiens koni,48460/1/47120/372739/47158/184884/47157/47607/121850/47606/82089/123834/125259/125258,jpeg
http://inaturalist-open-data.s3.amazonaws.com/photos/89869376/large.jpeg,Creatonotos transiens koni,48460/1/47120/372739/47158/184884/47157/47607/121850/47606/82089/123834/125259/125258,jpeg
http://inaturalist-open-data.s3.amazonaws.com/photos/90427721/large.png,Creatonotos transiens koni,48460/1/47120/372739/47158/184884/47157/47607/121850/47606/82089/123834/125259/125258,png
http://inaturalist-open-data.s3.amazonaws.com/photos/91560362/large.jpeg,Creatonotos transiens koni,48460/1/47120/372739/47158/184884/47157/47607/121850/47606/82089/123834/125259/125258,jpeg
http://inaturalist-open-data.s3.amazonaws.com/photos/91560285/large.jpeg,Creatonotos transiens koni,48460/1/47120/372739/47158/184884/47157/47607/121850/47606/82089/123834/125259/125258,jpeg
http://inaturalist-open-data.s3.amazonaws.com/photos/91560300/large.jpeg,Creatonotos transiens koni,48460/1/47120/372739/47158/184884/47157/47607/121850/47606/82089/123834/125259/125258,jpeg
http://inaturalist-open-data.s3.amazonaws.com/photos/91560319/large.jpeg,Creatonotos transiens koni,48460/1/47120/372739/47158/184884/47157/47607/121850/47606/82089/123834/125259/125258,jpeg
http://inaturalist-open-data.s3.amazonaws.com/photos/91560338/large.jpeg,Creatonotos transiens koni,48460/1/47120/372739/47158/184884/47157/47607/121850/47606/82089/123834/125259/125258,jpeg
http://inaturalist-open-data.s3.amazonaws.com/photos/94122405/large.jpeg,Creatonotos transiens koni,48460/1/47120/372739/47158/184884/47157/47607/121850/47606/82089/123834/125259/125258,jpeg
http://inaturalist-open-data.s3.amazonaws.com/photos/96554277/large.jpeg,Creatonotos transiens koni,48460/1/47120/372739/47158/184884/47157/47607/121850/47606/82089/123834/125259/125258,jpeg
http://inaturalist-open-data.s3.amazonaws.com/photos/96723693/large.jpeg,Creatonotos transiens koni,48460/1/47120/372739/47158/184884/47157/47607/121850/47606/82089/123834/125259/125258,jpeg
http://inaturalist-open-data.s3.amazonaws.com/photos/97703206/large.jpeg,Creatonotos transiens koni,48460/1/47120/372739/47158/184884/47157/47607/121850/47606/82089/123834/125259/125258,jpeg
http://inaturalist-open-data.s3.amazonaws.com/photos/99013862/large.jpeg,Creatonotos transiens koni,48460/1/47120/372739/47158/184884/47157/47607/121850/47606/82089/123834/125259/125258,jpeg
http://inaturalist-open-data.s3.amazonaws.com/photos/99014126/large.jpeg,Creatonotos transiens koni,48460/1/47120/372739/47158/184884/47157/47607/121850/47606/82089/123834/125259/125258,jpeg
http://inaturalist-open-data.s3.amazonaws.com/photos/99797753/large.jpeg,Creatonotos transiens koni,48460/1/47120/372739/47158/184884/47157/47607/121850/47606/82089/123834/125259/125258,jpeg
http://inaturalist-open-data.s3.amazonaws.com/photos/102135500/large.jpeg,Creatonotos transiens koni,48460/1/47120/372739/47158/184884/47157/47607/121850/47606/82089/123834/125259/125258,jpeg
http://inaturalist-open-data.s3.amazonaws.com/photos/103036211/large.jpeg,Creatonotos transiens koni,48460/1/47120/372739/47158/184884/47157/47607/121850/47606/82089/123834/125259/125258,jpeg
http://inaturalist-open-data.s3.amazonaws.com/photos/103734919/large.jpeg,Creatonotos transiens koni,48460/1/47120/372739/47158/184884/47157/47607/121850/47606/82089/123834/125259/125258,jpeg
