photo_url_large,taxon_name,ancestry,extension
http://inaturalist-open-data.s3.amazonaws.com/photos/549946/large.jpg,Creatonotos fasciatus pljustshi,48460/1/47120/372739/47158/184884/47157/47607/121850/47606/82089/123834/125259/334976,jpg
http://inaturalist-open-data.s3.amazonaws.com/photos/3689874/large.JPG,Creatonotos fasciatus pljustshi,48460/1/47120/372739/47158/184884/47157/47607/121850/47606/82089/123834/125259/334976,JPG
http://inaturalist-open-data.s3.amazonaws.com/photos/3822379/large.JPG,Creatonotos fasciatus pljustshi,48460/1/47120/372739/47158/184884/47157/47607/121850/47606/82089/123834/125259/334976,JPG
http://inaturalist-open-data.s3.amazonaws.com/photos/3937146/large.JPG,Creatonotos fasciatus pljustshi,48460/1/47120/372739/47158/184884/47157/47607/121850/47606/82089/123834/125259/334976,JPG
http://inaturalist-open-data.s3.amazonaws.com/photos/4150633/large.JPG,Creatonotos fasciatus pljustshi,48460/1/47120/372739/47158/184884/47157/47607/121850/47606/82089/123834/125259/334976,JPG
http://inaturalist-open-data.s3.amazonaws.com/photos/24812563/large.jpeg,Creatonotos fasciatus pljustshi,48460/1/47120/372739/47158/184884/47157/47607/121850/47606/82089/123834/125259/334976,jpeg
http://inaturalist-open-data.s3.amazonaws.com/photos/33650487/large.jpeg,Creatonotos fasciatus pljustshi,48460/1/47120/372739/47158/184884/47157/47607/121850/47606/82089/123834/125259/334976,jpeg
http://inaturalist-open-data.s3.amazonaws.com/photos/33677772/large.jpg,Creatonotos fasciatus pljustshi,48460/1/47120/372739/47158/184884/47157/47607/121850/47606/82089/123834/125259/334976,jpg
http://inaturalist-open-data.s3.amazonaws.com/photos/34177667/large.jpg,Creatonotos fasciatus pljustshi,48460/1/47120/372739/47158/184884/47157/47607/121850/47606/82089/123834/125259/334976,jpg
http://inaturalist-open-data.s3.amazonaws.com/photos/33785976/large.jpeg,Creatonotos fasciatus pljustshi,48460/1/47120/372739/47158/184884/47157/47607/121850/47606/82089/123834/125259/334976,jpeg
http://inaturalist-open-data.s3.amazonaws.com/photos/101298894/large.jpeg,Creatonotos fasciatus pljustshi,48460/1/47120/372739/47158/184884/47157/47607/121850/47606/82089/123834/125259/334976,jpeg
