photo_url_large,taxon_name,ancestry,extension
http://inaturalist-open-data.s3.amazonaws.com/photos/57496639/large.jpeg,Creatonotos transiens transiens,48460/1/47120/372739/47158/184884/47157/47607/121850/47606/82089/123834/125259/125258,jpeg
http://inaturalist-open-data.s3.amazonaws.com/photos/57481488/large.jpeg,Creatonotos transiens transiens,48460/1/47120/372739/47158/184884/47157/47607/121850/47606/82089/123834/125259/125258,jpeg
http://inaturalist-open-data.s3.amazonaws.com/photos/57481504/large.jpg,Creatonotos transiens transiens,48460/1/47120/372739/47158/184884/47157/47607/121850/47606/82089/123834/125259/125258,jpg
http://inaturalist-open-data.s3.amazonaws.com/photos/57481506/large.jpg,Creatonotos transiens transiens,48460/1/47120/372739/47158/184884/47157/47607/121850/47606/82089/123834/125259/125258,jpg
http://inaturalist-open-data.s3.amazonaws.com/photos/57481510/large.jpg,Creatonotos transiens transiens,48460/1/47120/372739/47158/184884/47157/47607/121850/47606/82089/123834/125259/125258,jpg
http://inaturalist-open-data.s3.amazonaws.com/photos/57496644/large.jpg,Creatonotos transiens transiens,48460/1/47120/372739/47158/184884/47157/47607/121850/47606/82089/123834/125259/125258,jpg
http://inaturalist-open-data.s3.amazonaws.com/photos/57496656/large.jpg,Creatonotos transiens transiens,48460/1/47120/372739/47158/184884/47157/47607/121850/47606/82089/123834/125259/125258,jpg
http://inaturalist-open-data.s3.amazonaws.com/photos/57859622/large.jpeg,Creatonotos transiens transiens,48460/1/47120/372739/47158/184884/47157/47607/121850/47606/82089/123834/125259/125258,jpeg
http://inaturalist-open-data.s3.amazonaws.com/photos/57859627/large.jpg,Creatonotos transiens transiens,48460/1/47120/372739/47158/184884/47157/47607/121850/47606/82089/123834/125259/125258,jpg
http://inaturalist-open-data.s3.amazonaws.com/photos/57859641/large.jpeg,Creatonotos transiens transiens,48460/1/47120/372739/47158/184884/47157/47607/121850/47606/82089/123834/125259/125258,jpeg
http://inaturalist-open-data.s3.amazonaws.com/photos/57884720/large.jpeg,Creatonotos transiens transiens,48460/1/47120/372739/47158/184884/47157/47607/121850/47606/82089/123834/125259/125258,jpeg
http://inaturalist-open-data.s3.amazonaws.com/photos/57884750/large.jpeg,Creatonotos transiens transiens,48460/1/47120/372739/47158/184884/47157/47607/121850/47606/82089/123834/125259/125258,jpeg
http://inaturalist-open-data.s3.amazonaws.com/photos/58276043/large.jpeg,Creatonotos transiens transiens,48460/1/47120/372739/47158/184884/47157/47607/121850/47606/82089/123834/125259/125258,jpeg
http://inaturalist-open-data.s3.amazonaws.com/photos/58276051/large.jpeg,Creatonotos transiens transiens,48460/1/47120/372739/47158/184884/47157/47607/121850/47606/82089/123834/125259/125258,jpeg
http://inaturalist-open-data.s3.amazonaws.com/photos/62518497/large.jpg,Creatonotos transiens transiens,48460/1/47120/372739/47158/184884/47157/47607/121850/47606/82089/123834/125259/125258,jpg
http://inaturalist-open-data.s3.amazonaws.com/photos/62518516/large.jpg,Creatonotos transiens transiens,48460/1/47120/372739/47158/184884/47157/47607/121850/47606/82089/123834/125259/125258,jpg
http://inaturalist-open-data.s3.amazonaws.com/photos/62518530/large.jpg,Creatonotos transiens transiens,48460/1/47120/372739/47158/184884/47157/47607/121850/47606/82089/123834/125259/125258,jpg
http://inaturalist-open-data.s3.amazonaws.com/photos/62518559/large.jpg,Creatonotos transiens transiens,48460/1/47120/372739/47158/184884/47157/47607/121850/47606/82089/123834/125259/125258,jpg
http://inaturalist-open-data.s3.amazonaws.com/photos/62518572/large.jpg,Creatonotos transiens transiens,48460/1/47120/372739/47158/184884/47157/47607/121850/47606/82089/123834/125259/125258,jpg
http://inaturalist-open-data.s3.amazonaws.com/photos/62518597/large.jpg,Creatonotos transiens transiens,48460/1/47120/372739/47158/184884/47157/47607/121850/47606/82089/123834/125259/125258,jpg
http://inaturalist-open-data.s3.amazonaws.com/photos/64402728/large.jpg,Creatonotos transiens transiens,48460/1/47120/372739/47158/184884/47157/47607/121850/47606/82089/123834/125259/125258,jpg
http://inaturalist-open-data.s3.amazonaws.com/photos/75132902/large.jpg,Creatonotos transiens transiens,48460/1/47120/372739/47158/184884/47157/47607/121850/47606/82089/123834/125259/125258,jpg
http://inaturalist-open-data.s3.amazonaws.com/photos/75132914/large.jpg,Creatonotos transiens transiens,48460/1/47120/372739/47158/184884/47157/47607/121850/47606/82089/123834/125259/125258,jpg
http://inaturalist-open-data.s3.amazonaws.com/photos/77607953/large.jpeg,Creatonotos transiens transiens,48460/1/47120/372739/47158/184884/47157/47607/121850/47606/82089/123834/125259/125258,jpeg
http://inaturalist-open-data.s3.amazonaws.com/photos/77608062/large.jpg,Creatonotos transiens transiens,48460/1/47120/372739/47158/184884/47157/47607/121850/47606/82089/123834/125259/125258,jpg
http://inaturalist-open-data.s3.amazonaws.com/photos/83383952/large.jpeg,Creatonotos transiens transiens,48460/1/47120/372739/47158/184884/47157/47607/121850/47606/82089/123834/125259/125258,jpeg
http://inaturalist-open-data.s3.amazonaws.com/photos/83613921/large.jpeg,Creatonotos transiens transiens,48460/1/47120/372739/47158/184884/47157/47607/121850/47606/82089/123834/125259/125258,jpeg
http://inaturalist-open-data.s3.amazonaws.com/photos/83992129/large.jpg,Creatonotos transiens transiens,48460/1/47120/372739/47158/184884/47157/47607/121850/47606/82089/123834/125259/125258,jpg
http://inaturalist-open-data.s3.amazonaws.com/photos/85231622/large.jpeg,Creatonotos transiens transiens,48460/1/47120/372739/47158/184884/47157/47607/121850/47606/82089/123834/125259/125258,jpeg
http://inaturalist-open-data.s3.amazonaws.com/photos/97694547/large.jpeg,Creatonotos transiens transiens,48460/1/47120/372739/47158/184884/47157/47607/121850/47606/82089/123834/125259/125258,jpeg
http://inaturalist-open-data.s3.amazonaws.com/photos/103000887/large.jpg,Creatonotos transiens transiens,48460/1/47120/372739/47158/184884/47157/47607/121850/47606/82089/123834/125259/125258,jpg
http://inaturalist-open-data.s3.amazonaws.com/photos/113260437/large.jpeg,Creatonotos transiens transiens,48460/1/47120/372739/47158/184884/47157/47607/121850/47606/82089/123834/125259/125258,jpeg
http://inaturalist-open-data.s3.amazonaws.com/photos/113260443/large.jpeg,Creatonotos transiens transiens,48460/1/47120/372739/47158/184884/47157/47607/121850/47606/82089/123834/125259/125258,jpeg
