photo_url_large,taxon_name,ancestry,extension
http://inaturalist-open-data.s3.amazonaws.com/photos/153304311/large.jpeg,Crematogaster peringueyi gedeon,48460/1/47120/372739/47158/184884/47201/124417/326777/1269340/47336/69143/469107/47342/1154989/426236,jpeg
http://inaturalist-open-data.s3.amazonaws.com/photos/153304296/large.jpeg,Crematogaster peringueyi gedeon,48460/1/47120/372739/47158/184884/47201/124417/326777/1269340/47336/69143/469107/47342/1154989/426236,jpeg
http://inaturalist-open-data.s3.amazonaws.com/photos/153304319/large.jpeg,Crematogaster peringueyi gedeon,48460/1/47120/372739/47158/184884/47201/124417/326777/1269340/47336/69143/469107/47342/1154989/426236,jpeg
http://inaturalist-open-data.s3.amazonaws.com/photos/153304338/large.jpeg,Crematogaster peringueyi gedeon,48460/1/47120/372739/47158/184884/47201/124417/326777/1269340/47336/69143/469107/47342/1154989/426236,jpeg
http://inaturalist-open-data.s3.amazonaws.com/photos/153304356/large.jpeg,Crematogaster peringueyi gedeon,48460/1/47120/372739/47158/184884/47201/124417/326777/1269340/47336/69143/469107/47342/1154989/426236,jpeg
http://inaturalist-open-data.s3.amazonaws.com/photos/156618589/large.jpeg,Crematogaster peringueyi gedeon,48460/1/47120/372739/47158/184884/47201/124417/326777/1269340/47336/69143/469107/47342/1154989/426236,jpeg
http://inaturalist-open-data.s3.amazonaws.com/photos/156618615/large.jpeg,Crematogaster peringueyi gedeon,48460/1/47120/372739/47158/184884/47201/124417/326777/1269340/47336/69143/469107/47342/1154989/426236,jpeg
http://inaturalist-open-data.s3.amazonaws.com/photos/156618638/large.jpeg,Crematogaster peringueyi gedeon,48460/1/47120/372739/47158/184884/47201/124417/326777/1269340/47336/69143/469107/47342/1154989/426236,jpeg
http://inaturalist-open-data.s3.amazonaws.com/photos/156618629/large.jpeg,Crematogaster peringueyi gedeon,48460/1/47120/372739/47158/184884/47201/124417/326777/1269340/47336/69143/469107/47342/1154989/426236,jpeg
