photo_url_large,taxon_name,ancestry,extension
http://inaturalist-open-data.s3.amazonaws.com/photos/40053118/large.jpeg,Cressida cressida cressida,48460/1/47120/372739/47158/184884/47157/47224/47223/49973/49974/368368/368367,jpeg
http://inaturalist-open-data.s3.amazonaws.com/photos/40053362/large.jpeg,Cressida cressida cressida,48460/1/47120/372739/47158/184884/47157/47224/47223/49973/49974/368368/368367,jpeg
http://inaturalist-open-data.s3.amazonaws.com/photos/40053366/large.jpeg,Cressida cressida cressida,48460/1/47120/372739/47158/184884/47157/47224/47223/49973/49974/368368/368367,jpeg
http://inaturalist-open-data.s3.amazonaws.com/photos/40715169/large.jpeg,Cressida cressida cressida,48460/1/47120/372739/47158/184884/47157/47224/47223/49973/49974/368368/368367,jpeg
http://inaturalist-open-data.s3.amazonaws.com/photos/40715172/large.jpeg,Cressida cressida cressida,48460/1/47120/372739/47158/184884/47157/47224/47223/49973/49974/368368/368367,jpeg
http://inaturalist-open-data.s3.amazonaws.com/photos/40715174/large.jpeg,Cressida cressida cressida,48460/1/47120/372739/47158/184884/47157/47224/47223/49973/49974/368368/368367,jpeg
http://inaturalist-open-data.s3.amazonaws.com/photos/40715178/large.jpeg,Cressida cressida cressida,48460/1/47120/372739/47158/184884/47157/47224/47223/49973/49974/368368/368367,jpeg
http://inaturalist-open-data.s3.amazonaws.com/photos/40757950/large.jpeg,Cressida cressida cressida,48460/1/47120/372739/47158/184884/47157/47224/47223/49973/49974/368368/368367,jpeg
http://inaturalist-open-data.s3.amazonaws.com/photos/40850477/large.jpeg,Cressida cressida cressida,48460/1/47120/372739/47158/184884/47157/47224/47223/49973/49974/368368/368367,jpeg
http://inaturalist-open-data.s3.amazonaws.com/photos/40850479/large.jpeg,Cressida cressida cressida,48460/1/47120/372739/47158/184884/47157/47224/47223/49973/49974/368368/368367,jpeg
http://inaturalist-open-data.s3.amazonaws.com/photos/40850483/large.jpeg,Cressida cressida cressida,48460/1/47120/372739/47158/184884/47157/47224/47223/49973/49974/368368/368367,jpeg
http://inaturalist-open-data.s3.amazonaws.com/photos/40850484/large.jpeg,Cressida cressida cressida,48460/1/47120/372739/47158/184884/47157/47224/47223/49973/49974/368368/368367,jpeg
http://inaturalist-open-data.s3.amazonaws.com/photos/40850485/large.jpeg,Cressida cressida cressida,48460/1/47120/372739/47158/184884/47157/47224/47223/49973/49974/368368/368367,jpeg
http://inaturalist-open-data.s3.amazonaws.com/photos/40851320/large.jpeg,Cressida cressida cressida,48460/1/47120/372739/47158/184884/47157/47224/47223/49973/49974/368368/368367,jpeg
http://inaturalist-open-data.s3.amazonaws.com/photos/40851321/large.jpeg,Cressida cressida cressida,48460/1/47120/372739/47158/184884/47157/47224/47223/49973/49974/368368/368367,jpeg
http://inaturalist-open-data.s3.amazonaws.com/photos/43161406/large.jpeg,Cressida cressida cressida,48460/1/47120/372739/47158/184884/47157/47224/47223/49973/49974/368368/368367,jpeg
http://inaturalist-open-data.s3.amazonaws.com/photos/43161785/large.jpeg,Cressida cressida cressida,48460/1/47120/372739/47158/184884/47157/47224/47223/49973/49974/368368/368367,jpeg
http://inaturalist-open-data.s3.amazonaws.com/photos/43162017/large.jpeg,Cressida cressida cressida,48460/1/47120/372739/47158/184884/47157/47224/47223/49973/49974/368368/368367,jpeg
http://inaturalist-open-data.s3.amazonaws.com/photos/43162118/large.jpeg,Cressida cressida cressida,48460/1/47120/372739/47158/184884/47157/47224/47223/49973/49974/368368/368367,jpeg
http://inaturalist-open-data.s3.amazonaws.com/photos/43176840/large.jpeg,Cressida cressida cressida,48460/1/47120/372739/47158/184884/47157/47224/47223/49973/49974/368368/368367,jpeg
http://inaturalist-open-data.s3.amazonaws.com/photos/43176844/large.jpeg,Cressida cressida cressida,48460/1/47120/372739/47158/184884/47157/47224/47223/49973/49974/368368/368367,jpeg
http://inaturalist-open-data.s3.amazonaws.com/photos/44874507/large.jpg,Cressida cressida cressida,48460/1/47120/372739/47158/184884/47157/47224/47223/49973/49974/368368/368367,jpg
http://inaturalist-open-data.s3.amazonaws.com/photos/44874746/large.jpeg,Cressida cressida cressida,48460/1/47120/372739/47158/184884/47157/47224/47223/49973/49974/368368/368367,jpeg
http://inaturalist-open-data.s3.amazonaws.com/photos/45101461/large.jpeg,Cressida cressida cressida,48460/1/47120/372739/47158/184884/47157/47224/47223/49973/49974/368368/368367,jpeg
http://inaturalist-open-data.s3.amazonaws.com/photos/45101465/large.jpeg,Cressida cressida cressida,48460/1/47120/372739/47158/184884/47157/47224/47223/49973/49974/368368/368367,jpeg
http://inaturalist-open-data.s3.amazonaws.com/photos/47497863/large.jpeg,Cressida cressida cressida,48460/1/47120/372739/47158/184884/47157/47224/47223/49973/49974/368368/368367,jpeg
http://inaturalist-open-data.s3.amazonaws.com/photos/58313248/large.jpg,Cressida cressida cressida,48460/1/47120/372739/47158/184884/47157/47224/47223/49973/49974/368368/368367,jpg
http://inaturalist-open-data.s3.amazonaws.com/photos/63926428/large.jpeg,Cressida cressida cressida,48460/1/47120/372739/47158/184884/47157/47224/47223/49973/49974/368368/368367,jpeg
http://inaturalist-open-data.s3.amazonaws.com/photos/63926426/large.jpeg,Cressida cressida cressida,48460/1/47120/372739/47158/184884/47157/47224/47223/49973/49974/368368/368367,jpeg
http://inaturalist-open-data.s3.amazonaws.com/photos/67023225/large.jpg,Cressida cressida cressida,48460/1/47120/372739/47158/184884/47157/47224/47223/49973/49974/368368/368367,jpg
http://inaturalist-open-data.s3.amazonaws.com/photos/68658663/large.jpg,Cressida cressida cressida,48460/1/47120/372739/47158/184884/47157/47224/47223/49973/49974/368368/368367,jpg
http://inaturalist-open-data.s3.amazonaws.com/photos/68661792/large.jpg,Cressida cressida cressida,48460/1/47120/372739/47158/184884/47157/47224/47223/49973/49974/368368/368367,jpg
http://inaturalist-open-data.s3.amazonaws.com/photos/107678778/large.jpeg,Cressida cressida cressida,48460/1/47120/372739/47158/184884/47157/47224/47223/49973/49974/368368/368367,jpeg
http://inaturalist-open-data.s3.amazonaws.com/photos/109919127/large.jpeg,Cressida cressida cressida,48460/1/47120/372739/47158/184884/47157/47224/47223/49973/49974/368368/368367,jpeg
http://inaturalist-open-data.s3.amazonaws.com/photos/109919133/large.jpeg,Cressida cressida cressida,48460/1/47120/372739/47158/184884/47157/47224/47223/49973/49974/368368/368367,jpeg
http://inaturalist-open-data.s3.amazonaws.com/photos/112381631/large.jpg,Cressida cressida cressida,48460/1/47120/372739/47158/184884/47157/47224/47223/49973/49974/368368/368367,jpg
http://inaturalist-open-data.s3.amazonaws.com/photos/117581225/large.jpg,Cressida cressida cressida,48460/1/47120/372739/47158/184884/47157/47224/47223/49973/49974/368368/368367,jpg
http://inaturalist-open-data.s3.amazonaws.com/photos/168062308/large.jpeg,Cressida cressida cressida,48460/1/47120/372739/47158/184884/47157/47224/47223/49973/49974/368368/368367,jpeg
http://inaturalist-open-data.s3.amazonaws.com/photos/168062307/large.jpeg,Cressida cressida cressida,48460/1/47120/372739/47158/184884/47157/47224/47223/49973/49974/368368/368367,jpeg
