photo_url_large,taxon_name,ancestry,extension
http://inaturalist-open-data.s3.amazonaws.com/photos/15702971/large.jpg,Crossotus stypticus stypticus,48460/1/47120/372739/47158/184884/47208/71130/372852/963992/47961/50265/556779/557006/577559,jpg
http://inaturalist-open-data.s3.amazonaws.com/photos/15683940/large.jpg,Crossotus stypticus stypticus,48460/1/47120/372739/47158/184884/47208/71130/372852/963992/47961/50265/556779/557006/577559,jpg
http://inaturalist-open-data.s3.amazonaws.com/photos/15883750/large.jpg,Crossotus stypticus stypticus,48460/1/47120/372739/47158/184884/47208/71130/372852/963992/47961/50265/556779/557006/577559,jpg
http://inaturalist-open-data.s3.amazonaws.com/photos/15887722/large.jpg,Crossotus stypticus stypticus,48460/1/47120/372739/47158/184884/47208/71130/372852/963992/47961/50265/556779/557006/577559,jpg
http://inaturalist-open-data.s3.amazonaws.com/photos/15887724/large.jpg,Crossotus stypticus stypticus,48460/1/47120/372739/47158/184884/47208/71130/372852/963992/47961/50265/556779/557006/577559,jpg
http://inaturalist-open-data.s3.amazonaws.com/photos/15887725/large.jpg,Crossotus stypticus stypticus,48460/1/47120/372739/47158/184884/47208/71130/372852/963992/47961/50265/556779/557006/577559,jpg
