photo_url_large,taxon_name,ancestry,extension
http://inaturalist-open-data.s3.amazonaws.com/photos/79055939/large.jpg,Cultellunguis perpallens perpallens,48460/1/47120/372739/47158/184884/47208/71130/372854/47207/52932/460758/529314/322298/340769,jpg
http://inaturalist-open-data.s3.amazonaws.com/photos/79055920/large.jpg,Cultellunguis perpallens perpallens,48460/1/47120/372739/47158/184884/47208/71130/372854/47207/52932/460758/529314/322298/340769,jpg
http://inaturalist-open-data.s3.amazonaws.com/photos/83496439/large.jpg,Cultellunguis perpallens perpallens,48460/1/47120/372739/47158/184884/47208/71130/372854/47207/52932/460758/529314/322298/340769,jpg
http://inaturalist-open-data.s3.amazonaws.com/photos/83496449/large.jpg,Cultellunguis perpallens perpallens,48460/1/47120/372739/47158/184884/47208/71130/372854/47207/52932/460758/529314/322298/340769,jpg
http://inaturalist-open-data.s3.amazonaws.com/photos/84210705/large.jpg,Cultellunguis perpallens perpallens,48460/1/47120/372739/47158/184884/47208/71130/372854/47207/52932/460758/529314/322298/340769,jpg
http://inaturalist-open-data.s3.amazonaws.com/photos/84210739/large.jpg,Cultellunguis perpallens perpallens,48460/1/47120/372739/47158/184884/47208/71130/372854/47207/52932/460758/529314/322298/340769,jpg
http://inaturalist-open-data.s3.amazonaws.com/photos/84210746/large.jpg,Cultellunguis perpallens perpallens,48460/1/47120/372739/47158/184884/47208/71130/372854/47207/52932/460758/529314/322298/340769,jpg
http://inaturalist-open-data.s3.amazonaws.com/photos/86474987/large.jpeg,Cultellunguis perpallens perpallens,48460/1/47120/372739/47158/184884/47208/71130/372854/47207/52932/460758/529314/322298/340769,jpeg
http://inaturalist-open-data.s3.amazonaws.com/photos/86475092/large.jpeg,Cultellunguis perpallens perpallens,48460/1/47120/372739/47158/184884/47208/71130/372854/47207/52932/460758/529314/322298/340769,jpeg
http://inaturalist-open-data.s3.amazonaws.com/photos/87719721/large.jpg,Cultellunguis perpallens perpallens,48460/1/47120/372739/47158/184884/47208/71130/372854/47207/52932/460758/529314/322298/340769,jpg
http://inaturalist-open-data.s3.amazonaws.com/photos/87719730/large.jpg,Cultellunguis perpallens perpallens,48460/1/47120/372739/47158/184884/47208/71130/372854/47207/52932/460758/529314/322298/340769,jpg
