photo_url_large,taxon_name,ancestry,extension
http://inaturalist-open-data.s3.amazonaws.com/photos/13655470/large.jpg,Cyclargus thomasi bethunebakeri,48460/1/47120/372739/47158/184884/47157/47224/47923/58558/125833/522678/174088/217960,jpg
http://inaturalist-open-data.s3.amazonaws.com/photos/13655472/large.jpg,Cyclargus thomasi bethunebakeri,48460/1/47120/372739/47158/184884/47157/47224/47923/58558/125833/522678/174088/217960,jpg
http://inaturalist-open-data.s3.amazonaws.com/photos/57323847/large.jpeg,Cyclargus thomasi bethunebakeri,48460/1/47120/372739/47158/184884/47157/47224/47923/58558/125833/522678/174088/217960,jpeg
http://inaturalist-open-data.s3.amazonaws.com/photos/160877273/large.jpg,Cyclargus thomasi bethunebakeri,48460/1/47120/372739/47158/184884/47157/47224/47923/58558/125833/522678/174088/217960,jpg
