photo_url_large,taxon_name,ancestry,extension
http://inaturalist-open-data.s3.amazonaws.com/photos/65566166/large.jpeg,Cyclommatus canaliculatus canaliculatus,48460/1/47120/372739/47158/184884/47208/71130/702480/48202/49083/373469/794938/60811/60808,jpeg
http://inaturalist-open-data.s3.amazonaws.com/photos/65566141/large.jpeg,Cyclommatus canaliculatus canaliculatus,48460/1/47120/372739/47158/184884/47208/71130/702480/48202/49083/373469/794938/60811/60808,jpeg
http://inaturalist-open-data.s3.amazonaws.com/photos/65566127/large.jpeg,Cyclommatus canaliculatus canaliculatus,48460/1/47120/372739/47158/184884/47208/71130/702480/48202/49083/373469/794938/60811/60808,jpeg
http://inaturalist-open-data.s3.amazonaws.com/photos/72088955/large.jpeg,Cyclommatus canaliculatus canaliculatus,48460/1/47120/372739/47158/184884/47208/71130/702480/48202/49083/373469/794938/60811/60808,jpeg
http://inaturalist-open-data.s3.amazonaws.com/photos/72142332/large.jpg,Cyclommatus canaliculatus canaliculatus,48460/1/47120/372739/47158/184884/47208/71130/702480/48202/49083/373469/794938/60811/60808,jpg
http://inaturalist-open-data.s3.amazonaws.com/photos/72142345/large.jpg,Cyclommatus canaliculatus canaliculatus,48460/1/47120/372739/47158/184884/47208/71130/702480/48202/49083/373469/794938/60811/60808,jpg
