photo_url_large,taxon_name,ancestry,extension
http://inaturalist-open-data.s3.amazonaws.com/photos/57137073/large.jpeg,Cymothoe cottrelli cottrelli,48460/1/47120/372739/47158/184884/47157/47224/47922/134171/134175/149057/1074208,jpeg
http://inaturalist-open-data.s3.amazonaws.com/photos/95732299/large.jpg,Cymothoe cottrelli cottrelli,48460/1/47120/372739/47158/184884/47157/47224/47922/134171/134175/149057/1074208,jpg
http://inaturalist-open-data.s3.amazonaws.com/photos/169713006/large.jpg,Cymothoe cottrelli cottrelli,48460/1/47120/372739/47158/184884/47157/47224/47922/134171/134175/149057/1074208,jpg
http://inaturalist-open-data.s3.amazonaws.com/photos/169713017/large.jpg,Cymothoe cottrelli cottrelli,48460/1/47120/372739/47158/184884/47157/47224/47922/134171/134175/149057/1074208,jpg
http://inaturalist-open-data.s3.amazonaws.com/photos/169712998/large.jpg,Cymothoe cottrelli cottrelli,48460/1/47120/372739/47158/184884/47157/47224/47922/134171/134175/149057/1074208,jpg
http://inaturalist-open-data.s3.amazonaws.com/photos/169713023/large.jpg,Cymothoe cottrelli cottrelli,48460/1/47120/372739/47158/184884/47157/47224/47922/134171/134175/149057/1074208,jpg
