photo_url_large,taxon_name,ancestry,extension
http://inaturalist-open-data.s3.amazonaws.com/photos/601926/large.JPG,Cyrestis thyodamas chinensis,48460/1/47120/372739/47158/184884/47157/47224/47922/202095/208490/125556/125555,JPG
http://inaturalist-open-data.s3.amazonaws.com/photos/601927/large.JPG,Cyrestis thyodamas chinensis,48460/1/47120/372739/47158/184884/47157/47224/47922/202095/208490/125556/125555,JPG
http://inaturalist-open-data.s3.amazonaws.com/photos/611402/large.JPG,Cyrestis thyodamas chinensis,48460/1/47120/372739/47158/184884/47157/47224/47922/202095/208490/125556/125555,JPG
http://inaturalist-open-data.s3.amazonaws.com/photos/1486329/large.JPG,Cyrestis thyodamas chinensis,48460/1/47120/372739/47158/184884/47157/47224/47922/202095/208490/125556/125555,JPG
http://inaturalist-open-data.s3.amazonaws.com/photos/3910194/large.jpg,Cyrestis thyodamas chinensis,48460/1/47120/372739/47158/184884/47157/47224/47922/202095/208490/125556/125555,jpg
http://inaturalist-open-data.s3.amazonaws.com/photos/5843560/large.jpeg,Cyrestis thyodamas chinensis,48460/1/47120/372739/47158/184884/47157/47224/47922/202095/208490/125556/125555,jpeg
http://inaturalist-open-data.s3.amazonaws.com/photos/7889323/large.jpg,Cyrestis thyodamas chinensis,48460/1/47120/372739/47158/184884/47157/47224/47922/202095/208490/125556/125555,jpg
http://inaturalist-open-data.s3.amazonaws.com/photos/8032434/large.jpg,Cyrestis thyodamas chinensis,48460/1/47120/372739/47158/184884/47157/47224/47922/202095/208490/125556/125555,jpg
http://inaturalist-open-data.s3.amazonaws.com/photos/11962280/large.jpg,Cyrestis thyodamas chinensis,48460/1/47120/372739/47158/184884/47157/47224/47922/202095/208490/125556/125555,jpg
http://inaturalist-open-data.s3.amazonaws.com/photos/11962290/large.jpg,Cyrestis thyodamas chinensis,48460/1/47120/372739/47158/184884/47157/47224/47922/202095/208490/125556/125555,jpg
http://inaturalist-open-data.s3.amazonaws.com/photos/11962275/large.jpg,Cyrestis thyodamas chinensis,48460/1/47120/372739/47158/184884/47157/47224/47922/202095/208490/125556/125555,jpg
http://inaturalist-open-data.s3.amazonaws.com/photos/16755047/large.jpeg,Cyrestis thyodamas chinensis,48460/1/47120/372739/47158/184884/47157/47224/47922/202095/208490/125556/125555,jpeg
http://inaturalist-open-data.s3.amazonaws.com/photos/22350841/large.jpeg,Cyrestis thyodamas chinensis,48460/1/47120/372739/47158/184884/47157/47224/47922/202095/208490/125556/125555,jpeg
http://inaturalist-open-data.s3.amazonaws.com/photos/36654566/large.jpeg,Cyrestis thyodamas chinensis,48460/1/47120/372739/47158/184884/47157/47224/47922/202095/208490/125556/125555,jpeg
http://inaturalist-open-data.s3.amazonaws.com/photos/37004048/large.jpg,Cyrestis thyodamas chinensis,48460/1/47120/372739/47158/184884/47157/47224/47922/202095/208490/125556/125555,jpg
http://inaturalist-open-data.s3.amazonaws.com/photos/41121890/large.jpeg,Cyrestis thyodamas chinensis,48460/1/47120/372739/47158/184884/47157/47224/47922/202095/208490/125556/125555,jpeg
http://inaturalist-open-data.s3.amazonaws.com/photos/41122092/large.jpeg,Cyrestis thyodamas chinensis,48460/1/47120/372739/47158/184884/47157/47224/47922/202095/208490/125556/125555,jpeg
http://inaturalist-open-data.s3.amazonaws.com/photos/45221536/large.jpg,Cyrestis thyodamas chinensis,48460/1/47120/372739/47158/184884/47157/47224/47922/202095/208490/125556/125555,jpg
http://inaturalist-open-data.s3.amazonaws.com/photos/45221511/large.jpg,Cyrestis thyodamas chinensis,48460/1/47120/372739/47158/184884/47157/47224/47922/202095/208490/125556/125555,jpg
http://inaturalist-open-data.s3.amazonaws.com/photos/45731583/large.jpeg,Cyrestis thyodamas chinensis,48460/1/47120/372739/47158/184884/47157/47224/47922/202095/208490/125556/125555,jpeg
http://inaturalist-open-data.s3.amazonaws.com/photos/60990902/large.jpeg,Cyrestis thyodamas chinensis,48460/1/47120/372739/47158/184884/47157/47224/47922/202095/208490/125556/125555,jpeg
http://inaturalist-open-data.s3.amazonaws.com/photos/60990904/large.jpeg,Cyrestis thyodamas chinensis,48460/1/47120/372739/47158/184884/47157/47224/47922/202095/208490/125556/125555,jpeg
http://inaturalist-open-data.s3.amazonaws.com/photos/60990908/large.jpeg,Cyrestis thyodamas chinensis,48460/1/47120/372739/47158/184884/47157/47224/47922/202095/208490/125556/125555,jpeg
http://inaturalist-open-data.s3.amazonaws.com/photos/60990915/large.jpeg,Cyrestis thyodamas chinensis,48460/1/47120/372739/47158/184884/47157/47224/47922/202095/208490/125556/125555,jpeg
http://inaturalist-open-data.s3.amazonaws.com/photos/63078213/large.jpeg,Cyrestis thyodamas chinensis,48460/1/47120/372739/47158/184884/47157/47224/47922/202095/208490/125556/125555,jpeg
http://inaturalist-open-data.s3.amazonaws.com/photos/68624437/large.jpeg,Cyrestis thyodamas chinensis,48460/1/47120/372739/47158/184884/47157/47224/47922/202095/208490/125556/125555,jpeg
http://inaturalist-open-data.s3.amazonaws.com/photos/70148268/large.jpeg,Cyrestis thyodamas chinensis,48460/1/47120/372739/47158/184884/47157/47224/47922/202095/208490/125556/125555,jpeg
http://inaturalist-open-data.s3.amazonaws.com/photos/99045722/large.jpg,Cyrestis thyodamas chinensis,48460/1/47120/372739/47158/184884/47157/47224/47922/202095/208490/125556/125555,jpg
http://inaturalist-open-data.s3.amazonaws.com/photos/123749607/large.jpeg,Cyrestis thyodamas chinensis,48460/1/47120/372739/47158/184884/47157/47224/47922/202095/208490/125556/125555,jpeg
http://inaturalist-open-data.s3.amazonaws.com/photos/125738732/large.jpeg,Cyrestis thyodamas chinensis,48460/1/47120/372739/47158/184884/47157/47224/47922/202095/208490/125556/125555,jpeg
http://inaturalist-open-data.s3.amazonaws.com/photos/126291126/large.jpeg,Cyrestis thyodamas chinensis,48460/1/47120/372739/47158/184884/47157/47224/47922/202095/208490/125556/125555,jpeg
