photo_url_large,taxon_name,ancestry,extension
http://inaturalist-open-data.s3.amazonaws.com/photos/58457989/large.jpg,Cyrestis thyonneus celebensis,48460/1/47120/372739/47158/184884/47157/47224/47922/202095/208490/125556/715277,jpg
http://inaturalist-open-data.s3.amazonaws.com/photos/58457988/large.jpg,Cyrestis thyonneus celebensis,48460/1/47120/372739/47158/184884/47157/47224/47922/202095/208490/125556/715277,jpg
http://inaturalist-open-data.s3.amazonaws.com/photos/58457987/large.jpg,Cyrestis thyonneus celebensis,48460/1/47120/372739/47158/184884/47157/47224/47922/202095/208490/125556/715277,jpg
http://inaturalist-open-data.s3.amazonaws.com/photos/58457985/large.jpg,Cyrestis thyonneus celebensis,48460/1/47120/372739/47158/184884/47157/47224/47922/202095/208490/125556/715277,jpg
http://inaturalist-open-data.s3.amazonaws.com/photos/58638043/large.jpeg,Cyrestis thyonneus celebensis,48460/1/47120/372739/47158/184884/47157/47224/47922/202095/208490/125556/715277,jpeg
http://inaturalist-open-data.s3.amazonaws.com/photos/59501971/large.jpg,Cyrestis thyonneus celebensis,48460/1/47120/372739/47158/184884/47157/47224/47922/202095/208490/125556/715277,jpg
http://inaturalist-open-data.s3.amazonaws.com/photos/62705248/large.jpg,Cyrestis thyonneus celebensis,48460/1/47120/372739/47158/184884/47157/47224/47922/202095/208490/125556/715277,jpg
http://inaturalist-open-data.s3.amazonaws.com/photos/62705280/large.jpg,Cyrestis thyonneus celebensis,48460/1/47120/372739/47158/184884/47157/47224/47922/202095/208490/125556/715277,jpg
http://inaturalist-open-data.s3.amazonaws.com/photos/134275125/large.jpeg,Cyrestis thyonneus celebensis,48460/1/47120/372739/47158/184884/47157/47224/47922/202095/208490/125556/715277,jpeg
