photo_url_large,taxon_name,ancestry,extension
http://inaturalist-open-data.s3.amazonaws.com/photos/165440404/large.jpg,Dasylabris maura maura,48460/1/47120/372739/47158/184884/47201/124417/326777/1269342/48511/630320/495734/495733,jpg
http://inaturalist-open-data.s3.amazonaws.com/photos/165440717/large.jpg,Dasylabris maura maura,48460/1/47120/372739/47158/184884/47201/124417/326777/1269342/48511/630320/495734/495733,jpg
http://inaturalist-open-data.s3.amazonaws.com/photos/165440636/large.jpg,Dasylabris maura maura,48460/1/47120/372739/47158/184884/47201/124417/326777/1269342/48511/630320/495734/495733,jpg
http://inaturalist-open-data.s3.amazonaws.com/photos/165440690/large.jpg,Dasylabris maura maura,48460/1/47120/372739/47158/184884/47201/124417/326777/1269342/48511/630320/495734/495733,jpg
http://inaturalist-open-data.s3.amazonaws.com/photos/165440665/large.jpg,Dasylabris maura maura,48460/1/47120/372739/47158/184884/47201/124417/326777/1269342/48511/630320/495734/495733,jpg
http://inaturalist-open-data.s3.amazonaws.com/photos/165440748/large.jpg,Dasylabris maura maura,48460/1/47120/372739/47158/184884/47201/124417/326777/1269342/48511/630320/495734/495733,jpg
