photo_url_large,taxon_name,ancestry,extension
http://inaturalist-open-data.s3.amazonaws.com/photos/94863216/large.jpeg,Diaethria euclides artemis,48460/1/47120/372739/47158/184884/47157/47224/47922/134159/207894/69885/533806,jpeg
http://inaturalist-open-data.s3.amazonaws.com/photos/94863262/large.jpeg,Diaethria euclides artemis,48460/1/47120/372739/47158/184884/47157/47224/47922/134159/207894/69885/533806,jpeg
http://inaturalist-open-data.s3.amazonaws.com/photos/111471941/large.jpeg,Diaethria euclides artemis,48460/1/47120/372739/47158/184884/47157/47224/47922/134159/207894/69885/533806,jpeg
http://inaturalist-open-data.s3.amazonaws.com/photos/111471926/large.jpeg,Diaethria euclides artemis,48460/1/47120/372739/47158/184884/47157/47224/47922/134159/207894/69885/533806,jpeg
http://inaturalist-open-data.s3.amazonaws.com/photos/111471950/large.jpeg,Diaethria euclides artemis,48460/1/47120/372739/47158/184884/47157/47224/47922/134159/207894/69885/533806,jpeg
http://inaturalist-open-data.s3.amazonaws.com/photos/116226042/large.jpg,Diaethria euclides artemis,48460/1/47120/372739/47158/184884/47157/47224/47922/134159/207894/69885/533806,jpg
