photo_url_large,taxon_name,ancestry,extension
http://inaturalist-open-data.s3.amazonaws.com/photos/1947634/large.JPG,Diaethria gabaza eupepla,48460/1/47120/372739/47158/184884/47157/47224/47922/134159/207894/69885/513673,JPG
http://inaturalist-open-data.s3.amazonaws.com/photos/60269806/large.jpg,Diaethria gabaza eupepla,48460/1/47120/372739/47158/184884/47157/47224/47922/134159/207894/69885/513673,jpg
http://inaturalist-open-data.s3.amazonaws.com/photos/60269811/large.jpg,Diaethria gabaza eupepla,48460/1/47120/372739/47158/184884/47157/47224/47922/134159/207894/69885/513673,jpg
http://inaturalist-open-data.s3.amazonaws.com/photos/60269846/large.jpg,Diaethria gabaza eupepla,48460/1/47120/372739/47158/184884/47157/47224/47922/134159/207894/69885/513673,jpg
http://inaturalist-open-data.s3.amazonaws.com/photos/60269839/large.jpg,Diaethria gabaza eupepla,48460/1/47120/372739/47158/184884/47157/47224/47922/134159/207894/69885/513673,jpg
http://inaturalist-open-data.s3.amazonaws.com/photos/66088491/large.jpeg,Diaethria gabaza eupepla,48460/1/47120/372739/47158/184884/47157/47224/47922/134159/207894/69885/513673,jpeg
http://inaturalist-open-data.s3.amazonaws.com/photos/106459961/large.jpg,Diaethria gabaza eupepla,48460/1/47120/372739/47158/184884/47157/47224/47922/134159/207894/69885/513673,jpg
