photo_url_large,taxon_name,ancestry,extension
http://inaturalist-open-data.s3.amazonaws.com/photos/45670724/large.jpeg,Dicerca hornii nelsoni,48460/1/47120/372739/47158/184884/47208/71130/372854/54965/54964/333626/510067/173907/455244,jpeg
http://inaturalist-open-data.s3.amazonaws.com/photos/45670740/large.jpeg,Dicerca hornii nelsoni,48460/1/47120/372739/47158/184884/47208/71130/372854/54965/54964/333626/510067/173907/455244,jpeg
http://inaturalist-open-data.s3.amazonaws.com/photos/45670750/large.jpeg,Dicerca hornii nelsoni,48460/1/47120/372739/47158/184884/47208/71130/372854/54965/54964/333626/510067/173907/455244,jpeg
http://inaturalist-open-data.s3.amazonaws.com/photos/45670757/large.jpeg,Dicerca hornii nelsoni,48460/1/47120/372739/47158/184884/47208/71130/372854/54965/54964/333626/510067/173907/455244,jpeg
http://inaturalist-open-data.s3.amazonaws.com/photos/45670821/large.jpeg,Dicerca hornii nelsoni,48460/1/47120/372739/47158/184884/47208/71130/372854/54965/54964/333626/510067/173907/455244,jpeg
http://inaturalist-open-data.s3.amazonaws.com/photos/45670839/large.jpeg,Dicerca hornii nelsoni,48460/1/47120/372739/47158/184884/47208/71130/372854/54965/54964/333626/510067/173907/455244,jpeg
http://inaturalist-open-data.s3.amazonaws.com/photos/45670847/large.jpeg,Dicerca hornii nelsoni,48460/1/47120/372739/47158/184884/47208/71130/372854/54965/54964/333626/510067/173907/455244,jpeg
