photo_url_large,taxon_name,ancestry,extension
http://inaturalist-open-data.s3.amazonaws.com/photos/15395971/large.jpg,Dira clytus eurina,48460/1/47120/372739/47158/184884/47157/47224/47922/58597/970412/527428/527427,jpg
http://inaturalist-open-data.s3.amazonaws.com/photos/15395976/large.jpg,Dira clytus eurina,48460/1/47120/372739/47158/184884/47157/47224/47922/58597/970412/527428/527427,jpg
http://inaturalist-open-data.s3.amazonaws.com/photos/15396087/large.jpg,Dira clytus eurina,48460/1/47120/372739/47158/184884/47157/47224/47922/58597/970412/527428/527427,jpg
http://inaturalist-open-data.s3.amazonaws.com/photos/15396079/large.jpg,Dira clytus eurina,48460/1/47120/372739/47158/184884/47157/47224/47922/58597/970412/527428/527427,jpg
http://inaturalist-open-data.s3.amazonaws.com/photos/15396088/large.jpg,Dira clytus eurina,48460/1/47120/372739/47158/184884/47157/47224/47922/58597/970412/527428/527427,jpg
http://inaturalist-open-data.s3.amazonaws.com/photos/15396089/large.jpg,Dira clytus eurina,48460/1/47120/372739/47158/184884/47157/47224/47922/58597/970412/527428/527427,jpg
http://inaturalist-open-data.s3.amazonaws.com/photos/15396091/large.jpg,Dira clytus eurina,48460/1/47120/372739/47158/184884/47157/47224/47922/58597/970412/527428/527427,jpg
http://inaturalist-open-data.s3.amazonaws.com/photos/15412353/large.jpg,Dira clytus eurina,48460/1/47120/372739/47158/184884/47157/47224/47922/58597/970412/527428/527427,jpg
http://inaturalist-open-data.s3.amazonaws.com/photos/15412355/large.jpg,Dira clytus eurina,48460/1/47120/372739/47158/184884/47157/47224/47922/58597/970412/527428/527427,jpg
http://inaturalist-open-data.s3.amazonaws.com/photos/15414876/large.jpg,Dira clytus eurina,48460/1/47120/372739/47158/184884/47157/47224/47922/58597/970412/527428/527427,jpg
http://inaturalist-open-data.s3.amazonaws.com/photos/15414879/large.jpg,Dira clytus eurina,48460/1/47120/372739/47158/184884/47157/47224/47922/58597/970412/527428/527427,jpg
http://inaturalist-open-data.s3.amazonaws.com/photos/19248099/large.jpg,Dira clytus eurina,48460/1/47120/372739/47158/184884/47157/47224/47922/58597/970412/527428/527427,jpg
http://inaturalist-open-data.s3.amazonaws.com/photos/19248102/large.jpg,Dira clytus eurina,48460/1/47120/372739/47158/184884/47157/47224/47922/58597/970412/527428/527427,jpg
http://inaturalist-open-data.s3.amazonaws.com/photos/34784337/large.jpeg,Dira clytus eurina,48460/1/47120/372739/47158/184884/47157/47224/47922/58597/970412/527428/527427,jpeg
http://inaturalist-open-data.s3.amazonaws.com/photos/64203746/large.jpeg,Dira clytus eurina,48460/1/47120/372739/47158/184884/47157/47224/47922/58597/970412/527428/527427,jpeg
http://inaturalist-open-data.s3.amazonaws.com/photos/64203748/large.jpeg,Dira clytus eurina,48460/1/47120/372739/47158/184884/47157/47224/47922/58597/970412/527428/527427,jpeg
http://inaturalist-open-data.s3.amazonaws.com/photos/64396693/large.jpg,Dira clytus eurina,48460/1/47120/372739/47158/184884/47157/47224/47922/58597/970412/527428/527427,jpg
http://inaturalist-open-data.s3.amazonaws.com/photos/64796512/large.jpeg,Dira clytus eurina,48460/1/47120/372739/47158/184884/47157/47224/47922/58597/970412/527428/527427,jpeg
http://inaturalist-open-data.s3.amazonaws.com/photos/64923839/large.jpeg,Dira clytus eurina,48460/1/47120/372739/47158/184884/47157/47224/47922/58597/970412/527428/527427,jpeg
http://inaturalist-open-data.s3.amazonaws.com/photos/67161942/large.jpg,Dira clytus eurina,48460/1/47120/372739/47158/184884/47157/47224/47922/58597/970412/527428/527427,jpg
http://inaturalist-open-data.s3.amazonaws.com/photos/67162030/large.jpg,Dira clytus eurina,48460/1/47120/372739/47158/184884/47157/47224/47922/58597/970412/527428/527427,jpg
http://inaturalist-open-data.s3.amazonaws.com/photos/67162032/large.jpg,Dira clytus eurina,48460/1/47120/372739/47158/184884/47157/47224/47922/58597/970412/527428/527427,jpg
http://inaturalist-open-data.s3.amazonaws.com/photos/67162046/large.jpg,Dira clytus eurina,48460/1/47120/372739/47158/184884/47157/47224/47922/58597/970412/527428/527427,jpg
http://inaturalist-open-data.s3.amazonaws.com/photos/115444551/large.jpeg,Dira clytus eurina,48460/1/47120/372739/47158/184884/47157/47224/47922/58597/970412/527428/527427,jpeg
http://inaturalist-open-data.s3.amazonaws.com/photos/115444510/large.jpeg,Dira clytus eurina,48460/1/47120/372739/47158/184884/47157/47224/47922/58597/970412/527428/527427,jpeg
http://inaturalist-open-data.s3.amazonaws.com/photos/115444374/large.jpeg,Dira clytus eurina,48460/1/47120/372739/47158/184884/47157/47224/47922/58597/970412/527428/527427,jpeg
http://inaturalist-open-data.s3.amazonaws.com/photos/116797763/large.jpeg,Dira clytus eurina,48460/1/47120/372739/47158/184884/47157/47224/47922/58597/970412/527428/527427,jpeg
http://inaturalist-open-data.s3.amazonaws.com/photos/116797770/large.jpeg,Dira clytus eurina,48460/1/47120/372739/47158/184884/47157/47224/47922/58597/970412/527428/527427,jpeg
http://inaturalist-open-data.s3.amazonaws.com/photos/116797794/large.jpeg,Dira clytus eurina,48460/1/47120/372739/47158/184884/47157/47224/47922/58597/970412/527428/527427,jpeg
http://inaturalist-open-data.s3.amazonaws.com/photos/116797817/large.jpeg,Dira clytus eurina,48460/1/47120/372739/47158/184884/47157/47224/47922/58597/970412/527428/527427,jpeg
http://inaturalist-open-data.s3.amazonaws.com/photos/116797827/large.jpeg,Dira clytus eurina,48460/1/47120/372739/47158/184884/47157/47224/47922/58597/970412/527428/527427,jpeg
http://inaturalist-open-data.s3.amazonaws.com/photos/117332253/large.jpg,Dira clytus eurina,48460/1/47120/372739/47158/184884/47157/47224/47922/58597/970412/527428/527427,jpg
http://inaturalist-open-data.s3.amazonaws.com/photos/120438880/large.jpeg,Dira clytus eurina,48460/1/47120/372739/47158/184884/47157/47224/47922/58597/970412/527428/527427,jpeg
http://inaturalist-open-data.s3.amazonaws.com/photos/120439268/large.jpeg,Dira clytus eurina,48460/1/47120/372739/47158/184884/47157/47224/47922/58597/970412/527428/527427,jpeg
http://inaturalist-open-data.s3.amazonaws.com/photos/120439266/large.jpeg,Dira clytus eurina,48460/1/47120/372739/47158/184884/47157/47224/47922/58597/970412/527428/527427,jpeg
http://inaturalist-open-data.s3.amazonaws.com/photos/120439267/large.jpeg,Dira clytus eurina,48460/1/47120/372739/47158/184884/47157/47224/47922/58597/970412/527428/527427,jpeg
http://inaturalist-open-data.s3.amazonaws.com/photos/120495985/large.jpeg,Dira clytus eurina,48460/1/47120/372739/47158/184884/47157/47224/47922/58597/970412/527428/527427,jpeg
http://inaturalist-open-data.s3.amazonaws.com/photos/120495303/large.jpeg,Dira clytus eurina,48460/1/47120/372739/47158/184884/47157/47224/47922/58597/970412/527428/527427,jpeg
http://inaturalist-open-data.s3.amazonaws.com/photos/130523807/large.jpg,Dira clytus eurina,48460/1/47120/372739/47158/184884/47157/47224/47922/58597/970412/527428/527427,jpg
http://inaturalist-open-data.s3.amazonaws.com/photos/130524852/large.jpg,Dira clytus eurina,48460/1/47120/372739/47158/184884/47157/47224/47922/58597/970412/527428/527427,jpg
http://inaturalist-open-data.s3.amazonaws.com/photos/130526264/large.jpg,Dira clytus eurina,48460/1/47120/372739/47158/184884/47157/47224/47922/58597/970412/527428/527427,jpg
http://inaturalist-open-data.s3.amazonaws.com/photos/130526237/large.jpg,Dira clytus eurina,48460/1/47120/372739/47158/184884/47157/47224/47922/58597/970412/527428/527427,jpg
http://inaturalist-open-data.s3.amazonaws.com/photos/130525503/large.jpg,Dira clytus eurina,48460/1/47120/372739/47158/184884/47157/47224/47922/58597/970412/527428/527427,jpg
http://inaturalist-open-data.s3.amazonaws.com/photos/130526262/large.jpg,Dira clytus eurina,48460/1/47120/372739/47158/184884/47157/47224/47922/58597/970412/527428/527427,jpg
http://inaturalist-open-data.s3.amazonaws.com/photos/130526250/large.jpg,Dira clytus eurina,48460/1/47120/372739/47158/184884/47157/47224/47922/58597/970412/527428/527427,jpg
