photo_url_large,taxon_name,ancestry,extension
http://inaturalist-open-data.s3.amazonaws.com/photos/110886589/large.jpeg,Dircenna adina adina,48460/1/47120/372739/47158/184884/47157/47224/47922/61244/134170/522903/123987/123990,jpeg
http://inaturalist-open-data.s3.amazonaws.com/photos/110977241/large.jpeg,Dircenna adina adina,48460/1/47120/372739/47158/184884/47157/47224/47922/61244/134170/522903/123987/123990,jpeg
http://inaturalist-open-data.s3.amazonaws.com/photos/116052946/large.jpeg,Dircenna adina adina,48460/1/47120/372739/47158/184884/47157/47224/47922/61244/134170/522903/123987/123990,jpeg
http://inaturalist-open-data.s3.amazonaws.com/photos/148196689/large.jpeg,Dircenna adina adina,48460/1/47120/372739/47158/184884/47157/47224/47922/61244/134170/522903/123987/123990,jpeg
http://inaturalist-open-data.s3.amazonaws.com/photos/148196697/large.jpeg,Dircenna adina adina,48460/1/47120/372739/47158/184884/47157/47224/47922/61244/134170/522903/123987/123990,jpeg
http://inaturalist-open-data.s3.amazonaws.com/photos/158880632/large.jpeg,Dircenna adina adina,48460/1/47120/372739/47158/184884/47157/47224/47922/61244/134170/522903/123987/123990,jpeg
