photo_url_large,taxon_name,ancestry,extension
http://inaturalist-open-data.s3.amazonaws.com/photos/94463606/large.jpg,Dorcus ritsemae khaoyaiensis,48460/1/47120/372739/47158/184884/47208/71130/702480/48202/49083/373469/794938/88026/794839/782824,jpg
http://inaturalist-open-data.s3.amazonaws.com/photos/106523993/large.jpg,Dorcus ritsemae khaoyaiensis,48460/1/47120/372739/47158/184884/47208/71130/702480/48202/49083/373469/794938/88026/794839/782824,jpg
http://inaturalist-open-data.s3.amazonaws.com/photos/117215155/large.jpeg,Dorcus ritsemae khaoyaiensis,48460/1/47120/372739/47158/184884/47208/71130/702480/48202/49083/373469/794938/88026/794839/782824,jpeg
http://inaturalist-open-data.s3.amazonaws.com/photos/129779723/large.jpg,Dorcus ritsemae khaoyaiensis,48460/1/47120/372739/47158/184884/47208/71130/702480/48202/49083/373469/794938/88026/794839/782824,jpg
http://inaturalist-open-data.s3.amazonaws.com/photos/151754413/large.jpeg,Dorcus ritsemae khaoyaiensis,48460/1/47120/372739/47158/184884/47208/71130/702480/48202/49083/373469/794938/88026/794839/782824,jpeg
http://inaturalist-open-data.s3.amazonaws.com/photos/151745747/large.jpeg,Dorcus ritsemae khaoyaiensis,48460/1/47120/372739/47158/184884/47208/71130/702480/48202/49083/373469/794938/88026/794839/782824,jpeg
http://inaturalist-open-data.s3.amazonaws.com/photos/157287561/large.jpeg,Dorcus ritsemae khaoyaiensis,48460/1/47120/372739/47158/184884/47208/71130/702480/48202/49083/373469/794938/88026/794839/782824,jpeg
http://inaturalist-open-data.s3.amazonaws.com/photos/157704398/large.jpg,Dorcus ritsemae khaoyaiensis,48460/1/47120/372739/47158/184884/47208/71130/702480/48202/49083/373469/794938/88026/794839/782824,jpg
