photo_url_large,taxon_name,ancestry,extension
http://inaturalist-open-data.s3.amazonaws.com/photos/11364154/large.jpeg,Dorcus amamianus amamianus,48460/1/47120/372739/47158/184884/47208/71130/702480/48202/49083/373469/794938/88026/181043,jpeg
http://inaturalist-open-data.s3.amazonaws.com/photos/11364157/large.jpg,Dorcus amamianus amamianus,48460/1/47120/372739/47158/184884/47208/71130/702480/48202/49083/373469/794938/88026/181043,jpg
http://inaturalist-open-data.s3.amazonaws.com/photos/11364435/large.jpeg,Dorcus amamianus amamianus,48460/1/47120/372739/47158/184884/47208/71130/702480/48202/49083/373469/794938/88026/181043,jpeg
http://inaturalist-open-data.s3.amazonaws.com/photos/11364437/large.jpg,Dorcus amamianus amamianus,48460/1/47120/372739/47158/184884/47208/71130/702480/48202/49083/373469/794938/88026/181043,jpg
