photo_url_large,taxon_name,ancestry,extension
http://inaturalist-open-data.s3.amazonaws.com/photos/46962249/large.jpeg,Doxocopa cyane burmeisteri,48460/1/47120/372739/47158/184884/47157/47224/47922/134166/123709/258026,jpeg
http://inaturalist-open-data.s3.amazonaws.com/photos/55490385/large.jpg,Doxocopa cyane burmeisteri,48460/1/47120/372739/47158/184884/47157/47224/47922/134166/123709/258026,jpg
http://inaturalist-open-data.s3.amazonaws.com/photos/56544901/large.jpeg,Doxocopa cyane burmeisteri,48460/1/47120/372739/47158/184884/47157/47224/47922/134166/123709/258026,jpeg
http://inaturalist-open-data.s3.amazonaws.com/photos/56544905/large.jpeg,Doxocopa cyane burmeisteri,48460/1/47120/372739/47158/184884/47157/47224/47922/134166/123709/258026,jpeg
http://inaturalist-open-data.s3.amazonaws.com/photos/56544849/large.jpeg,Doxocopa cyane burmeisteri,48460/1/47120/372739/47158/184884/47157/47224/47922/134166/123709/258026,jpeg
http://inaturalist-open-data.s3.amazonaws.com/photos/56544947/large.jpeg,Doxocopa cyane burmeisteri,48460/1/47120/372739/47158/184884/47157/47224/47922/134166/123709/258026,jpeg
http://inaturalist-open-data.s3.amazonaws.com/photos/56544969/large.jpeg,Doxocopa cyane burmeisteri,48460/1/47120/372739/47158/184884/47157/47224/47922/134166/123709/258026,jpeg
http://inaturalist-open-data.s3.amazonaws.com/photos/56542062/large.jpg,Doxocopa cyane burmeisteri,48460/1/47120/372739/47158/184884/47157/47224/47922/134166/123709/258026,jpg
http://inaturalist-open-data.s3.amazonaws.com/photos/59178345/large.jpeg,Doxocopa cyane burmeisteri,48460/1/47120/372739/47158/184884/47157/47224/47922/134166/123709/258026,jpeg
http://inaturalist-open-data.s3.amazonaws.com/photos/90250258/large.jpeg,Doxocopa cyane burmeisteri,48460/1/47120/372739/47158/184884/47157/47224/47922/134166/123709/258026,jpeg
http://inaturalist-open-data.s3.amazonaws.com/photos/97264307/large.jpg,Doxocopa cyane burmeisteri,48460/1/47120/372739/47158/184884/47157/47224/47922/134166/123709/258026,jpg
http://inaturalist-open-data.s3.amazonaws.com/photos/111152081/large.jpg,Doxocopa cyane burmeisteri,48460/1/47120/372739/47158/184884/47157/47224/47922/134166/123709/258026,jpg
http://inaturalist-open-data.s3.amazonaws.com/photos/111152220/large.jpg,Doxocopa cyane burmeisteri,48460/1/47120/372739/47158/184884/47157/47224/47922/134166/123709/258026,jpg
http://inaturalist-open-data.s3.amazonaws.com/photos/111152274/large.jpeg,Doxocopa cyane burmeisteri,48460/1/47120/372739/47158/184884/47157/47224/47922/134166/123709/258026,jpeg
http://inaturalist-open-data.s3.amazonaws.com/photos/111152330/large.jpg,Doxocopa cyane burmeisteri,48460/1/47120/372739/47158/184884/47157/47224/47922/134166/123709/258026,jpg
http://inaturalist-open-data.s3.amazonaws.com/photos/111152432/large.jpg,Doxocopa cyane burmeisteri,48460/1/47120/372739/47158/184884/47157/47224/47922/134166/123709/258026,jpg
http://inaturalist-open-data.s3.amazonaws.com/photos/111152496/large.jpg,Doxocopa cyane burmeisteri,48460/1/47120/372739/47158/184884/47157/47224/47922/134166/123709/258026,jpg
http://inaturalist-open-data.s3.amazonaws.com/photos/111152641/large.jpg,Doxocopa cyane burmeisteri,48460/1/47120/372739/47158/184884/47157/47224/47922/134166/123709/258026,jpg
http://inaturalist-open-data.s3.amazonaws.com/photos/111152700/large.jpg,Doxocopa cyane burmeisteri,48460/1/47120/372739/47158/184884/47157/47224/47922/134166/123709/258026,jpg
http://inaturalist-open-data.s3.amazonaws.com/photos/111152762/large.jpg,Doxocopa cyane burmeisteri,48460/1/47120/372739/47158/184884/47157/47224/47922/134166/123709/258026,jpg
http://inaturalist-open-data.s3.amazonaws.com/photos/111152815/large.jpeg,Doxocopa cyane burmeisteri,48460/1/47120/372739/47158/184884/47157/47224/47922/134166/123709/258026,jpeg
http://inaturalist-open-data.s3.amazonaws.com/photos/111152895/large.jpg,Doxocopa cyane burmeisteri,48460/1/47120/372739/47158/184884/47157/47224/47922/134166/123709/258026,jpg
http://inaturalist-open-data.s3.amazonaws.com/photos/111152993/large.jpg,Doxocopa cyane burmeisteri,48460/1/47120/372739/47158/184884/47157/47224/47922/134166/123709/258026,jpg
http://inaturalist-open-data.s3.amazonaws.com/photos/111153055/large.jpg,Doxocopa cyane burmeisteri,48460/1/47120/372739/47158/184884/47157/47224/47922/134166/123709/258026,jpg
http://inaturalist-open-data.s3.amazonaws.com/photos/111153102/large.jpeg,Doxocopa cyane burmeisteri,48460/1/47120/372739/47158/184884/47157/47224/47922/134166/123709/258026,jpeg
http://inaturalist-open-data.s3.amazonaws.com/photos/111153154/large.jpg,Doxocopa cyane burmeisteri,48460/1/47120/372739/47158/184884/47157/47224/47922/134166/123709/258026,jpg
http://inaturalist-open-data.s3.amazonaws.com/photos/111153198/large.jpg,Doxocopa cyane burmeisteri,48460/1/47120/372739/47158/184884/47157/47224/47922/134166/123709/258026,jpg
http://inaturalist-open-data.s3.amazonaws.com/photos/111153274/large.jpg,Doxocopa cyane burmeisteri,48460/1/47120/372739/47158/184884/47157/47224/47922/134166/123709/258026,jpg
http://inaturalist-open-data.s3.amazonaws.com/photos/111153324/large.jpeg,Doxocopa cyane burmeisteri,48460/1/47120/372739/47158/184884/47157/47224/47922/134166/123709/258026,jpeg
http://inaturalist-open-data.s3.amazonaws.com/photos/114092109/large.jpeg,Doxocopa cyane burmeisteri,48460/1/47120/372739/47158/184884/47157/47224/47922/134166/123709/258026,jpeg
http://inaturalist-open-data.s3.amazonaws.com/photos/114092156/large.jpeg,Doxocopa cyane burmeisteri,48460/1/47120/372739/47158/184884/47157/47224/47922/134166/123709/258026,jpeg
http://inaturalist-open-data.s3.amazonaws.com/photos/120825515/large.jpeg,Doxocopa cyane burmeisteri,48460/1/47120/372739/47158/184884/47157/47224/47922/134166/123709/258026,jpeg
http://inaturalist-open-data.s3.amazonaws.com/photos/120826135/large.jpeg,Doxocopa cyane burmeisteri,48460/1/47120/372739/47158/184884/47157/47224/47922/134166/123709/258026,jpeg
http://inaturalist-open-data.s3.amazonaws.com/photos/121045272/large.jpeg,Doxocopa cyane burmeisteri,48460/1/47120/372739/47158/184884/47157/47224/47922/134166/123709/258026,jpeg
http://inaturalist-open-data.s3.amazonaws.com/photos/134138758/large.jpg,Doxocopa cyane burmeisteri,48460/1/47120/372739/47158/184884/47157/47224/47922/134166/123709/258026,jpg
http://inaturalist-open-data.s3.amazonaws.com/photos/137466082/large.jpg,Doxocopa cyane burmeisteri,48460/1/47120/372739/47158/184884/47157/47224/47922/134166/123709/258026,jpg
http://inaturalist-open-data.s3.amazonaws.com/photos/139795070/large.jpg,Doxocopa cyane burmeisteri,48460/1/47120/372739/47158/184884/47157/47224/47922/134166/123709/258026,jpg
http://inaturalist-open-data.s3.amazonaws.com/photos/154618890/large.jpeg,Doxocopa cyane burmeisteri,48460/1/47120/372739/47158/184884/47157/47224/47922/134166/123709/258026,jpeg
http://inaturalist-open-data.s3.amazonaws.com/photos/155022314/large.jpeg,Doxocopa cyane burmeisteri,48460/1/47120/372739/47158/184884/47157/47224/47922/134166/123709/258026,jpeg
