photo_url_large,taxon_name,ancestry,extension
http://inaturalist-open-data.s3.amazonaws.com/photos/8863602/large.jpg,Ectemnius excavatus banksi,48460/1/47120/372739/47158/184884/47201/124417/326777/47222/51955/337421/416784/574827/130131/300240,jpg
http://inaturalist-open-data.s3.amazonaws.com/photos/8863907/large.jpg,Ectemnius excavatus banksi,48460/1/47120/372739/47158/184884/47201/124417/326777/47222/51955/337421/416784/574827/130131/300240,jpg
http://inaturalist-open-data.s3.amazonaws.com/photos/44943470/large.jpg,Ectemnius excavatus banksi,48460/1/47120/372739/47158/184884/47201/124417/326777/47222/51955/337421/416784/574827/130131/300240,jpg
http://inaturalist-open-data.s3.amazonaws.com/photos/54528424/large.jpeg,Ectemnius excavatus banksi,48460/1/47120/372739/47158/184884/47201/124417/326777/47222/51955/337421/416784/574827/130131/300240,jpeg
