photo_url_large,taxon_name,ancestry,extension
http://inaturalist-open-data.s3.amazonaws.com/photos/38668579/large.jpg,Emesis mandana mandana,48460/1/47120/372739/47158/184884/47157/47224/59166/522808/784971/148754/1226090/148838,jpg
http://inaturalist-open-data.s3.amazonaws.com/photos/89237615/large.jpeg,Emesis mandana mandana,48460/1/47120/372739/47158/184884/47157/47224/59166/522808/784971/148754/1226090/148838,jpeg
http://inaturalist-open-data.s3.amazonaws.com/photos/45263544/large.jpg,Emesis mandana mandana,48460/1/47120/372739/47158/184884/47157/47224/59166/522808/784971/148754/1226090/148838,jpg
http://inaturalist-open-data.s3.amazonaws.com/photos/79582207/large.jpg,Emesis mandana mandana,48460/1/47120/372739/47158/184884/47157/47224/59166/522808/784971/148754/1226090/148838,jpg
http://inaturalist-open-data.s3.amazonaws.com/photos/79824525/large.jpg,Emesis mandana mandana,48460/1/47120/372739/47158/184884/47157/47224/59166/522808/784971/148754/1226090/148838,jpg
http://inaturalist-open-data.s3.amazonaws.com/photos/79824102/large.jpg,Emesis mandana mandana,48460/1/47120/372739/47158/184884/47157/47224/59166/522808/784971/148754/1226090/148838,jpg
http://inaturalist-open-data.s3.amazonaws.com/photos/79824410/large.jpg,Emesis mandana mandana,48460/1/47120/372739/47158/184884/47157/47224/59166/522808/784971/148754/1226090/148838,jpg
http://inaturalist-open-data.s3.amazonaws.com/photos/79824569/large.jpg,Emesis mandana mandana,48460/1/47120/372739/47158/184884/47157/47224/59166/522808/784971/148754/1226090/148838,jpg
http://inaturalist-open-data.s3.amazonaws.com/photos/79824641/large.jpg,Emesis mandana mandana,48460/1/47120/372739/47158/184884/47157/47224/59166/522808/784971/148754/1226090/148838,jpg
http://inaturalist-open-data.s3.amazonaws.com/photos/80865749/large.jpeg,Emesis mandana mandana,48460/1/47120/372739/47158/184884/47157/47224/59166/522808/784971/148754/1226090/148838,jpeg
http://inaturalist-open-data.s3.amazonaws.com/photos/103778502/large.jpeg,Emesis mandana mandana,48460/1/47120/372739/47158/184884/47157/47224/59166/522808/784971/148754/1226090/148838,jpeg
http://inaturalist-open-data.s3.amazonaws.com/photos/108155920/large.jpeg,Emesis mandana mandana,48460/1/47120/372739/47158/184884/47157/47224/59166/522808/784971/148754/1226090/148838,jpeg
http://inaturalist-open-data.s3.amazonaws.com/photos/112239300/large.jpg,Emesis mandana mandana,48460/1/47120/372739/47158/184884/47157/47224/59166/522808/784971/148754/1226090/148838,jpg
http://inaturalist-open-data.s3.amazonaws.com/photos/113119904/large.jpg,Emesis mandana mandana,48460/1/47120/372739/47158/184884/47157/47224/59166/522808/784971/148754/1226090/148838,jpg
http://inaturalist-open-data.s3.amazonaws.com/photos/113182799/large.jpg,Emesis mandana mandana,48460/1/47120/372739/47158/184884/47157/47224/59166/522808/784971/148754/1226090/148838,jpg
http://inaturalist-open-data.s3.amazonaws.com/photos/113183149/large.jpg,Emesis mandana mandana,48460/1/47120/372739/47158/184884/47157/47224/59166/522808/784971/148754/1226090/148838,jpg
http://inaturalist-open-data.s3.amazonaws.com/photos/123503213/large.jpg,Emesis mandana mandana,48460/1/47120/372739/47158/184884/47157/47224/59166/522808/784971/148754/1226090/148838,jpg
http://inaturalist-open-data.s3.amazonaws.com/photos/123502610/large.jpg,Emesis mandana mandana,48460/1/47120/372739/47158/184884/47157/47224/59166/522808/784971/148754/1226090/148838,jpg
http://inaturalist-open-data.s3.amazonaws.com/photos/168234546/large.jpg,Emesis mandana mandana,48460/1/47120/372739/47158/184884/47157/47224/59166/522808/784971/148754/1226090/148838,jpg
http://inaturalist-open-data.s3.amazonaws.com/photos/168248585/large.jpg,Emesis mandana mandana,48460/1/47120/372739/47158/184884/47157/47224/59166/522808/784971/148754/1226090/148838,jpg
