photo_url_large,taxon_name,ancestry,extension
http://inaturalist-open-data.s3.amazonaws.com/photos/2286372/large.JPG,Ephippiger terrestris bormansi,48460/1/47120/372739/47158/184884/47651/132694/488701/48125/48124/346104/523123/203148/203146,JPG
http://inaturalist-open-data.s3.amazonaws.com/photos/2356686/large.JPG,Ephippiger terrestris bormansi,48460/1/47120/372739/47158/184884/47651/132694/488701/48125/48124/346104/523123/203148/203146,JPG
http://inaturalist-open-data.s3.amazonaws.com/photos/13836735/large.jpg,Ephippiger terrestris bormansi,48460/1/47120/372739/47158/184884/47651/132694/488701/48125/48124/346104/523123/203148/203146,jpg
http://inaturalist-open-data.s3.amazonaws.com/photos/22840345/large.jpeg,Ephippiger terrestris bormansi,48460/1/47120/372739/47158/184884/47651/132694/488701/48125/48124/346104/523123/203148/203146,jpeg
http://inaturalist-open-data.s3.amazonaws.com/photos/23471520/large.jpg,Ephippiger terrestris bormansi,48460/1/47120/372739/47158/184884/47651/132694/488701/48125/48124/346104/523123/203148/203146,jpg
http://inaturalist-open-data.s3.amazonaws.com/photos/23471102/large.jpg,Ephippiger terrestris bormansi,48460/1/47120/372739/47158/184884/47651/132694/488701/48125/48124/346104/523123/203148/203146,jpg
http://inaturalist-open-data.s3.amazonaws.com/photos/23471115/large.jpg,Ephippiger terrestris bormansi,48460/1/47120/372739/47158/184884/47651/132694/488701/48125/48124/346104/523123/203148/203146,jpg
http://inaturalist-open-data.s3.amazonaws.com/photos/23471103/large.jpg,Ephippiger terrestris bormansi,48460/1/47120/372739/47158/184884/47651/132694/488701/48125/48124/346104/523123/203148/203146,jpg
http://inaturalist-open-data.s3.amazonaws.com/photos/23471109/large.jpg,Ephippiger terrestris bormansi,48460/1/47120/372739/47158/184884/47651/132694/488701/48125/48124/346104/523123/203148/203146,jpg
http://inaturalist-open-data.s3.amazonaws.com/photos/23471106/large.jpg,Ephippiger terrestris bormansi,48460/1/47120/372739/47158/184884/47651/132694/488701/48125/48124/346104/523123/203148/203146,jpg
http://inaturalist-open-data.s3.amazonaws.com/photos/84871307/large.jpeg,Ephippiger terrestris bormansi,48460/1/47120/372739/47158/184884/47651/132694/488701/48125/48124/346104/523123/203148/203146,jpeg
http://inaturalist-open-data.s3.amazonaws.com/photos/86748499/large.jpeg,Ephippiger terrestris bormansi,48460/1/47120/372739/47158/184884/47651/132694/488701/48125/48124/346104/523123/203148/203146,jpeg
http://inaturalist-open-data.s3.amazonaws.com/photos/86748517/large.jpeg,Ephippiger terrestris bormansi,48460/1/47120/372739/47158/184884/47651/132694/488701/48125/48124/346104/523123/203148/203146,jpeg
http://inaturalist-open-data.s3.amazonaws.com/photos/90077433/large.jpeg,Ephippiger terrestris bormansi,48460/1/47120/372739/47158/184884/47651/132694/488701/48125/48124/346104/523123/203148/203146,jpeg
http://inaturalist-open-data.s3.amazonaws.com/photos/90323683/large.jpeg,Ephippiger terrestris bormansi,48460/1/47120/372739/47158/184884/47651/132694/488701/48125/48124/346104/523123/203148/203146,jpeg
http://inaturalist-open-data.s3.amazonaws.com/photos/151218863/large.jpeg,Ephippiger terrestris bormansi,48460/1/47120/372739/47158/184884/47651/132694/488701/48125/48124/346104/523123/203148/203146,jpeg
http://inaturalist-open-data.s3.amazonaws.com/photos/153467186/large.jpeg,Ephippiger terrestris bormansi,48460/1/47120/372739/47158/184884/47651/132694/488701/48125/48124/346104/523123/203148/203146,jpeg
http://inaturalist-open-data.s3.amazonaws.com/photos/153467197/large.jpeg,Ephippiger terrestris bormansi,48460/1/47120/372739/47158/184884/47651/132694/488701/48125/48124/346104/523123/203148/203146,jpeg
http://inaturalist-open-data.s3.amazonaws.com/photos/153467338/large.jpeg,Ephippiger terrestris bormansi,48460/1/47120/372739/47158/184884/47651/132694/488701/48125/48124/346104/523123/203148/203146,jpeg
http://inaturalist-open-data.s3.amazonaws.com/photos/154318260/large.jpeg,Ephippiger terrestris bormansi,48460/1/47120/372739/47158/184884/47651/132694/488701/48125/48124/346104/523123/203148/203146,jpeg
http://inaturalist-open-data.s3.amazonaws.com/photos/154318380/large.jpeg,Ephippiger terrestris bormansi,48460/1/47120/372739/47158/184884/47651/132694/488701/48125/48124/346104/523123/203148/203146,jpeg
http://inaturalist-open-data.s3.amazonaws.com/photos/155113619/large.jpg,Ephippiger terrestris bormansi,48460/1/47120/372739/47158/184884/47651/132694/488701/48125/48124/346104/523123/203148/203146,jpg
http://inaturalist-open-data.s3.amazonaws.com/photos/161922832/large.jpg,Ephippiger terrestris bormansi,48460/1/47120/372739/47158/184884/47651/132694/488701/48125/48124/346104/523123/203148/203146,jpg
http://inaturalist-open-data.s3.amazonaws.com/photos/161922593/large.jpg,Ephippiger terrestris bormansi,48460/1/47120/372739/47158/184884/47651/132694/488701/48125/48124/346104/523123/203148/203146,jpg
