photo_url_large,taxon_name,ancestry,extension
http://inaturalist-open-data.s3.amazonaws.com/photos/32180014/large.jpeg,Episcada hymenaea hymenaea,48460/1/47120/372739/47158/184884/47157/47224/47922/61244/134170/522903/148709/423947,jpeg
http://inaturalist-open-data.s3.amazonaws.com/photos/35380953/large.jpeg,Episcada hymenaea hymenaea,48460/1/47120/372739/47158/184884/47157/47224/47922/61244/134170/522903/148709/423947,jpeg
http://inaturalist-open-data.s3.amazonaws.com/photos/39235293/large.jpg,Episcada hymenaea hymenaea,48460/1/47120/372739/47158/184884/47157/47224/47922/61244/134170/522903/148709/423947,jpg
http://inaturalist-open-data.s3.amazonaws.com/photos/47300050/large.jpeg,Episcada hymenaea hymenaea,48460/1/47120/372739/47158/184884/47157/47224/47922/61244/134170/522903/148709/423947,jpeg
http://inaturalist-open-data.s3.amazonaws.com/photos/56696384/large.jpeg,Episcada hymenaea hymenaea,48460/1/47120/372739/47158/184884/47157/47224/47922/61244/134170/522903/148709/423947,jpeg
http://inaturalist-open-data.s3.amazonaws.com/photos/56696327/large.jpeg,Episcada hymenaea hymenaea,48460/1/47120/372739/47158/184884/47157/47224/47922/61244/134170/522903/148709/423947,jpeg
http://inaturalist-open-data.s3.amazonaws.com/photos/57510007/large.jpg,Episcada hymenaea hymenaea,48460/1/47120/372739/47158/184884/47157/47224/47922/61244/134170/522903/148709/423947,jpg
http://inaturalist-open-data.s3.amazonaws.com/photos/57510059/large.jpg,Episcada hymenaea hymenaea,48460/1/47120/372739/47158/184884/47157/47224/47922/61244/134170/522903/148709/423947,jpg
http://inaturalist-open-data.s3.amazonaws.com/photos/57510094/large.jpg,Episcada hymenaea hymenaea,48460/1/47120/372739/47158/184884/47157/47224/47922/61244/134170/522903/148709/423947,jpg
http://inaturalist-open-data.s3.amazonaws.com/photos/57510058/large.jpg,Episcada hymenaea hymenaea,48460/1/47120/372739/47158/184884/47157/47224/47922/61244/134170/522903/148709/423947,jpg
http://inaturalist-open-data.s3.amazonaws.com/photos/57510095/large.jpg,Episcada hymenaea hymenaea,48460/1/47120/372739/47158/184884/47157/47224/47922/61244/134170/522903/148709/423947,jpg
http://inaturalist-open-data.s3.amazonaws.com/photos/57503200/large.jpg,Episcada hymenaea hymenaea,48460/1/47120/372739/47158/184884/47157/47224/47922/61244/134170/522903/148709/423947,jpg
http://inaturalist-open-data.s3.amazonaws.com/photos/58316265/large.jpg,Episcada hymenaea hymenaea,48460/1/47120/372739/47158/184884/47157/47224/47922/61244/134170/522903/148709/423947,jpg
http://inaturalist-open-data.s3.amazonaws.com/photos/80861008/large.jpeg,Episcada hymenaea hymenaea,48460/1/47120/372739/47158/184884/47157/47224/47922/61244/134170/522903/148709/423947,jpeg
http://inaturalist-open-data.s3.amazonaws.com/photos/82107310/large.jpeg,Episcada hymenaea hymenaea,48460/1/47120/372739/47158/184884/47157/47224/47922/61244/134170/522903/148709/423947,jpeg
http://inaturalist-open-data.s3.amazonaws.com/photos/85542310/large.jpg,Episcada hymenaea hymenaea,48460/1/47120/372739/47158/184884/47157/47224/47922/61244/134170/522903/148709/423947,jpg
http://inaturalist-open-data.s3.amazonaws.com/photos/86206211/large.jpeg,Episcada hymenaea hymenaea,48460/1/47120/372739/47158/184884/47157/47224/47922/61244/134170/522903/148709/423947,jpeg
http://inaturalist-open-data.s3.amazonaws.com/photos/98952418/large.jpeg,Episcada hymenaea hymenaea,48460/1/47120/372739/47158/184884/47157/47224/47922/61244/134170/522903/148709/423947,jpeg
http://inaturalist-open-data.s3.amazonaws.com/photos/103773495/large.jpeg,Episcada hymenaea hymenaea,48460/1/47120/372739/47158/184884/47157/47224/47922/61244/134170/522903/148709/423947,jpeg
http://inaturalist-open-data.s3.amazonaws.com/photos/106603483/large.jpg,Episcada hymenaea hymenaea,48460/1/47120/372739/47158/184884/47157/47224/47922/61244/134170/522903/148709/423947,jpg
http://inaturalist-open-data.s3.amazonaws.com/photos/107610336/large.jpeg,Episcada hymenaea hymenaea,48460/1/47120/372739/47158/184884/47157/47224/47922/61244/134170/522903/148709/423947,jpeg
http://inaturalist-open-data.s3.amazonaws.com/photos/107931726/large.jpeg,Episcada hymenaea hymenaea,48460/1/47120/372739/47158/184884/47157/47224/47922/61244/134170/522903/148709/423947,jpeg
http://inaturalist-open-data.s3.amazonaws.com/photos/108317735/large.jpg,Episcada hymenaea hymenaea,48460/1/47120/372739/47158/184884/47157/47224/47922/61244/134170/522903/148709/423947,jpg
http://inaturalist-open-data.s3.amazonaws.com/photos/109234407/large.jpg,Episcada hymenaea hymenaea,48460/1/47120/372739/47158/184884/47157/47224/47922/61244/134170/522903/148709/423947,jpg
http://inaturalist-open-data.s3.amazonaws.com/photos/109234724/large.jpg,Episcada hymenaea hymenaea,48460/1/47120/372739/47158/184884/47157/47224/47922/61244/134170/522903/148709/423947,jpg
http://inaturalist-open-data.s3.amazonaws.com/photos/109234750/large.jpeg,Episcada hymenaea hymenaea,48460/1/47120/372739/47158/184884/47157/47224/47922/61244/134170/522903/148709/423947,jpeg
http://inaturalist-open-data.s3.amazonaws.com/photos/109234801/large.jpg,Episcada hymenaea hymenaea,48460/1/47120/372739/47158/184884/47157/47224/47922/61244/134170/522903/148709/423947,jpg
http://inaturalist-open-data.s3.amazonaws.com/photos/109234836/large.jpg,Episcada hymenaea hymenaea,48460/1/47120/372739/47158/184884/47157/47224/47922/61244/134170/522903/148709/423947,jpg
http://inaturalist-open-data.s3.amazonaws.com/photos/109234885/large.jpg,Episcada hymenaea hymenaea,48460/1/47120/372739/47158/184884/47157/47224/47922/61244/134170/522903/148709/423947,jpg
http://inaturalist-open-data.s3.amazonaws.com/photos/109234915/large.jpeg,Episcada hymenaea hymenaea,48460/1/47120/372739/47158/184884/47157/47224/47922/61244/134170/522903/148709/423947,jpeg
http://inaturalist-open-data.s3.amazonaws.com/photos/113590839/large.jpg,Episcada hymenaea hymenaea,48460/1/47120/372739/47158/184884/47157/47224/47922/61244/134170/522903/148709/423947,jpg
http://inaturalist-open-data.s3.amazonaws.com/photos/113678651/large.jpg,Episcada hymenaea hymenaea,48460/1/47120/372739/47158/184884/47157/47224/47922/61244/134170/522903/148709/423947,jpg
http://inaturalist-open-data.s3.amazonaws.com/photos/117790762/large.jpeg,Episcada hymenaea hymenaea,48460/1/47120/372739/47158/184884/47157/47224/47922/61244/134170/522903/148709/423947,jpeg
http://inaturalist-open-data.s3.amazonaws.com/photos/143886339/large.jpg,Episcada hymenaea hymenaea,48460/1/47120/372739/47158/184884/47157/47224/47922/61244/134170/522903/148709/423947,jpg
http://inaturalist-open-data.s3.amazonaws.com/photos/143885011/large.jpg,Episcada hymenaea hymenaea,48460/1/47120/372739/47158/184884/47157/47224/47922/61244/134170/522903/148709/423947,jpg
http://inaturalist-open-data.s3.amazonaws.com/photos/143886927/large.jpg,Episcada hymenaea hymenaea,48460/1/47120/372739/47158/184884/47157/47224/47922/61244/134170/522903/148709/423947,jpg
http://inaturalist-open-data.s3.amazonaws.com/photos/143886643/large.jpg,Episcada hymenaea hymenaea,48460/1/47120/372739/47158/184884/47157/47224/47922/61244/134170/522903/148709/423947,jpg
http://inaturalist-open-data.s3.amazonaws.com/photos/143887434/large.jpg,Episcada hymenaea hymenaea,48460/1/47120/372739/47158/184884/47157/47224/47922/61244/134170/522903/148709/423947,jpg
http://inaturalist-open-data.s3.amazonaws.com/photos/153735330/large.jpeg,Episcada hymenaea hymenaea,48460/1/47120/372739/47158/184884/47157/47224/47922/61244/134170/522903/148709/423947,jpeg
http://inaturalist-open-data.s3.amazonaws.com/photos/153736766/large.jpeg,Episcada hymenaea hymenaea,48460/1/47120/372739/47158/184884/47157/47224/47922/61244/134170/522903/148709/423947,jpeg
http://inaturalist-open-data.s3.amazonaws.com/photos/160463916/large.jpg,Episcada hymenaea hymenaea,48460/1/47120/372739/47158/184884/47157/47224/47922/61244/134170/522903/148709/423947,jpg
http://inaturalist-open-data.s3.amazonaws.com/photos/170857579/large.jpg,Episcada hymenaea hymenaea,48460/1/47120/372739/47158/184884/47157/47224/47922/61244/134170/522903/148709/423947,jpg
