photo_url_large,taxon_name,ancestry,extension
http://inaturalist-open-data.s3.amazonaws.com/photos/38391263/large.jpeg,Eresia eunice mechanitis,48460/1/47120/372739/47158/184884/47157/47224/47922/202067/130316/148547/429006,jpeg
http://inaturalist-open-data.s3.amazonaws.com/photos/66382852/large.jpeg,Eresia eunice mechanitis,48460/1/47120/372739/47158/184884/47157/47224/47922/202067/130316/148547/429006,jpeg
http://inaturalist-open-data.s3.amazonaws.com/photos/66382940/large.jpeg,Eresia eunice mechanitis,48460/1/47120/372739/47158/184884/47157/47224/47922/202067/130316/148547/429006,jpeg
http://inaturalist-open-data.s3.amazonaws.com/photos/107312402/large.jpeg,Eresia eunice mechanitis,48460/1/47120/372739/47158/184884/47157/47224/47922/202067/130316/148547/429006,jpeg
http://inaturalist-open-data.s3.amazonaws.com/photos/107312401/large.jpeg,Eresia eunice mechanitis,48460/1/47120/372739/47158/184884/47157/47224/47922/202067/130316/148547/429006,jpeg
http://inaturalist-open-data.s3.amazonaws.com/photos/107312414/large.jpeg,Eresia eunice mechanitis,48460/1/47120/372739/47158/184884/47157/47224/47922/202067/130316/148547/429006,jpeg
http://inaturalist-open-data.s3.amazonaws.com/photos/108025175/large.jpeg,Eresia eunice mechanitis,48460/1/47120/372739/47158/184884/47157/47224/47922/202067/130316/148547/429006,jpeg
http://inaturalist-open-data.s3.amazonaws.com/photos/110507736/large.jpeg,Eresia eunice mechanitis,48460/1/47120/372739/47158/184884/47157/47224/47922/202067/130316/148547/429006,jpeg
http://inaturalist-open-data.s3.amazonaws.com/photos/117934030/large.jpg,Eresia eunice mechanitis,48460/1/47120/372739/47158/184884/47157/47224/47922/202067/130316/148547/429006,jpg
http://inaturalist-open-data.s3.amazonaws.com/photos/124226824/large.jpeg,Eresia eunice mechanitis,48460/1/47120/372739/47158/184884/47157/47224/47922/202067/130316/148547/429006,jpeg
http://inaturalist-open-data.s3.amazonaws.com/photos/124226894/large.jpeg,Eresia eunice mechanitis,48460/1/47120/372739/47158/184884/47157/47224/47922/202067/130316/148547/429006,jpeg
http://inaturalist-open-data.s3.amazonaws.com/photos/124748746/large.jpeg,Eresia eunice mechanitis,48460/1/47120/372739/47158/184884/47157/47224/47922/202067/130316/148547/429006,jpeg
