photo_url_large,taxon_name,ancestry,extension
http://inaturalist-open-data.s3.amazonaws.com/photos/17078546/large.jpg,Erora quaderna quaderna,48460/1/47120/372739/47158/184884/47157/47224/47923/125830/125836/522886/54082/219488,jpg
http://inaturalist-open-data.s3.amazonaws.com/photos/31097351/large.jpeg,Erora quaderna quaderna,48460/1/47120/372739/47158/184884/47157/47224/47923/125830/125836/522886/54082/219488,jpeg
http://inaturalist-open-data.s3.amazonaws.com/photos/45873940/large.jpg,Erora quaderna quaderna,48460/1/47120/372739/47158/184884/47157/47224/47923/125830/125836/522886/54082/219488,jpg
http://inaturalist-open-data.s3.amazonaws.com/photos/61730604/large.jpeg,Erora quaderna quaderna,48460/1/47120/372739/47158/184884/47157/47224/47923/125830/125836/522886/54082/219488,jpeg
http://inaturalist-open-data.s3.amazonaws.com/photos/61730719/large.jpeg,Erora quaderna quaderna,48460/1/47120/372739/47158/184884/47157/47224/47923/125830/125836/522886/54082/219488,jpeg
http://inaturalist-open-data.s3.amazonaws.com/photos/132495143/large.jpg,Erora quaderna quaderna,48460/1/47120/372739/47158/184884/47157/47224/47923/125830/125836/522886/54082/219488,jpg
http://inaturalist-open-data.s3.amazonaws.com/photos/132495925/large.jpg,Erora quaderna quaderna,48460/1/47120/372739/47158/184884/47157/47224/47923/125830/125836/522886/54082/219488,jpg
http://inaturalist-open-data.s3.amazonaws.com/photos/132495541/large.jpg,Erora quaderna quaderna,48460/1/47120/372739/47158/184884/47157/47224/47923/125830/125836/522886/54082/219488,jpg
