photo_url_large,taxon_name,ancestry,extension
http://inaturalist-open-data.s3.amazonaws.com/photos/7018299/large.jpeg,Esselenia vanduzeei vanduzeei,48460/1/47120/372739/47158/184884/47651/67688/700600/47650/47649/244406/69918/69916,jpeg
http://inaturalist-open-data.s3.amazonaws.com/photos/7018278/large.jpeg,Esselenia vanduzeei vanduzeei,48460/1/47120/372739/47158/184884/47651/67688/700600/47650/47649/244406/69918/69916,jpeg
http://inaturalist-open-data.s3.amazonaws.com/photos/7442197/large.jpg,Esselenia vanduzeei vanduzeei,48460/1/47120/372739/47158/184884/47651/67688/700600/47650/47649/244406/69918/69916,jpg
http://inaturalist-open-data.s3.amazonaws.com/photos/33832775/large.jpg,Esselenia vanduzeei vanduzeei,48460/1/47120/372739/47158/184884/47651/67688/700600/47650/47649/244406/69918/69916,jpg
http://inaturalist-open-data.s3.amazonaws.com/photos/33964438/large.jpg,Esselenia vanduzeei vanduzeei,48460/1/47120/372739/47158/184884/47651/67688/700600/47650/47649/244406/69918/69916,jpg
http://inaturalist-open-data.s3.amazonaws.com/photos/33964428/large.jpg,Esselenia vanduzeei vanduzeei,48460/1/47120/372739/47158/184884/47651/67688/700600/47650/47649/244406/69918/69916,jpg
http://inaturalist-open-data.s3.amazonaws.com/photos/33976252/large.jpeg,Esselenia vanduzeei vanduzeei,48460/1/47120/372739/47158/184884/47651/67688/700600/47650/47649/244406/69918/69916,jpeg
http://inaturalist-open-data.s3.amazonaws.com/photos/33976248/large.jpeg,Esselenia vanduzeei vanduzeei,48460/1/47120/372739/47158/184884/47651/67688/700600/47650/47649/244406/69918/69916,jpeg
http://inaturalist-open-data.s3.amazonaws.com/photos/33976271/large.jpeg,Esselenia vanduzeei vanduzeei,48460/1/47120/372739/47158/184884/47651/67688/700600/47650/47649/244406/69918/69916,jpeg
http://inaturalist-open-data.s3.amazonaws.com/photos/33976272/large.jpeg,Esselenia vanduzeei vanduzeei,48460/1/47120/372739/47158/184884/47651/67688/700600/47650/47649/244406/69918/69916,jpeg
http://inaturalist-open-data.s3.amazonaws.com/photos/33976287/large.jpeg,Esselenia vanduzeei vanduzeei,48460/1/47120/372739/47158/184884/47651/67688/700600/47650/47649/244406/69918/69916,jpeg
http://inaturalist-open-data.s3.amazonaws.com/photos/33976345/large.jpeg,Esselenia vanduzeei vanduzeei,48460/1/47120/372739/47158/184884/47651/67688/700600/47650/47649/244406/69918/69916,jpeg
http://inaturalist-open-data.s3.amazonaws.com/photos/33976339/large.jpeg,Esselenia vanduzeei vanduzeei,48460/1/47120/372739/47158/184884/47651/67688/700600/47650/47649/244406/69918/69916,jpeg
http://inaturalist-open-data.s3.amazonaws.com/photos/33976355/large.jpeg,Esselenia vanduzeei vanduzeei,48460/1/47120/372739/47158/184884/47651/67688/700600/47650/47649/244406/69918/69916,jpeg
http://inaturalist-open-data.s3.amazonaws.com/photos/33976379/large.jpeg,Esselenia vanduzeei vanduzeei,48460/1/47120/372739/47158/184884/47651/67688/700600/47650/47649/244406/69918/69916,jpeg
http://inaturalist-open-data.s3.amazonaws.com/photos/33976377/large.jpeg,Esselenia vanduzeei vanduzeei,48460/1/47120/372739/47158/184884/47651/67688/700600/47650/47649/244406/69918/69916,jpeg
http://inaturalist-open-data.s3.amazonaws.com/photos/33976382/large.jpeg,Esselenia vanduzeei vanduzeei,48460/1/47120/372739/47158/184884/47651/67688/700600/47650/47649/244406/69918/69916,jpeg
http://inaturalist-open-data.s3.amazonaws.com/photos/33976399/large.jpeg,Esselenia vanduzeei vanduzeei,48460/1/47120/372739/47158/184884/47651/67688/700600/47650/47649/244406/69918/69916,jpeg
http://inaturalist-open-data.s3.amazonaws.com/photos/33976437/large.jpeg,Esselenia vanduzeei vanduzeei,48460/1/47120/372739/47158/184884/47651/67688/700600/47650/47649/244406/69918/69916,jpeg
http://inaturalist-open-data.s3.amazonaws.com/photos/34328681/large.jpg,Esselenia vanduzeei vanduzeei,48460/1/47120/372739/47158/184884/47651/67688/700600/47650/47649/244406/69918/69916,jpg
http://inaturalist-open-data.s3.amazonaws.com/photos/34553291/large.jpeg,Esselenia vanduzeei vanduzeei,48460/1/47120/372739/47158/184884/47651/67688/700600/47650/47649/244406/69918/69916,jpeg
http://inaturalist-open-data.s3.amazonaws.com/photos/34553244/large.jpeg,Esselenia vanduzeei vanduzeei,48460/1/47120/372739/47158/184884/47651/67688/700600/47650/47649/244406/69918/69916,jpeg
http://inaturalist-open-data.s3.amazonaws.com/photos/34553295/large.jpeg,Esselenia vanduzeei vanduzeei,48460/1/47120/372739/47158/184884/47651/67688/700600/47650/47649/244406/69918/69916,jpeg
http://inaturalist-open-data.s3.amazonaws.com/photos/34946603/large.jpg,Esselenia vanduzeei vanduzeei,48460/1/47120/372739/47158/184884/47651/67688/700600/47650/47649/244406/69918/69916,jpg
http://inaturalist-open-data.s3.amazonaws.com/photos/37802778/large.jpeg,Esselenia vanduzeei vanduzeei,48460/1/47120/372739/47158/184884/47651/67688/700600/47650/47649/244406/69918/69916,jpeg
http://inaturalist-open-data.s3.amazonaws.com/photos/62910680/large.jpg,Esselenia vanduzeei vanduzeei,48460/1/47120/372739/47158/184884/47651/67688/700600/47650/47649/244406/69918/69916,jpg
http://inaturalist-open-data.s3.amazonaws.com/photos/64063957/large.jpeg,Esselenia vanduzeei vanduzeei,48460/1/47120/372739/47158/184884/47651/67688/700600/47650/47649/244406/69918/69916,jpeg
http://inaturalist-open-data.s3.amazonaws.com/photos/67890116/large.jpg,Esselenia vanduzeei vanduzeei,48460/1/47120/372739/47158/184884/47651/67688/700600/47650/47649/244406/69918/69916,jpg
http://inaturalist-open-data.s3.amazonaws.com/photos/70853308/large.jpg,Esselenia vanduzeei vanduzeei,48460/1/47120/372739/47158/184884/47651/67688/700600/47650/47649/244406/69918/69916,jpg
http://inaturalist-open-data.s3.amazonaws.com/photos/70853301/large.jpg,Esselenia vanduzeei vanduzeei,48460/1/47120/372739/47158/184884/47651/67688/700600/47650/47649/244406/69918/69916,jpg
http://inaturalist-open-data.s3.amazonaws.com/photos/117637977/large.jpg,Esselenia vanduzeei vanduzeei,48460/1/47120/372739/47158/184884/47651/67688/700600/47650/47649/244406/69918/69916,jpg
http://inaturalist-open-data.s3.amazonaws.com/photos/117638000/large.jpg,Esselenia vanduzeei vanduzeei,48460/1/47120/372739/47158/184884/47651/67688/700600/47650/47649/244406/69918/69916,jpg
http://inaturalist-open-data.s3.amazonaws.com/photos/118886116/large.jpeg,Esselenia vanduzeei vanduzeei,48460/1/47120/372739/47158/184884/47651/67688/700600/47650/47649/244406/69918/69916,jpeg
http://inaturalist-open-data.s3.amazonaws.com/photos/118886122/large.jpeg,Esselenia vanduzeei vanduzeei,48460/1/47120/372739/47158/184884/47651/67688/700600/47650/47649/244406/69918/69916,jpeg
http://inaturalist-open-data.s3.amazonaws.com/photos/118886127/large.jpeg,Esselenia vanduzeei vanduzeei,48460/1/47120/372739/47158/184884/47651/67688/700600/47650/47649/244406/69918/69916,jpeg
http://inaturalist-open-data.s3.amazonaws.com/photos/118886132/large.jpeg,Esselenia vanduzeei vanduzeei,48460/1/47120/372739/47158/184884/47651/67688/700600/47650/47649/244406/69918/69916,jpeg
http://inaturalist-open-data.s3.amazonaws.com/photos/118886142/large.jpeg,Esselenia vanduzeei vanduzeei,48460/1/47120/372739/47158/184884/47651/67688/700600/47650/47649/244406/69918/69916,jpeg
http://inaturalist-open-data.s3.amazonaws.com/photos/118886152/large.jpeg,Esselenia vanduzeei vanduzeei,48460/1/47120/372739/47158/184884/47651/67688/700600/47650/47649/244406/69918/69916,jpeg
http://inaturalist-open-data.s3.amazonaws.com/photos/118886156/large.jpeg,Esselenia vanduzeei vanduzeei,48460/1/47120/372739/47158/184884/47651/67688/700600/47650/47649/244406/69918/69916,jpeg
http://inaturalist-open-data.s3.amazonaws.com/photos/118886168/large.jpeg,Esselenia vanduzeei vanduzeei,48460/1/47120/372739/47158/184884/47651/67688/700600/47650/47649/244406/69918/69916,jpeg
http://inaturalist-open-data.s3.amazonaws.com/photos/118886177/large.jpeg,Esselenia vanduzeei vanduzeei,48460/1/47120/372739/47158/184884/47651/67688/700600/47650/47649/244406/69918/69916,jpeg
http://inaturalist-open-data.s3.amazonaws.com/photos/126790847/large.jpeg,Esselenia vanduzeei vanduzeei,48460/1/47120/372739/47158/184884/47651/67688/700600/47650/47649/244406/69918/69916,jpeg
http://inaturalist-open-data.s3.amazonaws.com/photos/129266596/large.jpeg,Esselenia vanduzeei vanduzeei,48460/1/47120/372739/47158/184884/47651/67688/700600/47650/47649/244406/69918/69916,jpeg
