photo_url_large,taxon_name,ancestry,extension
http://inaturalist-open-data.s3.amazonaws.com/photos/9948584/large.jpg,Eunota togata togata,48460/1/47120/372739/47158/184884/47208/340471/372884/49567/119895/373661/373919/127987/268383,jpg
http://inaturalist-open-data.s3.amazonaws.com/photos/9948586/large.jpg,Eunota togata togata,48460/1/47120/372739/47158/184884/47208/340471/372884/49567/119895/373661/373919/127987/268383,jpg
http://inaturalist-open-data.s3.amazonaws.com/photos/11708726/large.jpg,Eunota togata togata,48460/1/47120/372739/47158/184884/47208/340471/372884/49567/119895/373661/373919/127987/268383,jpg
http://inaturalist-open-data.s3.amazonaws.com/photos/58230196/large.jpeg,Eunota togata togata,48460/1/47120/372739/47158/184884/47208/340471/372884/49567/119895/373661/373919/127987/268383,jpeg
http://inaturalist-open-data.s3.amazonaws.com/photos/58232040/large.jpeg,Eunota togata togata,48460/1/47120/372739/47158/184884/47208/340471/372884/49567/119895/373661/373919/127987/268383,jpeg
http://inaturalist-open-data.s3.amazonaws.com/photos/73292568/large.jpeg,Eunota togata togata,48460/1/47120/372739/47158/184884/47208/340471/372884/49567/119895/373661/373919/127987/268383,jpeg
http://inaturalist-open-data.s3.amazonaws.com/photos/91778265/large.jpg,Eunota togata togata,48460/1/47120/372739/47158/184884/47208/340471/372884/49567/119895/373661/373919/127987/268383,jpg
http://inaturalist-open-data.s3.amazonaws.com/photos/95528656/large.jpg,Eunota togata togata,48460/1/47120/372739/47158/184884/47208/340471/372884/49567/119895/373661/373919/127987/268383,jpg
http://inaturalist-open-data.s3.amazonaws.com/photos/95589503/large.jpg,Eunota togata togata,48460/1/47120/372739/47158/184884/47208/340471/372884/49567/119895/373661/373919/127987/268383,jpg
http://inaturalist-open-data.s3.amazonaws.com/photos/142633842/large.jpg,Eunota togata togata,48460/1/47120/372739/47158/184884/47208/340471/372884/49567/119895/373661/373919/127987/268383,jpg
http://inaturalist-open-data.s3.amazonaws.com/photos/157706262/large.jpg,Eunota togata togata,48460/1/47120/372739/47158/184884/47208/340471/372884/49567/119895/373661/373919/127987/268383,jpg
http://inaturalist-open-data.s3.amazonaws.com/photos/176233125/large.jpeg,Eunota togata togata,48460/1/47120/372739/47158/184884/47208/340471/372884/49567/119895/373661/373919/127987/268383,jpeg
http://inaturalist-open-data.s3.amazonaws.com/photos/176233120/large.jpeg,Eunota togata togata,48460/1/47120/372739/47158/184884/47208/340471/372884/49567/119895/373661/373919/127987/268383,jpeg
