photo_url_large,taxon_name,ancestry,extension
http://inaturalist-open-data.s3.amazonaws.com/photos/111959505/large.jpg,Eupanacra busiris atima,48460/1/47120/372739/47158/184884/47157/47214/47213/124071/124065/124050/121839/121838,jpg
http://inaturalist-open-data.s3.amazonaws.com/photos/157363275/large.jpeg,Eupanacra busiris atima,48460/1/47120/372739/47158/184884/47157/47214/47213/124071/124065/124050/121839/121838,jpeg
http://inaturalist-open-data.s3.amazonaws.com/photos/157363351/large.jpeg,Eupanacra busiris atima,48460/1/47120/372739/47158/184884/47157/47214/47213/124071/124065/124050/121839/121838,jpeg
http://inaturalist-open-data.s3.amazonaws.com/photos/157363433/large.jpeg,Eupanacra busiris atima,48460/1/47120/372739/47158/184884/47157/47214/47213/124071/124065/124050/121839/121838,jpeg
