photo_url_large,taxon_name,ancestry,extension
http://inaturalist-open-data.s3.amazonaws.com/photos/84091453/large.jpg,Euphydryas editha bingi,48460/1/47120/372739/47158/184884/47157/47224/47922/202067/130316/50896/59182,jpg
http://inaturalist-open-data.s3.amazonaws.com/photos/141842266/large.jpg,Euphydryas editha bingi,48460/1/47120/372739/47158/184884/47157/47224/47922/202067/130316/50896/59182,jpg
http://inaturalist-open-data.s3.amazonaws.com/photos/141842272/large.jpg,Euphydryas editha bingi,48460/1/47120/372739/47158/184884/47157/47224/47922/202067/130316/50896/59182,jpg
http://inaturalist-open-data.s3.amazonaws.com/photos/141842280/large.jpg,Euphydryas editha bingi,48460/1/47120/372739/47158/184884/47157/47224/47922/202067/130316/50896/59182,jpg
http://inaturalist-open-data.s3.amazonaws.com/photos/141842285/large.jpg,Euphydryas editha bingi,48460/1/47120/372739/47158/184884/47157/47224/47922/202067/130316/50896/59182,jpg
