photo_url_large,taxon_name,ancestry,extension
http://inaturalist-open-data.s3.amazonaws.com/photos/21618399/large.jpg,Euphydryas anicia variicolor,48460/1/47120/372739/47158/184884/47157/47224/47922/202067/130316/50896/219779,jpg
http://inaturalist-open-data.s3.amazonaws.com/photos/81544726/large.jpeg,Euphydryas anicia variicolor,48460/1/47120/372739/47158/184884/47157/47224/47922/202067/130316/50896/219779,jpeg
http://inaturalist-open-data.s3.amazonaws.com/photos/81544751/large.jpg,Euphydryas anicia variicolor,48460/1/47120/372739/47158/184884/47157/47224/47922/202067/130316/50896/219779,jpg
http://inaturalist-open-data.s3.amazonaws.com/photos/81544811/large.jpg,Euphydryas anicia variicolor,48460/1/47120/372739/47158/184884/47157/47224/47922/202067/130316/50896/219779,jpg
http://inaturalist-open-data.s3.amazonaws.com/photos/151477759/large.jpg,Euphydryas anicia variicolor,48460/1/47120/372739/47158/184884/47157/47224/47922/202067/130316/50896/219779,jpg
http://inaturalist-open-data.s3.amazonaws.com/photos/151477770/large.jpg,Euphydryas anicia variicolor,48460/1/47120/372739/47158/184884/47157/47224/47922/202067/130316/50896/219779,jpg
