photo_url_large,taxon_name,ancestry,extension
http://inaturalist-open-data.s3.amazonaws.com/photos/47305532/large.jpeg,Euphyes dukesi dukesi,48460/1/47120/372739/47158/184884/47157/47224/47653/122493/320552/58515/205859,jpeg
http://inaturalist-open-data.s3.amazonaws.com/photos/47305544/large.jpeg,Euphyes dukesi dukesi,48460/1/47120/372739/47158/184884/47157/47224/47653/122493/320552/58515/205859,jpeg
http://inaturalist-open-data.s3.amazonaws.com/photos/47305552/large.jpeg,Euphyes dukesi dukesi,48460/1/47120/372739/47158/184884/47157/47224/47653/122493/320552/58515/205859,jpeg
http://inaturalist-open-data.s3.amazonaws.com/photos/53244233/large.jpg,Euphyes dukesi dukesi,48460/1/47120/372739/47158/184884/47157/47224/47653/122493/320552/58515/205859,jpg
