photo_url_large,taxon_name,ancestry,extension
http://inaturalist-open-data.s3.amazonaws.com/photos/5070681/large.jpg,Euphaedra harpalyce harpalyce,48460/1/47120/372739/47158/184884/47157/47224/47922/134171/202076/149067/890489/341013,jpg
http://inaturalist-open-data.s3.amazonaws.com/photos/58646577/large.jpeg,Euphaedra harpalyce harpalyce,48460/1/47120/372739/47158/184884/47157/47224/47922/134171/202076/149067/890489/341013,jpeg
http://inaturalist-open-data.s3.amazonaws.com/photos/75009980/large.jpeg,Euphaedra harpalyce harpalyce,48460/1/47120/372739/47158/184884/47157/47224/47922/134171/202076/149067/890489/341013,jpeg
http://inaturalist-open-data.s3.amazonaws.com/photos/78260710/large.jpeg,Euphaedra harpalyce harpalyce,48460/1/47120/372739/47158/184884/47157/47224/47922/134171/202076/149067/890489/341013,jpeg
