photo_url_large,taxon_name,ancestry,extension
http://inaturalist-open-data.s3.amazonaws.com/photos/8544127/large.jpeg,Euploea midamus singapura,48460/1/47120/372739/47158/184884/47157/47224/47922/61244/134169/522901/88304/324444,jpeg
http://inaturalist-open-data.s3.amazonaws.com/photos/8612721/large.jpg,Euploea midamus singapura,48460/1/47120/372739/47158/184884/47157/47224/47922/61244/134169/522901/88304/324444,jpg
http://inaturalist-open-data.s3.amazonaws.com/photos/116270191/large.jpeg,Euploea midamus singapura,48460/1/47120/372739/47158/184884/47157/47224/47922/61244/134169/522901/88304/324444,jpeg
http://inaturalist-open-data.s3.amazonaws.com/photos/116270193/large.jpeg,Euploea midamus singapura,48460/1/47120/372739/47158/184884/47157/47224/47922/61244/134169/522901/88304/324444,jpeg
http://inaturalist-open-data.s3.amazonaws.com/photos/141122612/large.jpg,Euploea midamus singapura,48460/1/47120/372739/47158/184884/47157/47224/47922/61244/134169/522901/88304/324444,jpg
http://inaturalist-open-data.s3.amazonaws.com/photos/163423534/large.jpeg,Euploea midamus singapura,48460/1/47120/372739/47158/184884/47157/47224/47922/61244/134169/522901/88304/324444,jpeg
http://inaturalist-open-data.s3.amazonaws.com/photos/171554881/large.jpeg,Euploea midamus singapura,48460/1/47120/372739/47158/184884/47157/47224/47922/61244/134169/522901/88304/324444,jpeg
http://inaturalist-open-data.s3.amazonaws.com/photos/172654194/large.jpeg,Euploea midamus singapura,48460/1/47120/372739/47158/184884/47157/47224/47922/61244/134169/522901/88304/324444,jpeg
