photo_url_large,taxon_name,ancestry,extension
http://inaturalist-open-data.s3.amazonaws.com/photos/10726673/large.jpg,Euptoieta hegesia hegesia,48460/1/47120/372739/47158/184884/47157/47224/47922/60854/134168/68246/68268,jpg
http://inaturalist-open-data.s3.amazonaws.com/photos/100288746/large.jpeg,Euptoieta hegesia hegesia,48460/1/47120/372739/47158/184884/47157/47224/47922/60854/134168/68246/68268,jpeg
http://inaturalist-open-data.s3.amazonaws.com/photos/104138300/large.jpeg,Euptoieta hegesia hegesia,48460/1/47120/372739/47158/184884/47157/47224/47922/60854/134168/68246/68268,jpeg
http://inaturalist-open-data.s3.amazonaws.com/photos/104127598/large.jpeg,Euptoieta hegesia hegesia,48460/1/47120/372739/47158/184884/47157/47224/47922/60854/134168/68246/68268,jpeg
