photo_url_large,taxon_name,ancestry,extension
http://inaturalist-open-data.s3.amazonaws.com/photos/11587406/large.jpg,Eurema floricola ceres,48460/1/47120/372739/47158/184884/47157/47224/48508/119556/51615/415430,jpg
http://inaturalist-open-data.s3.amazonaws.com/photos/29098065/large.jpeg,Eurema floricola ceres,48460/1/47120/372739/47158/184884/47157/47224/48508/119556/51615/415430,jpeg
http://inaturalist-open-data.s3.amazonaws.com/photos/44076697/large.jpeg,Eurema floricola ceres,48460/1/47120/372739/47158/184884/47157/47224/48508/119556/51615/415430,jpeg
http://inaturalist-open-data.s3.amazonaws.com/photos/44076705/large.jpeg,Eurema floricola ceres,48460/1/47120/372739/47158/184884/47157/47224/48508/119556/51615/415430,jpeg
http://inaturalist-open-data.s3.amazonaws.com/photos/60305136/large.jpg,Eurema floricola ceres,48460/1/47120/372739/47158/184884/47157/47224/48508/119556/51615/415430,jpg
http://inaturalist-open-data.s3.amazonaws.com/photos/60717826/large.jpeg,Eurema floricola ceres,48460/1/47120/372739/47158/184884/47157/47224/48508/119556/51615/415430,jpeg
http://inaturalist-open-data.s3.amazonaws.com/photos/81356684/large.jpg,Eurema floricola ceres,48460/1/47120/372739/47158/184884/47157/47224/48508/119556/51615/415430,jpg
http://inaturalist-open-data.s3.amazonaws.com/photos/81356701/large.jpg,Eurema floricola ceres,48460/1/47120/372739/47158/184884/47157/47224/48508/119556/51615/415430,jpg
http://inaturalist-open-data.s3.amazonaws.com/photos/81356719/large.jpg,Eurema floricola ceres,48460/1/47120/372739/47158/184884/47157/47224/48508/119556/51615/415430,jpg
