photo_url_large,taxon_name,ancestry,extension
http://inaturalist-open-data.s3.amazonaws.com/photos/1756695/large.jpg,Exochomus childreni guexi,48460/1/47120/372739/47158/184884/47208/71130/372852/471714/48486/354547/373659/243969/473780,jpg
http://inaturalist-open-data.s3.amazonaws.com/photos/1756693/large.jpg,Exochomus childreni guexi,48460/1/47120/372739/47158/184884/47208/71130/372852/471714/48486/354547/373659/243969/473780,jpg
http://inaturalist-open-data.s3.amazonaws.com/photos/22896536/large.jpg,Exochomus childreni guexi,48460/1/47120/372739/47158/184884/47208/71130/372852/471714/48486/354547/373659/243969/473780,jpg
http://inaturalist-open-data.s3.amazonaws.com/photos/22896573/large.jpg,Exochomus childreni guexi,48460/1/47120/372739/47158/184884/47208/71130/372852/471714/48486/354547/373659/243969/473780,jpg
http://inaturalist-open-data.s3.amazonaws.com/photos/22896575/large.jpg,Exochomus childreni guexi,48460/1/47120/372739/47158/184884/47208/71130/372852/471714/48486/354547/373659/243969/473780,jpg
http://inaturalist-open-data.s3.amazonaws.com/photos/34388447/large.jpg,Exochomus childreni guexi,48460/1/47120/372739/47158/184884/47208/71130/372852/471714/48486/354547/373659/243969/473780,jpg
http://inaturalist-open-data.s3.amazonaws.com/photos/34388606/large.jpg,Exochomus childreni guexi,48460/1/47120/372739/47158/184884/47208/71130/372852/471714/48486/354547/373659/243969/473780,jpg
http://inaturalist-open-data.s3.amazonaws.com/photos/34388520/large.jpg,Exochomus childreni guexi,48460/1/47120/372739/47158/184884/47208/71130/372852/471714/48486/354547/373659/243969/473780,jpg
http://inaturalist-open-data.s3.amazonaws.com/photos/34904274/large.jpg,Exochomus childreni guexi,48460/1/47120/372739/47158/184884/47208/71130/372852/471714/48486/354547/373659/243969/473780,jpg
http://inaturalist-open-data.s3.amazonaws.com/photos/34904265/large.jpg,Exochomus childreni guexi,48460/1/47120/372739/47158/184884/47208/71130/372852/471714/48486/354547/373659/243969/473780,jpg
http://inaturalist-open-data.s3.amazonaws.com/photos/34904270/large.jpg,Exochomus childreni guexi,48460/1/47120/372739/47158/184884/47208/71130/372852/471714/48486/354547/373659/243969/473780,jpg
http://inaturalist-open-data.s3.amazonaws.com/photos/119553238/large.jpg,Exochomus childreni guexi,48460/1/47120/372739/47158/184884/47208/71130/372852/471714/48486/354547/373659/243969/473780,jpg
http://inaturalist-open-data.s3.amazonaws.com/photos/119553486/large.jpg,Exochomus childreni guexi,48460/1/47120/372739/47158/184884/47208/71130/372852/471714/48486/354547/373659/243969/473780,jpg
http://inaturalist-open-data.s3.amazonaws.com/photos/119553474/large.jpg,Exochomus childreni guexi,48460/1/47120/372739/47158/184884/47208/71130/372852/471714/48486/354547/373659/243969/473780,jpg
http://inaturalist-open-data.s3.amazonaws.com/photos/151539918/large.jpeg,Exochomus childreni guexi,48460/1/47120/372739/47158/184884/47208/71130/372852/471714/48486/354547/373659/243969/473780,jpeg
