photo_url_large,taxon_name,ancestry,extension
http://inaturalist-open-data.s3.amazonaws.com/photos/30693315/large.jpg,Geocoris lineolus cognatus,48460/1/47120/372739/47158/184884/47744/61267/372868/466233/146952/705136/146953/856895,jpg
http://inaturalist-open-data.s3.amazonaws.com/photos/30693301/large.jpg,Geocoris lineolus cognatus,48460/1/47120/372739/47158/184884/47744/61267/372868/466233/146952/705136/146953/856895,jpg
http://inaturalist-open-data.s3.amazonaws.com/photos/30693353/large.jpg,Geocoris lineolus cognatus,48460/1/47120/372739/47158/184884/47744/61267/372868/466233/146952/705136/146953/856895,jpg
http://inaturalist-open-data.s3.amazonaws.com/photos/30843462/large.jpg,Geocoris lineolus cognatus,48460/1/47120/372739/47158/184884/47744/61267/372868/466233/146952/705136/146953/856895,jpg
http://inaturalist-open-data.s3.amazonaws.com/photos/30843527/large.jpg,Geocoris lineolus cognatus,48460/1/47120/372739/47158/184884/47744/61267/372868/466233/146952/705136/146953/856895,jpg
http://inaturalist-open-data.s3.amazonaws.com/photos/103001315/large.jpeg,Geocoris lineolus cognatus,48460/1/47120/372739/47158/184884/47744/61267/372868/466233/146952/705136/146953/856895,jpeg
http://inaturalist-open-data.s3.amazonaws.com/photos/103001324/large.jpeg,Geocoris lineolus cognatus,48460/1/47120/372739/47158/184884/47744/61267/372868/466233/146952/705136/146953/856895,jpeg
