photo_url_large,taxon_name,ancestry,extension
http://inaturalist-open-data.s3.amazonaws.com/photos/162059844/large.jpeg,Geotrupes splendidus splendidus,48460/1/47120/372739/47158/184884/47208/71130/702480/48202/60539/489349/633942/60538/84764,jpeg
http://inaturalist-open-data.s3.amazonaws.com/photos/162059757/large.jpeg,Geotrupes splendidus splendidus,48460/1/47120/372739/47158/184884/47208/71130/702480/48202/60539/489349/633942/60538/84764,jpeg
http://inaturalist-open-data.s3.amazonaws.com/photos/162059786/large.jpeg,Geotrupes splendidus splendidus,48460/1/47120/372739/47158/184884/47208/71130/702480/48202/60539/489349/633942/60538/84764,jpeg
http://inaturalist-open-data.s3.amazonaws.com/photos/162059813/large.jpeg,Geotrupes splendidus splendidus,48460/1/47120/372739/47158/184884/47208/71130/702480/48202/60539/489349/633942/60538/84764,jpeg
http://inaturalist-open-data.s3.amazonaws.com/photos/162059888/large.jpeg,Geotrupes splendidus splendidus,48460/1/47120/372739/47158/184884/47208/71130/702480/48202/60539/489349/633942/60538/84764,jpeg
http://inaturalist-open-data.s3.amazonaws.com/photos/162059905/large.jpeg,Geotrupes splendidus splendidus,48460/1/47120/372739/47158/184884/47208/71130/702480/48202/60539/489349/633942/60538/84764,jpeg
http://inaturalist-open-data.s3.amazonaws.com/photos/162059964/large.jpeg,Geotrupes splendidus splendidus,48460/1/47120/372739/47158/184884/47208/71130/702480/48202/60539/489349/633942/60538/84764,jpeg
