photo_url_large,taxon_name,ancestry,extension
http://inaturalist-open-data.s3.amazonaws.com/photos/36551163/large.jpeg,Graphium agamemnon agamemnon,48460/1/47120/372739/47158/184884/47157/47224/47223/49973/207790/51577/51581,jpeg
http://inaturalist-open-data.s3.amazonaws.com/photos/36551172/large.jpeg,Graphium agamemnon agamemnon,48460/1/47120/372739/47158/184884/47157/47224/47223/49973/207790/51577/51581,jpeg
http://inaturalist-open-data.s3.amazonaws.com/photos/45933366/large.jpg,Graphium agamemnon agamemnon,48460/1/47120/372739/47158/184884/47157/47224/47223/49973/207790/51577/51581,jpg
http://inaturalist-open-data.s3.amazonaws.com/photos/46125438/large.jpg,Graphium agamemnon agamemnon,48460/1/47120/372739/47158/184884/47157/47224/47223/49973/207790/51577/51581,jpg
http://inaturalist-open-data.s3.amazonaws.com/photos/52858591/large.jpg,Graphium agamemnon agamemnon,48460/1/47120/372739/47158/184884/47157/47224/47223/49973/207790/51577/51581,jpg
http://inaturalist-open-data.s3.amazonaws.com/photos/53014950/large.jpg,Graphium agamemnon agamemnon,48460/1/47120/372739/47158/184884/47157/47224/47223/49973/207790/51577/51581,jpg
http://inaturalist-open-data.s3.amazonaws.com/photos/54539521/large.jpg,Graphium agamemnon agamemnon,48460/1/47120/372739/47158/184884/47157/47224/47223/49973/207790/51577/51581,jpg
http://inaturalist-open-data.s3.amazonaws.com/photos/58616440/large.jpeg,Graphium agamemnon agamemnon,48460/1/47120/372739/47158/184884/47157/47224/47223/49973/207790/51577/51581,jpeg
http://inaturalist-open-data.s3.amazonaws.com/photos/59425972/large.jpg,Graphium agamemnon agamemnon,48460/1/47120/372739/47158/184884/47157/47224/47223/49973/207790/51577/51581,jpg
http://inaturalist-open-data.s3.amazonaws.com/photos/61487331/large.jpg,Graphium agamemnon agamemnon,48460/1/47120/372739/47158/184884/47157/47224/47223/49973/207790/51577/51581,jpg
http://inaturalist-open-data.s3.amazonaws.com/photos/61487326/large.jpg,Graphium agamemnon agamemnon,48460/1/47120/372739/47158/184884/47157/47224/47223/49973/207790/51577/51581,jpg
http://inaturalist-open-data.s3.amazonaws.com/photos/61487335/large.jpg,Graphium agamemnon agamemnon,48460/1/47120/372739/47158/184884/47157/47224/47223/49973/207790/51577/51581,jpg
http://inaturalist-open-data.s3.amazonaws.com/photos/61487338/large.jpg,Graphium agamemnon agamemnon,48460/1/47120/372739/47158/184884/47157/47224/47223/49973/207790/51577/51581,jpg
http://inaturalist-open-data.s3.amazonaws.com/photos/62023929/large.jpeg,Graphium agamemnon agamemnon,48460/1/47120/372739/47158/184884/47157/47224/47223/49973/207790/51577/51581,jpeg
http://inaturalist-open-data.s3.amazonaws.com/photos/62405996/large.jpg,Graphium agamemnon agamemnon,48460/1/47120/372739/47158/184884/47157/47224/47223/49973/207790/51577/51581,jpg
http://inaturalist-open-data.s3.amazonaws.com/photos/62405993/large.jpg,Graphium agamemnon agamemnon,48460/1/47120/372739/47158/184884/47157/47224/47223/49973/207790/51577/51581,jpg
http://inaturalist-open-data.s3.amazonaws.com/photos/66335803/large.jpg,Graphium agamemnon agamemnon,48460/1/47120/372739/47158/184884/47157/47224/47223/49973/207790/51577/51581,jpg
http://inaturalist-open-data.s3.amazonaws.com/photos/66335801/large.jpg,Graphium agamemnon agamemnon,48460/1/47120/372739/47158/184884/47157/47224/47223/49973/207790/51577/51581,jpg
http://inaturalist-open-data.s3.amazonaws.com/photos/66335807/large.jpg,Graphium agamemnon agamemnon,48460/1/47120/372739/47158/184884/47157/47224/47223/49973/207790/51577/51581,jpg
http://inaturalist-open-data.s3.amazonaws.com/photos/66335830/large.jpg,Graphium agamemnon agamemnon,48460/1/47120/372739/47158/184884/47157/47224/47223/49973/207790/51577/51581,jpg
http://inaturalist-open-data.s3.amazonaws.com/photos/66335861/large.jpg,Graphium agamemnon agamemnon,48460/1/47120/372739/47158/184884/47157/47224/47223/49973/207790/51577/51581,jpg
http://inaturalist-open-data.s3.amazonaws.com/photos/66335877/large.jpg,Graphium agamemnon agamemnon,48460/1/47120/372739/47158/184884/47157/47224/47223/49973/207790/51577/51581,jpg
http://inaturalist-open-data.s3.amazonaws.com/photos/66335889/large.jpg,Graphium agamemnon agamemnon,48460/1/47120/372739/47158/184884/47157/47224/47223/49973/207790/51577/51581,jpg
http://inaturalist-open-data.s3.amazonaws.com/photos/66335898/large.jpg,Graphium agamemnon agamemnon,48460/1/47120/372739/47158/184884/47157/47224/47223/49973/207790/51577/51581,jpg
http://inaturalist-open-data.s3.amazonaws.com/photos/66335906/large.jpg,Graphium agamemnon agamemnon,48460/1/47120/372739/47158/184884/47157/47224/47223/49973/207790/51577/51581,jpg
http://inaturalist-open-data.s3.amazonaws.com/photos/66335805/large.jpg,Graphium agamemnon agamemnon,48460/1/47120/372739/47158/184884/47157/47224/47223/49973/207790/51577/51581,jpg
http://inaturalist-open-data.s3.amazonaws.com/photos/66335793/large.jpg,Graphium agamemnon agamemnon,48460/1/47120/372739/47158/184884/47157/47224/47223/49973/207790/51577/51581,jpg
http://inaturalist-open-data.s3.amazonaws.com/photos/66335790/large.jpg,Graphium agamemnon agamemnon,48460/1/47120/372739/47158/184884/47157/47224/47223/49973/207790/51577/51581,jpg
http://inaturalist-open-data.s3.amazonaws.com/photos/66335785/large.jpg,Graphium agamemnon agamemnon,48460/1/47120/372739/47158/184884/47157/47224/47223/49973/207790/51577/51581,jpg
http://inaturalist-open-data.s3.amazonaws.com/photos/66335796/large.jpg,Graphium agamemnon agamemnon,48460/1/47120/372739/47158/184884/47157/47224/47223/49973/207790/51577/51581,jpg
http://inaturalist-open-data.s3.amazonaws.com/photos/66349788/large.jpg,Graphium agamemnon agamemnon,48460/1/47120/372739/47158/184884/47157/47224/47223/49973/207790/51577/51581,jpg
http://inaturalist-open-data.s3.amazonaws.com/photos/67863219/large.jpg,Graphium agamemnon agamemnon,48460/1/47120/372739/47158/184884/47157/47224/47223/49973/207790/51577/51581,jpg
http://inaturalist-open-data.s3.amazonaws.com/photos/67863223/large.jpg,Graphium agamemnon agamemnon,48460/1/47120/372739/47158/184884/47157/47224/47223/49973/207790/51577/51581,jpg
http://inaturalist-open-data.s3.amazonaws.com/photos/67889498/large.jpg,Graphium agamemnon agamemnon,48460/1/47120/372739/47158/184884/47157/47224/47223/49973/207790/51577/51581,jpg
http://inaturalist-open-data.s3.amazonaws.com/photos/67889488/large.jpg,Graphium agamemnon agamemnon,48460/1/47120/372739/47158/184884/47157/47224/47223/49973/207790/51577/51581,jpg
http://inaturalist-open-data.s3.amazonaws.com/photos/67889482/large.jpg,Graphium agamemnon agamemnon,48460/1/47120/372739/47158/184884/47157/47224/47223/49973/207790/51577/51581,jpg
http://inaturalist-open-data.s3.amazonaws.com/photos/67889474/large.jpg,Graphium agamemnon agamemnon,48460/1/47120/372739/47158/184884/47157/47224/47223/49973/207790/51577/51581,jpg
http://inaturalist-open-data.s3.amazonaws.com/photos/67889504/large.jpg,Graphium agamemnon agamemnon,48460/1/47120/372739/47158/184884/47157/47224/47223/49973/207790/51577/51581,jpg
http://inaturalist-open-data.s3.amazonaws.com/photos/67889507/large.jpg,Graphium agamemnon agamemnon,48460/1/47120/372739/47158/184884/47157/47224/47223/49973/207790/51577/51581,jpg
http://inaturalist-open-data.s3.amazonaws.com/photos/69888800/large.jpg,Graphium agamemnon agamemnon,48460/1/47120/372739/47158/184884/47157/47224/47223/49973/207790/51577/51581,jpg
http://inaturalist-open-data.s3.amazonaws.com/photos/69954407/large.jpg,Graphium agamemnon agamemnon,48460/1/47120/372739/47158/184884/47157/47224/47223/49973/207790/51577/51581,jpg
http://inaturalist-open-data.s3.amazonaws.com/photos/71538181/large.jpg,Graphium agamemnon agamemnon,48460/1/47120/372739/47158/184884/47157/47224/47223/49973/207790/51577/51581,jpg
http://inaturalist-open-data.s3.amazonaws.com/photos/71538158/large.jpg,Graphium agamemnon agamemnon,48460/1/47120/372739/47158/184884/47157/47224/47223/49973/207790/51577/51581,jpg
http://inaturalist-open-data.s3.amazonaws.com/photos/71538209/large.jpg,Graphium agamemnon agamemnon,48460/1/47120/372739/47158/184884/47157/47224/47223/49973/207790/51577/51581,jpg
http://inaturalist-open-data.s3.amazonaws.com/photos/71538233/large.jpg,Graphium agamemnon agamemnon,48460/1/47120/372739/47158/184884/47157/47224/47223/49973/207790/51577/51581,jpg
http://inaturalist-open-data.s3.amazonaws.com/photos/75833311/large.jpg,Graphium agamemnon agamemnon,48460/1/47120/372739/47158/184884/47157/47224/47223/49973/207790/51577/51581,jpg
http://inaturalist-open-data.s3.amazonaws.com/photos/75832834/large.jpg,Graphium agamemnon agamemnon,48460/1/47120/372739/47158/184884/47157/47224/47223/49973/207790/51577/51581,jpg
http://inaturalist-open-data.s3.amazonaws.com/photos/75833322/large.jpg,Graphium agamemnon agamemnon,48460/1/47120/372739/47158/184884/47157/47224/47223/49973/207790/51577/51581,jpg
http://inaturalist-open-data.s3.amazonaws.com/photos/75833331/large.jpg,Graphium agamemnon agamemnon,48460/1/47120/372739/47158/184884/47157/47224/47223/49973/207790/51577/51581,jpg
http://inaturalist-open-data.s3.amazonaws.com/photos/75833353/large.jpg,Graphium agamemnon agamemnon,48460/1/47120/372739/47158/184884/47157/47224/47223/49973/207790/51577/51581,jpg
http://inaturalist-open-data.s3.amazonaws.com/photos/78487273/large.jpg,Graphium agamemnon agamemnon,48460/1/47120/372739/47158/184884/47157/47224/47223/49973/207790/51577/51581,jpg
http://inaturalist-open-data.s3.amazonaws.com/photos/79590235/large.jpg,Graphium agamemnon agamemnon,48460/1/47120/372739/47158/184884/47157/47224/47223/49973/207790/51577/51581,jpg
http://inaturalist-open-data.s3.amazonaws.com/photos/79590182/large.jpg,Graphium agamemnon agamemnon,48460/1/47120/372739/47158/184884/47157/47224/47223/49973/207790/51577/51581,jpg
http://inaturalist-open-data.s3.amazonaws.com/photos/83903632/large.jpg,Graphium agamemnon agamemnon,48460/1/47120/372739/47158/184884/47157/47224/47223/49973/207790/51577/51581,jpg
http://inaturalist-open-data.s3.amazonaws.com/photos/94135836/large.jpg,Graphium agamemnon agamemnon,48460/1/47120/372739/47158/184884/47157/47224/47223/49973/207790/51577/51581,jpg
http://inaturalist-open-data.s3.amazonaws.com/photos/96177456/large.jpg,Graphium agamemnon agamemnon,48460/1/47120/372739/47158/184884/47157/47224/47223/49973/207790/51577/51581,jpg
http://inaturalist-open-data.s3.amazonaws.com/photos/97274367/large.jpg,Graphium agamemnon agamemnon,48460/1/47120/372739/47158/184884/47157/47224/47223/49973/207790/51577/51581,jpg
http://inaturalist-open-data.s3.amazonaws.com/photos/100363723/large.jpg,Graphium agamemnon agamemnon,48460/1/47120/372739/47158/184884/47157/47224/47223/49973/207790/51577/51581,jpg
http://inaturalist-open-data.s3.amazonaws.com/photos/100363727/large.jpg,Graphium agamemnon agamemnon,48460/1/47120/372739/47158/184884/47157/47224/47223/49973/207790/51577/51581,jpg
http://inaturalist-open-data.s3.amazonaws.com/photos/100366923/large.jpg,Graphium agamemnon agamemnon,48460/1/47120/372739/47158/184884/47157/47224/47223/49973/207790/51577/51581,jpg
http://inaturalist-open-data.s3.amazonaws.com/photos/100366942/large.jpg,Graphium agamemnon agamemnon,48460/1/47120/372739/47158/184884/47157/47224/47223/49973/207790/51577/51581,jpg
http://inaturalist-open-data.s3.amazonaws.com/photos/100366961/large.jpg,Graphium agamemnon agamemnon,48460/1/47120/372739/47158/184884/47157/47224/47223/49973/207790/51577/51581,jpg
http://inaturalist-open-data.s3.amazonaws.com/photos/100366978/large.jpg,Graphium agamemnon agamemnon,48460/1/47120/372739/47158/184884/47157/47224/47223/49973/207790/51577/51581,jpg
http://inaturalist-open-data.s3.amazonaws.com/photos/100367001/large.jpg,Graphium agamemnon agamemnon,48460/1/47120/372739/47158/184884/47157/47224/47223/49973/207790/51577/51581,jpg
http://inaturalist-open-data.s3.amazonaws.com/photos/100367029/large.jpg,Graphium agamemnon agamemnon,48460/1/47120/372739/47158/184884/47157/47224/47223/49973/207790/51577/51581,jpg
http://inaturalist-open-data.s3.amazonaws.com/photos/100367043/large.jpg,Graphium agamemnon agamemnon,48460/1/47120/372739/47158/184884/47157/47224/47223/49973/207790/51577/51581,jpg
http://inaturalist-open-data.s3.amazonaws.com/photos/100367067/large.jpg,Graphium agamemnon agamemnon,48460/1/47120/372739/47158/184884/47157/47224/47223/49973/207790/51577/51581,jpg
http://inaturalist-open-data.s3.amazonaws.com/photos/101859146/large.jpg,Graphium agamemnon agamemnon,48460/1/47120/372739/47158/184884/47157/47224/47223/49973/207790/51577/51581,jpg
http://inaturalist-open-data.s3.amazonaws.com/photos/101998062/large.jpeg,Graphium agamemnon agamemnon,48460/1/47120/372739/47158/184884/47157/47224/47223/49973/207790/51577/51581,jpeg
http://inaturalist-open-data.s3.amazonaws.com/photos/101998075/large.jpeg,Graphium agamemnon agamemnon,48460/1/47120/372739/47158/184884/47157/47224/47223/49973/207790/51577/51581,jpeg
http://inaturalist-open-data.s3.amazonaws.com/photos/101998084/large.jpeg,Graphium agamemnon agamemnon,48460/1/47120/372739/47158/184884/47157/47224/47223/49973/207790/51577/51581,jpeg
http://inaturalist-open-data.s3.amazonaws.com/photos/106912650/large.jpg,Graphium agamemnon agamemnon,48460/1/47120/372739/47158/184884/47157/47224/47223/49973/207790/51577/51581,jpg
http://inaturalist-open-data.s3.amazonaws.com/photos/106911522/large.jpg,Graphium agamemnon agamemnon,48460/1/47120/372739/47158/184884/47157/47224/47223/49973/207790/51577/51581,jpg
http://inaturalist-open-data.s3.amazonaws.com/photos/106911514/large.jpg,Graphium agamemnon agamemnon,48460/1/47120/372739/47158/184884/47157/47224/47223/49973/207790/51577/51581,jpg
http://inaturalist-open-data.s3.amazonaws.com/photos/108156659/large.jpg,Graphium agamemnon agamemnon,48460/1/47120/372739/47158/184884/47157/47224/47223/49973/207790/51577/51581,jpg
http://inaturalist-open-data.s3.amazonaws.com/photos/108601991/large.jpeg,Graphium agamemnon agamemnon,48460/1/47120/372739/47158/184884/47157/47224/47223/49973/207790/51577/51581,jpeg
http://inaturalist-open-data.s3.amazonaws.com/photos/108606461/large.jpeg,Graphium agamemnon agamemnon,48460/1/47120/372739/47158/184884/47157/47224/47223/49973/207790/51577/51581,jpeg
http://inaturalist-open-data.s3.amazonaws.com/photos/108606458/large.jpeg,Graphium agamemnon agamemnon,48460/1/47120/372739/47158/184884/47157/47224/47223/49973/207790/51577/51581,jpeg
http://inaturalist-open-data.s3.amazonaws.com/photos/108710419/large.jpeg,Graphium agamemnon agamemnon,48460/1/47120/372739/47158/184884/47157/47224/47223/49973/207790/51577/51581,jpeg
http://inaturalist-open-data.s3.amazonaws.com/photos/113858270/large.jpg,Graphium agamemnon agamemnon,48460/1/47120/372739/47158/184884/47157/47224/47223/49973/207790/51577/51581,jpg
http://inaturalist-open-data.s3.amazonaws.com/photos/116936345/large.jpg,Graphium agamemnon agamemnon,48460/1/47120/372739/47158/184884/47157/47224/47223/49973/207790/51577/51581,jpg
http://inaturalist-open-data.s3.amazonaws.com/photos/116936321/large.jpg,Graphium agamemnon agamemnon,48460/1/47120/372739/47158/184884/47157/47224/47223/49973/207790/51577/51581,jpg
http://inaturalist-open-data.s3.amazonaws.com/photos/117049481/large.jpg,Graphium agamemnon agamemnon,48460/1/47120/372739/47158/184884/47157/47224/47223/49973/207790/51577/51581,jpg
http://inaturalist-open-data.s3.amazonaws.com/photos/118729794/large.jpg,Graphium agamemnon agamemnon,48460/1/47120/372739/47158/184884/47157/47224/47223/49973/207790/51577/51581,jpg
http://inaturalist-open-data.s3.amazonaws.com/photos/118729817/large.jpg,Graphium agamemnon agamemnon,48460/1/47120/372739/47158/184884/47157/47224/47223/49973/207790/51577/51581,jpg
http://inaturalist-open-data.s3.amazonaws.com/photos/123748147/large.jpg,Graphium agamemnon agamemnon,48460/1/47120/372739/47158/184884/47157/47224/47223/49973/207790/51577/51581,jpg
http://inaturalist-open-data.s3.amazonaws.com/photos/123827894/large.jpg,Graphium agamemnon agamemnon,48460/1/47120/372739/47158/184884/47157/47224/47223/49973/207790/51577/51581,jpg
http://inaturalist-open-data.s3.amazonaws.com/photos/123827815/large.jpg,Graphium agamemnon agamemnon,48460/1/47120/372739/47158/184884/47157/47224/47223/49973/207790/51577/51581,jpg
http://inaturalist-open-data.s3.amazonaws.com/photos/123827831/large.jpg,Graphium agamemnon agamemnon,48460/1/47120/372739/47158/184884/47157/47224/47223/49973/207790/51577/51581,jpg
http://inaturalist-open-data.s3.amazonaws.com/photos/123827863/large.jpg,Graphium agamemnon agamemnon,48460/1/47120/372739/47158/184884/47157/47224/47223/49973/207790/51577/51581,jpg
http://inaturalist-open-data.s3.amazonaws.com/photos/125066137/large.jpg,Graphium agamemnon agamemnon,48460/1/47120/372739/47158/184884/47157/47224/47223/49973/207790/51577/51581,jpg
http://inaturalist-open-data.s3.amazonaws.com/photos/129992142/large.jpg,Graphium agamemnon agamemnon,48460/1/47120/372739/47158/184884/47157/47224/47223/49973/207790/51577/51581,jpg
http://inaturalist-open-data.s3.amazonaws.com/photos/132319816/large.jpeg,Graphium agamemnon agamemnon,48460/1/47120/372739/47158/184884/47157/47224/47223/49973/207790/51577/51581,jpeg
http://inaturalist-open-data.s3.amazonaws.com/photos/135958805/large.jpeg,Graphium agamemnon agamemnon,48460/1/47120/372739/47158/184884/47157/47224/47223/49973/207790/51577/51581,jpeg
http://inaturalist-open-data.s3.amazonaws.com/photos/137791286/large.jpg,Graphium agamemnon agamemnon,48460/1/47120/372739/47158/184884/47157/47224/47223/49973/207790/51577/51581,jpg
http://inaturalist-open-data.s3.amazonaws.com/photos/137791322/large.jpg,Graphium agamemnon agamemnon,48460/1/47120/372739/47158/184884/47157/47224/47223/49973/207790/51577/51581,jpg
http://inaturalist-open-data.s3.amazonaws.com/photos/138921431/large.jpeg,Graphium agamemnon agamemnon,48460/1/47120/372739/47158/184884/47157/47224/47223/49973/207790/51577/51581,jpeg
http://inaturalist-open-data.s3.amazonaws.com/photos/141418164/large.jpeg,Graphium agamemnon agamemnon,48460/1/47120/372739/47158/184884/47157/47224/47223/49973/207790/51577/51581,jpeg
http://inaturalist-open-data.s3.amazonaws.com/photos/141418186/large.jpeg,Graphium agamemnon agamemnon,48460/1/47120/372739/47158/184884/47157/47224/47223/49973/207790/51577/51581,jpeg
http://inaturalist-open-data.s3.amazonaws.com/photos/142859199/large.jpeg,Graphium agamemnon agamemnon,48460/1/47120/372739/47158/184884/47157/47224/47223/49973/207790/51577/51581,jpeg
http://inaturalist-open-data.s3.amazonaws.com/photos/143565575/large.jpeg,Graphium agamemnon agamemnon,48460/1/47120/372739/47158/184884/47157/47224/47223/49973/207790/51577/51581,jpeg
http://inaturalist-open-data.s3.amazonaws.com/photos/149625417/large.jpg,Graphium agamemnon agamemnon,48460/1/47120/372739/47158/184884/47157/47224/47223/49973/207790/51577/51581,jpg
http://inaturalist-open-data.s3.amazonaws.com/photos/149625447/large.jpg,Graphium agamemnon agamemnon,48460/1/47120/372739/47158/184884/47157/47224/47223/49973/207790/51577/51581,jpg
http://inaturalist-open-data.s3.amazonaws.com/photos/163236250/large.jpeg,Graphium agamemnon agamemnon,48460/1/47120/372739/47158/184884/47157/47224/47223/49973/207790/51577/51581,jpeg
http://inaturalist-open-data.s3.amazonaws.com/photos/163236262/large.jpeg,Graphium agamemnon agamemnon,48460/1/47120/372739/47158/184884/47157/47224/47223/49973/207790/51577/51581,jpeg
http://inaturalist-open-data.s3.amazonaws.com/photos/163236268/large.jpeg,Graphium agamemnon agamemnon,48460/1/47120/372739/47158/184884/47157/47224/47223/49973/207790/51577/51581,jpeg
http://inaturalist-open-data.s3.amazonaws.com/photos/163974677/large.jpg,Graphium agamemnon agamemnon,48460/1/47120/372739/47158/184884/47157/47224/47223/49973/207790/51577/51581,jpg
http://inaturalist-open-data.s3.amazonaws.com/photos/165332298/large.jpg,Graphium agamemnon agamemnon,48460/1/47120/372739/47158/184884/47157/47224/47223/49973/207790/51577/51581,jpg
http://inaturalist-open-data.s3.amazonaws.com/photos/165332309/large.jpg,Graphium agamemnon agamemnon,48460/1/47120/372739/47158/184884/47157/47224/47223/49973/207790/51577/51581,jpg
http://inaturalist-open-data.s3.amazonaws.com/photos/165332330/large.jpg,Graphium agamemnon agamemnon,48460/1/47120/372739/47158/184884/47157/47224/47223/49973/207790/51577/51581,jpg
http://inaturalist-open-data.s3.amazonaws.com/photos/165332283/large.jpg,Graphium agamemnon agamemnon,48460/1/47120/372739/47158/184884/47157/47224/47223/49973/207790/51577/51581,jpg
http://inaturalist-open-data.s3.amazonaws.com/photos/168571116/large.jpg,Graphium agamemnon agamemnon,48460/1/47120/372739/47158/184884/47157/47224/47223/49973/207790/51577/51581,jpg
http://inaturalist-open-data.s3.amazonaws.com/photos/168571128/large.jpg,Graphium agamemnon agamemnon,48460/1/47120/372739/47158/184884/47157/47224/47223/49973/207790/51577/51581,jpg
http://inaturalist-open-data.s3.amazonaws.com/photos/168571140/large.jpg,Graphium agamemnon agamemnon,48460/1/47120/372739/47158/184884/47157/47224/47223/49973/207790/51577/51581,jpg
http://inaturalist-open-data.s3.amazonaws.com/photos/168571196/large.jpg,Graphium agamemnon agamemnon,48460/1/47120/372739/47158/184884/47157/47224/47223/49973/207790/51577/51581,jpg
