photo_url_large,taxon_name,ancestry,extension
http://inaturalist-open-data.s3.amazonaws.com/photos/83880854/large.jpeg,Graphocephala coccinea coccinea,48460/1/47120/372739/47158/184884/47744/125816/372849/49025/53237/244341/153379/56924/920187/56925,jpeg
http://inaturalist-open-data.s3.amazonaws.com/photos/83946787/large.jpeg,Graphocephala coccinea coccinea,48460/1/47120/372739/47158/184884/47744/125816/372849/49025/53237/244341/153379/56924/920187/56925,jpeg
http://inaturalist-open-data.s3.amazonaws.com/photos/95066002/large.jpg,Graphocephala coccinea coccinea,48460/1/47120/372739/47158/184884/47744/125816/372849/49025/53237/244341/153379/56924/920187/56925,jpg
http://inaturalist-open-data.s3.amazonaws.com/photos/99400695/large.jpeg,Graphocephala coccinea coccinea,48460/1/47120/372739/47158/184884/47744/125816/372849/49025/53237/244341/153379/56924/920187/56925,jpeg
http://inaturalist-open-data.s3.amazonaws.com/photos/99400706/large.jpeg,Graphocephala coccinea coccinea,48460/1/47120/372739/47158/184884/47744/125816/372849/49025/53237/244341/153379/56924/920187/56925,jpeg
http://inaturalist-open-data.s3.amazonaws.com/photos/99853668/large.jpeg,Graphocephala coccinea coccinea,48460/1/47120/372739/47158/184884/47744/125816/372849/49025/53237/244341/153379/56924/920187/56925,jpeg
http://inaturalist-open-data.s3.amazonaws.com/photos/99853651/large.jpeg,Graphocephala coccinea coccinea,48460/1/47120/372739/47158/184884/47744/125816/372849/49025/53237/244341/153379/56924/920187/56925,jpeg
http://inaturalist-open-data.s3.amazonaws.com/photos/102437646/large.jpeg,Graphocephala coccinea coccinea,48460/1/47120/372739/47158/184884/47744/125816/372849/49025/53237/244341/153379/56924/920187/56925,jpeg
http://inaturalist-open-data.s3.amazonaws.com/photos/102437657/large.jpeg,Graphocephala coccinea coccinea,48460/1/47120/372739/47158/184884/47744/125816/372849/49025/53237/244341/153379/56924/920187/56925,jpeg
