photo_url_large,taxon_name,ancestry,extension
http://inaturalist-open-data.s3.amazonaws.com/photos/1062487/large.jpg,Graphium sarpedon connectens,48460/1/47120/372739/47158/184884/47157/47224/47223/49973/207790/51577/125936,jpg
http://inaturalist-open-data.s3.amazonaws.com/photos/1062667/large.jpg,Graphium sarpedon connectens,48460/1/47120/372739/47158/184884/47157/47224/47223/49973/207790/51577/125936,jpg
http://inaturalist-open-data.s3.amazonaws.com/photos/1062668/large.jpg,Graphium sarpedon connectens,48460/1/47120/372739/47158/184884/47157/47224/47223/49973/207790/51577/125936,jpg
http://inaturalist-open-data.s3.amazonaws.com/photos/2607819/large.JPG,Graphium sarpedon connectens,48460/1/47120/372739/47158/184884/47157/47224/47223/49973/207790/51577/125936,JPG
http://inaturalist-open-data.s3.amazonaws.com/photos/18923330/large.jpg,Graphium sarpedon connectens,48460/1/47120/372739/47158/184884/47157/47224/47223/49973/207790/51577/125936,jpg
http://inaturalist-open-data.s3.amazonaws.com/photos/19909766/large.jpeg,Graphium sarpedon connectens,48460/1/47120/372739/47158/184884/47157/47224/47223/49973/207790/51577/125936,jpeg
http://inaturalist-open-data.s3.amazonaws.com/photos/20816942/large.jpeg,Graphium sarpedon connectens,48460/1/47120/372739/47158/184884/47157/47224/47223/49973/207790/51577/125936,jpeg
http://inaturalist-open-data.s3.amazonaws.com/photos/20816950/large.jpeg,Graphium sarpedon connectens,48460/1/47120/372739/47158/184884/47157/47224/47223/49973/207790/51577/125936,jpeg
http://inaturalist-open-data.s3.amazonaws.com/photos/22283122/large.jpeg,Graphium sarpedon connectens,48460/1/47120/372739/47158/184884/47157/47224/47223/49973/207790/51577/125936,jpeg
http://inaturalist-open-data.s3.amazonaws.com/photos/22823510/large.jpeg,Graphium sarpedon connectens,48460/1/47120/372739/47158/184884/47157/47224/47223/49973/207790/51577/125936,jpeg
http://inaturalist-open-data.s3.amazonaws.com/photos/25648297/large.jpg,Graphium sarpedon connectens,48460/1/47120/372739/47158/184884/47157/47224/47223/49973/207790/51577/125936,jpg
http://inaturalist-open-data.s3.amazonaws.com/photos/25649002/large.jpg,Graphium sarpedon connectens,48460/1/47120/372739/47158/184884/47157/47224/47223/49973/207790/51577/125936,jpg
http://inaturalist-open-data.s3.amazonaws.com/photos/26387714/large.jpeg,Graphium sarpedon connectens,48460/1/47120/372739/47158/184884/47157/47224/47223/49973/207790/51577/125936,jpeg
http://inaturalist-open-data.s3.amazonaws.com/photos/26437410/large.jpeg,Graphium sarpedon connectens,48460/1/47120/372739/47158/184884/47157/47224/47223/49973/207790/51577/125936,jpeg
http://inaturalist-open-data.s3.amazonaws.com/photos/26491818/large.jpeg,Graphium sarpedon connectens,48460/1/47120/372739/47158/184884/47157/47224/47223/49973/207790/51577/125936,jpeg
http://inaturalist-open-data.s3.amazonaws.com/photos/26733265/large.jpeg,Graphium sarpedon connectens,48460/1/47120/372739/47158/184884/47157/47224/47223/49973/207790/51577/125936,jpeg
http://inaturalist-open-data.s3.amazonaws.com/photos/26506800/large.jpeg,Graphium sarpedon connectens,48460/1/47120/372739/47158/184884/47157/47224/47223/49973/207790/51577/125936,jpeg
http://inaturalist-open-data.s3.amazonaws.com/photos/30260779/large.jpg,Graphium sarpedon connectens,48460/1/47120/372739/47158/184884/47157/47224/47223/49973/207790/51577/125936,jpg
http://inaturalist-open-data.s3.amazonaws.com/photos/30260800/large.jpg,Graphium sarpedon connectens,48460/1/47120/372739/47158/184884/47157/47224/47223/49973/207790/51577/125936,jpg
http://inaturalist-open-data.s3.amazonaws.com/photos/30273360/large.jpg,Graphium sarpedon connectens,48460/1/47120/372739/47158/184884/47157/47224/47223/49973/207790/51577/125936,jpg
http://inaturalist-open-data.s3.amazonaws.com/photos/31036683/large.jpg,Graphium sarpedon connectens,48460/1/47120/372739/47158/184884/47157/47224/47223/49973/207790/51577/125936,jpg
http://inaturalist-open-data.s3.amazonaws.com/photos/31036678/large.jpg,Graphium sarpedon connectens,48460/1/47120/372739/47158/184884/47157/47224/47223/49973/207790/51577/125936,jpg
http://inaturalist-open-data.s3.amazonaws.com/photos/31175812/large.jpeg,Graphium sarpedon connectens,48460/1/47120/372739/47158/184884/47157/47224/47223/49973/207790/51577/125936,jpeg
http://inaturalist-open-data.s3.amazonaws.com/photos/31175817/large.jpeg,Graphium sarpedon connectens,48460/1/47120/372739/47158/184884/47157/47224/47223/49973/207790/51577/125936,jpeg
http://inaturalist-open-data.s3.amazonaws.com/photos/31175821/large.jpeg,Graphium sarpedon connectens,48460/1/47120/372739/47158/184884/47157/47224/47223/49973/207790/51577/125936,jpeg
http://inaturalist-open-data.s3.amazonaws.com/photos/31205168/large.jpeg,Graphium sarpedon connectens,48460/1/47120/372739/47158/184884/47157/47224/47223/49973/207790/51577/125936,jpeg
http://inaturalist-open-data.s3.amazonaws.com/photos/31205174/large.jpeg,Graphium sarpedon connectens,48460/1/47120/372739/47158/184884/47157/47224/47223/49973/207790/51577/125936,jpeg
http://inaturalist-open-data.s3.amazonaws.com/photos/31523218/large.jpeg,Graphium sarpedon connectens,48460/1/47120/372739/47158/184884/47157/47224/47223/49973/207790/51577/125936,jpeg
http://inaturalist-open-data.s3.amazonaws.com/photos/31622998/large.jpeg,Graphium sarpedon connectens,48460/1/47120/372739/47158/184884/47157/47224/47223/49973/207790/51577/125936,jpeg
http://inaturalist-open-data.s3.amazonaws.com/photos/31647989/large.jpg,Graphium sarpedon connectens,48460/1/47120/372739/47158/184884/47157/47224/47223/49973/207790/51577/125936,jpg
http://inaturalist-open-data.s3.amazonaws.com/photos/31648254/large.jpeg,Graphium sarpedon connectens,48460/1/47120/372739/47158/184884/47157/47224/47223/49973/207790/51577/125936,jpeg
http://inaturalist-open-data.s3.amazonaws.com/photos/32076945/large.jpeg,Graphium sarpedon connectens,48460/1/47120/372739/47158/184884/47157/47224/47223/49973/207790/51577/125936,jpeg
http://inaturalist-open-data.s3.amazonaws.com/photos/32077054/large.jpeg,Graphium sarpedon connectens,48460/1/47120/372739/47158/184884/47157/47224/47223/49973/207790/51577/125936,jpeg
http://inaturalist-open-data.s3.amazonaws.com/photos/32077104/large.jpeg,Graphium sarpedon connectens,48460/1/47120/372739/47158/184884/47157/47224/47223/49973/207790/51577/125936,jpeg
http://inaturalist-open-data.s3.amazonaws.com/photos/32077176/large.jpeg,Graphium sarpedon connectens,48460/1/47120/372739/47158/184884/47157/47224/47223/49973/207790/51577/125936,jpeg
http://inaturalist-open-data.s3.amazonaws.com/photos/32112632/large.jpeg,Graphium sarpedon connectens,48460/1/47120/372739/47158/184884/47157/47224/47223/49973/207790/51577/125936,jpeg
http://inaturalist-open-data.s3.amazonaws.com/photos/32112627/large.jpeg,Graphium sarpedon connectens,48460/1/47120/372739/47158/184884/47157/47224/47223/49973/207790/51577/125936,jpeg
http://inaturalist-open-data.s3.amazonaws.com/photos/32112630/large.jpeg,Graphium sarpedon connectens,48460/1/47120/372739/47158/184884/47157/47224/47223/49973/207790/51577/125936,jpeg
http://inaturalist-open-data.s3.amazonaws.com/photos/32112628/large.jpeg,Graphium sarpedon connectens,48460/1/47120/372739/47158/184884/47157/47224/47223/49973/207790/51577/125936,jpeg
http://inaturalist-open-data.s3.amazonaws.com/photos/32112626/large.jpeg,Graphium sarpedon connectens,48460/1/47120/372739/47158/184884/47157/47224/47223/49973/207790/51577/125936,jpeg
http://inaturalist-open-data.s3.amazonaws.com/photos/32380154/large.jpeg,Graphium sarpedon connectens,48460/1/47120/372739/47158/184884/47157/47224/47223/49973/207790/51577/125936,jpeg
http://inaturalist-open-data.s3.amazonaws.com/photos/32407598/large.jpeg,Graphium sarpedon connectens,48460/1/47120/372739/47158/184884/47157/47224/47223/49973/207790/51577/125936,jpeg
http://inaturalist-open-data.s3.amazonaws.com/photos/32842629/large.jpg,Graphium sarpedon connectens,48460/1/47120/372739/47158/184884/47157/47224/47223/49973/207790/51577/125936,jpg
http://inaturalist-open-data.s3.amazonaws.com/photos/32865372/large.jpeg,Graphium sarpedon connectens,48460/1/47120/372739/47158/184884/47157/47224/47223/49973/207790/51577/125936,jpeg
http://inaturalist-open-data.s3.amazonaws.com/photos/32974903/large.jpg,Graphium sarpedon connectens,48460/1/47120/372739/47158/184884/47157/47224/47223/49973/207790/51577/125936,jpg
http://inaturalist-open-data.s3.amazonaws.com/photos/32974922/large.jpg,Graphium sarpedon connectens,48460/1/47120/372739/47158/184884/47157/47224/47223/49973/207790/51577/125936,jpg
http://inaturalist-open-data.s3.amazonaws.com/photos/33234466/large.jpeg,Graphium sarpedon connectens,48460/1/47120/372739/47158/184884/47157/47224/47223/49973/207790/51577/125936,jpeg
http://inaturalist-open-data.s3.amazonaws.com/photos/33234467/large.jpeg,Graphium sarpedon connectens,48460/1/47120/372739/47158/184884/47157/47224/47223/49973/207790/51577/125936,jpeg
http://inaturalist-open-data.s3.amazonaws.com/photos/33283820/large.jpeg,Graphium sarpedon connectens,48460/1/47120/372739/47158/184884/47157/47224/47223/49973/207790/51577/125936,jpeg
http://inaturalist-open-data.s3.amazonaws.com/photos/33283831/large.jpeg,Graphium sarpedon connectens,48460/1/47120/372739/47158/184884/47157/47224/47223/49973/207790/51577/125936,jpeg
http://inaturalist-open-data.s3.amazonaws.com/photos/33653143/large.jpeg,Graphium sarpedon connectens,48460/1/47120/372739/47158/184884/47157/47224/47223/49973/207790/51577/125936,jpeg
http://inaturalist-open-data.s3.amazonaws.com/photos/33797982/large.jpeg,Graphium sarpedon connectens,48460/1/47120/372739/47158/184884/47157/47224/47223/49973/207790/51577/125936,jpeg
http://inaturalist-open-data.s3.amazonaws.com/photos/34875389/large.jpg,Graphium sarpedon connectens,48460/1/47120/372739/47158/184884/47157/47224/47223/49973/207790/51577/125936,jpg
http://inaturalist-open-data.s3.amazonaws.com/photos/38021145/large.jpeg,Graphium sarpedon connectens,48460/1/47120/372739/47158/184884/47157/47224/47223/49973/207790/51577/125936,jpeg
http://inaturalist-open-data.s3.amazonaws.com/photos/38332005/large.jpg,Graphium sarpedon connectens,48460/1/47120/372739/47158/184884/47157/47224/47223/49973/207790/51577/125936,jpg
http://inaturalist-open-data.s3.amazonaws.com/photos/39858763/large.jpg,Graphium sarpedon connectens,48460/1/47120/372739/47158/184884/47157/47224/47223/49973/207790/51577/125936,jpg
http://inaturalist-open-data.s3.amazonaws.com/photos/40947265/large.jpeg,Graphium sarpedon connectens,48460/1/47120/372739/47158/184884/47157/47224/47223/49973/207790/51577/125936,jpeg
http://inaturalist-open-data.s3.amazonaws.com/photos/40947260/large.jpeg,Graphium sarpedon connectens,48460/1/47120/372739/47158/184884/47157/47224/47223/49973/207790/51577/125936,jpeg
http://inaturalist-open-data.s3.amazonaws.com/photos/40947445/large.jpg,Graphium sarpedon connectens,48460/1/47120/372739/47158/184884/47157/47224/47223/49973/207790/51577/125936,jpg
http://inaturalist-open-data.s3.amazonaws.com/photos/40947450/large.jpg,Graphium sarpedon connectens,48460/1/47120/372739/47158/184884/47157/47224/47223/49973/207790/51577/125936,jpg
http://inaturalist-open-data.s3.amazonaws.com/photos/41845346/large.jpg,Graphium sarpedon connectens,48460/1/47120/372739/47158/184884/47157/47224/47223/49973/207790/51577/125936,jpg
http://inaturalist-open-data.s3.amazonaws.com/photos/41845520/large.jpg,Graphium sarpedon connectens,48460/1/47120/372739/47158/184884/47157/47224/47223/49973/207790/51577/125936,jpg
http://inaturalist-open-data.s3.amazonaws.com/photos/42579331/large.jpg,Graphium sarpedon connectens,48460/1/47120/372739/47158/184884/47157/47224/47223/49973/207790/51577/125936,jpg
http://inaturalist-open-data.s3.amazonaws.com/photos/42579323/large.jpg,Graphium sarpedon connectens,48460/1/47120/372739/47158/184884/47157/47224/47223/49973/207790/51577/125936,jpg
http://inaturalist-open-data.s3.amazonaws.com/photos/42579338/large.jpg,Graphium sarpedon connectens,48460/1/47120/372739/47158/184884/47157/47224/47223/49973/207790/51577/125936,jpg
http://inaturalist-open-data.s3.amazonaws.com/photos/42890224/large.jpeg,Graphium sarpedon connectens,48460/1/47120/372739/47158/184884/47157/47224/47223/49973/207790/51577/125936,jpeg
http://inaturalist-open-data.s3.amazonaws.com/photos/42890221/large.jpeg,Graphium sarpedon connectens,48460/1/47120/372739/47158/184884/47157/47224/47223/49973/207790/51577/125936,jpeg
http://inaturalist-open-data.s3.amazonaws.com/photos/42890217/large.jpeg,Graphium sarpedon connectens,48460/1/47120/372739/47158/184884/47157/47224/47223/49973/207790/51577/125936,jpeg
http://inaturalist-open-data.s3.amazonaws.com/photos/43517511/large.jpeg,Graphium sarpedon connectens,48460/1/47120/372739/47158/184884/47157/47224/47223/49973/207790/51577/125936,jpeg
http://inaturalist-open-data.s3.amazonaws.com/photos/43517459/large.jpeg,Graphium sarpedon connectens,48460/1/47120/372739/47158/184884/47157/47224/47223/49973/207790/51577/125936,jpeg
http://inaturalist-open-data.s3.amazonaws.com/photos/44295061/large.jpg,Graphium sarpedon connectens,48460/1/47120/372739/47158/184884/47157/47224/47223/49973/207790/51577/125936,jpg
http://inaturalist-open-data.s3.amazonaws.com/photos/44494318/large.jpeg,Graphium sarpedon connectens,48460/1/47120/372739/47158/184884/47157/47224/47223/49973/207790/51577/125936,jpeg
http://inaturalist-open-data.s3.amazonaws.com/photos/44494322/large.jpeg,Graphium sarpedon connectens,48460/1/47120/372739/47158/184884/47157/47224/47223/49973/207790/51577/125936,jpeg
http://inaturalist-open-data.s3.amazonaws.com/photos/44494327/large.jpeg,Graphium sarpedon connectens,48460/1/47120/372739/47158/184884/47157/47224/47223/49973/207790/51577/125936,jpeg
http://inaturalist-open-data.s3.amazonaws.com/photos/44494334/large.jpeg,Graphium sarpedon connectens,48460/1/47120/372739/47158/184884/47157/47224/47223/49973/207790/51577/125936,jpeg
http://inaturalist-open-data.s3.amazonaws.com/photos/44595282/large.jpeg,Graphium sarpedon connectens,48460/1/47120/372739/47158/184884/47157/47224/47223/49973/207790/51577/125936,jpeg
http://inaturalist-open-data.s3.amazonaws.com/photos/44610525/large.jpg,Graphium sarpedon connectens,48460/1/47120/372739/47158/184884/47157/47224/47223/49973/207790/51577/125936,jpg
http://inaturalist-open-data.s3.amazonaws.com/photos/44806966/large.jpeg,Graphium sarpedon connectens,48460/1/47120/372739/47158/184884/47157/47224/47223/49973/207790/51577/125936,jpeg
http://inaturalist-open-data.s3.amazonaws.com/photos/44806953/large.jpeg,Graphium sarpedon connectens,48460/1/47120/372739/47158/184884/47157/47224/47223/49973/207790/51577/125936,jpeg
http://inaturalist-open-data.s3.amazonaws.com/photos/45599195/large.jpeg,Graphium sarpedon connectens,48460/1/47120/372739/47158/184884/47157/47224/47223/49973/207790/51577/125936,jpeg
http://inaturalist-open-data.s3.amazonaws.com/photos/46138479/large.jpeg,Graphium sarpedon connectens,48460/1/47120/372739/47158/184884/47157/47224/47223/49973/207790/51577/125936,jpeg
http://inaturalist-open-data.s3.amazonaws.com/photos/46611947/large.jpeg,Graphium sarpedon connectens,48460/1/47120/372739/47158/184884/47157/47224/47223/49973/207790/51577/125936,jpeg
http://inaturalist-open-data.s3.amazonaws.com/photos/46815546/large.jpg,Graphium sarpedon connectens,48460/1/47120/372739/47158/184884/47157/47224/47223/49973/207790/51577/125936,jpg
http://inaturalist-open-data.s3.amazonaws.com/photos/47125144/large.jpeg,Graphium sarpedon connectens,48460/1/47120/372739/47158/184884/47157/47224/47223/49973/207790/51577/125936,jpeg
http://inaturalist-open-data.s3.amazonaws.com/photos/47730624/large.jpeg,Graphium sarpedon connectens,48460/1/47120/372739/47158/184884/47157/47224/47223/49973/207790/51577/125936,jpeg
http://inaturalist-open-data.s3.amazonaws.com/photos/47730586/large.jpeg,Graphium sarpedon connectens,48460/1/47120/372739/47158/184884/47157/47224/47223/49973/207790/51577/125936,jpeg
http://inaturalist-open-data.s3.amazonaws.com/photos/48138074/large.jpeg,Graphium sarpedon connectens,48460/1/47120/372739/47158/184884/47157/47224/47223/49973/207790/51577/125936,jpeg
http://inaturalist-open-data.s3.amazonaws.com/photos/48865197/large.jpeg,Graphium sarpedon connectens,48460/1/47120/372739/47158/184884/47157/47224/47223/49973/207790/51577/125936,jpeg
http://inaturalist-open-data.s3.amazonaws.com/photos/48865218/large.jpeg,Graphium sarpedon connectens,48460/1/47120/372739/47158/184884/47157/47224/47223/49973/207790/51577/125936,jpeg
http://inaturalist-open-data.s3.amazonaws.com/photos/49043607/large.jpeg,Graphium sarpedon connectens,48460/1/47120/372739/47158/184884/47157/47224/47223/49973/207790/51577/125936,jpeg
http://inaturalist-open-data.s3.amazonaws.com/photos/49463775/large.jpg,Graphium sarpedon connectens,48460/1/47120/372739/47158/184884/47157/47224/47223/49973/207790/51577/125936,jpg
http://inaturalist-open-data.s3.amazonaws.com/photos/49812035/large.jpg,Graphium sarpedon connectens,48460/1/47120/372739/47158/184884/47157/47224/47223/49973/207790/51577/125936,jpg
http://inaturalist-open-data.s3.amazonaws.com/photos/50713541/large.jpeg,Graphium sarpedon connectens,48460/1/47120/372739/47158/184884/47157/47224/47223/49973/207790/51577/125936,jpeg
http://inaturalist-open-data.s3.amazonaws.com/photos/50713513/large.jpeg,Graphium sarpedon connectens,48460/1/47120/372739/47158/184884/47157/47224/47223/49973/207790/51577/125936,jpeg
http://inaturalist-open-data.s3.amazonaws.com/photos/51683157/large.jpeg,Graphium sarpedon connectens,48460/1/47120/372739/47158/184884/47157/47224/47223/49973/207790/51577/125936,jpeg
http://inaturalist-open-data.s3.amazonaws.com/photos/51683165/large.jpeg,Graphium sarpedon connectens,48460/1/47120/372739/47158/184884/47157/47224/47223/49973/207790/51577/125936,jpeg
http://inaturalist-open-data.s3.amazonaws.com/photos/51683172/large.jpeg,Graphium sarpedon connectens,48460/1/47120/372739/47158/184884/47157/47224/47223/49973/207790/51577/125936,jpeg
http://inaturalist-open-data.s3.amazonaws.com/photos/53718409/large.jpeg,Graphium sarpedon connectens,48460/1/47120/372739/47158/184884/47157/47224/47223/49973/207790/51577/125936,jpeg
http://inaturalist-open-data.s3.amazonaws.com/photos/53952228/large.jpeg,Graphium sarpedon connectens,48460/1/47120/372739/47158/184884/47157/47224/47223/49973/207790/51577/125936,jpeg
http://inaturalist-open-data.s3.amazonaws.com/photos/54519532/large.jpeg,Graphium sarpedon connectens,48460/1/47120/372739/47158/184884/47157/47224/47223/49973/207790/51577/125936,jpeg
http://inaturalist-open-data.s3.amazonaws.com/photos/54519544/large.jpeg,Graphium sarpedon connectens,48460/1/47120/372739/47158/184884/47157/47224/47223/49973/207790/51577/125936,jpeg
http://inaturalist-open-data.s3.amazonaws.com/photos/54750148/large.jpeg,Graphium sarpedon connectens,48460/1/47120/372739/47158/184884/47157/47224/47223/49973/207790/51577/125936,jpeg
http://inaturalist-open-data.s3.amazonaws.com/photos/54692176/large.jpeg,Graphium sarpedon connectens,48460/1/47120/372739/47158/184884/47157/47224/47223/49973/207790/51577/125936,jpeg
http://inaturalist-open-data.s3.amazonaws.com/photos/54692194/large.jpeg,Graphium sarpedon connectens,48460/1/47120/372739/47158/184884/47157/47224/47223/49973/207790/51577/125936,jpeg
http://inaturalist-open-data.s3.amazonaws.com/photos/56329567/large.jpg,Graphium sarpedon connectens,48460/1/47120/372739/47158/184884/47157/47224/47223/49973/207790/51577/125936,jpg
http://inaturalist-open-data.s3.amazonaws.com/photos/56328949/large.jpg,Graphium sarpedon connectens,48460/1/47120/372739/47158/184884/47157/47224/47223/49973/207790/51577/125936,jpg
http://inaturalist-open-data.s3.amazonaws.com/photos/56329553/large.jpg,Graphium sarpedon connectens,48460/1/47120/372739/47158/184884/47157/47224/47223/49973/207790/51577/125936,jpg
http://inaturalist-open-data.s3.amazonaws.com/photos/57075979/large.jpg,Graphium sarpedon connectens,48460/1/47120/372739/47158/184884/47157/47224/47223/49973/207790/51577/125936,jpg
http://inaturalist-open-data.s3.amazonaws.com/photos/62159868/large.jpg,Graphium sarpedon connectens,48460/1/47120/372739/47158/184884/47157/47224/47223/49973/207790/51577/125936,jpg
http://inaturalist-open-data.s3.amazonaws.com/photos/62515508/large.jpeg,Graphium sarpedon connectens,48460/1/47120/372739/47158/184884/47157/47224/47223/49973/207790/51577/125936,jpeg
http://inaturalist-open-data.s3.amazonaws.com/photos/62515482/large.jpeg,Graphium sarpedon connectens,48460/1/47120/372739/47158/184884/47157/47224/47223/49973/207790/51577/125936,jpeg
http://inaturalist-open-data.s3.amazonaws.com/photos/62515496/large.jpeg,Graphium sarpedon connectens,48460/1/47120/372739/47158/184884/47157/47224/47223/49973/207790/51577/125936,jpeg
http://inaturalist-open-data.s3.amazonaws.com/photos/62515473/large.jpeg,Graphium sarpedon connectens,48460/1/47120/372739/47158/184884/47157/47224/47223/49973/207790/51577/125936,jpeg
http://inaturalist-open-data.s3.amazonaws.com/photos/62515464/large.jpeg,Graphium sarpedon connectens,48460/1/47120/372739/47158/184884/47157/47224/47223/49973/207790/51577/125936,jpeg
http://inaturalist-open-data.s3.amazonaws.com/photos/62516360/large.jpeg,Graphium sarpedon connectens,48460/1/47120/372739/47158/184884/47157/47224/47223/49973/207790/51577/125936,jpeg
http://inaturalist-open-data.s3.amazonaws.com/photos/62516334/large.jpeg,Graphium sarpedon connectens,48460/1/47120/372739/47158/184884/47157/47224/47223/49973/207790/51577/125936,jpeg
http://inaturalist-open-data.s3.amazonaws.com/photos/62516348/large.jpeg,Graphium sarpedon connectens,48460/1/47120/372739/47158/184884/47157/47224/47223/49973/207790/51577/125936,jpeg
http://inaturalist-open-data.s3.amazonaws.com/photos/62516374/large.jpeg,Graphium sarpedon connectens,48460/1/47120/372739/47158/184884/47157/47224/47223/49973/207790/51577/125936,jpeg
http://inaturalist-open-data.s3.amazonaws.com/photos/62516370/large.jpeg,Graphium sarpedon connectens,48460/1/47120/372739/47158/184884/47157/47224/47223/49973/207790/51577/125936,jpeg
http://inaturalist-open-data.s3.amazonaws.com/photos/62516345/large.jpeg,Graphium sarpedon connectens,48460/1/47120/372739/47158/184884/47157/47224/47223/49973/207790/51577/125936,jpeg
http://inaturalist-open-data.s3.amazonaws.com/photos/65042393/large.jpeg,Graphium sarpedon connectens,48460/1/47120/372739/47158/184884/47157/47224/47223/49973/207790/51577/125936,jpeg
http://inaturalist-open-data.s3.amazonaws.com/photos/65492004/large.jpeg,Graphium sarpedon connectens,48460/1/47120/372739/47158/184884/47157/47224/47223/49973/207790/51577/125936,jpeg
http://inaturalist-open-data.s3.amazonaws.com/photos/65492024/large.jpeg,Graphium sarpedon connectens,48460/1/47120/372739/47158/184884/47157/47224/47223/49973/207790/51577/125936,jpeg
http://inaturalist-open-data.s3.amazonaws.com/photos/65492036/large.jpeg,Graphium sarpedon connectens,48460/1/47120/372739/47158/184884/47157/47224/47223/49973/207790/51577/125936,jpeg
http://inaturalist-open-data.s3.amazonaws.com/photos/65492054/large.jpeg,Graphium sarpedon connectens,48460/1/47120/372739/47158/184884/47157/47224/47223/49973/207790/51577/125936,jpeg
http://inaturalist-open-data.s3.amazonaws.com/photos/65492072/large.jpeg,Graphium sarpedon connectens,48460/1/47120/372739/47158/184884/47157/47224/47223/49973/207790/51577/125936,jpeg
http://inaturalist-open-data.s3.amazonaws.com/photos/69942447/large.jpeg,Graphium sarpedon connectens,48460/1/47120/372739/47158/184884/47157/47224/47223/49973/207790/51577/125936,jpeg
http://inaturalist-open-data.s3.amazonaws.com/photos/70312258/large.jpeg,Graphium sarpedon connectens,48460/1/47120/372739/47158/184884/47157/47224/47223/49973/207790/51577/125936,jpeg
http://inaturalist-open-data.s3.amazonaws.com/photos/70312273/large.jpeg,Graphium sarpedon connectens,48460/1/47120/372739/47158/184884/47157/47224/47223/49973/207790/51577/125936,jpeg
http://inaturalist-open-data.s3.amazonaws.com/photos/71091052/large.jpg,Graphium sarpedon connectens,48460/1/47120/372739/47158/184884/47157/47224/47223/49973/207790/51577/125936,jpg
http://inaturalist-open-data.s3.amazonaws.com/photos/71091006/large.jpg,Graphium sarpedon connectens,48460/1/47120/372739/47158/184884/47157/47224/47223/49973/207790/51577/125936,jpg
http://inaturalist-open-data.s3.amazonaws.com/photos/71090996/large.jpg,Graphium sarpedon connectens,48460/1/47120/372739/47158/184884/47157/47224/47223/49973/207790/51577/125936,jpg
http://inaturalist-open-data.s3.amazonaws.com/photos/71295728/large.jpeg,Graphium sarpedon connectens,48460/1/47120/372739/47158/184884/47157/47224/47223/49973/207790/51577/125936,jpeg
http://inaturalist-open-data.s3.amazonaws.com/photos/72877859/large.jpeg,Graphium sarpedon connectens,48460/1/47120/372739/47158/184884/47157/47224/47223/49973/207790/51577/125936,jpeg
http://inaturalist-open-data.s3.amazonaws.com/photos/72877842/large.jpeg,Graphium sarpedon connectens,48460/1/47120/372739/47158/184884/47157/47224/47223/49973/207790/51577/125936,jpeg
http://inaturalist-open-data.s3.amazonaws.com/photos/78735003/large.jpg,Graphium sarpedon connectens,48460/1/47120/372739/47158/184884/47157/47224/47223/49973/207790/51577/125936,jpg
http://inaturalist-open-data.s3.amazonaws.com/photos/78735027/large.jpg,Graphium sarpedon connectens,48460/1/47120/372739/47158/184884/47157/47224/47223/49973/207790/51577/125936,jpg
http://inaturalist-open-data.s3.amazonaws.com/photos/80752009/large.jpeg,Graphium sarpedon connectens,48460/1/47120/372739/47158/184884/47157/47224/47223/49973/207790/51577/125936,jpeg
http://inaturalist-open-data.s3.amazonaws.com/photos/80751689/large.jpeg,Graphium sarpedon connectens,48460/1/47120/372739/47158/184884/47157/47224/47223/49973/207790/51577/125936,jpeg
http://inaturalist-open-data.s3.amazonaws.com/photos/80751704/large.jpeg,Graphium sarpedon connectens,48460/1/47120/372739/47158/184884/47157/47224/47223/49973/207790/51577/125936,jpeg
http://inaturalist-open-data.s3.amazonaws.com/photos/80751719/large.jpeg,Graphium sarpedon connectens,48460/1/47120/372739/47158/184884/47157/47224/47223/49973/207790/51577/125936,jpeg
http://inaturalist-open-data.s3.amazonaws.com/photos/80751728/large.jpeg,Graphium sarpedon connectens,48460/1/47120/372739/47158/184884/47157/47224/47223/49973/207790/51577/125936,jpeg
http://inaturalist-open-data.s3.amazonaws.com/photos/80751739/large.jpeg,Graphium sarpedon connectens,48460/1/47120/372739/47158/184884/47157/47224/47223/49973/207790/51577/125936,jpeg
http://inaturalist-open-data.s3.amazonaws.com/photos/81122413/large.jpeg,Graphium sarpedon connectens,48460/1/47120/372739/47158/184884/47157/47224/47223/49973/207790/51577/125936,jpeg
http://inaturalist-open-data.s3.amazonaws.com/photos/81124524/large.jpeg,Graphium sarpedon connectens,48460/1/47120/372739/47158/184884/47157/47224/47223/49973/207790/51577/125936,jpeg
http://inaturalist-open-data.s3.amazonaws.com/photos/81137307/large.jpg,Graphium sarpedon connectens,48460/1/47120/372739/47158/184884/47157/47224/47223/49973/207790/51577/125936,jpg
http://inaturalist-open-data.s3.amazonaws.com/photos/81587498/large.jpeg,Graphium sarpedon connectens,48460/1/47120/372739/47158/184884/47157/47224/47223/49973/207790/51577/125936,jpeg
http://inaturalist-open-data.s3.amazonaws.com/photos/82291563/large.jpeg,Graphium sarpedon connectens,48460/1/47120/372739/47158/184884/47157/47224/47223/49973/207790/51577/125936,jpeg
http://inaturalist-open-data.s3.amazonaws.com/photos/85423380/large.jpeg,Graphium sarpedon connectens,48460/1/47120/372739/47158/184884/47157/47224/47223/49973/207790/51577/125936,jpeg
http://inaturalist-open-data.s3.amazonaws.com/photos/88272847/large.jpg,Graphium sarpedon connectens,48460/1/47120/372739/47158/184884/47157/47224/47223/49973/207790/51577/125936,jpg
http://inaturalist-open-data.s3.amazonaws.com/photos/88866050/large.jpeg,Graphium sarpedon connectens,48460/1/47120/372739/47158/184884/47157/47224/47223/49973/207790/51577/125936,jpeg
http://inaturalist-open-data.s3.amazonaws.com/photos/89684988/large.jpeg,Graphium sarpedon connectens,48460/1/47120/372739/47158/184884/47157/47224/47223/49973/207790/51577/125936,jpeg
http://inaturalist-open-data.s3.amazonaws.com/photos/89867720/large.jpg,Graphium sarpedon connectens,48460/1/47120/372739/47158/184884/47157/47224/47223/49973/207790/51577/125936,jpg
http://inaturalist-open-data.s3.amazonaws.com/photos/90076481/large.jpg,Graphium sarpedon connectens,48460/1/47120/372739/47158/184884/47157/47224/47223/49973/207790/51577/125936,jpg
http://inaturalist-open-data.s3.amazonaws.com/photos/90586742/large.jpeg,Graphium sarpedon connectens,48460/1/47120/372739/47158/184884/47157/47224/47223/49973/207790/51577/125936,jpeg
http://inaturalist-open-data.s3.amazonaws.com/photos/90750223/large.jpeg,Graphium sarpedon connectens,48460/1/47120/372739/47158/184884/47157/47224/47223/49973/207790/51577/125936,jpeg
http://inaturalist-open-data.s3.amazonaws.com/photos/91773592/large.jpg,Graphium sarpedon connectens,48460/1/47120/372739/47158/184884/47157/47224/47223/49973/207790/51577/125936,jpg
http://inaturalist-open-data.s3.amazonaws.com/photos/91929964/large.jpg,Graphium sarpedon connectens,48460/1/47120/372739/47158/184884/47157/47224/47223/49973/207790/51577/125936,jpg
http://inaturalist-open-data.s3.amazonaws.com/photos/93895677/large.jpeg,Graphium sarpedon connectens,48460/1/47120/372739/47158/184884/47157/47224/47223/49973/207790/51577/125936,jpeg
http://inaturalist-open-data.s3.amazonaws.com/photos/94580805/large.jpeg,Graphium sarpedon connectens,48460/1/47120/372739/47158/184884/47157/47224/47223/49973/207790/51577/125936,jpeg
http://inaturalist-open-data.s3.amazonaws.com/photos/94709006/large.jpeg,Graphium sarpedon connectens,48460/1/47120/372739/47158/184884/47157/47224/47223/49973/207790/51577/125936,jpeg
http://inaturalist-open-data.s3.amazonaws.com/photos/94709019/large.jpeg,Graphium sarpedon connectens,48460/1/47120/372739/47158/184884/47157/47224/47223/49973/207790/51577/125936,jpeg
http://inaturalist-open-data.s3.amazonaws.com/photos/95216863/large.jpeg,Graphium sarpedon connectens,48460/1/47120/372739/47158/184884/47157/47224/47223/49973/207790/51577/125936,jpeg
http://inaturalist-open-data.s3.amazonaws.com/photos/95216794/large.jpeg,Graphium sarpedon connectens,48460/1/47120/372739/47158/184884/47157/47224/47223/49973/207790/51577/125936,jpeg
http://inaturalist-open-data.s3.amazonaws.com/photos/97929791/large.jpeg,Graphium sarpedon connectens,48460/1/47120/372739/47158/184884/47157/47224/47223/49973/207790/51577/125936,jpeg
http://inaturalist-open-data.s3.amazonaws.com/photos/99742900/large.jpeg,Graphium sarpedon connectens,48460/1/47120/372739/47158/184884/47157/47224/47223/49973/207790/51577/125936,jpeg
http://inaturalist-open-data.s3.amazonaws.com/photos/102881396/large.jpeg,Graphium sarpedon connectens,48460/1/47120/372739/47158/184884/47157/47224/47223/49973/207790/51577/125936,jpeg
http://inaturalist-open-data.s3.amazonaws.com/photos/102881498/large.jpeg,Graphium sarpedon connectens,48460/1/47120/372739/47158/184884/47157/47224/47223/49973/207790/51577/125936,jpeg
http://inaturalist-open-data.s3.amazonaws.com/photos/103028657/large.jpeg,Graphium sarpedon connectens,48460/1/47120/372739/47158/184884/47157/47224/47223/49973/207790/51577/125936,jpeg
http://inaturalist-open-data.s3.amazonaws.com/photos/103226001/large.jpg,Graphium sarpedon connectens,48460/1/47120/372739/47158/184884/47157/47224/47223/49973/207790/51577/125936,jpg
http://inaturalist-open-data.s3.amazonaws.com/photos/103226057/large.jpg,Graphium sarpedon connectens,48460/1/47120/372739/47158/184884/47157/47224/47223/49973/207790/51577/125936,jpg
http://inaturalist-open-data.s3.amazonaws.com/photos/103611108/large.jpeg,Graphium sarpedon connectens,48460/1/47120/372739/47158/184884/47157/47224/47223/49973/207790/51577/125936,jpeg
http://inaturalist-open-data.s3.amazonaws.com/photos/103702068/large.jpeg,Graphium sarpedon connectens,48460/1/47120/372739/47158/184884/47157/47224/47223/49973/207790/51577/125936,jpeg
http://inaturalist-open-data.s3.amazonaws.com/photos/103702080/large.jpeg,Graphium sarpedon connectens,48460/1/47120/372739/47158/184884/47157/47224/47223/49973/207790/51577/125936,jpeg
http://inaturalist-open-data.s3.amazonaws.com/photos/103702106/large.jpeg,Graphium sarpedon connectens,48460/1/47120/372739/47158/184884/47157/47224/47223/49973/207790/51577/125936,jpeg
http://inaturalist-open-data.s3.amazonaws.com/photos/103702135/large.jpeg,Graphium sarpedon connectens,48460/1/47120/372739/47158/184884/47157/47224/47223/49973/207790/51577/125936,jpeg
http://inaturalist-open-data.s3.amazonaws.com/photos/103702176/large.jpeg,Graphium sarpedon connectens,48460/1/47120/372739/47158/184884/47157/47224/47223/49973/207790/51577/125936,jpeg
http://inaturalist-open-data.s3.amazonaws.com/photos/103702222/large.jpeg,Graphium sarpedon connectens,48460/1/47120/372739/47158/184884/47157/47224/47223/49973/207790/51577/125936,jpeg
http://inaturalist-open-data.s3.amazonaws.com/photos/103702234/large.jpeg,Graphium sarpedon connectens,48460/1/47120/372739/47158/184884/47157/47224/47223/49973/207790/51577/125936,jpeg
http://inaturalist-open-data.s3.amazonaws.com/photos/103736236/large.jpg,Graphium sarpedon connectens,48460/1/47120/372739/47158/184884/47157/47224/47223/49973/207790/51577/125936,jpg
http://inaturalist-open-data.s3.amazonaws.com/photos/103736247/large.jpg,Graphium sarpedon connectens,48460/1/47120/372739/47158/184884/47157/47224/47223/49973/207790/51577/125936,jpg
http://inaturalist-open-data.s3.amazonaws.com/photos/107574552/large.jpg,Graphium sarpedon connectens,48460/1/47120/372739/47158/184884/47157/47224/47223/49973/207790/51577/125936,jpg
http://inaturalist-open-data.s3.amazonaws.com/photos/111597639/large.jpg,Graphium sarpedon connectens,48460/1/47120/372739/47158/184884/47157/47224/47223/49973/207790/51577/125936,jpg
http://inaturalist-open-data.s3.amazonaws.com/photos/111597642/large.jpg,Graphium sarpedon connectens,48460/1/47120/372739/47158/184884/47157/47224/47223/49973/207790/51577/125936,jpg
http://inaturalist-open-data.s3.amazonaws.com/photos/112975039/large.jpg,Graphium sarpedon connectens,48460/1/47120/372739/47158/184884/47157/47224/47223/49973/207790/51577/125936,jpg
http://inaturalist-open-data.s3.amazonaws.com/photos/112976716/large.jpg,Graphium sarpedon connectens,48460/1/47120/372739/47158/184884/47157/47224/47223/49973/207790/51577/125936,jpg
http://inaturalist-open-data.s3.amazonaws.com/photos/112976721/large.jpg,Graphium sarpedon connectens,48460/1/47120/372739/47158/184884/47157/47224/47223/49973/207790/51577/125936,jpg
http://inaturalist-open-data.s3.amazonaws.com/photos/123139642/large.jpeg,Graphium sarpedon connectens,48460/1/47120/372739/47158/184884/47157/47224/47223/49973/207790/51577/125936,jpeg
http://inaturalist-open-data.s3.amazonaws.com/photos/124492511/large.jpeg,Graphium sarpedon connectens,48460/1/47120/372739/47158/184884/47157/47224/47223/49973/207790/51577/125936,jpeg
http://inaturalist-open-data.s3.amazonaws.com/photos/124492548/large.jpeg,Graphium sarpedon connectens,48460/1/47120/372739/47158/184884/47157/47224/47223/49973/207790/51577/125936,jpeg
http://inaturalist-open-data.s3.amazonaws.com/photos/125607770/large.jpg,Graphium sarpedon connectens,48460/1/47120/372739/47158/184884/47157/47224/47223/49973/207790/51577/125936,jpg
http://inaturalist-open-data.s3.amazonaws.com/photos/129995009/large.jpeg,Graphium sarpedon connectens,48460/1/47120/372739/47158/184884/47157/47224/47223/49973/207790/51577/125936,jpeg
http://inaturalist-open-data.s3.amazonaws.com/photos/129995023/large.jpeg,Graphium sarpedon connectens,48460/1/47120/372739/47158/184884/47157/47224/47223/49973/207790/51577/125936,jpeg
http://inaturalist-open-data.s3.amazonaws.com/photos/132739121/large.jpg,Graphium sarpedon connectens,48460/1/47120/372739/47158/184884/47157/47224/47223/49973/207790/51577/125936,jpg
http://inaturalist-open-data.s3.amazonaws.com/photos/132739149/large.jpg,Graphium sarpedon connectens,48460/1/47120/372739/47158/184884/47157/47224/47223/49973/207790/51577/125936,jpg
http://inaturalist-open-data.s3.amazonaws.com/photos/136273446/large.jpeg,Graphium sarpedon connectens,48460/1/47120/372739/47158/184884/47157/47224/47223/49973/207790/51577/125936,jpeg
http://inaturalist-open-data.s3.amazonaws.com/photos/140882177/large.jpg,Graphium sarpedon connectens,48460/1/47120/372739/47158/184884/47157/47224/47223/49973/207790/51577/125936,jpg
http://inaturalist-open-data.s3.amazonaws.com/photos/143793893/large.jpeg,Graphium sarpedon connectens,48460/1/47120/372739/47158/184884/47157/47224/47223/49973/207790/51577/125936,jpeg
http://inaturalist-open-data.s3.amazonaws.com/photos/144640756/large.jpg,Graphium sarpedon connectens,48460/1/47120/372739/47158/184884/47157/47224/47223/49973/207790/51577/125936,jpg
http://inaturalist-open-data.s3.amazonaws.com/photos/149587802/large.jpeg,Graphium sarpedon connectens,48460/1/47120/372739/47158/184884/47157/47224/47223/49973/207790/51577/125936,jpeg
http://inaturalist-open-data.s3.amazonaws.com/photos/149587816/large.jpeg,Graphium sarpedon connectens,48460/1/47120/372739/47158/184884/47157/47224/47223/49973/207790/51577/125936,jpeg
http://inaturalist-open-data.s3.amazonaws.com/photos/152381748/large.jpg,Graphium sarpedon connectens,48460/1/47120/372739/47158/184884/47157/47224/47223/49973/207790/51577/125936,jpg
http://inaturalist-open-data.s3.amazonaws.com/photos/152665242/large.jpeg,Graphium sarpedon connectens,48460/1/47120/372739/47158/184884/47157/47224/47223/49973/207790/51577/125936,jpeg
http://inaturalist-open-data.s3.amazonaws.com/photos/152665258/large.jpeg,Graphium sarpedon connectens,48460/1/47120/372739/47158/184884/47157/47224/47223/49973/207790/51577/125936,jpeg
http://inaturalist-open-data.s3.amazonaws.com/photos/152665277/large.jpeg,Graphium sarpedon connectens,48460/1/47120/372739/47158/184884/47157/47224/47223/49973/207790/51577/125936,jpeg
http://inaturalist-open-data.s3.amazonaws.com/photos/155596927/large.jpeg,Graphium sarpedon connectens,48460/1/47120/372739/47158/184884/47157/47224/47223/49973/207790/51577/125936,jpeg
http://inaturalist-open-data.s3.amazonaws.com/photos/155596998/large.jpeg,Graphium sarpedon connectens,48460/1/47120/372739/47158/184884/47157/47224/47223/49973/207790/51577/125936,jpeg
http://inaturalist-open-data.s3.amazonaws.com/photos/155597018/large.jpeg,Graphium sarpedon connectens,48460/1/47120/372739/47158/184884/47157/47224/47223/49973/207790/51577/125936,jpeg
http://inaturalist-open-data.s3.amazonaws.com/photos/155884993/large.jpeg,Graphium sarpedon connectens,48460/1/47120/372739/47158/184884/47157/47224/47223/49973/207790/51577/125936,jpeg
http://inaturalist-open-data.s3.amazonaws.com/photos/155885507/large.jpeg,Graphium sarpedon connectens,48460/1/47120/372739/47158/184884/47157/47224/47223/49973/207790/51577/125936,jpeg
http://inaturalist-open-data.s3.amazonaws.com/photos/156484655/large.jpeg,Graphium sarpedon connectens,48460/1/47120/372739/47158/184884/47157/47224/47223/49973/207790/51577/125936,jpeg
http://inaturalist-open-data.s3.amazonaws.com/photos/156485393/large.jpeg,Graphium sarpedon connectens,48460/1/47120/372739/47158/184884/47157/47224/47223/49973/207790/51577/125936,jpeg
http://inaturalist-open-data.s3.amazonaws.com/photos/156485781/large.jpeg,Graphium sarpedon connectens,48460/1/47120/372739/47158/184884/47157/47224/47223/49973/207790/51577/125936,jpeg
http://inaturalist-open-data.s3.amazonaws.com/photos/157074839/large.jpeg,Graphium sarpedon connectens,48460/1/47120/372739/47158/184884/47157/47224/47223/49973/207790/51577/125936,jpeg
http://inaturalist-open-data.s3.amazonaws.com/photos/162557719/large.jpeg,Graphium sarpedon connectens,48460/1/47120/372739/47158/184884/47157/47224/47223/49973/207790/51577/125936,jpeg
http://inaturalist-open-data.s3.amazonaws.com/photos/164566880/large.jpeg,Graphium sarpedon connectens,48460/1/47120/372739/47158/184884/47157/47224/47223/49973/207790/51577/125936,jpeg
http://inaturalist-open-data.s3.amazonaws.com/photos/165322015/large.jpg,Graphium sarpedon connectens,48460/1/47120/372739/47158/184884/47157/47224/47223/49973/207790/51577/125936,jpg
http://inaturalist-open-data.s3.amazonaws.com/photos/165332078/large.jpg,Graphium sarpedon connectens,48460/1/47120/372739/47158/184884/47157/47224/47223/49973/207790/51577/125936,jpg
http://inaturalist-open-data.s3.amazonaws.com/photos/165332099/large.jpg,Graphium sarpedon connectens,48460/1/47120/372739/47158/184884/47157/47224/47223/49973/207790/51577/125936,jpg
http://inaturalist-open-data.s3.amazonaws.com/photos/165332087/large.jpg,Graphium sarpedon connectens,48460/1/47120/372739/47158/184884/47157/47224/47223/49973/207790/51577/125936,jpg
http://inaturalist-open-data.s3.amazonaws.com/photos/166123723/large.jpeg,Graphium sarpedon connectens,48460/1/47120/372739/47158/184884/47157/47224/47223/49973/207790/51577/125936,jpeg
http://inaturalist-open-data.s3.amazonaws.com/photos/166123732/large.jpeg,Graphium sarpedon connectens,48460/1/47120/372739/47158/184884/47157/47224/47223/49973/207790/51577/125936,jpeg
http://inaturalist-open-data.s3.amazonaws.com/photos/166219321/large.jpeg,Graphium sarpedon connectens,48460/1/47120/372739/47158/184884/47157/47224/47223/49973/207790/51577/125936,jpeg
http://inaturalist-open-data.s3.amazonaws.com/photos/168807197/large.jpg,Graphium sarpedon connectens,48460/1/47120/372739/47158/184884/47157/47224/47223/49973/207790/51577/125936,jpg
http://inaturalist-open-data.s3.amazonaws.com/photos/173406377/large.jpg,Graphium sarpedon connectens,48460/1/47120/372739/47158/184884/47157/47224/47223/49973/207790/51577/125936,jpg
http://inaturalist-open-data.s3.amazonaws.com/photos/173406385/large.jpg,Graphium sarpedon connectens,48460/1/47120/372739/47158/184884/47157/47224/47223/49973/207790/51577/125936,jpg
http://inaturalist-open-data.s3.amazonaws.com/photos/173406394/large.jpg,Graphium sarpedon connectens,48460/1/47120/372739/47158/184884/47157/47224/47223/49973/207790/51577/125936,jpg
http://inaturalist-open-data.s3.amazonaws.com/photos/175695708/large.jpg,Graphium sarpedon connectens,48460/1/47120/372739/47158/184884/47157/47224/47223/49973/207790/51577/125936,jpg
