photo_url_large,taxon_name,ancestry,extension
http://inaturalist-open-data.s3.amazonaws.com/photos/25951151/large.jpg,Graphosoma lineatum lineatum,48460/1/47120/372739/47158/184884/47744/61267/372868/47743/47742/320840/528235/61969/61968,jpg
http://inaturalist-open-data.s3.amazonaws.com/photos/53561569/large.jpg,Graphosoma lineatum lineatum,48460/1/47120/372739/47158/184884/47744/61267/372868/47743/47742/320840/528235/61969/61968,jpg
http://inaturalist-open-data.s3.amazonaws.com/photos/61133230/large.jpg,Graphosoma lineatum lineatum,48460/1/47120/372739/47158/184884/47744/61267/372868/47743/47742/320840/528235/61969/61968,jpg
http://inaturalist-open-data.s3.amazonaws.com/photos/74341578/large.jpeg,Graphosoma lineatum lineatum,48460/1/47120/372739/47158/184884/47744/61267/372868/47743/47742/320840/528235/61969/61968,jpeg
http://inaturalist-open-data.s3.amazonaws.com/photos/74341656/large.jpeg,Graphosoma lineatum lineatum,48460/1/47120/372739/47158/184884/47744/61267/372868/47743/47742/320840/528235/61969/61968,jpeg
http://inaturalist-open-data.s3.amazonaws.com/photos/74341745/large.jpeg,Graphosoma lineatum lineatum,48460/1/47120/372739/47158/184884/47744/61267/372868/47743/47742/320840/528235/61969/61968,jpeg
http://inaturalist-open-data.s3.amazonaws.com/photos/74341847/large.jpeg,Graphosoma lineatum lineatum,48460/1/47120/372739/47158/184884/47744/61267/372868/47743/47742/320840/528235/61969/61968,jpeg
http://inaturalist-open-data.s3.amazonaws.com/photos/74341931/large.jpeg,Graphosoma lineatum lineatum,48460/1/47120/372739/47158/184884/47744/61267/372868/47743/47742/320840/528235/61969/61968,jpeg
http://inaturalist-open-data.s3.amazonaws.com/photos/85106725/large.png,Graphosoma lineatum lineatum,48460/1/47120/372739/47158/184884/47744/61267/372868/47743/47742/320840/528235/61969/61968,png
http://inaturalist-open-data.s3.amazonaws.com/photos/85106845/large.jpeg,Graphosoma lineatum lineatum,48460/1/47120/372739/47158/184884/47744/61267/372868/47743/47742/320840/528235/61969/61968,jpeg
http://inaturalist-open-data.s3.amazonaws.com/photos/138373527/large.jpeg,Graphosoma lineatum lineatum,48460/1/47120/372739/47158/184884/47744/61267/372868/47743/47742/320840/528235/61969/61968,jpeg
http://inaturalist-open-data.s3.amazonaws.com/photos/138373556/large.jpeg,Graphosoma lineatum lineatum,48460/1/47120/372739/47158/184884/47744/61267/372868/47743/47742/320840/528235/61969/61968,jpeg
http://inaturalist-open-data.s3.amazonaws.com/photos/138373584/large.jpeg,Graphosoma lineatum lineatum,48460/1/47120/372739/47158/184884/47744/61267/372868/47743/47742/320840/528235/61969/61968,jpeg
http://inaturalist-open-data.s3.amazonaws.com/photos/138373635/large.jpeg,Graphosoma lineatum lineatum,48460/1/47120/372739/47158/184884/47744/61267/372868/47743/47742/320840/528235/61969/61968,jpeg
http://inaturalist-open-data.s3.amazonaws.com/photos/138373673/large.jpeg,Graphosoma lineatum lineatum,48460/1/47120/372739/47158/184884/47744/61267/372868/47743/47742/320840/528235/61969/61968,jpeg
http://inaturalist-open-data.s3.amazonaws.com/photos/138373713/large.jpeg,Graphosoma lineatum lineatum,48460/1/47120/372739/47158/184884/47744/61267/372868/47743/47742/320840/528235/61969/61968,jpeg
http://inaturalist-open-data.s3.amazonaws.com/photos/138373757/large.jpeg,Graphosoma lineatum lineatum,48460/1/47120/372739/47158/184884/47744/61267/372868/47743/47742/320840/528235/61969/61968,jpeg
http://inaturalist-open-data.s3.amazonaws.com/photos/150670534/large.jpg,Graphosoma lineatum lineatum,48460/1/47120/372739/47158/184884/47744/61267/372868/47743/47742/320840/528235/61969/61968,jpg
http://inaturalist-open-data.s3.amazonaws.com/photos/156859522/large.jpeg,Graphosoma lineatum lineatum,48460/1/47120/372739/47158/184884/47744/61267/372868/47743/47742/320840/528235/61969/61968,jpeg
http://inaturalist-open-data.s3.amazonaws.com/photos/156859531/large.jpeg,Graphosoma lineatum lineatum,48460/1/47120/372739/47158/184884/47744/61267/372868/47743/47742/320840/528235/61969/61968,jpeg
