photo_url_large,taxon_name,ancestry,extension
http://inaturalist-open-data.s3.amazonaws.com/photos/35754996/large.jpg,Hagensia havilandi marleyi,48460/1/47120/372739/47158/184884/47201/124417/326777/1269340/47336/338275/637438/461170/697397,jpg
http://inaturalist-open-data.s3.amazonaws.com/photos/35755003/large.jpg,Hagensia havilandi marleyi,48460/1/47120/372739/47158/184884/47201/124417/326777/1269340/47336/338275/637438/461170/697397,jpg
http://inaturalist-open-data.s3.amazonaws.com/photos/42425191/large.jpg,Hagensia havilandi marleyi,48460/1/47120/372739/47158/184884/47201/124417/326777/1269340/47336/338275/637438/461170/697397,jpg
http://inaturalist-open-data.s3.amazonaws.com/photos/42425220/large.jpg,Hagensia havilandi marleyi,48460/1/47120/372739/47158/184884/47201/124417/326777/1269340/47336/338275/637438/461170/697397,jpg
http://inaturalist-open-data.s3.amazonaws.com/photos/42425205/large.jpg,Hagensia havilandi marleyi,48460/1/47120/372739/47158/184884/47201/124417/326777/1269340/47336/338275/637438/461170/697397,jpg
http://inaturalist-open-data.s3.amazonaws.com/photos/42425226/large.jpg,Hagensia havilandi marleyi,48460/1/47120/372739/47158/184884/47201/124417/326777/1269340/47336/338275/637438/461170/697397,jpg
http://inaturalist-open-data.s3.amazonaws.com/photos/42425248/large.jpg,Hagensia havilandi marleyi,48460/1/47120/372739/47158/184884/47201/124417/326777/1269340/47336/338275/637438/461170/697397,jpg
http://inaturalist-open-data.s3.amazonaws.com/photos/58801066/large.jpg,Hagensia havilandi marleyi,48460/1/47120/372739/47158/184884/47201/124417/326777/1269340/47336/338275/637438/461170/697397,jpg
http://inaturalist-open-data.s3.amazonaws.com/photos/58801057/large.jpg,Hagensia havilandi marleyi,48460/1/47120/372739/47158/184884/47201/124417/326777/1269340/47336/338275/637438/461170/697397,jpg
http://inaturalist-open-data.s3.amazonaws.com/photos/58801059/large.jpg,Hagensia havilandi marleyi,48460/1/47120/372739/47158/184884/47201/124417/326777/1269340/47336/338275/637438/461170/697397,jpg
http://inaturalist-open-data.s3.amazonaws.com/photos/58801063/large.jpg,Hagensia havilandi marleyi,48460/1/47120/372739/47158/184884/47201/124417/326777/1269340/47336/338275/637438/461170/697397,jpg
http://inaturalist-open-data.s3.amazonaws.com/photos/74442177/large.jpeg,Hagensia havilandi marleyi,48460/1/47120/372739/47158/184884/47201/124417/326777/1269340/47336/338275/637438/461170/697397,jpeg
http://inaturalist-open-data.s3.amazonaws.com/photos/74442201/large.jpeg,Hagensia havilandi marleyi,48460/1/47120/372739/47158/184884/47201/124417/326777/1269340/47336/338275/637438/461170/697397,jpeg
http://inaturalist-open-data.s3.amazonaws.com/photos/74442216/large.jpeg,Hagensia havilandi marleyi,48460/1/47120/372739/47158/184884/47201/124417/326777/1269340/47336/338275/637438/461170/697397,jpeg
http://inaturalist-open-data.s3.amazonaws.com/photos/74442227/large.jpeg,Hagensia havilandi marleyi,48460/1/47120/372739/47158/184884/47201/124417/326777/1269340/47336/338275/637438/461170/697397,jpeg
http://inaturalist-open-data.s3.amazonaws.com/photos/74442238/large.jpeg,Hagensia havilandi marleyi,48460/1/47120/372739/47158/184884/47201/124417/326777/1269340/47336/338275/637438/461170/697397,jpeg
http://inaturalist-open-data.s3.amazonaws.com/photos/74442247/large.jpeg,Hagensia havilandi marleyi,48460/1/47120/372739/47158/184884/47201/124417/326777/1269340/47336/338275/637438/461170/697397,jpeg
http://inaturalist-open-data.s3.amazonaws.com/photos/77841363/large.jpeg,Hagensia havilandi marleyi,48460/1/47120/372739/47158/184884/47201/124417/326777/1269340/47336/338275/637438/461170/697397,jpeg
http://inaturalist-open-data.s3.amazonaws.com/photos/77841410/large.jpeg,Hagensia havilandi marleyi,48460/1/47120/372739/47158/184884/47201/124417/326777/1269340/47336/338275/637438/461170/697397,jpeg
http://inaturalist-open-data.s3.amazonaws.com/photos/77841449/large.jpeg,Hagensia havilandi marleyi,48460/1/47120/372739/47158/184884/47201/124417/326777/1269340/47336/338275/637438/461170/697397,jpeg
http://inaturalist-open-data.s3.amazonaws.com/photos/77841828/large.jpeg,Hagensia havilandi marleyi,48460/1/47120/372739/47158/184884/47201/124417/326777/1269340/47336/338275/637438/461170/697397,jpeg
http://inaturalist-open-data.s3.amazonaws.com/photos/87254020/large.jpg,Hagensia havilandi marleyi,48460/1/47120/372739/47158/184884/47201/124417/326777/1269340/47336/338275/637438/461170/697397,jpg
http://inaturalist-open-data.s3.amazonaws.com/photos/87592342/large.jpg,Hagensia havilandi marleyi,48460/1/47120/372739/47158/184884/47201/124417/326777/1269340/47336/338275/637438/461170/697397,jpg
http://inaturalist-open-data.s3.amazonaws.com/photos/87592463/large.jpeg,Hagensia havilandi marleyi,48460/1/47120/372739/47158/184884/47201/124417/326777/1269340/47336/338275/637438/461170/697397,jpeg
http://inaturalist-open-data.s3.amazonaws.com/photos/95248002/large.jpeg,Hagensia havilandi marleyi,48460/1/47120/372739/47158/184884/47201/124417/326777/1269340/47336/338275/637438/461170/697397,jpeg
http://inaturalist-open-data.s3.amazonaws.com/photos/95248175/large.jpeg,Hagensia havilandi marleyi,48460/1/47120/372739/47158/184884/47201/124417/326777/1269340/47336/338275/637438/461170/697397,jpeg
http://inaturalist-open-data.s3.amazonaws.com/photos/96198598/large.jpg,Hagensia havilandi marleyi,48460/1/47120/372739/47158/184884/47201/124417/326777/1269340/47336/338275/637438/461170/697397,jpg
http://inaturalist-open-data.s3.amazonaws.com/photos/96198732/large.jpg,Hagensia havilandi marleyi,48460/1/47120/372739/47158/184884/47201/124417/326777/1269340/47336/338275/637438/461170/697397,jpg
http://inaturalist-open-data.s3.amazonaws.com/photos/101900891/large.jpeg,Hagensia havilandi marleyi,48460/1/47120/372739/47158/184884/47201/124417/326777/1269340/47336/338275/637438/461170/697397,jpeg
http://inaturalist-open-data.s3.amazonaws.com/photos/101900884/large.jpeg,Hagensia havilandi marleyi,48460/1/47120/372739/47158/184884/47201/124417/326777/1269340/47336/338275/637438/461170/697397,jpeg
http://inaturalist-open-data.s3.amazonaws.com/photos/101902125/large.jpeg,Hagensia havilandi marleyi,48460/1/47120/372739/47158/184884/47201/124417/326777/1269340/47336/338275/637438/461170/697397,jpeg
http://inaturalist-open-data.s3.amazonaws.com/photos/101902132/large.jpeg,Hagensia havilandi marleyi,48460/1/47120/372739/47158/184884/47201/124417/326777/1269340/47336/338275/637438/461170/697397,jpeg
http://inaturalist-open-data.s3.amazonaws.com/photos/101902117/large.jpeg,Hagensia havilandi marleyi,48460/1/47120/372739/47158/184884/47201/124417/326777/1269340/47336/338275/637438/461170/697397,jpeg
http://inaturalist-open-data.s3.amazonaws.com/photos/101902178/large.jpeg,Hagensia havilandi marleyi,48460/1/47120/372739/47158/184884/47201/124417/326777/1269340/47336/338275/637438/461170/697397,jpeg
http://inaturalist-open-data.s3.amazonaws.com/photos/101902180/large.jpg,Hagensia havilandi marleyi,48460/1/47120/372739/47158/184884/47201/124417/326777/1269340/47336/338275/637438/461170/697397,jpg
http://inaturalist-open-data.s3.amazonaws.com/photos/101902416/large.jpeg,Hagensia havilandi marleyi,48460/1/47120/372739/47158/184884/47201/124417/326777/1269340/47336/338275/637438/461170/697397,jpeg
http://inaturalist-open-data.s3.amazonaws.com/photos/101902330/large.jpg,Hagensia havilandi marleyi,48460/1/47120/372739/47158/184884/47201/124417/326777/1269340/47336/338275/637438/461170/697397,jpg
http://inaturalist-open-data.s3.amazonaws.com/photos/101903088/large.jpeg,Hagensia havilandi marleyi,48460/1/47120/372739/47158/184884/47201/124417/326777/1269340/47336/338275/637438/461170/697397,jpeg
http://inaturalist-open-data.s3.amazonaws.com/photos/101903081/large.jpeg,Hagensia havilandi marleyi,48460/1/47120/372739/47158/184884/47201/124417/326777/1269340/47336/338275/637438/461170/697397,jpeg
http://inaturalist-open-data.s3.amazonaws.com/photos/101903099/large.jpeg,Hagensia havilandi marleyi,48460/1/47120/372739/47158/184884/47201/124417/326777/1269340/47336/338275/637438/461170/697397,jpeg
http://inaturalist-open-data.s3.amazonaws.com/photos/101903157/large.jpeg,Hagensia havilandi marleyi,48460/1/47120/372739/47158/184884/47201/124417/326777/1269340/47336/338275/637438/461170/697397,jpeg
