photo_url_large,taxon_name,ancestry,extension
http://inaturalist-open-data.s3.amazonaws.com/photos/5369367/large.jpeg,Hamadryas iphthime joannae,48460/1/47120/372739/47158/184884/47157/47224/47922/134159/134160/83228/148721,jpeg
http://inaturalist-open-data.s3.amazonaws.com/photos/5369359/large.jpeg,Hamadryas iphthime joannae,48460/1/47120/372739/47158/184884/47157/47224/47922/134159/134160/83228/148721,jpeg
http://inaturalist-open-data.s3.amazonaws.com/photos/5369360/large.jpeg,Hamadryas iphthime joannae,48460/1/47120/372739/47158/184884/47157/47224/47922/134159/134160/83228/148721,jpeg
http://inaturalist-open-data.s3.amazonaws.com/photos/5369364/large.jpeg,Hamadryas iphthime joannae,48460/1/47120/372739/47158/184884/47157/47224/47922/134159/134160/83228/148721,jpeg
http://inaturalist-open-data.s3.amazonaws.com/photos/10058289/large.jpg,Hamadryas iphthime joannae,48460/1/47120/372739/47158/184884/47157/47224/47922/134159/134160/83228/148721,jpg
http://inaturalist-open-data.s3.amazonaws.com/photos/10058297/large.jpg,Hamadryas iphthime joannae,48460/1/47120/372739/47158/184884/47157/47224/47922/134159/134160/83228/148721,jpg
http://inaturalist-open-data.s3.amazonaws.com/photos/27048805/large.jpg,Hamadryas iphthime joannae,48460/1/47120/372739/47158/184884/47157/47224/47922/134159/134160/83228/148721,jpg
http://inaturalist-open-data.s3.amazonaws.com/photos/30145150/large.jpg,Hamadryas iphthime joannae,48460/1/47120/372739/47158/184884/47157/47224/47922/134159/134160/83228/148721,jpg
http://inaturalist-open-data.s3.amazonaws.com/photos/50484968/large.png,Hamadryas iphthime joannae,48460/1/47120/372739/47158/184884/47157/47224/47922/134159/134160/83228/148721,png
http://inaturalist-open-data.s3.amazonaws.com/photos/65471953/large.jpg,Hamadryas iphthime joannae,48460/1/47120/372739/47158/184884/47157/47224/47922/134159/134160/83228/148721,jpg
http://inaturalist-open-data.s3.amazonaws.com/photos/65471956/large.jpg,Hamadryas iphthime joannae,48460/1/47120/372739/47158/184884/47157/47224/47922/134159/134160/83228/148721,jpg
http://inaturalist-open-data.s3.amazonaws.com/photos/71366426/large.jpeg,Hamadryas iphthime joannae,48460/1/47120/372739/47158/184884/47157/47224/47922/134159/134160/83228/148721,jpeg
http://inaturalist-open-data.s3.amazonaws.com/photos/86959625/large.jpg,Hamadryas iphthime joannae,48460/1/47120/372739/47158/184884/47157/47224/47922/134159/134160/83228/148721,jpg
http://inaturalist-open-data.s3.amazonaws.com/photos/86958759/large.jpg,Hamadryas iphthime joannae,48460/1/47120/372739/47158/184884/47157/47224/47922/134159/134160/83228/148721,jpg
http://inaturalist-open-data.s3.amazonaws.com/photos/86960064/large.jpg,Hamadryas iphthime joannae,48460/1/47120/372739/47158/184884/47157/47224/47922/134159/134160/83228/148721,jpg
http://inaturalist-open-data.s3.amazonaws.com/photos/94164137/large.jpg,Hamadryas iphthime joannae,48460/1/47120/372739/47158/184884/47157/47224/47922/134159/134160/83228/148721,jpg
