photo_url_large,taxon_name,ancestry,extension
http://inaturalist-open-data.s3.amazonaws.com/photos/29559651/large.jpg,Heliconius charithonia churchi,48460/1/47120/372739/47158/184884/47157/47224/47922/60854/134173/49767/49766,jpg
http://inaturalist-open-data.s3.amazonaws.com/photos/35491821/large.jpeg,Heliconius charithonia churchi,48460/1/47120/372739/47158/184884/47157/47224/47922/60854/134173/49767/49766,jpeg
http://inaturalist-open-data.s3.amazonaws.com/photos/57663026/large.jpeg,Heliconius charithonia churchi,48460/1/47120/372739/47158/184884/47157/47224/47922/60854/134173/49767/49766,jpeg
http://inaturalist-open-data.s3.amazonaws.com/photos/57663245/large.jpeg,Heliconius charithonia churchi,48460/1/47120/372739/47158/184884/47157/47224/47922/60854/134173/49767/49766,jpeg
http://inaturalist-open-data.s3.amazonaws.com/photos/57663098/large.jpeg,Heliconius charithonia churchi,48460/1/47120/372739/47158/184884/47157/47224/47922/60854/134173/49767/49766,jpeg
http://inaturalist-open-data.s3.amazonaws.com/photos/57663582/large.jpeg,Heliconius charithonia churchi,48460/1/47120/372739/47158/184884/47157/47224/47922/60854/134173/49767/49766,jpeg
http://inaturalist-open-data.s3.amazonaws.com/photos/67561306/large.jpg,Heliconius charithonia churchi,48460/1/47120/372739/47158/184884/47157/47224/47922/60854/134173/49767/49766,jpg
http://inaturalist-open-data.s3.amazonaws.com/photos/105685137/large.jpeg,Heliconius charithonia churchi,48460/1/47120/372739/47158/184884/47157/47224/47922/60854/134173/49767/49766,jpeg
http://inaturalist-open-data.s3.amazonaws.com/photos/105685142/large.jpeg,Heliconius charithonia churchi,48460/1/47120/372739/47158/184884/47157/47224/47922/60854/134173/49767/49766,jpeg
