photo_url_large,taxon_name,ancestry,extension
http://inaturalist-open-data.s3.amazonaws.com/photos/27185725/large.jpeg,Heliconius ismenius clarescens,48460/1/47120/372739/47158/184884/47157/47224/47922/60854/134173/49767/148676,jpeg
http://inaturalist-open-data.s3.amazonaws.com/photos/27266045/large.jpeg,Heliconius ismenius clarescens,48460/1/47120/372739/47158/184884/47157/47224/47922/60854/134173/49767/148676,jpeg
http://inaturalist-open-data.s3.amazonaws.com/photos/27248557/large.jpeg,Heliconius ismenius clarescens,48460/1/47120/372739/47158/184884/47157/47224/47922/60854/134173/49767/148676,jpeg
http://inaturalist-open-data.s3.amazonaws.com/photos/32114853/large.jpg,Heliconius ismenius clarescens,48460/1/47120/372739/47158/184884/47157/47224/47922/60854/134173/49767/148676,jpg
http://inaturalist-open-data.s3.amazonaws.com/photos/32201108/large.jpg,Heliconius ismenius clarescens,48460/1/47120/372739/47158/184884/47157/47224/47922/60854/134173/49767/148676,jpg
http://inaturalist-open-data.s3.amazonaws.com/photos/35553964/large.jpeg,Heliconius ismenius clarescens,48460/1/47120/372739/47158/184884/47157/47224/47922/60854/134173/49767/148676,jpeg
http://inaturalist-open-data.s3.amazonaws.com/photos/38648280/large.jpg,Heliconius ismenius clarescens,48460/1/47120/372739/47158/184884/47157/47224/47922/60854/134173/49767/148676,jpg
http://inaturalist-open-data.s3.amazonaws.com/photos/39188144/large.jpeg,Heliconius ismenius clarescens,48460/1/47120/372739/47158/184884/47157/47224/47922/60854/134173/49767/148676,jpeg
http://inaturalist-open-data.s3.amazonaws.com/photos/39188081/large.jpeg,Heliconius ismenius clarescens,48460/1/47120/372739/47158/184884/47157/47224/47922/60854/134173/49767/148676,jpeg
http://inaturalist-open-data.s3.amazonaws.com/photos/43647712/large.jpg,Heliconius ismenius clarescens,48460/1/47120/372739/47158/184884/47157/47224/47922/60854/134173/49767/148676,jpg
http://inaturalist-open-data.s3.amazonaws.com/photos/53378020/large.jpg,Heliconius ismenius clarescens,48460/1/47120/372739/47158/184884/47157/47224/47922/60854/134173/49767/148676,jpg
http://inaturalist-open-data.s3.amazonaws.com/photos/53387971/large.jpg,Heliconius ismenius clarescens,48460/1/47120/372739/47158/184884/47157/47224/47922/60854/134173/49767/148676,jpg
http://inaturalist-open-data.s3.amazonaws.com/photos/59614989/large.jpeg,Heliconius ismenius clarescens,48460/1/47120/372739/47158/184884/47157/47224/47922/60854/134173/49767/148676,jpeg
http://inaturalist-open-data.s3.amazonaws.com/photos/63363481/large.jpeg,Heliconius ismenius clarescens,48460/1/47120/372739/47158/184884/47157/47224/47922/60854/134173/49767/148676,jpeg
http://inaturalist-open-data.s3.amazonaws.com/photos/63401588/large.jpeg,Heliconius ismenius clarescens,48460/1/47120/372739/47158/184884/47157/47224/47922/60854/134173/49767/148676,jpeg
http://inaturalist-open-data.s3.amazonaws.com/photos/84738061/large.jpeg,Heliconius ismenius clarescens,48460/1/47120/372739/47158/184884/47157/47224/47922/60854/134173/49767/148676,jpeg
http://inaturalist-open-data.s3.amazonaws.com/photos/84737648/large.jpeg,Heliconius ismenius clarescens,48460/1/47120/372739/47158/184884/47157/47224/47922/60854/134173/49767/148676,jpeg
http://inaturalist-open-data.s3.amazonaws.com/photos/89865278/large.jpeg,Heliconius ismenius clarescens,48460/1/47120/372739/47158/184884/47157/47224/47922/60854/134173/49767/148676,jpeg
http://inaturalist-open-data.s3.amazonaws.com/photos/94598355/large.jpg,Heliconius ismenius clarescens,48460/1/47120/372739/47158/184884/47157/47224/47922/60854/134173/49767/148676,jpg
http://inaturalist-open-data.s3.amazonaws.com/photos/100019020/large.jpeg,Heliconius ismenius clarescens,48460/1/47120/372739/47158/184884/47157/47224/47922/60854/134173/49767/148676,jpeg
http://inaturalist-open-data.s3.amazonaws.com/photos/106282043/large.jpeg,Heliconius ismenius clarescens,48460/1/47120/372739/47158/184884/47157/47224/47922/60854/134173/49767/148676,jpeg
http://inaturalist-open-data.s3.amazonaws.com/photos/108696818/large.jpg,Heliconius ismenius clarescens,48460/1/47120/372739/47158/184884/47157/47224/47922/60854/134173/49767/148676,jpg
http://inaturalist-open-data.s3.amazonaws.com/photos/110091643/large.jpeg,Heliconius ismenius clarescens,48460/1/47120/372739/47158/184884/47157/47224/47922/60854/134173/49767/148676,jpeg
http://inaturalist-open-data.s3.amazonaws.com/photos/110091651/large.jpeg,Heliconius ismenius clarescens,48460/1/47120/372739/47158/184884/47157/47224/47922/60854/134173/49767/148676,jpeg
http://inaturalist-open-data.s3.amazonaws.com/photos/110091659/large.jpeg,Heliconius ismenius clarescens,48460/1/47120/372739/47158/184884/47157/47224/47922/60854/134173/49767/148676,jpeg
http://inaturalist-open-data.s3.amazonaws.com/photos/110091665/large.jpeg,Heliconius ismenius clarescens,48460/1/47120/372739/47158/184884/47157/47224/47922/60854/134173/49767/148676,jpeg
http://inaturalist-open-data.s3.amazonaws.com/photos/111972021/large.jpg,Heliconius ismenius clarescens,48460/1/47120/372739/47158/184884/47157/47224/47922/60854/134173/49767/148676,jpg
http://inaturalist-open-data.s3.amazonaws.com/photos/112714276/large.jpeg,Heliconius ismenius clarescens,48460/1/47120/372739/47158/184884/47157/47224/47922/60854/134173/49767/148676,jpeg
http://inaturalist-open-data.s3.amazonaws.com/photos/118663699/large.jpeg,Heliconius ismenius clarescens,48460/1/47120/372739/47158/184884/47157/47224/47922/60854/134173/49767/148676,jpeg
http://inaturalist-open-data.s3.amazonaws.com/photos/118663411/large.jpeg,Heliconius ismenius clarescens,48460/1/47120/372739/47158/184884/47157/47224/47922/60854/134173/49767/148676,jpeg
http://inaturalist-open-data.s3.amazonaws.com/photos/133801438/large.jpg,Heliconius ismenius clarescens,48460/1/47120/372739/47158/184884/47157/47224/47922/60854/134173/49767/148676,jpg
http://inaturalist-open-data.s3.amazonaws.com/photos/155089661/large.jpg,Heliconius ismenius clarescens,48460/1/47120/372739/47158/184884/47157/47224/47922/60854/134173/49767/148676,jpg
http://inaturalist-open-data.s3.amazonaws.com/photos/172485047/large.jpg,Heliconius ismenius clarescens,48460/1/47120/372739/47158/184884/47157/47224/47922/60854/134173/49767/148676,jpg
http://inaturalist-open-data.s3.amazonaws.com/photos/172485057/large.jpg,Heliconius ismenius clarescens,48460/1/47120/372739/47158/184884/47157/47224/47922/60854/134173/49767/148676,jpg
http://inaturalist-open-data.s3.amazonaws.com/photos/174770188/large.jpeg,Heliconius ismenius clarescens,48460/1/47120/372739/47158/184884/47157/47224/47922/60854/134173/49767/148676,jpeg
http://inaturalist-open-data.s3.amazonaws.com/photos/174827876/large.jpeg,Heliconius ismenius clarescens,48460/1/47120/372739/47158/184884/47157/47224/47922/60854/134173/49767/148676,jpeg
