photo_url_large,taxon_name,ancestry,extension
http://inaturalist-open-data.s3.amazonaws.com/photos/30781542/large.jpg,Heliconius clysonymus clysonymus,48460/1/47120/372739/47158/184884/47157/47224/47922/60854/134173/49767/415641,jpg
http://inaturalist-open-data.s3.amazonaws.com/photos/31750678/large.jpg,Heliconius clysonymus clysonymus,48460/1/47120/372739/47158/184884/47157/47224/47922/60854/134173/49767/415641,jpg
http://inaturalist-open-data.s3.amazonaws.com/photos/31750635/large.jpg,Heliconius clysonymus clysonymus,48460/1/47120/372739/47158/184884/47157/47224/47922/60854/134173/49767/415641,jpg
http://inaturalist-open-data.s3.amazonaws.com/photos/35747508/large.jpeg,Heliconius clysonymus clysonymus,48460/1/47120/372739/47158/184884/47157/47224/47922/60854/134173/49767/415641,jpeg
http://inaturalist-open-data.s3.amazonaws.com/photos/36814712/large.jpeg,Heliconius clysonymus clysonymus,48460/1/47120/372739/47158/184884/47157/47224/47922/60854/134173/49767/415641,jpeg
http://inaturalist-open-data.s3.amazonaws.com/photos/47290282/large.jpeg,Heliconius clysonymus clysonymus,48460/1/47120/372739/47158/184884/47157/47224/47922/60854/134173/49767/415641,jpeg
http://inaturalist-open-data.s3.amazonaws.com/photos/47290310/large.jpeg,Heliconius clysonymus clysonymus,48460/1/47120/372739/47158/184884/47157/47224/47922/60854/134173/49767/415641,jpeg
http://inaturalist-open-data.s3.amazonaws.com/photos/50378607/large.jpeg,Heliconius clysonymus clysonymus,48460/1/47120/372739/47158/184884/47157/47224/47922/60854/134173/49767/415641,jpeg
http://inaturalist-open-data.s3.amazonaws.com/photos/50378614/large.jpeg,Heliconius clysonymus clysonymus,48460/1/47120/372739/47158/184884/47157/47224/47922/60854/134173/49767/415641,jpeg
http://inaturalist-open-data.s3.amazonaws.com/photos/56931358/large.jpeg,Heliconius clysonymus clysonymus,48460/1/47120/372739/47158/184884/47157/47224/47922/60854/134173/49767/415641,jpeg
http://inaturalist-open-data.s3.amazonaws.com/photos/59385670/large.jpg,Heliconius clysonymus clysonymus,48460/1/47120/372739/47158/184884/47157/47224/47922/60854/134173/49767/415641,jpg
http://inaturalist-open-data.s3.amazonaws.com/photos/59385673/large.jpg,Heliconius clysonymus clysonymus,48460/1/47120/372739/47158/184884/47157/47224/47922/60854/134173/49767/415641,jpg
http://inaturalist-open-data.s3.amazonaws.com/photos/59983879/large.jpg,Heliconius clysonymus clysonymus,48460/1/47120/372739/47158/184884/47157/47224/47922/60854/134173/49767/415641,jpg
http://inaturalist-open-data.s3.amazonaws.com/photos/60151010/large.jpg,Heliconius clysonymus clysonymus,48460/1/47120/372739/47158/184884/47157/47224/47922/60854/134173/49767/415641,jpg
http://inaturalist-open-data.s3.amazonaws.com/photos/60151059/large.jpg,Heliconius clysonymus clysonymus,48460/1/47120/372739/47158/184884/47157/47224/47922/60854/134173/49767/415641,jpg
http://inaturalist-open-data.s3.amazonaws.com/photos/61317143/large.jpg,Heliconius clysonymus clysonymus,48460/1/47120/372739/47158/184884/47157/47224/47922/60854/134173/49767/415641,jpg
http://inaturalist-open-data.s3.amazonaws.com/photos/62389708/large.jpeg,Heliconius clysonymus clysonymus,48460/1/47120/372739/47158/184884/47157/47224/47922/60854/134173/49767/415641,jpeg
http://inaturalist-open-data.s3.amazonaws.com/photos/62389782/large.jpeg,Heliconius clysonymus clysonymus,48460/1/47120/372739/47158/184884/47157/47224/47922/60854/134173/49767/415641,jpeg
http://inaturalist-open-data.s3.amazonaws.com/photos/62389791/large.jpeg,Heliconius clysonymus clysonymus,48460/1/47120/372739/47158/184884/47157/47224/47922/60854/134173/49767/415641,jpeg
http://inaturalist-open-data.s3.amazonaws.com/photos/65263375/large.jpg,Heliconius clysonymus clysonymus,48460/1/47120/372739/47158/184884/47157/47224/47922/60854/134173/49767/415641,jpg
http://inaturalist-open-data.s3.amazonaws.com/photos/65263433/large.jpg,Heliconius clysonymus clysonymus,48460/1/47120/372739/47158/184884/47157/47224/47922/60854/134173/49767/415641,jpg
http://inaturalist-open-data.s3.amazonaws.com/photos/71358604/large.jpg,Heliconius clysonymus clysonymus,48460/1/47120/372739/47158/184884/47157/47224/47922/60854/134173/49767/415641,jpg
http://inaturalist-open-data.s3.amazonaws.com/photos/75106997/large.jpg,Heliconius clysonymus clysonymus,48460/1/47120/372739/47158/184884/47157/47224/47922/60854/134173/49767/415641,jpg
http://inaturalist-open-data.s3.amazonaws.com/photos/81635654/large.jpg,Heliconius clysonymus clysonymus,48460/1/47120/372739/47158/184884/47157/47224/47922/60854/134173/49767/415641,jpg
http://inaturalist-open-data.s3.amazonaws.com/photos/90406296/large.jpg,Heliconius clysonymus clysonymus,48460/1/47120/372739/47158/184884/47157/47224/47922/60854/134173/49767/415641,jpg
http://inaturalist-open-data.s3.amazonaws.com/photos/91386840/large.jpg,Heliconius clysonymus clysonymus,48460/1/47120/372739/47158/184884/47157/47224/47922/60854/134173/49767/415641,jpg
http://inaturalist-open-data.s3.amazonaws.com/photos/91885727/large.jpeg,Heliconius clysonymus clysonymus,48460/1/47120/372739/47158/184884/47157/47224/47922/60854/134173/49767/415641,jpeg
http://inaturalist-open-data.s3.amazonaws.com/photos/91885800/large.jpeg,Heliconius clysonymus clysonymus,48460/1/47120/372739/47158/184884/47157/47224/47922/60854/134173/49767/415641,jpeg
http://inaturalist-open-data.s3.amazonaws.com/photos/96620179/large.jpg,Heliconius clysonymus clysonymus,48460/1/47120/372739/47158/184884/47157/47224/47922/60854/134173/49767/415641,jpg
http://inaturalist-open-data.s3.amazonaws.com/photos/96620629/large.jpg,Heliconius clysonymus clysonymus,48460/1/47120/372739/47158/184884/47157/47224/47922/60854/134173/49767/415641,jpg
http://inaturalist-open-data.s3.amazonaws.com/photos/103847569/large.jpeg,Heliconius clysonymus clysonymus,48460/1/47120/372739/47158/184884/47157/47224/47922/60854/134173/49767/415641,jpeg
http://inaturalist-open-data.s3.amazonaws.com/photos/119025075/large.jpg,Heliconius clysonymus clysonymus,48460/1/47120/372739/47158/184884/47157/47224/47922/60854/134173/49767/415641,jpg
http://inaturalist-open-data.s3.amazonaws.com/photos/119450158/large.jpeg,Heliconius clysonymus clysonymus,48460/1/47120/372739/47158/184884/47157/47224/47922/60854/134173/49767/415641,jpeg
http://inaturalist-open-data.s3.amazonaws.com/photos/133779093/large.jpg,Heliconius clysonymus clysonymus,48460/1/47120/372739/47158/184884/47157/47224/47922/60854/134173/49767/415641,jpg
http://inaturalist-open-data.s3.amazonaws.com/photos/141967553/large.jpg,Heliconius clysonymus clysonymus,48460/1/47120/372739/47158/184884/47157/47224/47922/60854/134173/49767/415641,jpg
http://inaturalist-open-data.s3.amazonaws.com/photos/145702764/large.jpeg,Heliconius clysonymus clysonymus,48460/1/47120/372739/47158/184884/47157/47224/47922/60854/134173/49767/415641,jpeg
http://inaturalist-open-data.s3.amazonaws.com/photos/145704553/large.jpeg,Heliconius clysonymus clysonymus,48460/1/47120/372739/47158/184884/47157/47224/47922/60854/134173/49767/415641,jpeg
http://inaturalist-open-data.s3.amazonaws.com/photos/163849279/large.jpeg,Heliconius clysonymus clysonymus,48460/1/47120/372739/47158/184884/47157/47224/47922/60854/134173/49767/415641,jpeg
http://inaturalist-open-data.s3.amazonaws.com/photos/163848470/large.jpeg,Heliconius clysonymus clysonymus,48460/1/47120/372739/47158/184884/47157/47224/47922/60854/134173/49767/415641,jpeg
http://inaturalist-open-data.s3.amazonaws.com/photos/171700969/large.jpeg,Heliconius clysonymus clysonymus,48460/1/47120/372739/47158/184884/47157/47224/47922/60854/134173/49767/415641,jpeg
