photo_url_large,taxon_name,ancestry,extension
http://inaturalist-open-data.s3.amazonaws.com/photos/87989356/large.jpeg,Heliconius melpomene flagrans,48460/1/47120/372739/47158/184884/47157/47224/47922/60854/134173/49767/147200,jpeg
http://inaturalist-open-data.s3.amazonaws.com/photos/156648500/large.jpeg,Heliconius melpomene flagrans,48460/1/47120/372739/47158/184884/47157/47224/47922/60854/134173/49767/147200,jpeg
http://inaturalist-open-data.s3.amazonaws.com/photos/156648524/large.jpeg,Heliconius melpomene flagrans,48460/1/47120/372739/47158/184884/47157/47224/47922/60854/134173/49767/147200,jpeg
http://inaturalist-open-data.s3.amazonaws.com/photos/156648561/large.jpeg,Heliconius melpomene flagrans,48460/1/47120/372739/47158/184884/47157/47224/47922/60854/134173/49767/147200,jpeg
http://inaturalist-open-data.s3.amazonaws.com/photos/156648578/large.jpeg,Heliconius melpomene flagrans,48460/1/47120/372739/47158/184884/47157/47224/47922/60854/134173/49767/147200,jpeg
http://inaturalist-open-data.s3.amazonaws.com/photos/166850778/large.jpeg,Heliconius melpomene flagrans,48460/1/47120/372739/47158/184884/47157/47224/47922/60854/134173/49767/147200,jpeg
http://inaturalist-open-data.s3.amazonaws.com/photos/166850560/large.jpeg,Heliconius melpomene flagrans,48460/1/47120/372739/47158/184884/47157/47224/47922/60854/134173/49767/147200,jpeg
