photo_url_large,taxon_name,ancestry,extension
http://inaturalist-open-data.s3.amazonaws.com/photos/7780312/large.jpeg,Heliconius erato cyrbia,48460/1/47120/372739/47158/184884/47157/47224/47922/60854/134173/49767/81744,jpeg
http://inaturalist-open-data.s3.amazonaws.com/photos/7780277/large.jpg,Heliconius erato cyrbia,48460/1/47120/372739/47158/184884/47157/47224/47922/60854/134173/49767/81744,jpg
http://inaturalist-open-data.s3.amazonaws.com/photos/18182020/large.jpg,Heliconius erato cyrbia,48460/1/47120/372739/47158/184884/47157/47224/47922/60854/134173/49767/81744,jpg
http://inaturalist-open-data.s3.amazonaws.com/photos/18182033/large.jpg,Heliconius erato cyrbia,48460/1/47120/372739/47158/184884/47157/47224/47922/60854/134173/49767/81744,jpg
http://inaturalist-open-data.s3.amazonaws.com/photos/18182024/large.jpg,Heliconius erato cyrbia,48460/1/47120/372739/47158/184884/47157/47224/47922/60854/134173/49767/81744,jpg
http://inaturalist-open-data.s3.amazonaws.com/photos/19931664/large.jpeg,Heliconius erato cyrbia,48460/1/47120/372739/47158/184884/47157/47224/47922/60854/134173/49767/81744,jpeg
http://inaturalist-open-data.s3.amazonaws.com/photos/19949304/large.jpeg,Heliconius erato cyrbia,48460/1/47120/372739/47158/184884/47157/47224/47922/60854/134173/49767/81744,jpeg
http://inaturalist-open-data.s3.amazonaws.com/photos/19949278/large.jpeg,Heliconius erato cyrbia,48460/1/47120/372739/47158/184884/47157/47224/47922/60854/134173/49767/81744,jpeg
http://inaturalist-open-data.s3.amazonaws.com/photos/30073634/large.jpeg,Heliconius erato cyrbia,48460/1/47120/372739/47158/184884/47157/47224/47922/60854/134173/49767/81744,jpeg
http://inaturalist-open-data.s3.amazonaws.com/photos/30073444/large.jpeg,Heliconius erato cyrbia,48460/1/47120/372739/47158/184884/47157/47224/47922/60854/134173/49767/81744,jpeg
http://inaturalist-open-data.s3.amazonaws.com/photos/30073500/large.jpeg,Heliconius erato cyrbia,48460/1/47120/372739/47158/184884/47157/47224/47922/60854/134173/49767/81744,jpeg
http://inaturalist-open-data.s3.amazonaws.com/photos/31481282/large.jpeg,Heliconius erato cyrbia,48460/1/47120/372739/47158/184884/47157/47224/47922/60854/134173/49767/81744,jpeg
http://inaturalist-open-data.s3.amazonaws.com/photos/38680642/large.jpeg,Heliconius erato cyrbia,48460/1/47120/372739/47158/184884/47157/47224/47922/60854/134173/49767/81744,jpeg
http://inaturalist-open-data.s3.amazonaws.com/photos/59241633/large.jpeg,Heliconius erato cyrbia,48460/1/47120/372739/47158/184884/47157/47224/47922/60854/134173/49767/81744,jpeg
http://inaturalist-open-data.s3.amazonaws.com/photos/63595368/large.jpeg,Heliconius erato cyrbia,48460/1/47120/372739/47158/184884/47157/47224/47922/60854/134173/49767/81744,jpeg
http://inaturalist-open-data.s3.amazonaws.com/photos/72564902/large.jpeg,Heliconius erato cyrbia,48460/1/47120/372739/47158/184884/47157/47224/47922/60854/134173/49767/81744,jpeg
http://inaturalist-open-data.s3.amazonaws.com/photos/72564908/large.jpeg,Heliconius erato cyrbia,48460/1/47120/372739/47158/184884/47157/47224/47922/60854/134173/49767/81744,jpeg
http://inaturalist-open-data.s3.amazonaws.com/photos/72849468/large.jpeg,Heliconius erato cyrbia,48460/1/47120/372739/47158/184884/47157/47224/47922/60854/134173/49767/81744,jpeg
http://inaturalist-open-data.s3.amazonaws.com/photos/83899347/large.jpg,Heliconius erato cyrbia,48460/1/47120/372739/47158/184884/47157/47224/47922/60854/134173/49767/81744,jpg
http://inaturalist-open-data.s3.amazonaws.com/photos/83900017/large.jpg,Heliconius erato cyrbia,48460/1/47120/372739/47158/184884/47157/47224/47922/60854/134173/49767/81744,jpg
http://inaturalist-open-data.s3.amazonaws.com/photos/89373847/large.jpg,Heliconius erato cyrbia,48460/1/47120/372739/47158/184884/47157/47224/47922/60854/134173/49767/81744,jpg
http://inaturalist-open-data.s3.amazonaws.com/photos/89373855/large.jpg,Heliconius erato cyrbia,48460/1/47120/372739/47158/184884/47157/47224/47922/60854/134173/49767/81744,jpg
http://inaturalist-open-data.s3.amazonaws.com/photos/89373843/large.jpg,Heliconius erato cyrbia,48460/1/47120/372739/47158/184884/47157/47224/47922/60854/134173/49767/81744,jpg
http://inaturalist-open-data.s3.amazonaws.com/photos/89373834/large.jpg,Heliconius erato cyrbia,48460/1/47120/372739/47158/184884/47157/47224/47922/60854/134173/49767/81744,jpg
http://inaturalist-open-data.s3.amazonaws.com/photos/89373832/large.jpg,Heliconius erato cyrbia,48460/1/47120/372739/47158/184884/47157/47224/47922/60854/134173/49767/81744,jpg
http://inaturalist-open-data.s3.amazonaws.com/photos/89645495/large.jpg,Heliconius erato cyrbia,48460/1/47120/372739/47158/184884/47157/47224/47922/60854/134173/49767/81744,jpg
http://inaturalist-open-data.s3.amazonaws.com/photos/100836340/large.jpg,Heliconius erato cyrbia,48460/1/47120/372739/47158/184884/47157/47224/47922/60854/134173/49767/81744,jpg
http://inaturalist-open-data.s3.amazonaws.com/photos/113840111/large.jpg,Heliconius erato cyrbia,48460/1/47120/372739/47158/184884/47157/47224/47922/60854/134173/49767/81744,jpg
http://inaturalist-open-data.s3.amazonaws.com/photos/114578403/large.jpeg,Heliconius erato cyrbia,48460/1/47120/372739/47158/184884/47157/47224/47922/60854/134173/49767/81744,jpeg
http://inaturalist-open-data.s3.amazonaws.com/photos/150844031/large.jpg,Heliconius erato cyrbia,48460/1/47120/372739/47158/184884/47157/47224/47922/60854/134173/49767/81744,jpg
http://inaturalist-open-data.s3.amazonaws.com/photos/150844023/large.jpg,Heliconius erato cyrbia,48460/1/47120/372739/47158/184884/47157/47224/47922/60854/134173/49767/81744,jpg
http://inaturalist-open-data.s3.amazonaws.com/photos/155893806/large.jpeg,Heliconius erato cyrbia,48460/1/47120/372739/47158/184884/47157/47224/47922/60854/134173/49767/81744,jpeg
http://inaturalist-open-data.s3.amazonaws.com/photos/155893821/large.jpeg,Heliconius erato cyrbia,48460/1/47120/372739/47158/184884/47157/47224/47922/60854/134173/49767/81744,jpeg
http://inaturalist-open-data.s3.amazonaws.com/photos/155893827/large.jpeg,Heliconius erato cyrbia,48460/1/47120/372739/47158/184884/47157/47224/47922/60854/134173/49767/81744,jpeg
http://inaturalist-open-data.s3.amazonaws.com/photos/157778830/large.jpeg,Heliconius erato cyrbia,48460/1/47120/372739/47158/184884/47157/47224/47922/60854/134173/49767/81744,jpeg
http://inaturalist-open-data.s3.amazonaws.com/photos/160179622/large.jpeg,Heliconius erato cyrbia,48460/1/47120/372739/47158/184884/47157/47224/47922/60854/134173/49767/81744,jpeg
http://inaturalist-open-data.s3.amazonaws.com/photos/160179655/large.jpeg,Heliconius erato cyrbia,48460/1/47120/372739/47158/184884/47157/47224/47922/60854/134173/49767/81744,jpeg
http://inaturalist-open-data.s3.amazonaws.com/photos/160179677/large.jpeg,Heliconius erato cyrbia,48460/1/47120/372739/47158/184884/47157/47224/47922/60854/134173/49767/81744,jpeg
http://inaturalist-open-data.s3.amazonaws.com/photos/167608879/large.jpeg,Heliconius erato cyrbia,48460/1/47120/372739/47158/184884/47157/47224/47922/60854/134173/49767/81744,jpeg
http://inaturalist-open-data.s3.amazonaws.com/photos/171794570/large.jpeg,Heliconius erato cyrbia,48460/1/47120/372739/47158/184884/47157/47224/47922/60854/134173/49767/81744,jpeg
http://inaturalist-open-data.s3.amazonaws.com/photos/171794581/large.jpeg,Heliconius erato cyrbia,48460/1/47120/372739/47158/184884/47157/47224/47922/60854/134173/49767/81744,jpeg
http://inaturalist-open-data.s3.amazonaws.com/photos/171794598/large.jpeg,Heliconius erato cyrbia,48460/1/47120/372739/47158/184884/47157/47224/47922/60854/134173/49767/81744,jpeg
http://inaturalist-open-data.s3.amazonaws.com/photos/171794603/large.jpeg,Heliconius erato cyrbia,48460/1/47120/372739/47158/184884/47157/47224/47922/60854/134173/49767/81744,jpeg
http://inaturalist-open-data.s3.amazonaws.com/photos/171794610/large.jpeg,Heliconius erato cyrbia,48460/1/47120/372739/47158/184884/47157/47224/47922/60854/134173/49767/81744,jpeg
http://inaturalist-open-data.s3.amazonaws.com/photos/176924948/large.jpg,Heliconius erato cyrbia,48460/1/47120/372739/47158/184884/47157/47224/47922/60854/134173/49767/81744,jpg
