photo_url_large,taxon_name,ancestry,extension
http://inaturalist-open-data.s3.amazonaws.com/photos/160447172/large.jpeg,Heliconius ethilla polychrous,48460/1/47120/372739/47158/184884/47157/47224/47922/60854/134173/49767/338569,jpeg
http://inaturalist-open-data.s3.amazonaws.com/photos/160447251/large.jpeg,Heliconius ethilla polychrous,48460/1/47120/372739/47158/184884/47157/47224/47922/60854/134173/49767/338569,jpeg
http://inaturalist-open-data.s3.amazonaws.com/photos/172193499/large.jpeg,Heliconius ethilla polychrous,48460/1/47120/372739/47158/184884/47157/47224/47922/60854/134173/49767/338569,jpeg
http://inaturalist-open-data.s3.amazonaws.com/photos/173875098/large.jpeg,Heliconius ethilla polychrous,48460/1/47120/372739/47158/184884/47157/47224/47922/60854/134173/49767/338569,jpeg
http://inaturalist-open-data.s3.amazonaws.com/photos/173875112/large.jpeg,Heliconius ethilla polychrous,48460/1/47120/372739/47158/184884/47157/47224/47922/60854/134173/49767/338569,jpeg
