photo_url_large,taxon_name,ancestry,extension
http://inaturalist-open-data.s3.amazonaws.com/photos/50194953/large.jpg,Heliconius charithonia tuckeri,48460/1/47120/372739/47158/184884/47157/47224/47922/60854/134173/49767/49766,jpg
http://inaturalist-open-data.s3.amazonaws.com/photos/50196839/large.jpeg,Heliconius charithonia tuckeri,48460/1/47120/372739/47158/184884/47157/47224/47922/60854/134173/49767/49766,jpeg
http://inaturalist-open-data.s3.amazonaws.com/photos/50196961/large.jpeg,Heliconius charithonia tuckeri,48460/1/47120/372739/47158/184884/47157/47224/47922/60854/134173/49767/49766,jpeg
http://inaturalist-open-data.s3.amazonaws.com/photos/102496979/large.jpg,Heliconius charithonia tuckeri,48460/1/47120/372739/47158/184884/47157/47224/47922/60854/134173/49767/49766,jpg
http://inaturalist-open-data.s3.amazonaws.com/photos/106324150/large.jpeg,Heliconius charithonia tuckeri,48460/1/47120/372739/47158/184884/47157/47224/47922/60854/134173/49767/49766,jpeg
