photo_url_large,taxon_name,ancestry,extension
http://inaturalist-open-data.s3.amazonaws.com/photos/4416157/large.jpg,Heliconius erato adana,48460/1/47120/372739/47158/184884/47157/47224/47922/60854/134173/49767/81744,jpg
http://inaturalist-open-data.s3.amazonaws.com/photos/42880383/large.jpeg,Heliconius erato adana,48460/1/47120/372739/47158/184884/47157/47224/47922/60854/134173/49767/81744,jpeg
http://inaturalist-open-data.s3.amazonaws.com/photos/42880398/large.jpeg,Heliconius erato adana,48460/1/47120/372739/47158/184884/47157/47224/47922/60854/134173/49767/81744,jpeg
http://inaturalist-open-data.s3.amazonaws.com/photos/60971977/large.jpg,Heliconius erato adana,48460/1/47120/372739/47158/184884/47157/47224/47922/60854/134173/49767/81744,jpg
http://inaturalist-open-data.s3.amazonaws.com/photos/74762921/large.jpeg,Heliconius erato adana,48460/1/47120/372739/47158/184884/47157/47224/47922/60854/134173/49767/81744,jpeg
http://inaturalist-open-data.s3.amazonaws.com/photos/102741152/large.jpeg,Heliconius erato adana,48460/1/47120/372739/47158/184884/47157/47224/47922/60854/134173/49767/81744,jpeg
http://inaturalist-open-data.s3.amazonaws.com/photos/108018357/large.jpg,Heliconius erato adana,48460/1/47120/372739/47158/184884/47157/47224/47922/60854/134173/49767/81744,jpg
http://inaturalist-open-data.s3.amazonaws.com/photos/108018367/large.jpg,Heliconius erato adana,48460/1/47120/372739/47158/184884/47157/47224/47922/60854/134173/49767/81744,jpg
http://inaturalist-open-data.s3.amazonaws.com/photos/110441119/large.jpeg,Heliconius erato adana,48460/1/47120/372739/47158/184884/47157/47224/47922/60854/134173/49767/81744,jpeg
http://inaturalist-open-data.s3.amazonaws.com/photos/110441137/large.jpeg,Heliconius erato adana,48460/1/47120/372739/47158/184884/47157/47224/47922/60854/134173/49767/81744,jpeg
http://inaturalist-open-data.s3.amazonaws.com/photos/113408139/large.jpg,Heliconius erato adana,48460/1/47120/372739/47158/184884/47157/47224/47922/60854/134173/49767/81744,jpg
http://inaturalist-open-data.s3.amazonaws.com/photos/113416699/large.jpg,Heliconius erato adana,48460/1/47120/372739/47158/184884/47157/47224/47922/60854/134173/49767/81744,jpg
http://inaturalist-open-data.s3.amazonaws.com/photos/119046679/large.jpg,Heliconius erato adana,48460/1/47120/372739/47158/184884/47157/47224/47922/60854/134173/49767/81744,jpg
http://inaturalist-open-data.s3.amazonaws.com/photos/119046711/large.jpg,Heliconius erato adana,48460/1/47120/372739/47158/184884/47157/47224/47922/60854/134173/49767/81744,jpg
http://inaturalist-open-data.s3.amazonaws.com/photos/162691242/large.jpeg,Heliconius erato adana,48460/1/47120/372739/47158/184884/47157/47224/47922/60854/134173/49767/81744,jpeg
http://inaturalist-open-data.s3.amazonaws.com/photos/162692320/large.jpeg,Heliconius erato adana,48460/1/47120/372739/47158/184884/47157/47224/47922/60854/134173/49767/81744,jpeg
http://inaturalist-open-data.s3.amazonaws.com/photos/162692082/large.jpeg,Heliconius erato adana,48460/1/47120/372739/47158/184884/47157/47224/47922/60854/134173/49767/81744,jpeg
http://inaturalist-open-data.s3.amazonaws.com/photos/162691971/large.jpeg,Heliconius erato adana,48460/1/47120/372739/47158/184884/47157/47224/47922/60854/134173/49767/81744,jpeg
