photo_url_large,taxon_name,ancestry,extension
http://inaturalist-open-data.s3.amazonaws.com/photos/6139270/large.png,Hesperia pahaska williamsi,48460/1/47120/372739/47158/184884/47157/47224/47653/122493/320552/58470/221224,png
http://inaturalist-open-data.s3.amazonaws.com/photos/6202917/large.png,Hesperia pahaska williamsi,48460/1/47120/372739/47158/184884/47157/47224/47653/122493/320552/58470/221224,png
http://inaturalist-open-data.s3.amazonaws.com/photos/6139256/large.png,Hesperia pahaska williamsi,48460/1/47120/372739/47158/184884/47157/47224/47653/122493/320552/58470/221224,png
http://inaturalist-open-data.s3.amazonaws.com/photos/6202916/large.png,Hesperia pahaska williamsi,48460/1/47120/372739/47158/184884/47157/47224/47653/122493/320552/58470/221224,png
http://inaturalist-open-data.s3.amazonaws.com/photos/6396411/large.png,Hesperia pahaska williamsi,48460/1/47120/372739/47158/184884/47157/47224/47653/122493/320552/58470/221224,png
http://inaturalist-open-data.s3.amazonaws.com/photos/6396403/large.png,Hesperia pahaska williamsi,48460/1/47120/372739/47158/184884/47157/47224/47653/122493/320552/58470/221224,png
http://inaturalist-open-data.s3.amazonaws.com/photos/6396400/large.png,Hesperia pahaska williamsi,48460/1/47120/372739/47158/184884/47157/47224/47653/122493/320552/58470/221224,png
http://inaturalist-open-data.s3.amazonaws.com/photos/6396381/large.png,Hesperia pahaska williamsi,48460/1/47120/372739/47158/184884/47157/47224/47653/122493/320552/58470/221224,png
http://inaturalist-open-data.s3.amazonaws.com/photos/6396366/large.png,Hesperia pahaska williamsi,48460/1/47120/372739/47158/184884/47157/47224/47653/122493/320552/58470/221224,png
