photo_url_large,taxon_name,ancestry,extension
http://inaturalist-open-data.s3.amazonaws.com/photos/334575/large.jpg,Hippodamia quinquesignata ambigua,48460/1/47120/372739/47158/184884/47208/71130/372852/471714/48486/333790/333796/48988/221380,jpg
http://inaturalist-open-data.s3.amazonaws.com/photos/334576/large.jpg,Hippodamia quinquesignata ambigua,48460/1/47120/372739/47158/184884/47208/71130/372852/471714/48486/333790/333796/48988/221380,jpg
http://inaturalist-open-data.s3.amazonaws.com/photos/603606/large.jpg,Hippodamia quinquesignata ambigua,48460/1/47120/372739/47158/184884/47208/71130/372852/471714/48486/333790/333796/48988/221380,jpg
http://inaturalist-open-data.s3.amazonaws.com/photos/2126993/large.jpg,Hippodamia quinquesignata ambigua,48460/1/47120/372739/47158/184884/47208/71130/372852/471714/48486/333790/333796/48988/221380,jpg
http://inaturalist-open-data.s3.amazonaws.com/photos/2126998/large.jpg,Hippodamia quinquesignata ambigua,48460/1/47120/372739/47158/184884/47208/71130/372852/471714/48486/333790/333796/48988/221380,jpg
http://inaturalist-open-data.s3.amazonaws.com/photos/2128811/large.JPG,Hippodamia quinquesignata ambigua,48460/1/47120/372739/47158/184884/47208/71130/372852/471714/48486/333790/333796/48988/221380,JPG
http://inaturalist-open-data.s3.amazonaws.com/photos/2128809/large.JPG,Hippodamia quinquesignata ambigua,48460/1/47120/372739/47158/184884/47208/71130/372852/471714/48486/333790/333796/48988/221380,JPG
http://inaturalist-open-data.s3.amazonaws.com/photos/2341873/large.JPG,Hippodamia quinquesignata ambigua,48460/1/47120/372739/47158/184884/47208/71130/372852/471714/48486/333790/333796/48988/221380,JPG
http://inaturalist-open-data.s3.amazonaws.com/photos/2406084/large.JPG,Hippodamia quinquesignata ambigua,48460/1/47120/372739/47158/184884/47208/71130/372852/471714/48486/333790/333796/48988/221380,JPG
http://inaturalist-open-data.s3.amazonaws.com/photos/2531265/large.jpg,Hippodamia quinquesignata ambigua,48460/1/47120/372739/47158/184884/47208/71130/372852/471714/48486/333790/333796/48988/221380,jpg
http://inaturalist-open-data.s3.amazonaws.com/photos/2541608/large.jpg,Hippodamia quinquesignata ambigua,48460/1/47120/372739/47158/184884/47208/71130/372852/471714/48486/333790/333796/48988/221380,jpg
http://inaturalist-open-data.s3.amazonaws.com/photos/2680380/large.jpeg,Hippodamia quinquesignata ambigua,48460/1/47120/372739/47158/184884/47208/71130/372852/471714/48486/333790/333796/48988/221380,jpeg
http://inaturalist-open-data.s3.amazonaws.com/photos/3438505/large.jpg,Hippodamia quinquesignata ambigua,48460/1/47120/372739/47158/184884/47208/71130/372852/471714/48486/333790/333796/48988/221380,jpg
http://inaturalist-open-data.s3.amazonaws.com/photos/3438506/large.jpg,Hippodamia quinquesignata ambigua,48460/1/47120/372739/47158/184884/47208/71130/372852/471714/48486/333790/333796/48988/221380,jpg
http://inaturalist-open-data.s3.amazonaws.com/photos/4405861/large.jpg,Hippodamia quinquesignata ambigua,48460/1/47120/372739/47158/184884/47208/71130/372852/471714/48486/333790/333796/48988/221380,jpg
http://inaturalist-open-data.s3.amazonaws.com/photos/5398045/large.jpeg,Hippodamia quinquesignata ambigua,48460/1/47120/372739/47158/184884/47208/71130/372852/471714/48486/333790/333796/48988/221380,jpeg
http://inaturalist-open-data.s3.amazonaws.com/photos/6504299/large.jpeg,Hippodamia quinquesignata ambigua,48460/1/47120/372739/47158/184884/47208/71130/372852/471714/48486/333790/333796/48988/221380,jpeg
http://inaturalist-open-data.s3.amazonaws.com/photos/7633132/large.jpg,Hippodamia quinquesignata ambigua,48460/1/47120/372739/47158/184884/47208/71130/372852/471714/48486/333790/333796/48988/221380,jpg
http://inaturalist-open-data.s3.amazonaws.com/photos/7920474/large.jpeg,Hippodamia quinquesignata ambigua,48460/1/47120/372739/47158/184884/47208/71130/372852/471714/48486/333790/333796/48988/221380,jpeg
http://inaturalist-open-data.s3.amazonaws.com/photos/7937071/large.jpeg,Hippodamia quinquesignata ambigua,48460/1/47120/372739/47158/184884/47208/71130/372852/471714/48486/333790/333796/48988/221380,jpeg
http://inaturalist-open-data.s3.amazonaws.com/photos/7988243/large.jpeg,Hippodamia quinquesignata ambigua,48460/1/47120/372739/47158/184884/47208/71130/372852/471714/48486/333790/333796/48988/221380,jpeg
http://inaturalist-open-data.s3.amazonaws.com/photos/7988608/large.jpeg,Hippodamia quinquesignata ambigua,48460/1/47120/372739/47158/184884/47208/71130/372852/471714/48486/333790/333796/48988/221380,jpeg
http://inaturalist-open-data.s3.amazonaws.com/photos/7988606/large.jpeg,Hippodamia quinquesignata ambigua,48460/1/47120/372739/47158/184884/47208/71130/372852/471714/48486/333790/333796/48988/221380,jpeg
http://inaturalist-open-data.s3.amazonaws.com/photos/8023186/large.jpg,Hippodamia quinquesignata ambigua,48460/1/47120/372739/47158/184884/47208/71130/372852/471714/48486/333790/333796/48988/221380,jpg
http://inaturalist-open-data.s3.amazonaws.com/photos/8023189/large.jpg,Hippodamia quinquesignata ambigua,48460/1/47120/372739/47158/184884/47208/71130/372852/471714/48486/333790/333796/48988/221380,jpg
http://inaturalist-open-data.s3.amazonaws.com/photos/8027295/large.jpeg,Hippodamia quinquesignata ambigua,48460/1/47120/372739/47158/184884/47208/71130/372852/471714/48486/333790/333796/48988/221380,jpeg
http://inaturalist-open-data.s3.amazonaws.com/photos/8029349/large.jpeg,Hippodamia quinquesignata ambigua,48460/1/47120/372739/47158/184884/47208/71130/372852/471714/48486/333790/333796/48988/221380,jpeg
http://inaturalist-open-data.s3.amazonaws.com/photos/8103469/large.jpeg,Hippodamia quinquesignata ambigua,48460/1/47120/372739/47158/184884/47208/71130/372852/471714/48486/333790/333796/48988/221380,jpeg
http://inaturalist-open-data.s3.amazonaws.com/photos/8115045/large.jpeg,Hippodamia quinquesignata ambigua,48460/1/47120/372739/47158/184884/47208/71130/372852/471714/48486/333790/333796/48988/221380,jpeg
http://inaturalist-open-data.s3.amazonaws.com/photos/16196927/large.jpeg,Hippodamia quinquesignata ambigua,48460/1/47120/372739/47158/184884/47208/71130/372852/471714/48486/333790/333796/48988/221380,jpeg
http://inaturalist-open-data.s3.amazonaws.com/photos/19754517/large.jpg,Hippodamia quinquesignata ambigua,48460/1/47120/372739/47158/184884/47208/71130/372852/471714/48486/333790/333796/48988/221380,jpg
http://inaturalist-open-data.s3.amazonaws.com/photos/19754514/large.jpg,Hippodamia quinquesignata ambigua,48460/1/47120/372739/47158/184884/47208/71130/372852/471714/48486/333790/333796/48988/221380,jpg
http://inaturalist-open-data.s3.amazonaws.com/photos/22416097/large.jpeg,Hippodamia quinquesignata ambigua,48460/1/47120/372739/47158/184884/47208/71130/372852/471714/48486/333790/333796/48988/221380,jpeg
http://inaturalist-open-data.s3.amazonaws.com/photos/23452691/large.jpg,Hippodamia quinquesignata ambigua,48460/1/47120/372739/47158/184884/47208/71130/372852/471714/48486/333790/333796/48988/221380,jpg
http://inaturalist-open-data.s3.amazonaws.com/photos/37458805/large.jpg,Hippodamia quinquesignata ambigua,48460/1/47120/372739/47158/184884/47208/71130/372852/471714/48486/333790/333796/48988/221380,jpg
http://inaturalist-open-data.s3.amazonaws.com/photos/39044500/large.jpeg,Hippodamia quinquesignata ambigua,48460/1/47120/372739/47158/184884/47208/71130/372852/471714/48486/333790/333796/48988/221380,jpeg
http://inaturalist-open-data.s3.amazonaws.com/photos/39044494/large.jpeg,Hippodamia quinquesignata ambigua,48460/1/47120/372739/47158/184884/47208/71130/372852/471714/48486/333790/333796/48988/221380,jpeg
http://inaturalist-open-data.s3.amazonaws.com/photos/39044505/large.jpeg,Hippodamia quinquesignata ambigua,48460/1/47120/372739/47158/184884/47208/71130/372852/471714/48486/333790/333796/48988/221380,jpeg
http://inaturalist-open-data.s3.amazonaws.com/photos/39124067/large.jpeg,Hippodamia quinquesignata ambigua,48460/1/47120/372739/47158/184884/47208/71130/372852/471714/48486/333790/333796/48988/221380,jpeg
http://inaturalist-open-data.s3.amazonaws.com/photos/39124091/large.jpeg,Hippodamia quinquesignata ambigua,48460/1/47120/372739/47158/184884/47208/71130/372852/471714/48486/333790/333796/48988/221380,jpeg
http://inaturalist-open-data.s3.amazonaws.com/photos/40349101/large.jpeg,Hippodamia quinquesignata ambigua,48460/1/47120/372739/47158/184884/47208/71130/372852/471714/48486/333790/333796/48988/221380,jpeg
http://inaturalist-open-data.s3.amazonaws.com/photos/40349091/large.jpeg,Hippodamia quinquesignata ambigua,48460/1/47120/372739/47158/184884/47208/71130/372852/471714/48486/333790/333796/48988/221380,jpeg
http://inaturalist-open-data.s3.amazonaws.com/photos/40349082/large.jpeg,Hippodamia quinquesignata ambigua,48460/1/47120/372739/47158/184884/47208/71130/372852/471714/48486/333790/333796/48988/221380,jpeg
http://inaturalist-open-data.s3.amazonaws.com/photos/40349109/large.jpeg,Hippodamia quinquesignata ambigua,48460/1/47120/372739/47158/184884/47208/71130/372852/471714/48486/333790/333796/48988/221380,jpeg
http://inaturalist-open-data.s3.amazonaws.com/photos/41862562/large.jpg,Hippodamia quinquesignata ambigua,48460/1/47120/372739/47158/184884/47208/71130/372852/471714/48486/333790/333796/48988/221380,jpg
http://inaturalist-open-data.s3.amazonaws.com/photos/41862551/large.jpg,Hippodamia quinquesignata ambigua,48460/1/47120/372739/47158/184884/47208/71130/372852/471714/48486/333790/333796/48988/221380,jpg
http://inaturalist-open-data.s3.amazonaws.com/photos/43991841/large.jpg,Hippodamia quinquesignata ambigua,48460/1/47120/372739/47158/184884/47208/71130/372852/471714/48486/333790/333796/48988/221380,jpg
http://inaturalist-open-data.s3.amazonaws.com/photos/45557883/large.jpg,Hippodamia quinquesignata ambigua,48460/1/47120/372739/47158/184884/47208/71130/372852/471714/48486/333790/333796/48988/221380,jpg
http://inaturalist-open-data.s3.amazonaws.com/photos/45601493/large.jpg,Hippodamia quinquesignata ambigua,48460/1/47120/372739/47158/184884/47208/71130/372852/471714/48486/333790/333796/48988/221380,jpg
http://inaturalist-open-data.s3.amazonaws.com/photos/45601488/large.jpg,Hippodamia quinquesignata ambigua,48460/1/47120/372739/47158/184884/47208/71130/372852/471714/48486/333790/333796/48988/221380,jpg
http://inaturalist-open-data.s3.amazonaws.com/photos/47289183/large.jpg,Hippodamia quinquesignata ambigua,48460/1/47120/372739/47158/184884/47208/71130/372852/471714/48486/333790/333796/48988/221380,jpg
http://inaturalist-open-data.s3.amazonaws.com/photos/47373869/large.jpeg,Hippodamia quinquesignata ambigua,48460/1/47120/372739/47158/184884/47208/71130/372852/471714/48486/333790/333796/48988/221380,jpeg
http://inaturalist-open-data.s3.amazonaws.com/photos/49662279/large.jpg,Hippodamia quinquesignata ambigua,48460/1/47120/372739/47158/184884/47208/71130/372852/471714/48486/333790/333796/48988/221380,jpg
http://inaturalist-open-data.s3.amazonaws.com/photos/49662271/large.jpeg,Hippodamia quinquesignata ambigua,48460/1/47120/372739/47158/184884/47208/71130/372852/471714/48486/333790/333796/48988/221380,jpeg
http://inaturalist-open-data.s3.amazonaws.com/photos/49947222/large.jpg,Hippodamia quinquesignata ambigua,48460/1/47120/372739/47158/184884/47208/71130/372852/471714/48486/333790/333796/48988/221380,jpg
http://inaturalist-open-data.s3.amazonaws.com/photos/49947196/large.jpg,Hippodamia quinquesignata ambigua,48460/1/47120/372739/47158/184884/47208/71130/372852/471714/48486/333790/333796/48988/221380,jpg
http://inaturalist-open-data.s3.amazonaws.com/photos/49947214/large.jpg,Hippodamia quinquesignata ambigua,48460/1/47120/372739/47158/184884/47208/71130/372852/471714/48486/333790/333796/48988/221380,jpg
http://inaturalist-open-data.s3.amazonaws.com/photos/49947203/large.jpg,Hippodamia quinquesignata ambigua,48460/1/47120/372739/47158/184884/47208/71130/372852/471714/48486/333790/333796/48988/221380,jpg
http://inaturalist-open-data.s3.amazonaws.com/photos/50195268/large.jpg,Hippodamia quinquesignata ambigua,48460/1/47120/372739/47158/184884/47208/71130/372852/471714/48486/333790/333796/48988/221380,jpg
http://inaturalist-open-data.s3.amazonaws.com/photos/50205412/large.jpg,Hippodamia quinquesignata ambigua,48460/1/47120/372739/47158/184884/47208/71130/372852/471714/48486/333790/333796/48988/221380,jpg
http://inaturalist-open-data.s3.amazonaws.com/photos/50205437/large.jpg,Hippodamia quinquesignata ambigua,48460/1/47120/372739/47158/184884/47208/71130/372852/471714/48486/333790/333796/48988/221380,jpg
http://inaturalist-open-data.s3.amazonaws.com/photos/50205406/large.jpg,Hippodamia quinquesignata ambigua,48460/1/47120/372739/47158/184884/47208/71130/372852/471714/48486/333790/333796/48988/221380,jpg
http://inaturalist-open-data.s3.amazonaws.com/photos/50205422/large.jpg,Hippodamia quinquesignata ambigua,48460/1/47120/372739/47158/184884/47208/71130/372852/471714/48486/333790/333796/48988/221380,jpg
http://inaturalist-open-data.s3.amazonaws.com/photos/51574099/large.jpeg,Hippodamia quinquesignata ambigua,48460/1/47120/372739/47158/184884/47208/71130/372852/471714/48486/333790/333796/48988/221380,jpeg
http://inaturalist-open-data.s3.amazonaws.com/photos/51574106/large.jpeg,Hippodamia quinquesignata ambigua,48460/1/47120/372739/47158/184884/47208/71130/372852/471714/48486/333790/333796/48988/221380,jpeg
http://inaturalist-open-data.s3.amazonaws.com/photos/54960388/large.jpg,Hippodamia quinquesignata ambigua,48460/1/47120/372739/47158/184884/47208/71130/372852/471714/48486/333790/333796/48988/221380,jpg
http://inaturalist-open-data.s3.amazonaws.com/photos/57871667/large.jpeg,Hippodamia quinquesignata ambigua,48460/1/47120/372739/47158/184884/47208/71130/372852/471714/48486/333790/333796/48988/221380,jpeg
http://inaturalist-open-data.s3.amazonaws.com/photos/57871775/large.jpeg,Hippodamia quinquesignata ambigua,48460/1/47120/372739/47158/184884/47208/71130/372852/471714/48486/333790/333796/48988/221380,jpeg
http://inaturalist-open-data.s3.amazonaws.com/photos/57871777/large.jpeg,Hippodamia quinquesignata ambigua,48460/1/47120/372739/47158/184884/47208/71130/372852/471714/48486/333790/333796/48988/221380,jpeg
http://inaturalist-open-data.s3.amazonaws.com/photos/57871781/large.jpeg,Hippodamia quinquesignata ambigua,48460/1/47120/372739/47158/184884/47208/71130/372852/471714/48486/333790/333796/48988/221380,jpeg
http://inaturalist-open-data.s3.amazonaws.com/photos/58197420/large.jpg,Hippodamia quinquesignata ambigua,48460/1/47120/372739/47158/184884/47208/71130/372852/471714/48486/333790/333796/48988/221380,jpg
http://inaturalist-open-data.s3.amazonaws.com/photos/58197421/large.jpg,Hippodamia quinquesignata ambigua,48460/1/47120/372739/47158/184884/47208/71130/372852/471714/48486/333790/333796/48988/221380,jpg
http://inaturalist-open-data.s3.amazonaws.com/photos/58197425/large.jpg,Hippodamia quinquesignata ambigua,48460/1/47120/372739/47158/184884/47208/71130/372852/471714/48486/333790/333796/48988/221380,jpg
http://inaturalist-open-data.s3.amazonaws.com/photos/61927649/large.jpg,Hippodamia quinquesignata ambigua,48460/1/47120/372739/47158/184884/47208/71130/372852/471714/48486/333790/333796/48988/221380,jpg
http://inaturalist-open-data.s3.amazonaws.com/photos/64900148/large.jpeg,Hippodamia quinquesignata ambigua,48460/1/47120/372739/47158/184884/47208/71130/372852/471714/48486/333790/333796/48988/221380,jpeg
http://inaturalist-open-data.s3.amazonaws.com/photos/64900160/large.jpeg,Hippodamia quinquesignata ambigua,48460/1/47120/372739/47158/184884/47208/71130/372852/471714/48486/333790/333796/48988/221380,jpeg
http://inaturalist-open-data.s3.amazonaws.com/photos/66215563/large.jpeg,Hippodamia quinquesignata ambigua,48460/1/47120/372739/47158/184884/47208/71130/372852/471714/48486/333790/333796/48988/221380,jpeg
http://inaturalist-open-data.s3.amazonaws.com/photos/66215574/large.jpeg,Hippodamia quinquesignata ambigua,48460/1/47120/372739/47158/184884/47208/71130/372852/471714/48486/333790/333796/48988/221380,jpeg
http://inaturalist-open-data.s3.amazonaws.com/photos/72541819/large.jpg,Hippodamia quinquesignata ambigua,48460/1/47120/372739/47158/184884/47208/71130/372852/471714/48486/333790/333796/48988/221380,jpg
http://inaturalist-open-data.s3.amazonaws.com/photos/72541844/large.jpg,Hippodamia quinquesignata ambigua,48460/1/47120/372739/47158/184884/47208/71130/372852/471714/48486/333790/333796/48988/221380,jpg
http://inaturalist-open-data.s3.amazonaws.com/photos/72565416/large.jpg,Hippodamia quinquesignata ambigua,48460/1/47120/372739/47158/184884/47208/71130/372852/471714/48486/333790/333796/48988/221380,jpg
http://inaturalist-open-data.s3.amazonaws.com/photos/72565441/large.jpg,Hippodamia quinquesignata ambigua,48460/1/47120/372739/47158/184884/47208/71130/372852/471714/48486/333790/333796/48988/221380,jpg
http://inaturalist-open-data.s3.amazonaws.com/photos/72565395/large.jpg,Hippodamia quinquesignata ambigua,48460/1/47120/372739/47158/184884/47208/71130/372852/471714/48486/333790/333796/48988/221380,jpg
http://inaturalist-open-data.s3.amazonaws.com/photos/77625763/large.jpg,Hippodamia quinquesignata ambigua,48460/1/47120/372739/47158/184884/47208/71130/372852/471714/48486/333790/333796/48988/221380,jpg
http://inaturalist-open-data.s3.amazonaws.com/photos/77628666/large.jpg,Hippodamia quinquesignata ambigua,48460/1/47120/372739/47158/184884/47208/71130/372852/471714/48486/333790/333796/48988/221380,jpg
http://inaturalist-open-data.s3.amazonaws.com/photos/81319208/large.jpg,Hippodamia quinquesignata ambigua,48460/1/47120/372739/47158/184884/47208/71130/372852/471714/48486/333790/333796/48988/221380,jpg
http://inaturalist-open-data.s3.amazonaws.com/photos/87050014/large.jpg,Hippodamia quinquesignata ambigua,48460/1/47120/372739/47158/184884/47208/71130/372852/471714/48486/333790/333796/48988/221380,jpg
http://inaturalist-open-data.s3.amazonaws.com/photos/99747197/large.jpg,Hippodamia quinquesignata ambigua,48460/1/47120/372739/47158/184884/47208/71130/372852/471714/48486/333790/333796/48988/221380,jpg
http://inaturalist-open-data.s3.amazonaws.com/photos/100405093/large.jpg,Hippodamia quinquesignata ambigua,48460/1/47120/372739/47158/184884/47208/71130/372852/471714/48486/333790/333796/48988/221380,jpg
http://inaturalist-open-data.s3.amazonaws.com/photos/100405027/large.jpg,Hippodamia quinquesignata ambigua,48460/1/47120/372739/47158/184884/47208/71130/372852/471714/48486/333790/333796/48988/221380,jpg
http://inaturalist-open-data.s3.amazonaws.com/photos/100404728/large.jpg,Hippodamia quinquesignata ambigua,48460/1/47120/372739/47158/184884/47208/71130/372852/471714/48486/333790/333796/48988/221380,jpg
http://inaturalist-open-data.s3.amazonaws.com/photos/104984996/large.jpeg,Hippodamia quinquesignata ambigua,48460/1/47120/372739/47158/184884/47208/71130/372852/471714/48486/333790/333796/48988/221380,jpeg
http://inaturalist-open-data.s3.amazonaws.com/photos/117640398/large.jpg,Hippodamia quinquesignata ambigua,48460/1/47120/372739/47158/184884/47208/71130/372852/471714/48486/333790/333796/48988/221380,jpg
http://inaturalist-open-data.s3.amazonaws.com/photos/125214091/large.jpg,Hippodamia quinquesignata ambigua,48460/1/47120/372739/47158/184884/47208/71130/372852/471714/48486/333790/333796/48988/221380,jpg
http://inaturalist-open-data.s3.amazonaws.com/photos/125214172/large.jpg,Hippodamia quinquesignata ambigua,48460/1/47120/372739/47158/184884/47208/71130/372852/471714/48486/333790/333796/48988/221380,jpg
http://inaturalist-open-data.s3.amazonaws.com/photos/126432182/large.jpeg,Hippodamia quinquesignata ambigua,48460/1/47120/372739/47158/184884/47208/71130/372852/471714/48486/333790/333796/48988/221380,jpeg
http://inaturalist-open-data.s3.amazonaws.com/photos/145587816/large.jpeg,Hippodamia quinquesignata ambigua,48460/1/47120/372739/47158/184884/47208/71130/372852/471714/48486/333790/333796/48988/221380,jpeg
http://inaturalist-open-data.s3.amazonaws.com/photos/145587826/large.jpeg,Hippodamia quinquesignata ambigua,48460/1/47120/372739/47158/184884/47208/71130/372852/471714/48486/333790/333796/48988/221380,jpeg
http://inaturalist-open-data.s3.amazonaws.com/photos/145587831/large.jpeg,Hippodamia quinquesignata ambigua,48460/1/47120/372739/47158/184884/47208/71130/372852/471714/48486/333790/333796/48988/221380,jpeg
http://inaturalist-open-data.s3.amazonaws.com/photos/145845918/large.jpeg,Hippodamia quinquesignata ambigua,48460/1/47120/372739/47158/184884/47208/71130/372852/471714/48486/333790/333796/48988/221380,jpeg
