photo_url_large,taxon_name,ancestry,extension
http://inaturalist-open-data.s3.amazonaws.com/photos/32955475/large.jpeg,Hyposcada illinissa ilerdinoides,48460/1/47120/372739/47158/184884/47157/47224/47922/61244/134170/247796/526072,jpeg
http://inaturalist-open-data.s3.amazonaws.com/photos/32955480/large.jpeg,Hyposcada illinissa ilerdinoides,48460/1/47120/372739/47158/184884/47157/47224/47922/61244/134170/247796/526072,jpeg
http://inaturalist-open-data.s3.amazonaws.com/photos/32955486/large.jpeg,Hyposcada illinissa ilerdinoides,48460/1/47120/372739/47158/184884/47157/47224/47922/61244/134170/247796/526072,jpeg
http://inaturalist-open-data.s3.amazonaws.com/photos/32955493/large.jpeg,Hyposcada illinissa ilerdinoides,48460/1/47120/372739/47158/184884/47157/47224/47922/61244/134170/247796/526072,jpeg
http://inaturalist-open-data.s3.amazonaws.com/photos/32955496/large.jpeg,Hyposcada illinissa ilerdinoides,48460/1/47120/372739/47158/184884/47157/47224/47922/61244/134170/247796/526072,jpeg
http://inaturalist-open-data.s3.amazonaws.com/photos/32955500/large.jpeg,Hyposcada illinissa ilerdinoides,48460/1/47120/372739/47158/184884/47157/47224/47922/61244/134170/247796/526072,jpeg
http://inaturalist-open-data.s3.amazonaws.com/photos/32955504/large.jpeg,Hyposcada illinissa ilerdinoides,48460/1/47120/372739/47158/184884/47157/47224/47922/61244/134170/247796/526072,jpeg
http://inaturalist-open-data.s3.amazonaws.com/photos/97717581/large.jpg,Hyposcada illinissa ilerdinoides,48460/1/47120/372739/47158/184884/47157/47224/47922/61244/134170/247796/526072,jpg
http://inaturalist-open-data.s3.amazonaws.com/photos/97717588/large.jpg,Hyposcada illinissa ilerdinoides,48460/1/47120/372739/47158/184884/47157/47224/47922/61244/134170/247796/526072,jpg
http://inaturalist-open-data.s3.amazonaws.com/photos/97717592/large.jpg,Hyposcada illinissa ilerdinoides,48460/1/47120/372739/47158/184884/47157/47224/47922/61244/134170/247796/526072,jpg
