photo_url_large,taxon_name,ancestry,extension
http://inaturalist-open-data.s3.amazonaws.com/photos/40291946/large.jpg,Hypoleria sarepta famina,48460/1/47120/372739/47158/184884/47157/47224/47922/61244/134170/247795/700590,jpg
http://inaturalist-open-data.s3.amazonaws.com/photos/40326721/large.jpg,Hypoleria sarepta famina,48460/1/47120/372739/47158/184884/47157/47224/47922/61244/134170/247795/700590,jpg
http://inaturalist-open-data.s3.amazonaws.com/photos/40833080/large.jpg,Hypoleria sarepta famina,48460/1/47120/372739/47158/184884/47157/47224/47922/61244/134170/247795/700590,jpg
http://inaturalist-open-data.s3.amazonaws.com/photos/49762392/large.jpg,Hypoleria sarepta famina,48460/1/47120/372739/47158/184884/47157/47224/47922/61244/134170/247795/700590,jpg
