photo_url_large,taxon_name,ancestry,extension
http://inaturalist-open-data.s3.amazonaws.com/photos/26838603/large.jpg,Hypocysta adiante antirius,48460/1/47120/372739/47158/184884/47157/47224/47922/58597/58598/202100/244227/333743,jpg
http://inaturalist-open-data.s3.amazonaws.com/photos/40411318/large.jpeg,Hypocysta adiante antirius,48460/1/47120/372739/47158/184884/47157/47224/47922/58597/58598/202100/244227/333743,jpeg
http://inaturalist-open-data.s3.amazonaws.com/photos/40411319/large.jpeg,Hypocysta adiante antirius,48460/1/47120/372739/47158/184884/47157/47224/47922/58597/58598/202100/244227/333743,jpeg
http://inaturalist-open-data.s3.amazonaws.com/photos/96108395/large.jpeg,Hypocysta adiante antirius,48460/1/47120/372739/47158/184884/47157/47224/47922/58597/58598/202100/244227/333743,jpeg
http://inaturalist-open-data.s3.amazonaws.com/photos/133524422/large.jpg,Hypocysta adiante antirius,48460/1/47120/372739/47158/184884/47157/47224/47922/58597/58598/202100/244227/333743,jpg
http://inaturalist-open-data.s3.amazonaws.com/photos/133524421/large.jpg,Hypocysta adiante antirius,48460/1/47120/372739/47158/184884/47157/47224/47922/58597/58598/202100/244227/333743,jpg
http://inaturalist-open-data.s3.amazonaws.com/photos/133991035/large.jpg,Hypocysta adiante antirius,48460/1/47120/372739/47158/184884/47157/47224/47922/58597/58598/202100/244227/333743,jpg
http://inaturalist-open-data.s3.amazonaws.com/photos/138481061/large.jpeg,Hypocysta adiante antirius,48460/1/47120/372739/47158/184884/47157/47224/47922/58597/58598/202100/244227/333743,jpeg
http://inaturalist-open-data.s3.amazonaws.com/photos/138481050/large.jpeg,Hypocysta adiante antirius,48460/1/47120/372739/47158/184884/47157/47224/47922/58597/58598/202100/244227/333743,jpeg
http://inaturalist-open-data.s3.amazonaws.com/photos/141849002/large.jpg,Hypocysta adiante antirius,48460/1/47120/372739/47158/184884/47157/47224/47922/58597/58598/202100/244227/333743,jpg
http://inaturalist-open-data.s3.amazonaws.com/photos/157466251/large.jpeg,Hypocysta adiante antirius,48460/1/47120/372739/47158/184884/47157/47224/47922/58597/58598/202100/244227/333743,jpeg
