photo_url_large,taxon_name,ancestry,extension
http://inaturalist-open-data.s3.amazonaws.com/photos/8880591/large.jpeg,Hypothyris lycaste callispila,48460/1/47120/372739/47158/184884/47157/47224/47922/61244/134170/83586/293993,jpeg
http://inaturalist-open-data.s3.amazonaws.com/photos/99576941/large.jpeg,Hypothyris lycaste callispila,48460/1/47120/372739/47158/184884/47157/47224/47922/61244/134170/83586/293993,jpeg
http://inaturalist-open-data.s3.amazonaws.com/photos/107515718/large.jpg,Hypothyris lycaste callispila,48460/1/47120/372739/47158/184884/47157/47224/47922/61244/134170/83586/293993,jpg
http://inaturalist-open-data.s3.amazonaws.com/photos/107516064/large.jpg,Hypothyris lycaste callispila,48460/1/47120/372739/47158/184884/47157/47224/47922/61244/134170/83586/293993,jpg
