photo_url_large,taxon_name,ancestry,extension
http://inaturalist-open-data.s3.amazonaws.com/photos/3060423/large.JPG,Icaricia icarioides austinorum,48460/1/47120/372739/47158/184884/47157/47224/47923/58558/125833/522678/520397/520457,JPG
http://inaturalist-open-data.s3.amazonaws.com/photos/3060424/large.JPG,Icaricia icarioides austinorum,48460/1/47120/372739/47158/184884/47157/47224/47923/58558/125833/522678/520397/520457,JPG
http://inaturalist-open-data.s3.amazonaws.com/photos/8640354/large.jpeg,Icaricia icarioides austinorum,48460/1/47120/372739/47158/184884/47157/47224/47923/58558/125833/522678/520397/520457,jpeg
http://inaturalist-open-data.s3.amazonaws.com/photos/20561656/large.jpg,Icaricia icarioides austinorum,48460/1/47120/372739/47158/184884/47157/47224/47923/58558/125833/522678/520397/520457,jpg
http://inaturalist-open-data.s3.amazonaws.com/photos/20561307/large.jpg,Icaricia icarioides austinorum,48460/1/47120/372739/47158/184884/47157/47224/47923/58558/125833/522678/520397/520457,jpg
http://inaturalist-open-data.s3.amazonaws.com/photos/20562909/large.jpg,Icaricia icarioides austinorum,48460/1/47120/372739/47158/184884/47157/47224/47923/58558/125833/522678/520397/520457,jpg
http://inaturalist-open-data.s3.amazonaws.com/photos/20562817/large.jpg,Icaricia icarioides austinorum,48460/1/47120/372739/47158/184884/47157/47224/47923/58558/125833/522678/520397/520457,jpg
http://inaturalist-open-data.s3.amazonaws.com/photos/20562891/large.jpg,Icaricia icarioides austinorum,48460/1/47120/372739/47158/184884/47157/47224/47923/58558/125833/522678/520397/520457,jpg
http://inaturalist-open-data.s3.amazonaws.com/photos/44948186/large.jpg,Icaricia icarioides austinorum,48460/1/47120/372739/47158/184884/47157/47224/47923/58558/125833/522678/520397/520457,jpg
http://inaturalist-open-data.s3.amazonaws.com/photos/44948156/large.jpg,Icaricia icarioides austinorum,48460/1/47120/372739/47158/184884/47157/47224/47923/58558/125833/522678/520397/520457,jpg
http://inaturalist-open-data.s3.amazonaws.com/photos/44948172/large.jpg,Icaricia icarioides austinorum,48460/1/47120/372739/47158/184884/47157/47224/47923/58558/125833/522678/520397/520457,jpg
http://inaturalist-open-data.s3.amazonaws.com/photos/44948140/large.jpg,Icaricia icarioides austinorum,48460/1/47120/372739/47158/184884/47157/47224/47923/58558/125833/522678/520397/520457,jpg
http://inaturalist-open-data.s3.amazonaws.com/photos/44950257/large.jpg,Icaricia icarioides austinorum,48460/1/47120/372739/47158/184884/47157/47224/47923/58558/125833/522678/520397/520457,jpg
http://inaturalist-open-data.s3.amazonaws.com/photos/44950245/large.jpg,Icaricia icarioides austinorum,48460/1/47120/372739/47158/184884/47157/47224/47923/58558/125833/522678/520397/520457,jpg
http://inaturalist-open-data.s3.amazonaws.com/photos/44950221/large.jpg,Icaricia icarioides austinorum,48460/1/47120/372739/47158/184884/47157/47224/47923/58558/125833/522678/520397/520457,jpg
http://inaturalist-open-data.s3.amazonaws.com/photos/44950181/large.jpg,Icaricia icarioides austinorum,48460/1/47120/372739/47158/184884/47157/47224/47923/58558/125833/522678/520397/520457,jpg
http://inaturalist-open-data.s3.amazonaws.com/photos/44954258/large.jpg,Icaricia icarioides austinorum,48460/1/47120/372739/47158/184884/47157/47224/47923/58558/125833/522678/520397/520457,jpg
http://inaturalist-open-data.s3.amazonaws.com/photos/44954215/large.jpg,Icaricia icarioides austinorum,48460/1/47120/372739/47158/184884/47157/47224/47923/58558/125833/522678/520397/520457,jpg
http://inaturalist-open-data.s3.amazonaws.com/photos/44954239/large.jpg,Icaricia icarioides austinorum,48460/1/47120/372739/47158/184884/47157/47224/47923/58558/125833/522678/520397/520457,jpg
http://inaturalist-open-data.s3.amazonaws.com/photos/44954278/large.jpg,Icaricia icarioides austinorum,48460/1/47120/372739/47158/184884/47157/47224/47923/58558/125833/522678/520397/520457,jpg
http://inaturalist-open-data.s3.amazonaws.com/photos/86496249/large.jpg,Icaricia icarioides austinorum,48460/1/47120/372739/47158/184884/47157/47224/47923/58558/125833/522678/520397/520457,jpg
http://inaturalist-open-data.s3.amazonaws.com/photos/86496267/large.jpg,Icaricia icarioides austinorum,48460/1/47120/372739/47158/184884/47157/47224/47923/58558/125833/522678/520397/520457,jpg
