photo_url_large,taxon_name,ancestry,extension
http://inaturalist-open-data.s3.amazonaws.com/photos/9351601/large.jpg,Icaricia icarioides montis,48460/1/47120/372739/47158/184884/47157/47224/47923/58558/125833/522678/520397/520457,jpg
http://inaturalist-open-data.s3.amazonaws.com/photos/9351582/large.jpg,Icaricia icarioides montis,48460/1/47120/372739/47158/184884/47157/47224/47923/58558/125833/522678/520397/520457,jpg
http://inaturalist-open-data.s3.amazonaws.com/photos/9420143/large.jpg,Icaricia icarioides montis,48460/1/47120/372739/47158/184884/47157/47224/47923/58558/125833/522678/520397/520457,jpg
http://inaturalist-open-data.s3.amazonaws.com/photos/21807141/large.jpg,Icaricia icarioides montis,48460/1/47120/372739/47158/184884/47157/47224/47923/58558/125833/522678/520397/520457,jpg
