photo_url_large,taxon_name,ancestry,extension
http://inaturalist-open-data.s3.amazonaws.com/photos/15398507/large.jpg,Iolaus silarus silarus,48460/1/47120/372739/47158/184884/47157/47224/47923/125830/125831/89124/460407,jpg
http://inaturalist-open-data.s3.amazonaws.com/photos/15423929/large.jpg,Iolaus silarus silarus,48460/1/47120/372739/47158/184884/47157/47224/47923/125830/125831/89124/460407,jpg
http://inaturalist-open-data.s3.amazonaws.com/photos/15429071/large.jpg,Iolaus silarus silarus,48460/1/47120/372739/47158/184884/47157/47224/47923/125830/125831/89124/460407,jpg
http://inaturalist-open-data.s3.amazonaws.com/photos/15429057/large.jpg,Iolaus silarus silarus,48460/1/47120/372739/47158/184884/47157/47224/47923/125830/125831/89124/460407,jpg
http://inaturalist-open-data.s3.amazonaws.com/photos/15429054/large.jpg,Iolaus silarus silarus,48460/1/47120/372739/47158/184884/47157/47224/47923/125830/125831/89124/460407,jpg
http://inaturalist-open-data.s3.amazonaws.com/photos/15429061/large.jpg,Iolaus silarus silarus,48460/1/47120/372739/47158/184884/47157/47224/47923/125830/125831/89124/460407,jpg
http://inaturalist-open-data.s3.amazonaws.com/photos/15429062/large.jpg,Iolaus silarus silarus,48460/1/47120/372739/47158/184884/47157/47224/47923/125830/125831/89124/460407,jpg
http://inaturalist-open-data.s3.amazonaws.com/photos/15429065/large.jpg,Iolaus silarus silarus,48460/1/47120/372739/47158/184884/47157/47224/47923/125830/125831/89124/460407,jpg
http://inaturalist-open-data.s3.amazonaws.com/photos/15429067/large.jpg,Iolaus silarus silarus,48460/1/47120/372739/47158/184884/47157/47224/47923/125830/125831/89124/460407,jpg
http://inaturalist-open-data.s3.amazonaws.com/photos/28593272/large.jpeg,Iolaus silarus silarus,48460/1/47120/372739/47158/184884/47157/47224/47923/125830/125831/89124/460407,jpeg
http://inaturalist-open-data.s3.amazonaws.com/photos/28593219/large.jpg,Iolaus silarus silarus,48460/1/47120/372739/47158/184884/47157/47224/47923/125830/125831/89124/460407,jpg
http://inaturalist-open-data.s3.amazonaws.com/photos/28593258/large.jpeg,Iolaus silarus silarus,48460/1/47120/372739/47158/184884/47157/47224/47923/125830/125831/89124/460407,jpeg
http://inaturalist-open-data.s3.amazonaws.com/photos/28593348/large.jpeg,Iolaus silarus silarus,48460/1/47120/372739/47158/184884/47157/47224/47923/125830/125831/89124/460407,jpeg
http://inaturalist-open-data.s3.amazonaws.com/photos/38439674/large.jpeg,Iolaus silarus silarus,48460/1/47120/372739/47158/184884/47157/47224/47923/125830/125831/89124/460407,jpeg
http://inaturalist-open-data.s3.amazonaws.com/photos/38439704/large.jpeg,Iolaus silarus silarus,48460/1/47120/372739/47158/184884/47157/47224/47923/125830/125831/89124/460407,jpeg
http://inaturalist-open-data.s3.amazonaws.com/photos/40896724/large.jpg,Iolaus silarus silarus,48460/1/47120/372739/47158/184884/47157/47224/47923/125830/125831/89124/460407,jpg
http://inaturalist-open-data.s3.amazonaws.com/photos/40896777/large.jpg,Iolaus silarus silarus,48460/1/47120/372739/47158/184884/47157/47224/47923/125830/125831/89124/460407,jpg
http://inaturalist-open-data.s3.amazonaws.com/photos/50492542/large.jpg,Iolaus silarus silarus,48460/1/47120/372739/47158/184884/47157/47224/47923/125830/125831/89124/460407,jpg
http://inaturalist-open-data.s3.amazonaws.com/photos/66786795/large.jpg,Iolaus silarus silarus,48460/1/47120/372739/47158/184884/47157/47224/47923/125830/125831/89124/460407,jpg
http://inaturalist-open-data.s3.amazonaws.com/photos/66784982/large.jpg,Iolaus silarus silarus,48460/1/47120/372739/47158/184884/47157/47224/47923/125830/125831/89124/460407,jpg
http://inaturalist-open-data.s3.amazonaws.com/photos/66786800/large.jpg,Iolaus silarus silarus,48460/1/47120/372739/47158/184884/47157/47224/47923/125830/125831/89124/460407,jpg
http://inaturalist-open-data.s3.amazonaws.com/photos/66796540/large.jpg,Iolaus silarus silarus,48460/1/47120/372739/47158/184884/47157/47224/47923/125830/125831/89124/460407,jpg
http://inaturalist-open-data.s3.amazonaws.com/photos/74942259/large.jpg,Iolaus silarus silarus,48460/1/47120/372739/47158/184884/47157/47224/47923/125830/125831/89124/460407,jpg
http://inaturalist-open-data.s3.amazonaws.com/photos/74935491/large.jpg,Iolaus silarus silarus,48460/1/47120/372739/47158/184884/47157/47224/47923/125830/125831/89124/460407,jpg
http://inaturalist-open-data.s3.amazonaws.com/photos/74935500/large.jpg,Iolaus silarus silarus,48460/1/47120/372739/47158/184884/47157/47224/47923/125830/125831/89124/460407,jpg
http://inaturalist-open-data.s3.amazonaws.com/photos/74934886/large.jpg,Iolaus silarus silarus,48460/1/47120/372739/47158/184884/47157/47224/47923/125830/125831/89124/460407,jpg
http://inaturalist-open-data.s3.amazonaws.com/photos/74942269/large.jpg,Iolaus silarus silarus,48460/1/47120/372739/47158/184884/47157/47224/47923/125830/125831/89124/460407,jpg
http://inaturalist-open-data.s3.amazonaws.com/photos/74942267/large.jpg,Iolaus silarus silarus,48460/1/47120/372739/47158/184884/47157/47224/47923/125830/125831/89124/460407,jpg
http://inaturalist-open-data.s3.amazonaws.com/photos/74942355/large.jpg,Iolaus silarus silarus,48460/1/47120/372739/47158/184884/47157/47224/47923/125830/125831/89124/460407,jpg
http://inaturalist-open-data.s3.amazonaws.com/photos/74942338/large.jpg,Iolaus silarus silarus,48460/1/47120/372739/47158/184884/47157/47224/47923/125830/125831/89124/460407,jpg
http://inaturalist-open-data.s3.amazonaws.com/photos/74942058/large.jpg,Iolaus silarus silarus,48460/1/47120/372739/47158/184884/47157/47224/47923/125830/125831/89124/460407,jpg
http://inaturalist-open-data.s3.amazonaws.com/photos/74942235/large.jpg,Iolaus silarus silarus,48460/1/47120/372739/47158/184884/47157/47224/47923/125830/125831/89124/460407,jpg
http://inaturalist-open-data.s3.amazonaws.com/photos/74942201/large.jpg,Iolaus silarus silarus,48460/1/47120/372739/47158/184884/47157/47224/47923/125830/125831/89124/460407,jpg
http://inaturalist-open-data.s3.amazonaws.com/photos/74942055/large.jpg,Iolaus silarus silarus,48460/1/47120/372739/47158/184884/47157/47224/47923/125830/125831/89124/460407,jpg
http://inaturalist-open-data.s3.amazonaws.com/photos/74942109/large.jpg,Iolaus silarus silarus,48460/1/47120/372739/47158/184884/47157/47224/47923/125830/125831/89124/460407,jpg
