photo_url_large,taxon_name,ancestry,extension
http://inaturalist-open-data.s3.amazonaws.com/photos/2440378/large.jpeg,Isapis agyrtus hera,48460/1/47120/372739/47158/184884/47157/47224/59166/522808/522809/247800/258095,jpeg
http://inaturalist-open-data.s3.amazonaws.com/photos/2440384/large.jpeg,Isapis agyrtus hera,48460/1/47120/372739/47158/184884/47157/47224/59166/522808/522809/247800/258095,jpeg
http://inaturalist-open-data.s3.amazonaws.com/photos/2440385/large.jpeg,Isapis agyrtus hera,48460/1/47120/372739/47158/184884/47157/47224/59166/522808/522809/247800/258095,jpeg
http://inaturalist-open-data.s3.amazonaws.com/photos/9832599/large.jpeg,Isapis agyrtus hera,48460/1/47120/372739/47158/184884/47157/47224/59166/522808/522809/247800/258095,jpeg
http://inaturalist-open-data.s3.amazonaws.com/photos/33915497/large.jpg,Isapis agyrtus hera,48460/1/47120/372739/47158/184884/47157/47224/59166/522808/522809/247800/258095,jpg
http://inaturalist-open-data.s3.amazonaws.com/photos/34473369/large.jpg,Isapis agyrtus hera,48460/1/47120/372739/47158/184884/47157/47224/59166/522808/522809/247800/258095,jpg
http://inaturalist-open-data.s3.amazonaws.com/photos/34473382/large.jpg,Isapis agyrtus hera,48460/1/47120/372739/47158/184884/47157/47224/59166/522808/522809/247800/258095,jpg
http://inaturalist-open-data.s3.amazonaws.com/photos/57557691/large.jpg,Isapis agyrtus hera,48460/1/47120/372739/47158/184884/47157/47224/59166/522808/522809/247800/258095,jpg
http://inaturalist-open-data.s3.amazonaws.com/photos/160378686/large.jpeg,Isapis agyrtus hera,48460/1/47120/372739/47158/184884/47157/47224/59166/522808/522809/247800/258095,jpeg
http://inaturalist-open-data.s3.amazonaws.com/photos/160465854/large.jpeg,Isapis agyrtus hera,48460/1/47120/372739/47158/184884/47157/47224/59166/522808/522809/247800/258095,jpeg
