photo_url_large,taxon_name,ancestry,extension
http://inaturalist-open-data.s3.amazonaws.com/photos/3526158/large.JPG,Julodis pubescens yvenii,48460/1/47120/372739/47158/184884/47208/71130/372854/54965/54964/510103/434491/494075,JPG
http://inaturalist-open-data.s3.amazonaws.com/photos/3526160/large.JPG,Julodis pubescens yvenii,48460/1/47120/372739/47158/184884/47208/71130/372854/54965/54964/510103/434491/494075,JPG
http://inaturalist-open-data.s3.amazonaws.com/photos/4274083/large.jpg,Julodis pubescens yvenii,48460/1/47120/372739/47158/184884/47208/71130/372854/54965/54964/510103/434491/494075,jpg
http://inaturalist-open-data.s3.amazonaws.com/photos/7663772/large.jpeg,Julodis pubescens yvenii,48460/1/47120/372739/47158/184884/47208/71130/372854/54965/54964/510103/434491/494075,jpeg
http://inaturalist-open-data.s3.amazonaws.com/photos/7718287/large.jpeg,Julodis pubescens yvenii,48460/1/47120/372739/47158/184884/47208/71130/372854/54965/54964/510103/434491/494075,jpeg
http://inaturalist-open-data.s3.amazonaws.com/photos/7718292/large.jpeg,Julodis pubescens yvenii,48460/1/47120/372739/47158/184884/47208/71130/372854/54965/54964/510103/434491/494075,jpeg
http://inaturalist-open-data.s3.amazonaws.com/photos/7740452/large.jpeg,Julodis pubescens yvenii,48460/1/47120/372739/47158/184884/47208/71130/372854/54965/54964/510103/434491/494075,jpeg
http://inaturalist-open-data.s3.amazonaws.com/photos/7740461/large.jpeg,Julodis pubescens yvenii,48460/1/47120/372739/47158/184884/47208/71130/372854/54965/54964/510103/434491/494075,jpeg
http://inaturalist-open-data.s3.amazonaws.com/photos/7740465/large.jpeg,Julodis pubescens yvenii,48460/1/47120/372739/47158/184884/47208/71130/372854/54965/54964/510103/434491/494075,jpeg
http://inaturalist-open-data.s3.amazonaws.com/photos/7740471/large.jpeg,Julodis pubescens yvenii,48460/1/47120/372739/47158/184884/47208/71130/372854/54965/54964/510103/434491/494075,jpeg
http://inaturalist-open-data.s3.amazonaws.com/photos/39404308/large.jpeg,Julodis pubescens yvenii,48460/1/47120/372739/47158/184884/47208/71130/372854/54965/54964/510103/434491/494075,jpeg
http://inaturalist-open-data.s3.amazonaws.com/photos/39818877/large.jpg,Julodis pubescens yvenii,48460/1/47120/372739/47158/184884/47208/71130/372854/54965/54964/510103/434491/494075,jpg
http://inaturalist-open-data.s3.amazonaws.com/photos/39818771/large.jpg,Julodis pubescens yvenii,48460/1/47120/372739/47158/184884/47208/71130/372854/54965/54964/510103/434491/494075,jpg
http://inaturalist-open-data.s3.amazonaws.com/photos/39818854/large.jpg,Julodis pubescens yvenii,48460/1/47120/372739/47158/184884/47208/71130/372854/54965/54964/510103/434491/494075,jpg
http://inaturalist-open-data.s3.amazonaws.com/photos/57915177/large.jpeg,Julodis pubescens yvenii,48460/1/47120/372739/47158/184884/47208/71130/372854/54965/54964/510103/434491/494075,jpeg
http://inaturalist-open-data.s3.amazonaws.com/photos/60169694/large.jpg,Julodis pubescens yvenii,48460/1/47120/372739/47158/184884/47208/71130/372854/54965/54964/510103/434491/494075,jpg
http://inaturalist-open-data.s3.amazonaws.com/photos/64940391/large.jpeg,Julodis pubescens yvenii,48460/1/47120/372739/47158/184884/47208/71130/372854/54965/54964/510103/434491/494075,jpeg
http://inaturalist-open-data.s3.amazonaws.com/photos/109199335/large.jpeg,Julodis pubescens yvenii,48460/1/47120/372739/47158/184884/47208/71130/372854/54965/54964/510103/434491/494075,jpeg
