photo_url_large,taxon_name,ancestry,extension
http://inaturalist-open-data.s3.amazonaws.com/photos/11947912/large.jpg,Junonia hierta hierta,48460/1/47120/372739/47158/184884/47157/47224/47922/202067/202224/48506/68423,jpg
http://inaturalist-open-data.s3.amazonaws.com/photos/23164156/large.jpg,Junonia hierta hierta,48460/1/47120/372739/47158/184884/47157/47224/47922/202067/202224/48506/68423,jpg
http://inaturalist-open-data.s3.amazonaws.com/photos/30437157/large.jpeg,Junonia hierta hierta,48460/1/47120/372739/47158/184884/47157/47224/47922/202067/202224/48506/68423,jpeg
http://inaturalist-open-data.s3.amazonaws.com/photos/41739037/large.jpg,Junonia hierta hierta,48460/1/47120/372739/47158/184884/47157/47224/47922/202067/202224/48506/68423,jpg
http://inaturalist-open-data.s3.amazonaws.com/photos/58336284/large.jpeg,Junonia hierta hierta,48460/1/47120/372739/47158/184884/47157/47224/47922/202067/202224/48506/68423,jpeg
http://inaturalist-open-data.s3.amazonaws.com/photos/58336290/large.jpeg,Junonia hierta hierta,48460/1/47120/372739/47158/184884/47157/47224/47922/202067/202224/48506/68423,jpeg
http://inaturalist-open-data.s3.amazonaws.com/photos/64121895/large.jpg,Junonia hierta hierta,48460/1/47120/372739/47158/184884/47157/47224/47922/202067/202224/48506/68423,jpg
http://inaturalist-open-data.s3.amazonaws.com/photos/65383162/large.jpg,Junonia hierta hierta,48460/1/47120/372739/47158/184884/47157/47224/47922/202067/202224/48506/68423,jpg
http://inaturalist-open-data.s3.amazonaws.com/photos/65991021/large.jpg,Junonia hierta hierta,48460/1/47120/372739/47158/184884/47157/47224/47922/202067/202224/48506/68423,jpg
http://inaturalist-open-data.s3.amazonaws.com/photos/95477671/large.jpg,Junonia hierta hierta,48460/1/47120/372739/47158/184884/47157/47224/47922/202067/202224/48506/68423,jpg
http://inaturalist-open-data.s3.amazonaws.com/photos/96019373/large.jpg,Junonia hierta hierta,48460/1/47120/372739/47158/184884/47157/47224/47922/202067/202224/48506/68423,jpg
http://inaturalist-open-data.s3.amazonaws.com/photos/96019541/large.jpg,Junonia hierta hierta,48460/1/47120/372739/47158/184884/47157/47224/47922/202067/202224/48506/68423,jpg
http://inaturalist-open-data.s3.amazonaws.com/photos/108458620/large.jpg,Junonia hierta hierta,48460/1/47120/372739/47158/184884/47157/47224/47922/202067/202224/48506/68423,jpg
http://inaturalist-open-data.s3.amazonaws.com/photos/108458606/large.jpg,Junonia hierta hierta,48460/1/47120/372739/47158/184884/47157/47224/47922/202067/202224/48506/68423,jpg
http://inaturalist-open-data.s3.amazonaws.com/photos/108458670/large.jpg,Junonia hierta hierta,48460/1/47120/372739/47158/184884/47157/47224/47922/202067/202224/48506/68423,jpg
http://inaturalist-open-data.s3.amazonaws.com/photos/108458575/large.jpg,Junonia hierta hierta,48460/1/47120/372739/47158/184884/47157/47224/47922/202067/202224/48506/68423,jpg
http://inaturalist-open-data.s3.amazonaws.com/photos/108458594/large.jpg,Junonia hierta hierta,48460/1/47120/372739/47158/184884/47157/47224/47922/202067/202224/48506/68423,jpg
http://inaturalist-open-data.s3.amazonaws.com/photos/108706296/large.jpg,Junonia hierta hierta,48460/1/47120/372739/47158/184884/47157/47224/47922/202067/202224/48506/68423,jpg
http://inaturalist-open-data.s3.amazonaws.com/photos/108706302/large.jpg,Junonia hierta hierta,48460/1/47120/372739/47158/184884/47157/47224/47922/202067/202224/48506/68423,jpg
http://inaturalist-open-data.s3.amazonaws.com/photos/115191809/large.jpg,Junonia hierta hierta,48460/1/47120/372739/47158/184884/47157/47224/47922/202067/202224/48506/68423,jpg
http://inaturalist-open-data.s3.amazonaws.com/photos/115191813/large.jpg,Junonia hierta hierta,48460/1/47120/372739/47158/184884/47157/47224/47922/202067/202224/48506/68423,jpg
http://inaturalist-open-data.s3.amazonaws.com/photos/118683770/large.jpeg,Junonia hierta hierta,48460/1/47120/372739/47158/184884/47157/47224/47922/202067/202224/48506/68423,jpeg
http://inaturalist-open-data.s3.amazonaws.com/photos/121123206/large.jpg,Junonia hierta hierta,48460/1/47120/372739/47158/184884/47157/47224/47922/202067/202224/48506/68423,jpg
http://inaturalist-open-data.s3.amazonaws.com/photos/123788450/large.jpeg,Junonia hierta hierta,48460/1/47120/372739/47158/184884/47157/47224/47922/202067/202224/48506/68423,jpeg
http://inaturalist-open-data.s3.amazonaws.com/photos/123791114/large.jpeg,Junonia hierta hierta,48460/1/47120/372739/47158/184884/47157/47224/47922/202067/202224/48506/68423,jpeg
http://inaturalist-open-data.s3.amazonaws.com/photos/130139154/large.jpeg,Junonia hierta hierta,48460/1/47120/372739/47158/184884/47157/47224/47922/202067/202224/48506/68423,jpeg
http://inaturalist-open-data.s3.amazonaws.com/photos/130280003/large.jpeg,Junonia hierta hierta,48460/1/47120/372739/47158/184884/47157/47224/47922/202067/202224/48506/68423,jpeg
http://inaturalist-open-data.s3.amazonaws.com/photos/130280028/large.jpeg,Junonia hierta hierta,48460/1/47120/372739/47158/184884/47157/47224/47922/202067/202224/48506/68423,jpeg
http://inaturalist-open-data.s3.amazonaws.com/photos/132328996/large.jpeg,Junonia hierta hierta,48460/1/47120/372739/47158/184884/47157/47224/47922/202067/202224/48506/68423,jpeg
http://inaturalist-open-data.s3.amazonaws.com/photos/132328967/large.jpeg,Junonia hierta hierta,48460/1/47120/372739/47158/184884/47157/47224/47922/202067/202224/48506/68423,jpeg
