photo_url_large,taxon_name,ancestry,extension
http://inaturalist-open-data.s3.amazonaws.com/photos/4225963/large.JPG,Junonia orithya wallacei,48460/1/47120/372739/47158/184884/47157/47224/47922/202067/202224/48506/51566,JPG
http://inaturalist-open-data.s3.amazonaws.com/photos/4800832/large.jpg,Junonia orithya wallacei,48460/1/47120/372739/47158/184884/47157/47224/47922/202067/202224/48506/51566,jpg
http://inaturalist-open-data.s3.amazonaws.com/photos/4825033/large.jpg,Junonia orithya wallacei,48460/1/47120/372739/47158/184884/47157/47224/47922/202067/202224/48506/51566,jpg
http://inaturalist-open-data.s3.amazonaws.com/photos/5281413/large.jpg,Junonia orithya wallacei,48460/1/47120/372739/47158/184884/47157/47224/47922/202067/202224/48506/51566,jpg
http://inaturalist-open-data.s3.amazonaws.com/photos/8253530/large.jpeg,Junonia orithya wallacei,48460/1/47120/372739/47158/184884/47157/47224/47922/202067/202224/48506/51566,jpeg
http://inaturalist-open-data.s3.amazonaws.com/photos/8544016/large.jpeg,Junonia orithya wallacei,48460/1/47120/372739/47158/184884/47157/47224/47922/202067/202224/48506/51566,jpeg
http://inaturalist-open-data.s3.amazonaws.com/photos/8561414/large.jpeg,Junonia orithya wallacei,48460/1/47120/372739/47158/184884/47157/47224/47922/202067/202224/48506/51566,jpeg
http://inaturalist-open-data.s3.amazonaws.com/photos/8562137/large.jpeg,Junonia orithya wallacei,48460/1/47120/372739/47158/184884/47157/47224/47922/202067/202224/48506/51566,jpeg
http://inaturalist-open-data.s3.amazonaws.com/photos/8680318/large.jpg,Junonia orithya wallacei,48460/1/47120/372739/47158/184884/47157/47224/47922/202067/202224/48506/51566,jpg
http://inaturalist-open-data.s3.amazonaws.com/photos/9520690/large.jpg,Junonia orithya wallacei,48460/1/47120/372739/47158/184884/47157/47224/47922/202067/202224/48506/51566,jpg
http://inaturalist-open-data.s3.amazonaws.com/photos/9520696/large.jpg,Junonia orithya wallacei,48460/1/47120/372739/47158/184884/47157/47224/47922/202067/202224/48506/51566,jpg
http://inaturalist-open-data.s3.amazonaws.com/photos/9520695/large.jpg,Junonia orithya wallacei,48460/1/47120/372739/47158/184884/47157/47224/47922/202067/202224/48506/51566,jpg
http://inaturalist-open-data.s3.amazonaws.com/photos/9520692/large.jpg,Junonia orithya wallacei,48460/1/47120/372739/47158/184884/47157/47224/47922/202067/202224/48506/51566,jpg
http://inaturalist-open-data.s3.amazonaws.com/photos/9834974/large.jpeg,Junonia orithya wallacei,48460/1/47120/372739/47158/184884/47157/47224/47922/202067/202224/48506/51566,jpeg
http://inaturalist-open-data.s3.amazonaws.com/photos/9905390/large.jpeg,Junonia orithya wallacei,48460/1/47120/372739/47158/184884/47157/47224/47922/202067/202224/48506/51566,jpeg
http://inaturalist-open-data.s3.amazonaws.com/photos/10065678/large.jpg,Junonia orithya wallacei,48460/1/47120/372739/47158/184884/47157/47224/47922/202067/202224/48506/51566,jpg
http://inaturalist-open-data.s3.amazonaws.com/photos/10086827/large.jpg,Junonia orithya wallacei,48460/1/47120/372739/47158/184884/47157/47224/47922/202067/202224/48506/51566,jpg
http://inaturalist-open-data.s3.amazonaws.com/photos/10422273/large.jpg,Junonia orithya wallacei,48460/1/47120/372739/47158/184884/47157/47224/47922/202067/202224/48506/51566,jpg
http://inaturalist-open-data.s3.amazonaws.com/photos/10422284/large.jpg,Junonia orithya wallacei,48460/1/47120/372739/47158/184884/47157/47224/47922/202067/202224/48506/51566,jpg
http://inaturalist-open-data.s3.amazonaws.com/photos/10463776/large.jpeg,Junonia orithya wallacei,48460/1/47120/372739/47158/184884/47157/47224/47922/202067/202224/48506/51566,jpeg
http://inaturalist-open-data.s3.amazonaws.com/photos/10489883/large.jpg,Junonia orithya wallacei,48460/1/47120/372739/47158/184884/47157/47224/47922/202067/202224/48506/51566,jpg
http://inaturalist-open-data.s3.amazonaws.com/photos/10619288/large.jpg,Junonia orithya wallacei,48460/1/47120/372739/47158/184884/47157/47224/47922/202067/202224/48506/51566,jpg
http://inaturalist-open-data.s3.amazonaws.com/photos/10693496/large.jpg,Junonia orithya wallacei,48460/1/47120/372739/47158/184884/47157/47224/47922/202067/202224/48506/51566,jpg
http://inaturalist-open-data.s3.amazonaws.com/photos/11281163/large.jpg,Junonia orithya wallacei,48460/1/47120/372739/47158/184884/47157/47224/47922/202067/202224/48506/51566,jpg
http://inaturalist-open-data.s3.amazonaws.com/photos/11929385/large.jpeg,Junonia orithya wallacei,48460/1/47120/372739/47158/184884/47157/47224/47922/202067/202224/48506/51566,jpeg
http://inaturalist-open-data.s3.amazonaws.com/photos/11929387/large.jpeg,Junonia orithya wallacei,48460/1/47120/372739/47158/184884/47157/47224/47922/202067/202224/48506/51566,jpeg
http://inaturalist-open-data.s3.amazonaws.com/photos/11929398/large.jpeg,Junonia orithya wallacei,48460/1/47120/372739/47158/184884/47157/47224/47922/202067/202224/48506/51566,jpeg
http://inaturalist-open-data.s3.amazonaws.com/photos/12344627/large.jpeg,Junonia orithya wallacei,48460/1/47120/372739/47158/184884/47157/47224/47922/202067/202224/48506/51566,jpeg
http://inaturalist-open-data.s3.amazonaws.com/photos/12344709/large.jpeg,Junonia orithya wallacei,48460/1/47120/372739/47158/184884/47157/47224/47922/202067/202224/48506/51566,jpeg
http://inaturalist-open-data.s3.amazonaws.com/photos/12344988/large.jpeg,Junonia orithya wallacei,48460/1/47120/372739/47158/184884/47157/47224/47922/202067/202224/48506/51566,jpeg
http://inaturalist-open-data.s3.amazonaws.com/photos/13465541/large.jpeg,Junonia orithya wallacei,48460/1/47120/372739/47158/184884/47157/47224/47922/202067/202224/48506/51566,jpeg
http://inaturalist-open-data.s3.amazonaws.com/photos/14646073/large.jpeg,Junonia orithya wallacei,48460/1/47120/372739/47158/184884/47157/47224/47922/202067/202224/48506/51566,jpeg
http://inaturalist-open-data.s3.amazonaws.com/photos/14646087/large.jpeg,Junonia orithya wallacei,48460/1/47120/372739/47158/184884/47157/47224/47922/202067/202224/48506/51566,jpeg
http://inaturalist-open-data.s3.amazonaws.com/photos/14646088/large.jpeg,Junonia orithya wallacei,48460/1/47120/372739/47158/184884/47157/47224/47922/202067/202224/48506/51566,jpeg
http://inaturalist-open-data.s3.amazonaws.com/photos/14646228/large.jpeg,Junonia orithya wallacei,48460/1/47120/372739/47158/184884/47157/47224/47922/202067/202224/48506/51566,jpeg
http://inaturalist-open-data.s3.amazonaws.com/photos/14646229/large.jpeg,Junonia orithya wallacei,48460/1/47120/372739/47158/184884/47157/47224/47922/202067/202224/48506/51566,jpeg
http://inaturalist-open-data.s3.amazonaws.com/photos/14646227/large.jpeg,Junonia orithya wallacei,48460/1/47120/372739/47158/184884/47157/47224/47922/202067/202224/48506/51566,jpeg
http://inaturalist-open-data.s3.amazonaws.com/photos/16173938/large.jpeg,Junonia orithya wallacei,48460/1/47120/372739/47158/184884/47157/47224/47922/202067/202224/48506/51566,jpeg
http://inaturalist-open-data.s3.amazonaws.com/photos/16173955/large.jpeg,Junonia orithya wallacei,48460/1/47120/372739/47158/184884/47157/47224/47922/202067/202224/48506/51566,jpeg
http://inaturalist-open-data.s3.amazonaws.com/photos/20608858/large.jpg,Junonia orithya wallacei,48460/1/47120/372739/47158/184884/47157/47224/47922/202067/202224/48506/51566,jpg
http://inaturalist-open-data.s3.amazonaws.com/photos/20608860/large.jpg,Junonia orithya wallacei,48460/1/47120/372739/47158/184884/47157/47224/47922/202067/202224/48506/51566,jpg
http://inaturalist-open-data.s3.amazonaws.com/photos/21381136/large.jpg,Junonia orithya wallacei,48460/1/47120/372739/47158/184884/47157/47224/47922/202067/202224/48506/51566,jpg
http://inaturalist-open-data.s3.amazonaws.com/photos/22611406/large.jpeg,Junonia orithya wallacei,48460/1/47120/372739/47158/184884/47157/47224/47922/202067/202224/48506/51566,jpeg
http://inaturalist-open-data.s3.amazonaws.com/photos/23334614/large.jpeg,Junonia orithya wallacei,48460/1/47120/372739/47158/184884/47157/47224/47922/202067/202224/48506/51566,jpeg
http://inaturalist-open-data.s3.amazonaws.com/photos/24400589/large.jpeg,Junonia orithya wallacei,48460/1/47120/372739/47158/184884/47157/47224/47922/202067/202224/48506/51566,jpeg
http://inaturalist-open-data.s3.amazonaws.com/photos/24400831/large.jpeg,Junonia orithya wallacei,48460/1/47120/372739/47158/184884/47157/47224/47922/202067/202224/48506/51566,jpeg
http://inaturalist-open-data.s3.amazonaws.com/photos/24400891/large.jpeg,Junonia orithya wallacei,48460/1/47120/372739/47158/184884/47157/47224/47922/202067/202224/48506/51566,jpeg
http://inaturalist-open-data.s3.amazonaws.com/photos/24750865/large.jpeg,Junonia orithya wallacei,48460/1/47120/372739/47158/184884/47157/47224/47922/202067/202224/48506/51566,jpeg
http://inaturalist-open-data.s3.amazonaws.com/photos/24751194/large.jpeg,Junonia orithya wallacei,48460/1/47120/372739/47158/184884/47157/47224/47922/202067/202224/48506/51566,jpeg
http://inaturalist-open-data.s3.amazonaws.com/photos/27601712/large.jpeg,Junonia orithya wallacei,48460/1/47120/372739/47158/184884/47157/47224/47922/202067/202224/48506/51566,jpeg
http://inaturalist-open-data.s3.amazonaws.com/photos/28990594/large.jpeg,Junonia orithya wallacei,48460/1/47120/372739/47158/184884/47157/47224/47922/202067/202224/48506/51566,jpeg
http://inaturalist-open-data.s3.amazonaws.com/photos/30692232/large.jpeg,Junonia orithya wallacei,48460/1/47120/372739/47158/184884/47157/47224/47922/202067/202224/48506/51566,jpeg
http://inaturalist-open-data.s3.amazonaws.com/photos/31140936/large.jpg,Junonia orithya wallacei,48460/1/47120/372739/47158/184884/47157/47224/47922/202067/202224/48506/51566,jpg
http://inaturalist-open-data.s3.amazonaws.com/photos/31140940/large.jpg,Junonia orithya wallacei,48460/1/47120/372739/47158/184884/47157/47224/47922/202067/202224/48506/51566,jpg
http://inaturalist-open-data.s3.amazonaws.com/photos/31140952/large.jpg,Junonia orithya wallacei,48460/1/47120/372739/47158/184884/47157/47224/47922/202067/202224/48506/51566,jpg
http://inaturalist-open-data.s3.amazonaws.com/photos/34167313/large.jpg,Junonia orithya wallacei,48460/1/47120/372739/47158/184884/47157/47224/47922/202067/202224/48506/51566,jpg
http://inaturalist-open-data.s3.amazonaws.com/photos/34167361/large.jpg,Junonia orithya wallacei,48460/1/47120/372739/47158/184884/47157/47224/47922/202067/202224/48506/51566,jpg
http://inaturalist-open-data.s3.amazonaws.com/photos/35171696/large.jpg,Junonia orithya wallacei,48460/1/47120/372739/47158/184884/47157/47224/47922/202067/202224/48506/51566,jpg
http://inaturalist-open-data.s3.amazonaws.com/photos/38234483/large.jpg,Junonia orithya wallacei,48460/1/47120/372739/47158/184884/47157/47224/47922/202067/202224/48506/51566,jpg
http://inaturalist-open-data.s3.amazonaws.com/photos/39018486/large.jpg,Junonia orithya wallacei,48460/1/47120/372739/47158/184884/47157/47224/47922/202067/202224/48506/51566,jpg
http://inaturalist-open-data.s3.amazonaws.com/photos/39018496/large.jpg,Junonia orithya wallacei,48460/1/47120/372739/47158/184884/47157/47224/47922/202067/202224/48506/51566,jpg
http://inaturalist-open-data.s3.amazonaws.com/photos/39597815/large.jpeg,Junonia orithya wallacei,48460/1/47120/372739/47158/184884/47157/47224/47922/202067/202224/48506/51566,jpeg
http://inaturalist-open-data.s3.amazonaws.com/photos/46597677/large.jpg,Junonia orithya wallacei,48460/1/47120/372739/47158/184884/47157/47224/47922/202067/202224/48506/51566,jpg
http://inaturalist-open-data.s3.amazonaws.com/photos/48348170/large.jpeg,Junonia orithya wallacei,48460/1/47120/372739/47158/184884/47157/47224/47922/202067/202224/48506/51566,jpeg
http://inaturalist-open-data.s3.amazonaws.com/photos/48737442/large.jpg,Junonia orithya wallacei,48460/1/47120/372739/47158/184884/47157/47224/47922/202067/202224/48506/51566,jpg
http://inaturalist-open-data.s3.amazonaws.com/photos/49116361/large.jpg,Junonia orithya wallacei,48460/1/47120/372739/47158/184884/47157/47224/47922/202067/202224/48506/51566,jpg
http://inaturalist-open-data.s3.amazonaws.com/photos/49359129/large.jpeg,Junonia orithya wallacei,48460/1/47120/372739/47158/184884/47157/47224/47922/202067/202224/48506/51566,jpeg
http://inaturalist-open-data.s3.amazonaws.com/photos/49359114/large.jpeg,Junonia orithya wallacei,48460/1/47120/372739/47158/184884/47157/47224/47922/202067/202224/48506/51566,jpeg
http://inaturalist-open-data.s3.amazonaws.com/photos/49664182/large.jpg,Junonia orithya wallacei,48460/1/47120/372739/47158/184884/47157/47224/47922/202067/202224/48506/51566,jpg
http://inaturalist-open-data.s3.amazonaws.com/photos/52405348/large.jpg,Junonia orithya wallacei,48460/1/47120/372739/47158/184884/47157/47224/47922/202067/202224/48506/51566,jpg
http://inaturalist-open-data.s3.amazonaws.com/photos/54781040/large.jpg,Junonia orithya wallacei,48460/1/47120/372739/47158/184884/47157/47224/47922/202067/202224/48506/51566,jpg
http://inaturalist-open-data.s3.amazonaws.com/photos/54781059/large.jpg,Junonia orithya wallacei,48460/1/47120/372739/47158/184884/47157/47224/47922/202067/202224/48506/51566,jpg
http://inaturalist-open-data.s3.amazonaws.com/photos/58866625/large.jpg,Junonia orithya wallacei,48460/1/47120/372739/47158/184884/47157/47224/47922/202067/202224/48506/51566,jpg
http://inaturalist-open-data.s3.amazonaws.com/photos/58866718/large.jpg,Junonia orithya wallacei,48460/1/47120/372739/47158/184884/47157/47224/47922/202067/202224/48506/51566,jpg
http://inaturalist-open-data.s3.amazonaws.com/photos/58866829/large.jpg,Junonia orithya wallacei,48460/1/47120/372739/47158/184884/47157/47224/47922/202067/202224/48506/51566,jpg
http://inaturalist-open-data.s3.amazonaws.com/photos/58867182/large.jpg,Junonia orithya wallacei,48460/1/47120/372739/47158/184884/47157/47224/47922/202067/202224/48506/51566,jpg
http://inaturalist-open-data.s3.amazonaws.com/photos/77352010/large.jpeg,Junonia orithya wallacei,48460/1/47120/372739/47158/184884/47157/47224/47922/202067/202224/48506/51566,jpeg
http://inaturalist-open-data.s3.amazonaws.com/photos/78674979/large.jpg,Junonia orithya wallacei,48460/1/47120/372739/47158/184884/47157/47224/47922/202067/202224/48506/51566,jpg
http://inaturalist-open-data.s3.amazonaws.com/photos/78890355/large.jpeg,Junonia orithya wallacei,48460/1/47120/372739/47158/184884/47157/47224/47922/202067/202224/48506/51566,jpeg
http://inaturalist-open-data.s3.amazonaws.com/photos/78890338/large.jpeg,Junonia orithya wallacei,48460/1/47120/372739/47158/184884/47157/47224/47922/202067/202224/48506/51566,jpeg
http://inaturalist-open-data.s3.amazonaws.com/photos/78947749/large.jpg,Junonia orithya wallacei,48460/1/47120/372739/47158/184884/47157/47224/47922/202067/202224/48506/51566,jpg
http://inaturalist-open-data.s3.amazonaws.com/photos/79314016/large.jpg,Junonia orithya wallacei,48460/1/47120/372739/47158/184884/47157/47224/47922/202067/202224/48506/51566,jpg
http://inaturalist-open-data.s3.amazonaws.com/photos/80796623/large.jpg,Junonia orithya wallacei,48460/1/47120/372739/47158/184884/47157/47224/47922/202067/202224/48506/51566,jpg
http://inaturalist-open-data.s3.amazonaws.com/photos/80807624/large.jpg,Junonia orithya wallacei,48460/1/47120/372739/47158/184884/47157/47224/47922/202067/202224/48506/51566,jpg
http://inaturalist-open-data.s3.amazonaws.com/photos/80807631/large.jpg,Junonia orithya wallacei,48460/1/47120/372739/47158/184884/47157/47224/47922/202067/202224/48506/51566,jpg
http://inaturalist-open-data.s3.amazonaws.com/photos/81945468/large.jpeg,Junonia orithya wallacei,48460/1/47120/372739/47158/184884/47157/47224/47922/202067/202224/48506/51566,jpeg
http://inaturalist-open-data.s3.amazonaws.com/photos/81944133/large.jpeg,Junonia orithya wallacei,48460/1/47120/372739/47158/184884/47157/47224/47922/202067/202224/48506/51566,jpeg
http://inaturalist-open-data.s3.amazonaws.com/photos/84661497/large.jpg,Junonia orithya wallacei,48460/1/47120/372739/47158/184884/47157/47224/47922/202067/202224/48506/51566,jpg
http://inaturalist-open-data.s3.amazonaws.com/photos/84660893/large.jpg,Junonia orithya wallacei,48460/1/47120/372739/47158/184884/47157/47224/47922/202067/202224/48506/51566,jpg
http://inaturalist-open-data.s3.amazonaws.com/photos/85495841/large.jpg,Junonia orithya wallacei,48460/1/47120/372739/47158/184884/47157/47224/47922/202067/202224/48506/51566,jpg
http://inaturalist-open-data.s3.amazonaws.com/photos/85495860/large.jpg,Junonia orithya wallacei,48460/1/47120/372739/47158/184884/47157/47224/47922/202067/202224/48506/51566,jpg
http://inaturalist-open-data.s3.amazonaws.com/photos/85495867/large.jpg,Junonia orithya wallacei,48460/1/47120/372739/47158/184884/47157/47224/47922/202067/202224/48506/51566,jpg
http://inaturalist-open-data.s3.amazonaws.com/photos/86129698/large.jpg,Junonia orithya wallacei,48460/1/47120/372739/47158/184884/47157/47224/47922/202067/202224/48506/51566,jpg
http://inaturalist-open-data.s3.amazonaws.com/photos/86130311/large.jpeg,Junonia orithya wallacei,48460/1/47120/372739/47158/184884/47157/47224/47922/202067/202224/48506/51566,jpeg
http://inaturalist-open-data.s3.amazonaws.com/photos/88365649/large.jpeg,Junonia orithya wallacei,48460/1/47120/372739/47158/184884/47157/47224/47922/202067/202224/48506/51566,jpeg
http://inaturalist-open-data.s3.amazonaws.com/photos/88357982/large.jpeg,Junonia orithya wallacei,48460/1/47120/372739/47158/184884/47157/47224/47922/202067/202224/48506/51566,jpeg
http://inaturalist-open-data.s3.amazonaws.com/photos/88365651/large.jpeg,Junonia orithya wallacei,48460/1/47120/372739/47158/184884/47157/47224/47922/202067/202224/48506/51566,jpeg
http://inaturalist-open-data.s3.amazonaws.com/photos/88365650/large.jpeg,Junonia orithya wallacei,48460/1/47120/372739/47158/184884/47157/47224/47922/202067/202224/48506/51566,jpeg
http://inaturalist-open-data.s3.amazonaws.com/photos/88365652/large.jpeg,Junonia orithya wallacei,48460/1/47120/372739/47158/184884/47157/47224/47922/202067/202224/48506/51566,jpeg
http://inaturalist-open-data.s3.amazonaws.com/photos/88369271/large.jpeg,Junonia orithya wallacei,48460/1/47120/372739/47158/184884/47157/47224/47922/202067/202224/48506/51566,jpeg
http://inaturalist-open-data.s3.amazonaws.com/photos/88367120/large.jpeg,Junonia orithya wallacei,48460/1/47120/372739/47158/184884/47157/47224/47922/202067/202224/48506/51566,jpeg
http://inaturalist-open-data.s3.amazonaws.com/photos/88369277/large.jpeg,Junonia orithya wallacei,48460/1/47120/372739/47158/184884/47157/47224/47922/202067/202224/48506/51566,jpeg
http://inaturalist-open-data.s3.amazonaws.com/photos/88369273/large.jpeg,Junonia orithya wallacei,48460/1/47120/372739/47158/184884/47157/47224/47922/202067/202224/48506/51566,jpeg
http://inaturalist-open-data.s3.amazonaws.com/photos/88369272/large.jpeg,Junonia orithya wallacei,48460/1/47120/372739/47158/184884/47157/47224/47922/202067/202224/48506/51566,jpeg
http://inaturalist-open-data.s3.amazonaws.com/photos/88369275/large.jpeg,Junonia orithya wallacei,48460/1/47120/372739/47158/184884/47157/47224/47922/202067/202224/48506/51566,jpeg
http://inaturalist-open-data.s3.amazonaws.com/photos/93764600/large.jpg,Junonia orithya wallacei,48460/1/47120/372739/47158/184884/47157/47224/47922/202067/202224/48506/51566,jpg
http://inaturalist-open-data.s3.amazonaws.com/photos/94589058/large.jpg,Junonia orithya wallacei,48460/1/47120/372739/47158/184884/47157/47224/47922/202067/202224/48506/51566,jpg
http://inaturalist-open-data.s3.amazonaws.com/photos/97440933/large.jpg,Junonia orithya wallacei,48460/1/47120/372739/47158/184884/47157/47224/47922/202067/202224/48506/51566,jpg
http://inaturalist-open-data.s3.amazonaws.com/photos/97440946/large.jpg,Junonia orithya wallacei,48460/1/47120/372739/47158/184884/47157/47224/47922/202067/202224/48506/51566,jpg
http://inaturalist-open-data.s3.amazonaws.com/photos/97522022/large.jpeg,Junonia orithya wallacei,48460/1/47120/372739/47158/184884/47157/47224/47922/202067/202224/48506/51566,jpeg
http://inaturalist-open-data.s3.amazonaws.com/photos/97522054/large.jpeg,Junonia orithya wallacei,48460/1/47120/372739/47158/184884/47157/47224/47922/202067/202224/48506/51566,jpeg
http://inaturalist-open-data.s3.amazonaws.com/photos/99048752/large.jpeg,Junonia orithya wallacei,48460/1/47120/372739/47158/184884/47157/47224/47922/202067/202224/48506/51566,jpeg
http://inaturalist-open-data.s3.amazonaws.com/photos/100847054/large.jpeg,Junonia orithya wallacei,48460/1/47120/372739/47158/184884/47157/47224/47922/202067/202224/48506/51566,jpeg
http://inaturalist-open-data.s3.amazonaws.com/photos/102727876/large.jpeg,Junonia orithya wallacei,48460/1/47120/372739/47158/184884/47157/47224/47922/202067/202224/48506/51566,jpeg
http://inaturalist-open-data.s3.amazonaws.com/photos/105723408/large.jpeg,Junonia orithya wallacei,48460/1/47120/372739/47158/184884/47157/47224/47922/202067/202224/48506/51566,jpeg
http://inaturalist-open-data.s3.amazonaws.com/photos/105723418/large.jpeg,Junonia orithya wallacei,48460/1/47120/372739/47158/184884/47157/47224/47922/202067/202224/48506/51566,jpeg
http://inaturalist-open-data.s3.amazonaws.com/photos/105753934/large.jpeg,Junonia orithya wallacei,48460/1/47120/372739/47158/184884/47157/47224/47922/202067/202224/48506/51566,jpeg
http://inaturalist-open-data.s3.amazonaws.com/photos/105837698/large.jpeg,Junonia orithya wallacei,48460/1/47120/372739/47158/184884/47157/47224/47922/202067/202224/48506/51566,jpeg
http://inaturalist-open-data.s3.amazonaws.com/photos/105859659/large.jpeg,Junonia orithya wallacei,48460/1/47120/372739/47158/184884/47157/47224/47922/202067/202224/48506/51566,jpeg
http://inaturalist-open-data.s3.amazonaws.com/photos/106802229/large.jpeg,Junonia orithya wallacei,48460/1/47120/372739/47158/184884/47157/47224/47922/202067/202224/48506/51566,jpeg
http://inaturalist-open-data.s3.amazonaws.com/photos/106802233/large.jpeg,Junonia orithya wallacei,48460/1/47120/372739/47158/184884/47157/47224/47922/202067/202224/48506/51566,jpeg
http://inaturalist-open-data.s3.amazonaws.com/photos/106802239/large.jpeg,Junonia orithya wallacei,48460/1/47120/372739/47158/184884/47157/47224/47922/202067/202224/48506/51566,jpeg
http://inaturalist-open-data.s3.amazonaws.com/photos/115168989/large.jpg,Junonia orithya wallacei,48460/1/47120/372739/47158/184884/47157/47224/47922/202067/202224/48506/51566,jpg
http://inaturalist-open-data.s3.amazonaws.com/photos/115169009/large.jpg,Junonia orithya wallacei,48460/1/47120/372739/47158/184884/47157/47224/47922/202067/202224/48506/51566,jpg
http://inaturalist-open-data.s3.amazonaws.com/photos/121280067/large.jpg,Junonia orithya wallacei,48460/1/47120/372739/47158/184884/47157/47224/47922/202067/202224/48506/51566,jpg
http://inaturalist-open-data.s3.amazonaws.com/photos/125722405/large.jpg,Junonia orithya wallacei,48460/1/47120/372739/47158/184884/47157/47224/47922/202067/202224/48506/51566,jpg
http://inaturalist-open-data.s3.amazonaws.com/photos/130709325/large.jpeg,Junonia orithya wallacei,48460/1/47120/372739/47158/184884/47157/47224/47922/202067/202224/48506/51566,jpeg
http://inaturalist-open-data.s3.amazonaws.com/photos/130710476/large.jpeg,Junonia orithya wallacei,48460/1/47120/372739/47158/184884/47157/47224/47922/202067/202224/48506/51566,jpeg
http://inaturalist-open-data.s3.amazonaws.com/photos/130710482/large.jpeg,Junonia orithya wallacei,48460/1/47120/372739/47158/184884/47157/47224/47922/202067/202224/48506/51566,jpeg
http://inaturalist-open-data.s3.amazonaws.com/photos/130710487/large.jpeg,Junonia orithya wallacei,48460/1/47120/372739/47158/184884/47157/47224/47922/202067/202224/48506/51566,jpeg
http://inaturalist-open-data.s3.amazonaws.com/photos/133998752/large.jpeg,Junonia orithya wallacei,48460/1/47120/372739/47158/184884/47157/47224/47922/202067/202224/48506/51566,jpeg
http://inaturalist-open-data.s3.amazonaws.com/photos/133997283/large.jpeg,Junonia orithya wallacei,48460/1/47120/372739/47158/184884/47157/47224/47922/202067/202224/48506/51566,jpeg
http://inaturalist-open-data.s3.amazonaws.com/photos/141610636/large.jpeg,Junonia orithya wallacei,48460/1/47120/372739/47158/184884/47157/47224/47922/202067/202224/48506/51566,jpeg
http://inaturalist-open-data.s3.amazonaws.com/photos/144259340/large.jpg,Junonia orithya wallacei,48460/1/47120/372739/47158/184884/47157/47224/47922/202067/202224/48506/51566,jpg
http://inaturalist-open-data.s3.amazonaws.com/photos/144372095/large.jpeg,Junonia orithya wallacei,48460/1/47120/372739/47158/184884/47157/47224/47922/202067/202224/48506/51566,jpeg
http://inaturalist-open-data.s3.amazonaws.com/photos/144368345/large.jpeg,Junonia orithya wallacei,48460/1/47120/372739/47158/184884/47157/47224/47922/202067/202224/48506/51566,jpeg
http://inaturalist-open-data.s3.amazonaws.com/photos/155567541/large.jpg,Junonia orithya wallacei,48460/1/47120/372739/47158/184884/47157/47224/47922/202067/202224/48506/51566,jpg
http://inaturalist-open-data.s3.amazonaws.com/photos/156426642/large.jpg,Junonia orithya wallacei,48460/1/47120/372739/47158/184884/47157/47224/47922/202067/202224/48506/51566,jpg
http://inaturalist-open-data.s3.amazonaws.com/photos/159576788/large.jpeg,Junonia orithya wallacei,48460/1/47120/372739/47158/184884/47157/47224/47922/202067/202224/48506/51566,jpeg
http://inaturalist-open-data.s3.amazonaws.com/photos/162217737/large.jpeg,Junonia orithya wallacei,48460/1/47120/372739/47158/184884/47157/47224/47922/202067/202224/48506/51566,jpeg
http://inaturalist-open-data.s3.amazonaws.com/photos/164914281/large.jpeg,Junonia orithya wallacei,48460/1/47120/372739/47158/184884/47157/47224/47922/202067/202224/48506/51566,jpeg
http://inaturalist-open-data.s3.amazonaws.com/photos/170644125/large.jpg,Junonia orithya wallacei,48460/1/47120/372739/47158/184884/47157/47224/47922/202067/202224/48506/51566,jpg
http://inaturalist-open-data.s3.amazonaws.com/photos/170644032/large.jpg,Junonia orithya wallacei,48460/1/47120/372739/47158/184884/47157/47224/47922/202067/202224/48506/51566,jpg
http://inaturalist-open-data.s3.amazonaws.com/photos/170644047/large.jpg,Junonia orithya wallacei,48460/1/47120/372739/47158/184884/47157/47224/47922/202067/202224/48506/51566,jpg
http://inaturalist-open-data.s3.amazonaws.com/photos/170644089/large.jpg,Junonia orithya wallacei,48460/1/47120/372739/47158/184884/47157/47224/47922/202067/202224/48506/51566,jpg
http://inaturalist-open-data.s3.amazonaws.com/photos/170644139/large.jpg,Junonia orithya wallacei,48460/1/47120/372739/47158/184884/47157/47224/47922/202067/202224/48506/51566,jpg
http://inaturalist-open-data.s3.amazonaws.com/photos/170644151/large.jpg,Junonia orithya wallacei,48460/1/47120/372739/47158/184884/47157/47224/47922/202067/202224/48506/51566,jpg
http://inaturalist-open-data.s3.amazonaws.com/photos/170644161/large.jpg,Junonia orithya wallacei,48460/1/47120/372739/47158/184884/47157/47224/47922/202067/202224/48506/51566,jpg
http://inaturalist-open-data.s3.amazonaws.com/photos/170644173/large.jpg,Junonia orithya wallacei,48460/1/47120/372739/47158/184884/47157/47224/47922/202067/202224/48506/51566,jpg
http://inaturalist-open-data.s3.amazonaws.com/photos/170644183/large.jpg,Junonia orithya wallacei,48460/1/47120/372739/47158/184884/47157/47224/47922/202067/202224/48506/51566,jpg
http://inaturalist-open-data.s3.amazonaws.com/photos/170644193/large.jpg,Junonia orithya wallacei,48460/1/47120/372739/47158/184884/47157/47224/47922/202067/202224/48506/51566,jpg
http://inaturalist-open-data.s3.amazonaws.com/photos/172826339/large.jpg,Junonia orithya wallacei,48460/1/47120/372739/47158/184884/47157/47224/47922/202067/202224/48506/51566,jpg
