photo_url_large,taxon_name,ancestry,extension
http://inaturalist-open-data.s3.amazonaws.com/photos/45596282/large.jpg,Kaniska canace ishima,48460/1/47120/372739/47158/184884/47157/47224/47922/202067/202066/125590/125589,jpg
http://inaturalist-open-data.s3.amazonaws.com/photos/46596121/large.jpeg,Kaniska canace ishima,48460/1/47120/372739/47158/184884/47157/47224/47922/202067/202066/125590/125589,jpeg
http://inaturalist-open-data.s3.amazonaws.com/photos/52578639/large.jpeg,Kaniska canace ishima,48460/1/47120/372739/47158/184884/47157/47224/47922/202067/202066/125590/125589,jpeg
http://inaturalist-open-data.s3.amazonaws.com/photos/52578645/large.jpeg,Kaniska canace ishima,48460/1/47120/372739/47158/184884/47157/47224/47922/202067/202066/125590/125589,jpeg
http://inaturalist-open-data.s3.amazonaws.com/photos/52578633/large.jpeg,Kaniska canace ishima,48460/1/47120/372739/47158/184884/47157/47224/47922/202067/202066/125590/125589,jpeg
http://inaturalist-open-data.s3.amazonaws.com/photos/52578625/large.jpeg,Kaniska canace ishima,48460/1/47120/372739/47158/184884/47157/47224/47922/202067/202066/125590/125589,jpeg
http://inaturalist-open-data.s3.amazonaws.com/photos/115253219/large.jpeg,Kaniska canace ishima,48460/1/47120/372739/47158/184884/47157/47224/47922/202067/202066/125590/125589,jpeg
