photo_url_large,taxon_name,ancestry,extension
http://inaturalist-open-data.s3.amazonaws.com/photos/6184785/large.jpg,Lasaia sula peninsularis,48460/1/47120/372739/47158/184884/47157/47224/59166/522808/522809/148543/148504,jpg
http://inaturalist-open-data.s3.amazonaws.com/photos/6184786/large.jpg,Lasaia sula peninsularis,48460/1/47120/372739/47158/184884/47157/47224/59166/522808/522809/148543/148504,jpg
http://inaturalist-open-data.s3.amazonaws.com/photos/6184787/large.jpg,Lasaia sula peninsularis,48460/1/47120/372739/47158/184884/47157/47224/59166/522808/522809/148543/148504,jpg
http://inaturalist-open-data.s3.amazonaws.com/photos/6184774/large.jpg,Lasaia sula peninsularis,48460/1/47120/372739/47158/184884/47157/47224/59166/522808/522809/148543/148504,jpg
http://inaturalist-open-data.s3.amazonaws.com/photos/22308853/large.jpeg,Lasaia sula peninsularis,48460/1/47120/372739/47158/184884/47157/47224/59166/522808/522809/148543/148504,jpeg
http://inaturalist-open-data.s3.amazonaws.com/photos/47368906/large.jpeg,Lasaia sula peninsularis,48460/1/47120/372739/47158/184884/47157/47224/59166/522808/522809/148543/148504,jpeg
http://inaturalist-open-data.s3.amazonaws.com/photos/122403417/large.jpg,Lasaia sula peninsularis,48460/1/47120/372739/47158/184884/47157/47224/59166/522808/522809/148543/148504,jpg
