photo_url_large,taxon_name,ancestry,extension
http://inaturalist-open-data.s3.amazonaws.com/photos/3629179/large.JPG,Lasaia maria maria,48460/1/47120/372739/47158/184884/47157/47224/59166/522808/522809/148543/293996,JPG
http://inaturalist-open-data.s3.amazonaws.com/photos/3631598/large.JPG,Lasaia maria maria,48460/1/47120/372739/47158/184884/47157/47224/59166/522808/522809/148543/293996,JPG
http://inaturalist-open-data.s3.amazonaws.com/photos/3631599/large.JPG,Lasaia maria maria,48460/1/47120/372739/47158/184884/47157/47224/59166/522808/522809/148543/293996,JPG
http://inaturalist-open-data.s3.amazonaws.com/photos/3631600/large.JPG,Lasaia maria maria,48460/1/47120/372739/47158/184884/47157/47224/59166/522808/522809/148543/293996,JPG
http://inaturalist-open-data.s3.amazonaws.com/photos/3629180/large.JPG,Lasaia maria maria,48460/1/47120/372739/47158/184884/47157/47224/59166/522808/522809/148543/293996,JPG
http://inaturalist-open-data.s3.amazonaws.com/photos/3631612/large.JPG,Lasaia maria maria,48460/1/47120/372739/47158/184884/47157/47224/59166/522808/522809/148543/293996,JPG
http://inaturalist-open-data.s3.amazonaws.com/photos/3629184/large.JPG,Lasaia maria maria,48460/1/47120/372739/47158/184884/47157/47224/59166/522808/522809/148543/293996,JPG
http://inaturalist-open-data.s3.amazonaws.com/photos/3631630/large.JPG,Lasaia maria maria,48460/1/47120/372739/47158/184884/47157/47224/59166/522808/522809/148543/293996,JPG
http://inaturalist-open-data.s3.amazonaws.com/photos/3631641/large.JPG,Lasaia maria maria,48460/1/47120/372739/47158/184884/47157/47224/59166/522808/522809/148543/293996,JPG
http://inaturalist-open-data.s3.amazonaws.com/photos/3629186/large.JPG,Lasaia maria maria,48460/1/47120/372739/47158/184884/47157/47224/59166/522808/522809/148543/293996,JPG
http://inaturalist-open-data.s3.amazonaws.com/photos/3631642/large.JPG,Lasaia maria maria,48460/1/47120/372739/47158/184884/47157/47224/59166/522808/522809/148543/293996,JPG
http://inaturalist-open-data.s3.amazonaws.com/photos/5682490/large.jpeg,Lasaia maria maria,48460/1/47120/372739/47158/184884/47157/47224/59166/522808/522809/148543/293996,jpeg
http://inaturalist-open-data.s3.amazonaws.com/photos/27779981/large.jpeg,Lasaia maria maria,48460/1/47120/372739/47158/184884/47157/47224/59166/522808/522809/148543/293996,jpeg
http://inaturalist-open-data.s3.amazonaws.com/photos/27779957/large.jpeg,Lasaia maria maria,48460/1/47120/372739/47158/184884/47157/47224/59166/522808/522809/148543/293996,jpeg
http://inaturalist-open-data.s3.amazonaws.com/photos/28412544/large.jpg,Lasaia maria maria,48460/1/47120/372739/47158/184884/47157/47224/59166/522808/522809/148543/293996,jpg
http://inaturalist-open-data.s3.amazonaws.com/photos/28659526/large.jpeg,Lasaia maria maria,48460/1/47120/372739/47158/184884/47157/47224/59166/522808/522809/148543/293996,jpeg
http://inaturalist-open-data.s3.amazonaws.com/photos/29365598/large.jpeg,Lasaia maria maria,48460/1/47120/372739/47158/184884/47157/47224/59166/522808/522809/148543/293996,jpeg
http://inaturalist-open-data.s3.amazonaws.com/photos/45576995/large.jpeg,Lasaia maria maria,48460/1/47120/372739/47158/184884/47157/47224/59166/522808/522809/148543/293996,jpeg
http://inaturalist-open-data.s3.amazonaws.com/photos/45577042/large.jpeg,Lasaia maria maria,48460/1/47120/372739/47158/184884/47157/47224/59166/522808/522809/148543/293996,jpeg
http://inaturalist-open-data.s3.amazonaws.com/photos/45576926/large.jpeg,Lasaia maria maria,48460/1/47120/372739/47158/184884/47157/47224/59166/522808/522809/148543/293996,jpeg
http://inaturalist-open-data.s3.amazonaws.com/photos/45576979/large.jpeg,Lasaia maria maria,48460/1/47120/372739/47158/184884/47157/47224/59166/522808/522809/148543/293996,jpeg
http://inaturalist-open-data.s3.amazonaws.com/photos/47299652/large.jpeg,Lasaia maria maria,48460/1/47120/372739/47158/184884/47157/47224/59166/522808/522809/148543/293996,jpeg
http://inaturalist-open-data.s3.amazonaws.com/photos/49787279/large.jpeg,Lasaia maria maria,48460/1/47120/372739/47158/184884/47157/47224/59166/522808/522809/148543/293996,jpeg
http://inaturalist-open-data.s3.amazonaws.com/photos/66546047/large.jpeg,Lasaia maria maria,48460/1/47120/372739/47158/184884/47157/47224/59166/522808/522809/148543/293996,jpeg
http://inaturalist-open-data.s3.amazonaws.com/photos/89346297/large.jpeg,Lasaia maria maria,48460/1/47120/372739/47158/184884/47157/47224/59166/522808/522809/148543/293996,jpeg
http://inaturalist-open-data.s3.amazonaws.com/photos/90021975/large.jpg,Lasaia maria maria,48460/1/47120/372739/47158/184884/47157/47224/59166/522808/522809/148543/293996,jpg
http://inaturalist-open-data.s3.amazonaws.com/photos/92017213/large.jpeg,Lasaia maria maria,48460/1/47120/372739/47158/184884/47157/47224/59166/522808/522809/148543/293996,jpeg
http://inaturalist-open-data.s3.amazonaws.com/photos/94722183/large.jpeg,Lasaia maria maria,48460/1/47120/372739/47158/184884/47157/47224/59166/522808/522809/148543/293996,jpeg
http://inaturalist-open-data.s3.amazonaws.com/photos/94722214/large.jpeg,Lasaia maria maria,48460/1/47120/372739/47158/184884/47157/47224/59166/522808/522809/148543/293996,jpeg
http://inaturalist-open-data.s3.amazonaws.com/photos/127906165/large.jpeg,Lasaia maria maria,48460/1/47120/372739/47158/184884/47157/47224/59166/522808/522809/148543/293996,jpeg
http://inaturalist-open-data.s3.amazonaws.com/photos/127906177/large.jpeg,Lasaia maria maria,48460/1/47120/372739/47158/184884/47157/47224/59166/522808/522809/148543/293996,jpeg
http://inaturalist-open-data.s3.amazonaws.com/photos/127906192/large.jpeg,Lasaia maria maria,48460/1/47120/372739/47158/184884/47157/47224/59166/522808/522809/148543/293996,jpeg
http://inaturalist-open-data.s3.amazonaws.com/photos/129520437/large.jpeg,Lasaia maria maria,48460/1/47120/372739/47158/184884/47157/47224/59166/522808/522809/148543/293996,jpeg
http://inaturalist-open-data.s3.amazonaws.com/photos/129520463/large.jpeg,Lasaia maria maria,48460/1/47120/372739/47158/184884/47157/47224/59166/522808/522809/148543/293996,jpeg
http://inaturalist-open-data.s3.amazonaws.com/photos/129520479/large.jpeg,Lasaia maria maria,48460/1/47120/372739/47158/184884/47157/47224/59166/522808/522809/148543/293996,jpeg
http://inaturalist-open-data.s3.amazonaws.com/photos/153017437/large.jpeg,Lasaia maria maria,48460/1/47120/372739/47158/184884/47157/47224/59166/522808/522809/148543/293996,jpeg
