photo_url_large,taxon_name,ancestry,extension
http://inaturalist-open-data.s3.amazonaws.com/photos/965112/large.JPG,Lebadea martha parkeri,48460/1/47120/372739/47158/184884/47157/47224/47922/134171/134175/130341/130340,JPG
http://inaturalist-open-data.s3.amazonaws.com/photos/1010602/large.JPG,Lebadea martha parkeri,48460/1/47120/372739/47158/184884/47157/47224/47922/134171/134175/130341/130340,JPG
http://inaturalist-open-data.s3.amazonaws.com/photos/6818327/large.jpeg,Lebadea martha parkeri,48460/1/47120/372739/47158/184884/47157/47224/47922/134171/134175/130341/130340,jpeg
http://inaturalist-open-data.s3.amazonaws.com/photos/6818330/large.jpeg,Lebadea martha parkeri,48460/1/47120/372739/47158/184884/47157/47224/47922/134171/134175/130341/130340,jpeg
http://inaturalist-open-data.s3.amazonaws.com/photos/7535684/large.jpg,Lebadea martha parkeri,48460/1/47120/372739/47158/184884/47157/47224/47922/134171/134175/130341/130340,jpg
http://inaturalist-open-data.s3.amazonaws.com/photos/8781747/large.jpg,Lebadea martha parkeri,48460/1/47120/372739/47158/184884/47157/47224/47922/134171/134175/130341/130340,jpg
http://inaturalist-open-data.s3.amazonaws.com/photos/9881579/large.jpeg,Lebadea martha parkeri,48460/1/47120/372739/47158/184884/47157/47224/47922/134171/134175/130341/130340,jpeg
http://inaturalist-open-data.s3.amazonaws.com/photos/9881580/large.jpeg,Lebadea martha parkeri,48460/1/47120/372739/47158/184884/47157/47224/47922/134171/134175/130341/130340,jpeg
http://inaturalist-open-data.s3.amazonaws.com/photos/9955871/large.jpg,Lebadea martha parkeri,48460/1/47120/372739/47158/184884/47157/47224/47922/134171/134175/130341/130340,jpg
http://inaturalist-open-data.s3.amazonaws.com/photos/10193889/large.jpg,Lebadea martha parkeri,48460/1/47120/372739/47158/184884/47157/47224/47922/134171/134175/130341/130340,jpg
http://inaturalist-open-data.s3.amazonaws.com/photos/13466747/large.jpeg,Lebadea martha parkeri,48460/1/47120/372739/47158/184884/47157/47224/47922/134171/134175/130341/130340,jpeg
http://inaturalist-open-data.s3.amazonaws.com/photos/13466821/large.jpeg,Lebadea martha parkeri,48460/1/47120/372739/47158/184884/47157/47224/47922/134171/134175/130341/130340,jpeg
http://inaturalist-open-data.s3.amazonaws.com/photos/13467437/large.jpeg,Lebadea martha parkeri,48460/1/47120/372739/47158/184884/47157/47224/47922/134171/134175/130341/130340,jpeg
http://inaturalist-open-data.s3.amazonaws.com/photos/13653638/large.jpg,Lebadea martha parkeri,48460/1/47120/372739/47158/184884/47157/47224/47922/134171/134175/130341/130340,jpg
http://inaturalist-open-data.s3.amazonaws.com/photos/14162206/large.jpeg,Lebadea martha parkeri,48460/1/47120/372739/47158/184884/47157/47224/47922/134171/134175/130341/130340,jpeg
http://inaturalist-open-data.s3.amazonaws.com/photos/14162265/large.jpeg,Lebadea martha parkeri,48460/1/47120/372739/47158/184884/47157/47224/47922/134171/134175/130341/130340,jpeg
http://inaturalist-open-data.s3.amazonaws.com/photos/14162294/large.jpeg,Lebadea martha parkeri,48460/1/47120/372739/47158/184884/47157/47224/47922/134171/134175/130341/130340,jpeg
http://inaturalist-open-data.s3.amazonaws.com/photos/14720007/large.jpeg,Lebadea martha parkeri,48460/1/47120/372739/47158/184884/47157/47224/47922/134171/134175/130341/130340,jpeg
http://inaturalist-open-data.s3.amazonaws.com/photos/14720151/large.jpeg,Lebadea martha parkeri,48460/1/47120/372739/47158/184884/47157/47224/47922/134171/134175/130341/130340,jpeg
http://inaturalist-open-data.s3.amazonaws.com/photos/14801294/large.jpg,Lebadea martha parkeri,48460/1/47120/372739/47158/184884/47157/47224/47922/134171/134175/130341/130340,jpg
http://inaturalist-open-data.s3.amazonaws.com/photos/18336946/large.jpeg,Lebadea martha parkeri,48460/1/47120/372739/47158/184884/47157/47224/47922/134171/134175/130341/130340,jpeg
http://inaturalist-open-data.s3.amazonaws.com/photos/20292075/large.jpeg,Lebadea martha parkeri,48460/1/47120/372739/47158/184884/47157/47224/47922/134171/134175/130341/130340,jpeg
http://inaturalist-open-data.s3.amazonaws.com/photos/20292102/large.jpeg,Lebadea martha parkeri,48460/1/47120/372739/47158/184884/47157/47224/47922/134171/134175/130341/130340,jpeg
http://inaturalist-open-data.s3.amazonaws.com/photos/20666892/large.jpg,Lebadea martha parkeri,48460/1/47120/372739/47158/184884/47157/47224/47922/134171/134175/130341/130340,jpg
http://inaturalist-open-data.s3.amazonaws.com/photos/25743660/large.jpeg,Lebadea martha parkeri,48460/1/47120/372739/47158/184884/47157/47224/47922/134171/134175/130341/130340,jpeg
http://inaturalist-open-data.s3.amazonaws.com/photos/25743655/large.jpeg,Lebadea martha parkeri,48460/1/47120/372739/47158/184884/47157/47224/47922/134171/134175/130341/130340,jpeg
http://inaturalist-open-data.s3.amazonaws.com/photos/28744797/large.jpg,Lebadea martha parkeri,48460/1/47120/372739/47158/184884/47157/47224/47922/134171/134175/130341/130340,jpg
http://inaturalist-open-data.s3.amazonaws.com/photos/28990999/large.jpg,Lebadea martha parkeri,48460/1/47120/372739/47158/184884/47157/47224/47922/134171/134175/130341/130340,jpg
http://inaturalist-open-data.s3.amazonaws.com/photos/29902229/large.jpg,Lebadea martha parkeri,48460/1/47120/372739/47158/184884/47157/47224/47922/134171/134175/130341/130340,jpg
http://inaturalist-open-data.s3.amazonaws.com/photos/30440395/large.jpg,Lebadea martha parkeri,48460/1/47120/372739/47158/184884/47157/47224/47922/134171/134175/130341/130340,jpg
http://inaturalist-open-data.s3.amazonaws.com/photos/31653330/large.jpg,Lebadea martha parkeri,48460/1/47120/372739/47158/184884/47157/47224/47922/134171/134175/130341/130340,jpg
http://inaturalist-open-data.s3.amazonaws.com/photos/31949527/large.jpeg,Lebadea martha parkeri,48460/1/47120/372739/47158/184884/47157/47224/47922/134171/134175/130341/130340,jpeg
http://inaturalist-open-data.s3.amazonaws.com/photos/31949532/large.jpeg,Lebadea martha parkeri,48460/1/47120/372739/47158/184884/47157/47224/47922/134171/134175/130341/130340,jpeg
http://inaturalist-open-data.s3.amazonaws.com/photos/32125617/large.jpg,Lebadea martha parkeri,48460/1/47120/372739/47158/184884/47157/47224/47922/134171/134175/130341/130340,jpg
http://inaturalist-open-data.s3.amazonaws.com/photos/32125587/large.jpg,Lebadea martha parkeri,48460/1/47120/372739/47158/184884/47157/47224/47922/134171/134175/130341/130340,jpg
http://inaturalist-open-data.s3.amazonaws.com/photos/32125616/large.jpg,Lebadea martha parkeri,48460/1/47120/372739/47158/184884/47157/47224/47922/134171/134175/130341/130340,jpg
http://inaturalist-open-data.s3.amazonaws.com/photos/32125615/large.jpg,Lebadea martha parkeri,48460/1/47120/372739/47158/184884/47157/47224/47922/134171/134175/130341/130340,jpg
http://inaturalist-open-data.s3.amazonaws.com/photos/32125618/large.jpeg,Lebadea martha parkeri,48460/1/47120/372739/47158/184884/47157/47224/47922/134171/134175/130341/130340,jpeg
http://inaturalist-open-data.s3.amazonaws.com/photos/32257470/large.jpeg,Lebadea martha parkeri,48460/1/47120/372739/47158/184884/47157/47224/47922/134171/134175/130341/130340,jpeg
http://inaturalist-open-data.s3.amazonaws.com/photos/38245415/large.jpg,Lebadea martha parkeri,48460/1/47120/372739/47158/184884/47157/47224/47922/134171/134175/130341/130340,jpg
http://inaturalist-open-data.s3.amazonaws.com/photos/40728133/large.jpg,Lebadea martha parkeri,48460/1/47120/372739/47158/184884/47157/47224/47922/134171/134175/130341/130340,jpg
http://inaturalist-open-data.s3.amazonaws.com/photos/48076285/large.jpeg,Lebadea martha parkeri,48460/1/47120/372739/47158/184884/47157/47224/47922/134171/134175/130341/130340,jpeg
http://inaturalist-open-data.s3.amazonaws.com/photos/53860312/large.jpg,Lebadea martha parkeri,48460/1/47120/372739/47158/184884/47157/47224/47922/134171/134175/130341/130340,jpg
http://inaturalist-open-data.s3.amazonaws.com/photos/62255790/large.jpg,Lebadea martha parkeri,48460/1/47120/372739/47158/184884/47157/47224/47922/134171/134175/130341/130340,jpg
http://inaturalist-open-data.s3.amazonaws.com/photos/63913852/large.jpg,Lebadea martha parkeri,48460/1/47120/372739/47158/184884/47157/47224/47922/134171/134175/130341/130340,jpg
http://inaturalist-open-data.s3.amazonaws.com/photos/73110070/large.png,Lebadea martha parkeri,48460/1/47120/372739/47158/184884/47157/47224/47922/134171/134175/130341/130340,png
http://inaturalist-open-data.s3.amazonaws.com/photos/78672456/large.jpg,Lebadea martha parkeri,48460/1/47120/372739/47158/184884/47157/47224/47922/134171/134175/130341/130340,jpg
http://inaturalist-open-data.s3.amazonaws.com/photos/82449653/large.jpg,Lebadea martha parkeri,48460/1/47120/372739/47158/184884/47157/47224/47922/134171/134175/130341/130340,jpg
http://inaturalist-open-data.s3.amazonaws.com/photos/84339464/large.jpg,Lebadea martha parkeri,48460/1/47120/372739/47158/184884/47157/47224/47922/134171/134175/130341/130340,jpg
http://inaturalist-open-data.s3.amazonaws.com/photos/84339475/large.jpg,Lebadea martha parkeri,48460/1/47120/372739/47158/184884/47157/47224/47922/134171/134175/130341/130340,jpg
http://inaturalist-open-data.s3.amazonaws.com/photos/84339483/large.jpg,Lebadea martha parkeri,48460/1/47120/372739/47158/184884/47157/47224/47922/134171/134175/130341/130340,jpg
http://inaturalist-open-data.s3.amazonaws.com/photos/84364952/large.jpg,Lebadea martha parkeri,48460/1/47120/372739/47158/184884/47157/47224/47922/134171/134175/130341/130340,jpg
http://inaturalist-open-data.s3.amazonaws.com/photos/84376102/large.jpg,Lebadea martha parkeri,48460/1/47120/372739/47158/184884/47157/47224/47922/134171/134175/130341/130340,jpg
http://inaturalist-open-data.s3.amazonaws.com/photos/84376111/large.jpg,Lebadea martha parkeri,48460/1/47120/372739/47158/184884/47157/47224/47922/134171/134175/130341/130340,jpg
http://inaturalist-open-data.s3.amazonaws.com/photos/84376085/large.jpg,Lebadea martha parkeri,48460/1/47120/372739/47158/184884/47157/47224/47922/134171/134175/130341/130340,jpg
http://inaturalist-open-data.s3.amazonaws.com/photos/92596230/large.jpg,Lebadea martha parkeri,48460/1/47120/372739/47158/184884/47157/47224/47922/134171/134175/130341/130340,jpg
http://inaturalist-open-data.s3.amazonaws.com/photos/116031953/large.jpg,Lebadea martha parkeri,48460/1/47120/372739/47158/184884/47157/47224/47922/134171/134175/130341/130340,jpg
http://inaturalist-open-data.s3.amazonaws.com/photos/122914139/large.jpeg,Lebadea martha parkeri,48460/1/47120/372739/47158/184884/47157/47224/47922/134171/134175/130341/130340,jpeg
http://inaturalist-open-data.s3.amazonaws.com/photos/122914184/large.jpeg,Lebadea martha parkeri,48460/1/47120/372739/47158/184884/47157/47224/47922/134171/134175/130341/130340,jpeg
http://inaturalist-open-data.s3.amazonaws.com/photos/134524884/large.jpeg,Lebadea martha parkeri,48460/1/47120/372739/47158/184884/47157/47224/47922/134171/134175/130341/130340,jpeg
http://inaturalist-open-data.s3.amazonaws.com/photos/137611055/large.jpeg,Lebadea martha parkeri,48460/1/47120/372739/47158/184884/47157/47224/47922/134171/134175/130341/130340,jpeg
http://inaturalist-open-data.s3.amazonaws.com/photos/139953832/large.jpeg,Lebadea martha parkeri,48460/1/47120/372739/47158/184884/47157/47224/47922/134171/134175/130341/130340,jpeg
http://inaturalist-open-data.s3.amazonaws.com/photos/162062419/large.jpeg,Lebadea martha parkeri,48460/1/47120/372739/47158/184884/47157/47224/47922/134171/134175/130341/130340,jpeg
