photo_url_large,taxon_name,ancestry,extension
http://inaturalist-open-data.s3.amazonaws.com/photos/558093/large.jpg,Lethe confusa confusa,48460/1/47120/372739/47158/184884/47157/47224/47922/58597/58598/58599/125501/179383,jpg
http://inaturalist-open-data.s3.amazonaws.com/photos/568729/large.jpg,Lethe confusa confusa,48460/1/47120/372739/47158/184884/47157/47224/47922/58597/58598/58599/125501/179383,jpg
http://inaturalist-open-data.s3.amazonaws.com/photos/743859/large.JPG,Lethe confusa confusa,48460/1/47120/372739/47158/184884/47157/47224/47922/58597/58598/58599/125501/179383,JPG
http://inaturalist-open-data.s3.amazonaws.com/photos/1064603/large.jpg,Lethe confusa confusa,48460/1/47120/372739/47158/184884/47157/47224/47922/58597/58598/58599/125501/179383,jpg
http://inaturalist-open-data.s3.amazonaws.com/photos/3289602/large.JPG,Lethe confusa confusa,48460/1/47120/372739/47158/184884/47157/47224/47922/58597/58598/58599/125501/179383,JPG
http://inaturalist-open-data.s3.amazonaws.com/photos/3294102/large.JPG,Lethe confusa confusa,48460/1/47120/372739/47158/184884/47157/47224/47922/58597/58598/58599/125501/179383,JPG
http://inaturalist-open-data.s3.amazonaws.com/photos/3321336/large.jpg,Lethe confusa confusa,48460/1/47120/372739/47158/184884/47157/47224/47922/58597/58598/58599/125501/179383,jpg
http://inaturalist-open-data.s3.amazonaws.com/photos/4315875/large.jpeg,Lethe confusa confusa,48460/1/47120/372739/47158/184884/47157/47224/47922/58597/58598/58599/125501/179383,jpeg
http://inaturalist-open-data.s3.amazonaws.com/photos/6495263/large.jpg,Lethe confusa confusa,48460/1/47120/372739/47158/184884/47157/47224/47922/58597/58598/58599/125501/179383,jpg
http://inaturalist-open-data.s3.amazonaws.com/photos/6872378/large.jpg,Lethe confusa confusa,48460/1/47120/372739/47158/184884/47157/47224/47922/58597/58598/58599/125501/179383,jpg
http://inaturalist-open-data.s3.amazonaws.com/photos/8597967/large.jpeg,Lethe confusa confusa,48460/1/47120/372739/47158/184884/47157/47224/47922/58597/58598/58599/125501/179383,jpeg
http://inaturalist-open-data.s3.amazonaws.com/photos/8597972/large.jpeg,Lethe confusa confusa,48460/1/47120/372739/47158/184884/47157/47224/47922/58597/58598/58599/125501/179383,jpeg
http://inaturalist-open-data.s3.amazonaws.com/photos/8597978/large.jpeg,Lethe confusa confusa,48460/1/47120/372739/47158/184884/47157/47224/47922/58597/58598/58599/125501/179383,jpeg
http://inaturalist-open-data.s3.amazonaws.com/photos/12995750/large.jpg,Lethe confusa confusa,48460/1/47120/372739/47158/184884/47157/47224/47922/58597/58598/58599/125501/179383,jpg
http://inaturalist-open-data.s3.amazonaws.com/photos/13798993/large.jpg,Lethe confusa confusa,48460/1/47120/372739/47158/184884/47157/47224/47922/58597/58598/58599/125501/179383,jpg
http://inaturalist-open-data.s3.amazonaws.com/photos/14619479/large.jpeg,Lethe confusa confusa,48460/1/47120/372739/47158/184884/47157/47224/47922/58597/58598/58599/125501/179383,jpeg
http://inaturalist-open-data.s3.amazonaws.com/photos/14683587/large.jpg,Lethe confusa confusa,48460/1/47120/372739/47158/184884/47157/47224/47922/58597/58598/58599/125501/179383,jpg
http://inaturalist-open-data.s3.amazonaws.com/photos/15464614/large.jpeg,Lethe confusa confusa,48460/1/47120/372739/47158/184884/47157/47224/47922/58597/58598/58599/125501/179383,jpeg
http://inaturalist-open-data.s3.amazonaws.com/photos/15464621/large.jpeg,Lethe confusa confusa,48460/1/47120/372739/47158/184884/47157/47224/47922/58597/58598/58599/125501/179383,jpeg
http://inaturalist-open-data.s3.amazonaws.com/photos/22062742/large.jpeg,Lethe confusa confusa,48460/1/47120/372739/47158/184884/47157/47224/47922/58597/58598/58599/125501/179383,jpeg
http://inaturalist-open-data.s3.amazonaws.com/photos/28779621/large.jpeg,Lethe confusa confusa,48460/1/47120/372739/47158/184884/47157/47224/47922/58597/58598/58599/125501/179383,jpeg
http://inaturalist-open-data.s3.amazonaws.com/photos/32803677/large.jpeg,Lethe confusa confusa,48460/1/47120/372739/47158/184884/47157/47224/47922/58597/58598/58599/125501/179383,jpeg
http://inaturalist-open-data.s3.amazonaws.com/photos/35425616/large.jpg,Lethe confusa confusa,48460/1/47120/372739/47158/184884/47157/47224/47922/58597/58598/58599/125501/179383,jpg
http://inaturalist-open-data.s3.amazonaws.com/photos/35425886/large.jpg,Lethe confusa confusa,48460/1/47120/372739/47158/184884/47157/47224/47922/58597/58598/58599/125501/179383,jpg
http://inaturalist-open-data.s3.amazonaws.com/photos/35425976/large.jpg,Lethe confusa confusa,48460/1/47120/372739/47158/184884/47157/47224/47922/58597/58598/58599/125501/179383,jpg
http://inaturalist-open-data.s3.amazonaws.com/photos/35426118/large.jpg,Lethe confusa confusa,48460/1/47120/372739/47158/184884/47157/47224/47922/58597/58598/58599/125501/179383,jpg
http://inaturalist-open-data.s3.amazonaws.com/photos/35426217/large.jpg,Lethe confusa confusa,48460/1/47120/372739/47158/184884/47157/47224/47922/58597/58598/58599/125501/179383,jpg
http://inaturalist-open-data.s3.amazonaws.com/photos/38232140/large.jpeg,Lethe confusa confusa,48460/1/47120/372739/47158/184884/47157/47224/47922/58597/58598/58599/125501/179383,jpeg
http://inaturalist-open-data.s3.amazonaws.com/photos/44081886/large.jpeg,Lethe confusa confusa,48460/1/47120/372739/47158/184884/47157/47224/47922/58597/58598/58599/125501/179383,jpeg
http://inaturalist-open-data.s3.amazonaws.com/photos/57333373/large.jpeg,Lethe confusa confusa,48460/1/47120/372739/47158/184884/47157/47224/47922/58597/58598/58599/125501/179383,jpeg
http://inaturalist-open-data.s3.amazonaws.com/photos/60825588/large.jpeg,Lethe confusa confusa,48460/1/47120/372739/47158/184884/47157/47224/47922/58597/58598/58599/125501/179383,jpeg
http://inaturalist-open-data.s3.amazonaws.com/photos/69486984/large.jpg,Lethe confusa confusa,48460/1/47120/372739/47158/184884/47157/47224/47922/58597/58598/58599/125501/179383,jpg
http://inaturalist-open-data.s3.amazonaws.com/photos/75304554/large.jpg,Lethe confusa confusa,48460/1/47120/372739/47158/184884/47157/47224/47922/58597/58598/58599/125501/179383,jpg
http://inaturalist-open-data.s3.amazonaws.com/photos/75304613/large.jpg,Lethe confusa confusa,48460/1/47120/372739/47158/184884/47157/47224/47922/58597/58598/58599/125501/179383,jpg
http://inaturalist-open-data.s3.amazonaws.com/photos/85030804/large.jpg,Lethe confusa confusa,48460/1/47120/372739/47158/184884/47157/47224/47922/58597/58598/58599/125501/179383,jpg
http://inaturalist-open-data.s3.amazonaws.com/photos/99936129/large.jpeg,Lethe confusa confusa,48460/1/47120/372739/47158/184884/47157/47224/47922/58597/58598/58599/125501/179383,jpeg
http://inaturalist-open-data.s3.amazonaws.com/photos/100164227/large.jpeg,Lethe confusa confusa,48460/1/47120/372739/47158/184884/47157/47224/47922/58597/58598/58599/125501/179383,jpeg
http://inaturalist-open-data.s3.amazonaws.com/photos/100358518/large.jpeg,Lethe confusa confusa,48460/1/47120/372739/47158/184884/47157/47224/47922/58597/58598/58599/125501/179383,jpeg
http://inaturalist-open-data.s3.amazonaws.com/photos/100370242/large.jpeg,Lethe confusa confusa,48460/1/47120/372739/47158/184884/47157/47224/47922/58597/58598/58599/125501/179383,jpeg
http://inaturalist-open-data.s3.amazonaws.com/photos/100466419/large.jpeg,Lethe confusa confusa,48460/1/47120/372739/47158/184884/47157/47224/47922/58597/58598/58599/125501/179383,jpeg
http://inaturalist-open-data.s3.amazonaws.com/photos/100602333/large.jpeg,Lethe confusa confusa,48460/1/47120/372739/47158/184884/47157/47224/47922/58597/58598/58599/125501/179383,jpeg
http://inaturalist-open-data.s3.amazonaws.com/photos/111284026/large.jpg,Lethe confusa confusa,48460/1/47120/372739/47158/184884/47157/47224/47922/58597/58598/58599/125501/179383,jpg
http://inaturalist-open-data.s3.amazonaws.com/photos/124549711/large.jpg,Lethe confusa confusa,48460/1/47120/372739/47158/184884/47157/47224/47922/58597/58598/58599/125501/179383,jpg
http://inaturalist-open-data.s3.amazonaws.com/photos/124549760/large.jpg,Lethe confusa confusa,48460/1/47120/372739/47158/184884/47157/47224/47922/58597/58598/58599/125501/179383,jpg
http://inaturalist-open-data.s3.amazonaws.com/photos/124549824/large.jpg,Lethe confusa confusa,48460/1/47120/372739/47158/184884/47157/47224/47922/58597/58598/58599/125501/179383,jpg
http://inaturalist-open-data.s3.amazonaws.com/photos/124549863/large.jpg,Lethe confusa confusa,48460/1/47120/372739/47158/184884/47157/47224/47922/58597/58598/58599/125501/179383,jpg
http://inaturalist-open-data.s3.amazonaws.com/photos/127124409/large.jpg,Lethe confusa confusa,48460/1/47120/372739/47158/184884/47157/47224/47922/58597/58598/58599/125501/179383,jpg
http://inaturalist-open-data.s3.amazonaws.com/photos/150877777/large.jpg,Lethe confusa confusa,48460/1/47120/372739/47158/184884/47157/47224/47922/58597/58598/58599/125501/179383,jpg
