photo_url_large,taxon_name,ancestry,extension
http://inaturalist-open-data.s3.amazonaws.com/photos/133904/large.jpg,Libellula depressa depressa,48460/1/47120/372739/47158/184884/47792/47927/1317176/47819/47818/563098,jpg
http://inaturalist-open-data.s3.amazonaws.com/photos/133905/large.jpg,Libellula depressa depressa,48460/1/47120/372739/47158/184884/47792/47927/1317176/47819/47818/563098,jpg
http://inaturalist-open-data.s3.amazonaws.com/photos/133906/large.jpg,Libellula depressa depressa,48460/1/47120/372739/47158/184884/47792/47927/1317176/47819/47818/563098,jpg
http://inaturalist-open-data.s3.amazonaws.com/photos/133907/large.jpg,Libellula depressa depressa,48460/1/47120/372739/47158/184884/47792/47927/1317176/47819/47818/563098,jpg
http://inaturalist-open-data.s3.amazonaws.com/photos/133908/large.jpg,Libellula depressa depressa,48460/1/47120/372739/47158/184884/47792/47927/1317176/47819/47818/563098,jpg
