photo_url_large,taxon_name,ancestry,extension
http://inaturalist-open-data.s3.amazonaws.com/photos/1907404/large.JPG,Libytheana carinenta mexicana,48460/1/47120/372739/47158/184884/47157/47224/47922/85868/58562/58561,JPG
http://inaturalist-open-data.s3.amazonaws.com/photos/2205854/large.JPG,Libytheana carinenta mexicana,48460/1/47120/372739/47158/184884/47157/47224/47922/85868/58562/58561,JPG
http://inaturalist-open-data.s3.amazonaws.com/photos/2216199/large.JPG,Libytheana carinenta mexicana,48460/1/47120/372739/47158/184884/47157/47224/47922/85868/58562/58561,JPG
http://inaturalist-open-data.s3.amazonaws.com/photos/2222490/large.JPG,Libytheana carinenta mexicana,48460/1/47120/372739/47158/184884/47157/47224/47922/85868/58562/58561,JPG
http://inaturalist-open-data.s3.amazonaws.com/photos/2304062/large.JPG,Libytheana carinenta mexicana,48460/1/47120/372739/47158/184884/47157/47224/47922/85868/58562/58561,JPG
http://inaturalist-open-data.s3.amazonaws.com/photos/2513814/large.JPG,Libytheana carinenta mexicana,48460/1/47120/372739/47158/184884/47157/47224/47922/85868/58562/58561,JPG
http://inaturalist-open-data.s3.amazonaws.com/photos/2589323/large.JPG,Libytheana carinenta mexicana,48460/1/47120/372739/47158/184884/47157/47224/47922/85868/58562/58561,JPG
http://inaturalist-open-data.s3.amazonaws.com/photos/2633879/large.JPG,Libytheana carinenta mexicana,48460/1/47120/372739/47158/184884/47157/47224/47922/85868/58562/58561,JPG
http://inaturalist-open-data.s3.amazonaws.com/photos/2672851/large.JPG,Libytheana carinenta mexicana,48460/1/47120/372739/47158/184884/47157/47224/47922/85868/58562/58561,JPG
http://inaturalist-open-data.s3.amazonaws.com/photos/2842301/large.JPG,Libytheana carinenta mexicana,48460/1/47120/372739/47158/184884/47157/47224/47922/85868/58562/58561,JPG
http://inaturalist-open-data.s3.amazonaws.com/photos/3149182/large.jpg,Libytheana carinenta mexicana,48460/1/47120/372739/47158/184884/47157/47224/47922/85868/58562/58561,jpg
http://inaturalist-open-data.s3.amazonaws.com/photos/3936979/large.JPG,Libytheana carinenta mexicana,48460/1/47120/372739/47158/184884/47157/47224/47922/85868/58562/58561,JPG
http://inaturalist-open-data.s3.amazonaws.com/photos/4063736/large.JPG,Libytheana carinenta mexicana,48460/1/47120/372739/47158/184884/47157/47224/47922/85868/58562/58561,JPG
http://inaturalist-open-data.s3.amazonaws.com/photos/4339744/large.jpeg,Libytheana carinenta mexicana,48460/1/47120/372739/47158/184884/47157/47224/47922/85868/58562/58561,jpeg
http://inaturalist-open-data.s3.amazonaws.com/photos/4348530/large.jpeg,Libytheana carinenta mexicana,48460/1/47120/372739/47158/184884/47157/47224/47922/85868/58562/58561,jpeg
http://inaturalist-open-data.s3.amazonaws.com/photos/4348531/large.jpeg,Libytheana carinenta mexicana,48460/1/47120/372739/47158/184884/47157/47224/47922/85868/58562/58561,jpeg
http://inaturalist-open-data.s3.amazonaws.com/photos/4364969/large.jpeg,Libytheana carinenta mexicana,48460/1/47120/372739/47158/184884/47157/47224/47922/85868/58562/58561,jpeg
http://inaturalist-open-data.s3.amazonaws.com/photos/4576172/large.jpeg,Libytheana carinenta mexicana,48460/1/47120/372739/47158/184884/47157/47224/47922/85868/58562/58561,jpeg
http://inaturalist-open-data.s3.amazonaws.com/photos/4578368/large.jpg,Libytheana carinenta mexicana,48460/1/47120/372739/47158/184884/47157/47224/47922/85868/58562/58561,jpg
http://inaturalist-open-data.s3.amazonaws.com/photos/4578392/large.jpg,Libytheana carinenta mexicana,48460/1/47120/372739/47158/184884/47157/47224/47922/85868/58562/58561,jpg
http://inaturalist-open-data.s3.amazonaws.com/photos/4608506/large.jpeg,Libytheana carinenta mexicana,48460/1/47120/372739/47158/184884/47157/47224/47922/85868/58562/58561,jpeg
http://inaturalist-open-data.s3.amazonaws.com/photos/4647254/large.jpeg,Libytheana carinenta mexicana,48460/1/47120/372739/47158/184884/47157/47224/47922/85868/58562/58561,jpeg
http://inaturalist-open-data.s3.amazonaws.com/photos/4691379/large.jpg,Libytheana carinenta mexicana,48460/1/47120/372739/47158/184884/47157/47224/47922/85868/58562/58561,jpg
http://inaturalist-open-data.s3.amazonaws.com/photos/4691380/large.jpg,Libytheana carinenta mexicana,48460/1/47120/372739/47158/184884/47157/47224/47922/85868/58562/58561,jpg
http://inaturalist-open-data.s3.amazonaws.com/photos/4806266/large.jpeg,Libytheana carinenta mexicana,48460/1/47120/372739/47158/184884/47157/47224/47922/85868/58562/58561,jpeg
http://inaturalist-open-data.s3.amazonaws.com/photos/4932001/large.jpg,Libytheana carinenta mexicana,48460/1/47120/372739/47158/184884/47157/47224/47922/85868/58562/58561,jpg
http://inaturalist-open-data.s3.amazonaws.com/photos/4971055/large.jpeg,Libytheana carinenta mexicana,48460/1/47120/372739/47158/184884/47157/47224/47922/85868/58562/58561,jpeg
http://inaturalist-open-data.s3.amazonaws.com/photos/5381468/large.jpeg,Libytheana carinenta mexicana,48460/1/47120/372739/47158/184884/47157/47224/47922/85868/58562/58561,jpeg
http://inaturalist-open-data.s3.amazonaws.com/photos/5881050/large.jpeg,Libytheana carinenta mexicana,48460/1/47120/372739/47158/184884/47157/47224/47922/85868/58562/58561,jpeg
http://inaturalist-open-data.s3.amazonaws.com/photos/5937509/large.jpeg,Libytheana carinenta mexicana,48460/1/47120/372739/47158/184884/47157/47224/47922/85868/58562/58561,jpeg
http://inaturalist-open-data.s3.amazonaws.com/photos/5937513/large.jpeg,Libytheana carinenta mexicana,48460/1/47120/372739/47158/184884/47157/47224/47922/85868/58562/58561,jpeg
http://inaturalist-open-data.s3.amazonaws.com/photos/5958084/large.jpeg,Libytheana carinenta mexicana,48460/1/47120/372739/47158/184884/47157/47224/47922/85868/58562/58561,jpeg
http://inaturalist-open-data.s3.amazonaws.com/photos/6436668/large.jpeg,Libytheana carinenta mexicana,48460/1/47120/372739/47158/184884/47157/47224/47922/85868/58562/58561,jpeg
http://inaturalist-open-data.s3.amazonaws.com/photos/6931813/large.jpg,Libytheana carinenta mexicana,48460/1/47120/372739/47158/184884/47157/47224/47922/85868/58562/58561,jpg
http://inaturalist-open-data.s3.amazonaws.com/photos/9357541/large.jpeg,Libytheana carinenta mexicana,48460/1/47120/372739/47158/184884/47157/47224/47922/85868/58562/58561,jpeg
http://inaturalist-open-data.s3.amazonaws.com/photos/9357540/large.jpeg,Libytheana carinenta mexicana,48460/1/47120/372739/47158/184884/47157/47224/47922/85868/58562/58561,jpeg
http://inaturalist-open-data.s3.amazonaws.com/photos/10170046/large.jpeg,Libytheana carinenta mexicana,48460/1/47120/372739/47158/184884/47157/47224/47922/85868/58562/58561,jpeg
http://inaturalist-open-data.s3.amazonaws.com/photos/10254128/large.jpeg,Libytheana carinenta mexicana,48460/1/47120/372739/47158/184884/47157/47224/47922/85868/58562/58561,jpeg
http://inaturalist-open-data.s3.amazonaws.com/photos/10366516/large.jpeg,Libytheana carinenta mexicana,48460/1/47120/372739/47158/184884/47157/47224/47922/85868/58562/58561,jpeg
http://inaturalist-open-data.s3.amazonaws.com/photos/10912577/large.jpeg,Libytheana carinenta mexicana,48460/1/47120/372739/47158/184884/47157/47224/47922/85868/58562/58561,jpeg
http://inaturalist-open-data.s3.amazonaws.com/photos/12246303/large.jpg,Libytheana carinenta mexicana,48460/1/47120/372739/47158/184884/47157/47224/47922/85868/58562/58561,jpg
http://inaturalist-open-data.s3.amazonaws.com/photos/12673462/large.jpeg,Libytheana carinenta mexicana,48460/1/47120/372739/47158/184884/47157/47224/47922/85868/58562/58561,jpeg
http://inaturalist-open-data.s3.amazonaws.com/photos/13228036/large.jpeg,Libytheana carinenta mexicana,48460/1/47120/372739/47158/184884/47157/47224/47922/85868/58562/58561,jpeg
http://inaturalist-open-data.s3.amazonaws.com/photos/16896200/large.jpeg,Libytheana carinenta mexicana,48460/1/47120/372739/47158/184884/47157/47224/47922/85868/58562/58561,jpeg
http://inaturalist-open-data.s3.amazonaws.com/photos/16896147/large.jpeg,Libytheana carinenta mexicana,48460/1/47120/372739/47158/184884/47157/47224/47922/85868/58562/58561,jpeg
http://inaturalist-open-data.s3.amazonaws.com/photos/16896168/large.jpeg,Libytheana carinenta mexicana,48460/1/47120/372739/47158/184884/47157/47224/47922/85868/58562/58561,jpeg
http://inaturalist-open-data.s3.amazonaws.com/photos/16896258/large.jpeg,Libytheana carinenta mexicana,48460/1/47120/372739/47158/184884/47157/47224/47922/85868/58562/58561,jpeg
http://inaturalist-open-data.s3.amazonaws.com/photos/21919633/large.jpg,Libytheana carinenta mexicana,48460/1/47120/372739/47158/184884/47157/47224/47922/85868/58562/58561,jpg
http://inaturalist-open-data.s3.amazonaws.com/photos/23296094/large.jpg,Libytheana carinenta mexicana,48460/1/47120/372739/47158/184884/47157/47224/47922/85868/58562/58561,jpg
http://inaturalist-open-data.s3.amazonaws.com/photos/23308076/large.jpg,Libytheana carinenta mexicana,48460/1/47120/372739/47158/184884/47157/47224/47922/85868/58562/58561,jpg
http://inaturalist-open-data.s3.amazonaws.com/photos/23324106/large.jpg,Libytheana carinenta mexicana,48460/1/47120/372739/47158/184884/47157/47224/47922/85868/58562/58561,jpg
http://inaturalist-open-data.s3.amazonaws.com/photos/23513641/large.jpeg,Libytheana carinenta mexicana,48460/1/47120/372739/47158/184884/47157/47224/47922/85868/58562/58561,jpeg
http://inaturalist-open-data.s3.amazonaws.com/photos/23840168/large.jpeg,Libytheana carinenta mexicana,48460/1/47120/372739/47158/184884/47157/47224/47922/85868/58562/58561,jpeg
http://inaturalist-open-data.s3.amazonaws.com/photos/23840161/large.jpeg,Libytheana carinenta mexicana,48460/1/47120/372739/47158/184884/47157/47224/47922/85868/58562/58561,jpeg
http://inaturalist-open-data.s3.amazonaws.com/photos/24543789/large.jpeg,Libytheana carinenta mexicana,48460/1/47120/372739/47158/184884/47157/47224/47922/85868/58562/58561,jpeg
http://inaturalist-open-data.s3.amazonaws.com/photos/24663312/large.jpeg,Libytheana carinenta mexicana,48460/1/47120/372739/47158/184884/47157/47224/47922/85868/58562/58561,jpeg
http://inaturalist-open-data.s3.amazonaws.com/photos/24682940/large.jpeg,Libytheana carinenta mexicana,48460/1/47120/372739/47158/184884/47157/47224/47922/85868/58562/58561,jpeg
http://inaturalist-open-data.s3.amazonaws.com/photos/25819387/large.jpeg,Libytheana carinenta mexicana,48460/1/47120/372739/47158/184884/47157/47224/47922/85868/58562/58561,jpeg
http://inaturalist-open-data.s3.amazonaws.com/photos/26918037/large.jpg,Libytheana carinenta mexicana,48460/1/47120/372739/47158/184884/47157/47224/47922/85868/58562/58561,jpg
http://inaturalist-open-data.s3.amazonaws.com/photos/27674625/large.jpeg,Libytheana carinenta mexicana,48460/1/47120/372739/47158/184884/47157/47224/47922/85868/58562/58561,jpeg
http://inaturalist-open-data.s3.amazonaws.com/photos/27674635/large.jpeg,Libytheana carinenta mexicana,48460/1/47120/372739/47158/184884/47157/47224/47922/85868/58562/58561,jpeg
http://inaturalist-open-data.s3.amazonaws.com/photos/27674658/large.jpeg,Libytheana carinenta mexicana,48460/1/47120/372739/47158/184884/47157/47224/47922/85868/58562/58561,jpeg
http://inaturalist-open-data.s3.amazonaws.com/photos/27674672/large.jpeg,Libytheana carinenta mexicana,48460/1/47120/372739/47158/184884/47157/47224/47922/85868/58562/58561,jpeg
http://inaturalist-open-data.s3.amazonaws.com/photos/27674682/large.jpeg,Libytheana carinenta mexicana,48460/1/47120/372739/47158/184884/47157/47224/47922/85868/58562/58561,jpeg
http://inaturalist-open-data.s3.amazonaws.com/photos/27674687/large.jpeg,Libytheana carinenta mexicana,48460/1/47120/372739/47158/184884/47157/47224/47922/85868/58562/58561,jpeg
http://inaturalist-open-data.s3.amazonaws.com/photos/27674702/large.jpeg,Libytheana carinenta mexicana,48460/1/47120/372739/47158/184884/47157/47224/47922/85868/58562/58561,jpeg
http://inaturalist-open-data.s3.amazonaws.com/photos/27674709/large.jpeg,Libytheana carinenta mexicana,48460/1/47120/372739/47158/184884/47157/47224/47922/85868/58562/58561,jpeg
http://inaturalist-open-data.s3.amazonaws.com/photos/27674716/large.jpeg,Libytheana carinenta mexicana,48460/1/47120/372739/47158/184884/47157/47224/47922/85868/58562/58561,jpeg
http://inaturalist-open-data.s3.amazonaws.com/photos/27674724/large.jpeg,Libytheana carinenta mexicana,48460/1/47120/372739/47158/184884/47157/47224/47922/85868/58562/58561,jpeg
http://inaturalist-open-data.s3.amazonaws.com/photos/27674731/large.jpeg,Libytheana carinenta mexicana,48460/1/47120/372739/47158/184884/47157/47224/47922/85868/58562/58561,jpeg
http://inaturalist-open-data.s3.amazonaws.com/photos/27674741/large.jpeg,Libytheana carinenta mexicana,48460/1/47120/372739/47158/184884/47157/47224/47922/85868/58562/58561,jpeg
http://inaturalist-open-data.s3.amazonaws.com/photos/27674752/large.jpeg,Libytheana carinenta mexicana,48460/1/47120/372739/47158/184884/47157/47224/47922/85868/58562/58561,jpeg
http://inaturalist-open-data.s3.amazonaws.com/photos/27674759/large.jpeg,Libytheana carinenta mexicana,48460/1/47120/372739/47158/184884/47157/47224/47922/85868/58562/58561,jpeg
http://inaturalist-open-data.s3.amazonaws.com/photos/27674770/large.jpeg,Libytheana carinenta mexicana,48460/1/47120/372739/47158/184884/47157/47224/47922/85868/58562/58561,jpeg
http://inaturalist-open-data.s3.amazonaws.com/photos/27674791/large.jpeg,Libytheana carinenta mexicana,48460/1/47120/372739/47158/184884/47157/47224/47922/85868/58562/58561,jpeg
http://inaturalist-open-data.s3.amazonaws.com/photos/27674804/large.jpeg,Libytheana carinenta mexicana,48460/1/47120/372739/47158/184884/47157/47224/47922/85868/58562/58561,jpeg
http://inaturalist-open-data.s3.amazonaws.com/photos/27674815/large.jpeg,Libytheana carinenta mexicana,48460/1/47120/372739/47158/184884/47157/47224/47922/85868/58562/58561,jpeg
http://inaturalist-open-data.s3.amazonaws.com/photos/27674829/large.jpeg,Libytheana carinenta mexicana,48460/1/47120/372739/47158/184884/47157/47224/47922/85868/58562/58561,jpeg
http://inaturalist-open-data.s3.amazonaws.com/photos/27674841/large.jpeg,Libytheana carinenta mexicana,48460/1/47120/372739/47158/184884/47157/47224/47922/85868/58562/58561,jpeg
http://inaturalist-open-data.s3.amazonaws.com/photos/27674850/large.jpeg,Libytheana carinenta mexicana,48460/1/47120/372739/47158/184884/47157/47224/47922/85868/58562/58561,jpeg
http://inaturalist-open-data.s3.amazonaws.com/photos/27674860/large.jpeg,Libytheana carinenta mexicana,48460/1/47120/372739/47158/184884/47157/47224/47922/85868/58562/58561,jpeg
http://inaturalist-open-data.s3.amazonaws.com/photos/27674869/large.jpeg,Libytheana carinenta mexicana,48460/1/47120/372739/47158/184884/47157/47224/47922/85868/58562/58561,jpeg
http://inaturalist-open-data.s3.amazonaws.com/photos/27674883/large.jpeg,Libytheana carinenta mexicana,48460/1/47120/372739/47158/184884/47157/47224/47922/85868/58562/58561,jpeg
http://inaturalist-open-data.s3.amazonaws.com/photos/27674892/large.jpeg,Libytheana carinenta mexicana,48460/1/47120/372739/47158/184884/47157/47224/47922/85868/58562/58561,jpeg
http://inaturalist-open-data.s3.amazonaws.com/photos/30098985/large.jpg,Libytheana carinenta mexicana,48460/1/47120/372739/47158/184884/47157/47224/47922/85868/58562/58561,jpg
http://inaturalist-open-data.s3.amazonaws.com/photos/30099213/large.jpg,Libytheana carinenta mexicana,48460/1/47120/372739/47158/184884/47157/47224/47922/85868/58562/58561,jpg
http://inaturalist-open-data.s3.amazonaws.com/photos/29203889/large.jpeg,Libytheana carinenta mexicana,48460/1/47120/372739/47158/184884/47157/47224/47922/85868/58562/58561,jpeg
http://inaturalist-open-data.s3.amazonaws.com/photos/29203964/large.jpeg,Libytheana carinenta mexicana,48460/1/47120/372739/47158/184884/47157/47224/47922/85868/58562/58561,jpeg
http://inaturalist-open-data.s3.amazonaws.com/photos/29203960/large.jpeg,Libytheana carinenta mexicana,48460/1/47120/372739/47158/184884/47157/47224/47922/85868/58562/58561,jpeg
http://inaturalist-open-data.s3.amazonaws.com/photos/29204003/large.jpeg,Libytheana carinenta mexicana,48460/1/47120/372739/47158/184884/47157/47224/47922/85868/58562/58561,jpeg
http://inaturalist-open-data.s3.amazonaws.com/photos/29204009/large.jpeg,Libytheana carinenta mexicana,48460/1/47120/372739/47158/184884/47157/47224/47922/85868/58562/58561,jpeg
http://inaturalist-open-data.s3.amazonaws.com/photos/29267988/large.jpeg,Libytheana carinenta mexicana,48460/1/47120/372739/47158/184884/47157/47224/47922/85868/58562/58561,jpeg
http://inaturalist-open-data.s3.amazonaws.com/photos/29318762/large.jpeg,Libytheana carinenta mexicana,48460/1/47120/372739/47158/184884/47157/47224/47922/85868/58562/58561,jpeg
http://inaturalist-open-data.s3.amazonaws.com/photos/29319083/large.jpeg,Libytheana carinenta mexicana,48460/1/47120/372739/47158/184884/47157/47224/47922/85868/58562/58561,jpeg
http://inaturalist-open-data.s3.amazonaws.com/photos/31543843/large.jpg,Libytheana carinenta mexicana,48460/1/47120/372739/47158/184884/47157/47224/47922/85868/58562/58561,jpg
http://inaturalist-open-data.s3.amazonaws.com/photos/38923442/large.jpeg,Libytheana carinenta mexicana,48460/1/47120/372739/47158/184884/47157/47224/47922/85868/58562/58561,jpeg
http://inaturalist-open-data.s3.amazonaws.com/photos/44876889/large.jpeg,Libytheana carinenta mexicana,48460/1/47120/372739/47158/184884/47157/47224/47922/85868/58562/58561,jpeg
http://inaturalist-open-data.s3.amazonaws.com/photos/49222153/large.jpg,Libytheana carinenta mexicana,48460/1/47120/372739/47158/184884/47157/47224/47922/85868/58562/58561,jpg
http://inaturalist-open-data.s3.amazonaws.com/photos/52641421/large.jpeg,Libytheana carinenta mexicana,48460/1/47120/372739/47158/184884/47157/47224/47922/85868/58562/58561,jpeg
http://inaturalist-open-data.s3.amazonaws.com/photos/54105864/large.jpeg,Libytheana carinenta mexicana,48460/1/47120/372739/47158/184884/47157/47224/47922/85868/58562/58561,jpeg
http://inaturalist-open-data.s3.amazonaws.com/photos/54105657/large.jpeg,Libytheana carinenta mexicana,48460/1/47120/372739/47158/184884/47157/47224/47922/85868/58562/58561,jpeg
http://inaturalist-open-data.s3.amazonaws.com/photos/60399423/large.jpeg,Libytheana carinenta mexicana,48460/1/47120/372739/47158/184884/47157/47224/47922/85868/58562/58561,jpeg
http://inaturalist-open-data.s3.amazonaws.com/photos/60450969/large.jpeg,Libytheana carinenta mexicana,48460/1/47120/372739/47158/184884/47157/47224/47922/85868/58562/58561,jpeg
http://inaturalist-open-data.s3.amazonaws.com/photos/60870562/large.jpeg,Libytheana carinenta mexicana,48460/1/47120/372739/47158/184884/47157/47224/47922/85868/58562/58561,jpeg
http://inaturalist-open-data.s3.amazonaws.com/photos/61796902/large.jpeg,Libytheana carinenta mexicana,48460/1/47120/372739/47158/184884/47157/47224/47922/85868/58562/58561,jpeg
http://inaturalist-open-data.s3.amazonaws.com/photos/75611102/large.jpg,Libytheana carinenta mexicana,48460/1/47120/372739/47158/184884/47157/47224/47922/85868/58562/58561,jpg
http://inaturalist-open-data.s3.amazonaws.com/photos/81127375/large.jpg,Libytheana carinenta mexicana,48460/1/47120/372739/47158/184884/47157/47224/47922/85868/58562/58561,jpg
http://inaturalist-open-data.s3.amazonaws.com/photos/82395464/large.jpeg,Libytheana carinenta mexicana,48460/1/47120/372739/47158/184884/47157/47224/47922/85868/58562/58561,jpeg
http://inaturalist-open-data.s3.amazonaws.com/photos/82395470/large.jpeg,Libytheana carinenta mexicana,48460/1/47120/372739/47158/184884/47157/47224/47922/85868/58562/58561,jpeg
http://inaturalist-open-data.s3.amazonaws.com/photos/82395493/large.jpeg,Libytheana carinenta mexicana,48460/1/47120/372739/47158/184884/47157/47224/47922/85868/58562/58561,jpeg
http://inaturalist-open-data.s3.amazonaws.com/photos/82395490/large.jpeg,Libytheana carinenta mexicana,48460/1/47120/372739/47158/184884/47157/47224/47922/85868/58562/58561,jpeg
http://inaturalist-open-data.s3.amazonaws.com/photos/82395515/large.jpeg,Libytheana carinenta mexicana,48460/1/47120/372739/47158/184884/47157/47224/47922/85868/58562/58561,jpeg
http://inaturalist-open-data.s3.amazonaws.com/photos/83769783/large.jpg,Libytheana carinenta mexicana,48460/1/47120/372739/47158/184884/47157/47224/47922/85868/58562/58561,jpg
http://inaturalist-open-data.s3.amazonaws.com/photos/89159344/large.jpeg,Libytheana carinenta mexicana,48460/1/47120/372739/47158/184884/47157/47224/47922/85868/58562/58561,jpeg
http://inaturalist-open-data.s3.amazonaws.com/photos/90842998/large.jpg,Libytheana carinenta mexicana,48460/1/47120/372739/47158/184884/47157/47224/47922/85868/58562/58561,jpg
http://inaturalist-open-data.s3.amazonaws.com/photos/91484732/large.jpeg,Libytheana carinenta mexicana,48460/1/47120/372739/47158/184884/47157/47224/47922/85868/58562/58561,jpeg
http://inaturalist-open-data.s3.amazonaws.com/photos/91747322/large.jpeg,Libytheana carinenta mexicana,48460/1/47120/372739/47158/184884/47157/47224/47922/85868/58562/58561,jpeg
http://inaturalist-open-data.s3.amazonaws.com/photos/92123648/large.jpeg,Libytheana carinenta mexicana,48460/1/47120/372739/47158/184884/47157/47224/47922/85868/58562/58561,jpeg
http://inaturalist-open-data.s3.amazonaws.com/photos/92217000/large.jpeg,Libytheana carinenta mexicana,48460/1/47120/372739/47158/184884/47157/47224/47922/85868/58562/58561,jpeg
http://inaturalist-open-data.s3.amazonaws.com/photos/92331628/large.jpeg,Libytheana carinenta mexicana,48460/1/47120/372739/47158/184884/47157/47224/47922/85868/58562/58561,jpeg
http://inaturalist-open-data.s3.amazonaws.com/photos/92331641/large.jpeg,Libytheana carinenta mexicana,48460/1/47120/372739/47158/184884/47157/47224/47922/85868/58562/58561,jpeg
http://inaturalist-open-data.s3.amazonaws.com/photos/92331659/large.jpeg,Libytheana carinenta mexicana,48460/1/47120/372739/47158/184884/47157/47224/47922/85868/58562/58561,jpeg
http://inaturalist-open-data.s3.amazonaws.com/photos/92331673/large.jpeg,Libytheana carinenta mexicana,48460/1/47120/372739/47158/184884/47157/47224/47922/85868/58562/58561,jpeg
http://inaturalist-open-data.s3.amazonaws.com/photos/92331696/large.jpeg,Libytheana carinenta mexicana,48460/1/47120/372739/47158/184884/47157/47224/47922/85868/58562/58561,jpeg
http://inaturalist-open-data.s3.amazonaws.com/photos/92331728/large.jpeg,Libytheana carinenta mexicana,48460/1/47120/372739/47158/184884/47157/47224/47922/85868/58562/58561,jpeg
http://inaturalist-open-data.s3.amazonaws.com/photos/92339647/large.jpeg,Libytheana carinenta mexicana,48460/1/47120/372739/47158/184884/47157/47224/47922/85868/58562/58561,jpeg
http://inaturalist-open-data.s3.amazonaws.com/photos/92826370/large.jpg,Libytheana carinenta mexicana,48460/1/47120/372739/47158/184884/47157/47224/47922/85868/58562/58561,jpg
http://inaturalist-open-data.s3.amazonaws.com/photos/92855467/large.jpeg,Libytheana carinenta mexicana,48460/1/47120/372739/47158/184884/47157/47224/47922/85868/58562/58561,jpeg
http://inaturalist-open-data.s3.amazonaws.com/photos/92855483/large.jpeg,Libytheana carinenta mexicana,48460/1/47120/372739/47158/184884/47157/47224/47922/85868/58562/58561,jpeg
http://inaturalist-open-data.s3.amazonaws.com/photos/92855494/large.jpeg,Libytheana carinenta mexicana,48460/1/47120/372739/47158/184884/47157/47224/47922/85868/58562/58561,jpeg
http://inaturalist-open-data.s3.amazonaws.com/photos/92855516/large.jpeg,Libytheana carinenta mexicana,48460/1/47120/372739/47158/184884/47157/47224/47922/85868/58562/58561,jpeg
http://inaturalist-open-data.s3.amazonaws.com/photos/92855539/large.jpeg,Libytheana carinenta mexicana,48460/1/47120/372739/47158/184884/47157/47224/47922/85868/58562/58561,jpeg
http://inaturalist-open-data.s3.amazonaws.com/photos/92855556/large.jpeg,Libytheana carinenta mexicana,48460/1/47120/372739/47158/184884/47157/47224/47922/85868/58562/58561,jpeg
http://inaturalist-open-data.s3.amazonaws.com/photos/93076934/large.jpeg,Libytheana carinenta mexicana,48460/1/47120/372739/47158/184884/47157/47224/47922/85868/58562/58561,jpeg
http://inaturalist-open-data.s3.amazonaws.com/photos/93217124/large.jpeg,Libytheana carinenta mexicana,48460/1/47120/372739/47158/184884/47157/47224/47922/85868/58562/58561,jpeg
http://inaturalist-open-data.s3.amazonaws.com/photos/93217170/large.jpeg,Libytheana carinenta mexicana,48460/1/47120/372739/47158/184884/47157/47224/47922/85868/58562/58561,jpeg
http://inaturalist-open-data.s3.amazonaws.com/photos/93217205/large.jpeg,Libytheana carinenta mexicana,48460/1/47120/372739/47158/184884/47157/47224/47922/85868/58562/58561,jpeg
http://inaturalist-open-data.s3.amazonaws.com/photos/93363633/large.jpeg,Libytheana carinenta mexicana,48460/1/47120/372739/47158/184884/47157/47224/47922/85868/58562/58561,jpeg
http://inaturalist-open-data.s3.amazonaws.com/photos/93386617/large.jpg,Libytheana carinenta mexicana,48460/1/47120/372739/47158/184884/47157/47224/47922/85868/58562/58561,jpg
http://inaturalist-open-data.s3.amazonaws.com/photos/93440623/large.jpeg,Libytheana carinenta mexicana,48460/1/47120/372739/47158/184884/47157/47224/47922/85868/58562/58561,jpeg
http://inaturalist-open-data.s3.amazonaws.com/photos/93440785/large.jpeg,Libytheana carinenta mexicana,48460/1/47120/372739/47158/184884/47157/47224/47922/85868/58562/58561,jpeg
http://inaturalist-open-data.s3.amazonaws.com/photos/93440943/large.jpeg,Libytheana carinenta mexicana,48460/1/47120/372739/47158/184884/47157/47224/47922/85868/58562/58561,jpeg
http://inaturalist-open-data.s3.amazonaws.com/photos/93471639/large.jpg,Libytheana carinenta mexicana,48460/1/47120/372739/47158/184884/47157/47224/47922/85868/58562/58561,jpg
http://inaturalist-open-data.s3.amazonaws.com/photos/93586557/large.jpeg,Libytheana carinenta mexicana,48460/1/47120/372739/47158/184884/47157/47224/47922/85868/58562/58561,jpeg
http://inaturalist-open-data.s3.amazonaws.com/photos/93671144/large.jpg,Libytheana carinenta mexicana,48460/1/47120/372739/47158/184884/47157/47224/47922/85868/58562/58561,jpg
http://inaturalist-open-data.s3.amazonaws.com/photos/94156441/large.jpg,Libytheana carinenta mexicana,48460/1/47120/372739/47158/184884/47157/47224/47922/85868/58562/58561,jpg
http://inaturalist-open-data.s3.amazonaws.com/photos/94164641/large.jpeg,Libytheana carinenta mexicana,48460/1/47120/372739/47158/184884/47157/47224/47922/85868/58562/58561,jpeg
http://inaturalist-open-data.s3.amazonaws.com/photos/94164706/large.jpeg,Libytheana carinenta mexicana,48460/1/47120/372739/47158/184884/47157/47224/47922/85868/58562/58561,jpeg
http://inaturalist-open-data.s3.amazonaws.com/photos/94164716/large.jpeg,Libytheana carinenta mexicana,48460/1/47120/372739/47158/184884/47157/47224/47922/85868/58562/58561,jpeg
http://inaturalist-open-data.s3.amazonaws.com/photos/94207344/large.jpeg,Libytheana carinenta mexicana,48460/1/47120/372739/47158/184884/47157/47224/47922/85868/58562/58561,jpeg
http://inaturalist-open-data.s3.amazonaws.com/photos/94207425/large.jpeg,Libytheana carinenta mexicana,48460/1/47120/372739/47158/184884/47157/47224/47922/85868/58562/58561,jpeg
http://inaturalist-open-data.s3.amazonaws.com/photos/94207501/large.jpeg,Libytheana carinenta mexicana,48460/1/47120/372739/47158/184884/47157/47224/47922/85868/58562/58561,jpeg
http://inaturalist-open-data.s3.amazonaws.com/photos/94417548/large.jpg,Libytheana carinenta mexicana,48460/1/47120/372739/47158/184884/47157/47224/47922/85868/58562/58561,jpg
http://inaturalist-open-data.s3.amazonaws.com/photos/94651718/large.jpeg,Libytheana carinenta mexicana,48460/1/47120/372739/47158/184884/47157/47224/47922/85868/58562/58561,jpeg
http://inaturalist-open-data.s3.amazonaws.com/photos/94842929/large.jpeg,Libytheana carinenta mexicana,48460/1/47120/372739/47158/184884/47157/47224/47922/85868/58562/58561,jpeg
http://inaturalist-open-data.s3.amazonaws.com/photos/94882858/large.jpeg,Libytheana carinenta mexicana,48460/1/47120/372739/47158/184884/47157/47224/47922/85868/58562/58561,jpeg
http://inaturalist-open-data.s3.amazonaws.com/photos/94918761/large.jpeg,Libytheana carinenta mexicana,48460/1/47120/372739/47158/184884/47157/47224/47922/85868/58562/58561,jpeg
http://inaturalist-open-data.s3.amazonaws.com/photos/98378130/large.jpg,Libytheana carinenta mexicana,48460/1/47120/372739/47158/184884/47157/47224/47922/85868/58562/58561,jpg
http://inaturalist-open-data.s3.amazonaws.com/photos/100454030/large.jpeg,Libytheana carinenta mexicana,48460/1/47120/372739/47158/184884/47157/47224/47922/85868/58562/58561,jpeg
http://inaturalist-open-data.s3.amazonaws.com/photos/101631683/large.jpeg,Libytheana carinenta mexicana,48460/1/47120/372739/47158/184884/47157/47224/47922/85868/58562/58561,jpeg
http://inaturalist-open-data.s3.amazonaws.com/photos/101631802/large.jpeg,Libytheana carinenta mexicana,48460/1/47120/372739/47158/184884/47157/47224/47922/85868/58562/58561,jpeg
http://inaturalist-open-data.s3.amazonaws.com/photos/102310728/large.jpeg,Libytheana carinenta mexicana,48460/1/47120/372739/47158/184884/47157/47224/47922/85868/58562/58561,jpeg
http://inaturalist-open-data.s3.amazonaws.com/photos/102312279/large.jpeg,Libytheana carinenta mexicana,48460/1/47120/372739/47158/184884/47157/47224/47922/85868/58562/58561,jpeg
http://inaturalist-open-data.s3.amazonaws.com/photos/102310741/large.jpeg,Libytheana carinenta mexicana,48460/1/47120/372739/47158/184884/47157/47224/47922/85868/58562/58561,jpeg
http://inaturalist-open-data.s3.amazonaws.com/photos/102310763/large.jpeg,Libytheana carinenta mexicana,48460/1/47120/372739/47158/184884/47157/47224/47922/85868/58562/58561,jpeg
http://inaturalist-open-data.s3.amazonaws.com/photos/102313178/large.jpeg,Libytheana carinenta mexicana,48460/1/47120/372739/47158/184884/47157/47224/47922/85868/58562/58561,jpeg
http://inaturalist-open-data.s3.amazonaws.com/photos/102313222/large.jpeg,Libytheana carinenta mexicana,48460/1/47120/372739/47158/184884/47157/47224/47922/85868/58562/58561,jpeg
http://inaturalist-open-data.s3.amazonaws.com/photos/102457200/large.jpg,Libytheana carinenta mexicana,48460/1/47120/372739/47158/184884/47157/47224/47922/85868/58562/58561,jpg
http://inaturalist-open-data.s3.amazonaws.com/photos/105145025/large.jpg,Libytheana carinenta mexicana,48460/1/47120/372739/47158/184884/47157/47224/47922/85868/58562/58561,jpg
http://inaturalist-open-data.s3.amazonaws.com/photos/105349867/large.jpeg,Libytheana carinenta mexicana,48460/1/47120/372739/47158/184884/47157/47224/47922/85868/58562/58561,jpeg
http://inaturalist-open-data.s3.amazonaws.com/photos/105349944/large.jpeg,Libytheana carinenta mexicana,48460/1/47120/372739/47158/184884/47157/47224/47922/85868/58562/58561,jpeg
http://inaturalist-open-data.s3.amazonaws.com/photos/105350539/large.jpeg,Libytheana carinenta mexicana,48460/1/47120/372739/47158/184884/47157/47224/47922/85868/58562/58561,jpeg
http://inaturalist-open-data.s3.amazonaws.com/photos/105414466/large.jpeg,Libytheana carinenta mexicana,48460/1/47120/372739/47158/184884/47157/47224/47922/85868/58562/58561,jpeg
http://inaturalist-open-data.s3.amazonaws.com/photos/106777824/large.jpg,Libytheana carinenta mexicana,48460/1/47120/372739/47158/184884/47157/47224/47922/85868/58562/58561,jpg
http://inaturalist-open-data.s3.amazonaws.com/photos/107448897/large.jpg,Libytheana carinenta mexicana,48460/1/47120/372739/47158/184884/47157/47224/47922/85868/58562/58561,jpg
http://inaturalist-open-data.s3.amazonaws.com/photos/107451697/large.jpg,Libytheana carinenta mexicana,48460/1/47120/372739/47158/184884/47157/47224/47922/85868/58562/58561,jpg
http://inaturalist-open-data.s3.amazonaws.com/photos/107552512/large.jpeg,Libytheana carinenta mexicana,48460/1/47120/372739/47158/184884/47157/47224/47922/85868/58562/58561,jpeg
http://inaturalist-open-data.s3.amazonaws.com/photos/107552521/large.jpeg,Libytheana carinenta mexicana,48460/1/47120/372739/47158/184884/47157/47224/47922/85868/58562/58561,jpeg
http://inaturalist-open-data.s3.amazonaws.com/photos/107552535/large.jpeg,Libytheana carinenta mexicana,48460/1/47120/372739/47158/184884/47157/47224/47922/85868/58562/58561,jpeg
http://inaturalist-open-data.s3.amazonaws.com/photos/115235902/large.jpeg,Libytheana carinenta mexicana,48460/1/47120/372739/47158/184884/47157/47224/47922/85868/58562/58561,jpeg
http://inaturalist-open-data.s3.amazonaws.com/photos/127478398/large.jpg,Libytheana carinenta mexicana,48460/1/47120/372739/47158/184884/47157/47224/47922/85868/58562/58561,jpg
http://inaturalist-open-data.s3.amazonaws.com/photos/146417603/large.jpeg,Libytheana carinenta mexicana,48460/1/47120/372739/47158/184884/47157/47224/47922/85868/58562/58561,jpeg
