photo_url_large,taxon_name,ancestry,extension
http://inaturalist-open-data.s3.amazonaws.com/photos/62794073/large.jpg,Libythea narina rohini,48460/1/47120/372739/47158/184884/47157/47224/47922/85868/89519/358907,jpg
http://inaturalist-open-data.s3.amazonaws.com/photos/62794069/large.jpg,Libythea narina rohini,48460/1/47120/372739/47158/184884/47157/47224/47922/85868/89519/358907,jpg
http://inaturalist-open-data.s3.amazonaws.com/photos/109094582/large.jpeg,Libythea narina rohini,48460/1/47120/372739/47158/184884/47157/47224/47922/85868/89519/358907,jpeg
http://inaturalist-open-data.s3.amazonaws.com/photos/109094587/large.jpeg,Libythea narina rohini,48460/1/47120/372739/47158/184884/47157/47224/47922/85868/89519/358907,jpeg
