photo_url_large,taxon_name,ancestry,extension
http://inaturalist-open-data.s3.amazonaws.com/photos/12195844/large.jpg,Lieinix nemesis nemesis,48460/1/47120/372739/47158/184884/47157/47224/48508/321381/247806/293998,jpg
http://inaturalist-open-data.s3.amazonaws.com/photos/21562754/large.jpg,Lieinix nemesis nemesis,48460/1/47120/372739/47158/184884/47157/47224/48508/321381/247806/293998,jpg
http://inaturalist-open-data.s3.amazonaws.com/photos/41936487/large.jpg,Lieinix nemesis nemesis,48460/1/47120/372739/47158/184884/47157/47224/48508/321381/247806/293998,jpg
http://inaturalist-open-data.s3.amazonaws.com/photos/41949906/large.jpg,Lieinix nemesis nemesis,48460/1/47120/372739/47158/184884/47157/47224/48508/321381/247806/293998,jpg
http://inaturalist-open-data.s3.amazonaws.com/photos/46863881/large.jpg,Lieinix nemesis nemesis,48460/1/47120/372739/47158/184884/47157/47224/48508/321381/247806/293998,jpg
http://inaturalist-open-data.s3.amazonaws.com/photos/52957772/large.jpeg,Lieinix nemesis nemesis,48460/1/47120/372739/47158/184884/47157/47224/48508/321381/247806/293998,jpeg
http://inaturalist-open-data.s3.amazonaws.com/photos/52957764/large.jpeg,Lieinix nemesis nemesis,48460/1/47120/372739/47158/184884/47157/47224/48508/321381/247806/293998,jpeg
http://inaturalist-open-data.s3.amazonaws.com/photos/52957783/large.jpeg,Lieinix nemesis nemesis,48460/1/47120/372739/47158/184884/47157/47224/48508/321381/247806/293998,jpeg
http://inaturalist-open-data.s3.amazonaws.com/photos/55929977/large.jpg,Lieinix nemesis nemesis,48460/1/47120/372739/47158/184884/47157/47224/48508/321381/247806/293998,jpg
http://inaturalist-open-data.s3.amazonaws.com/photos/57723766/large.jpg,Lieinix nemesis nemesis,48460/1/47120/372739/47158/184884/47157/47224/48508/321381/247806/293998,jpg
http://inaturalist-open-data.s3.amazonaws.com/photos/60290841/large.jpg,Lieinix nemesis nemesis,48460/1/47120/372739/47158/184884/47157/47224/48508/321381/247806/293998,jpg
http://inaturalist-open-data.s3.amazonaws.com/photos/60923581/large.jpeg,Lieinix nemesis nemesis,48460/1/47120/372739/47158/184884/47157/47224/48508/321381/247806/293998,jpeg
http://inaturalist-open-data.s3.amazonaws.com/photos/61060285/large.jpg,Lieinix nemesis nemesis,48460/1/47120/372739/47158/184884/47157/47224/48508/321381/247806/293998,jpg
http://inaturalist-open-data.s3.amazonaws.com/photos/68103157/large.jpeg,Lieinix nemesis nemesis,48460/1/47120/372739/47158/184884/47157/47224/48508/321381/247806/293998,jpeg
http://inaturalist-open-data.s3.amazonaws.com/photos/68099838/large.jpeg,Lieinix nemesis nemesis,48460/1/47120/372739/47158/184884/47157/47224/48508/321381/247806/293998,jpeg
http://inaturalist-open-data.s3.amazonaws.com/photos/68103140/large.jpeg,Lieinix nemesis nemesis,48460/1/47120/372739/47158/184884/47157/47224/48508/321381/247806/293998,jpeg
http://inaturalist-open-data.s3.amazonaws.com/photos/73851189/large.jpg,Lieinix nemesis nemesis,48460/1/47120/372739/47158/184884/47157/47224/48508/321381/247806/293998,jpg
http://inaturalist-open-data.s3.amazonaws.com/photos/96620251/large.jpg,Lieinix nemesis nemesis,48460/1/47120/372739/47158/184884/47157/47224/48508/321381/247806/293998,jpg
http://inaturalist-open-data.s3.amazonaws.com/photos/96620290/large.jpg,Lieinix nemesis nemesis,48460/1/47120/372739/47158/184884/47157/47224/48508/321381/247806/293998,jpg
http://inaturalist-open-data.s3.amazonaws.com/photos/104034684/large.jpeg,Lieinix nemesis nemesis,48460/1/47120/372739/47158/184884/47157/47224/48508/321381/247806/293998,jpeg
http://inaturalist-open-data.s3.amazonaws.com/photos/104034710/large.jpeg,Lieinix nemesis nemesis,48460/1/47120/372739/47158/184884/47157/47224/48508/321381/247806/293998,jpeg
http://inaturalist-open-data.s3.amazonaws.com/photos/104034725/large.jpeg,Lieinix nemesis nemesis,48460/1/47120/372739/47158/184884/47157/47224/48508/321381/247806/293998,jpeg
http://inaturalist-open-data.s3.amazonaws.com/photos/110881525/large.jpeg,Lieinix nemesis nemesis,48460/1/47120/372739/47158/184884/47157/47224/48508/321381/247806/293998,jpeg
http://inaturalist-open-data.s3.amazonaws.com/photos/110881537/large.jpeg,Lieinix nemesis nemesis,48460/1/47120/372739/47158/184884/47157/47224/48508/321381/247806/293998,jpeg
http://inaturalist-open-data.s3.amazonaws.com/photos/111326818/large.jpeg,Lieinix nemesis nemesis,48460/1/47120/372739/47158/184884/47157/47224/48508/321381/247806/293998,jpeg
http://inaturalist-open-data.s3.amazonaws.com/photos/111326858/large.jpeg,Lieinix nemesis nemesis,48460/1/47120/372739/47158/184884/47157/47224/48508/321381/247806/293998,jpeg
http://inaturalist-open-data.s3.amazonaws.com/photos/111579855/large.jpeg,Lieinix nemesis nemesis,48460/1/47120/372739/47158/184884/47157/47224/48508/321381/247806/293998,jpeg
