photo_url_large,taxon_name,ancestry,extension
http://inaturalist-open-data.s3.amazonaws.com/photos/59778665/large.jpg,Limnogonus fossarum gilguy,48460/1/47120/372739/47158/184884/47744/61267/372861/59654/59653/366568/936827/330109/360911,jpg
http://inaturalist-open-data.s3.amazonaws.com/photos/61812526/large.jpeg,Limnogonus fossarum gilguy,48460/1/47120/372739/47158/184884/47744/61267/372861/59654/59653/366568/936827/330109/360911,jpeg
http://inaturalist-open-data.s3.amazonaws.com/photos/99429864/large.jpeg,Limnogonus fossarum gilguy,48460/1/47120/372739/47158/184884/47744/61267/372861/59654/59653/366568/936827/330109/360911,jpeg
http://inaturalist-open-data.s3.amazonaws.com/photos/101730051/large.jpg,Limnogonus fossarum gilguy,48460/1/47120/372739/47158/184884/47744/61267/372861/59654/59653/366568/936827/330109/360911,jpg
http://inaturalist-open-data.s3.amazonaws.com/photos/176364350/large.jpg,Limnogonus fossarum gilguy,48460/1/47120/372739/47158/184884/47744/61267/372861/59654/59653/366568/936827/330109/360911,jpg
http://inaturalist-open-data.s3.amazonaws.com/photos/176364353/large.jpg,Limnogonus fossarum gilguy,48460/1/47120/372739/47158/184884/47744/61267/372861/59654/59653/366568/936827/330109/360911,jpg
