photo_url_large,taxon_name,ancestry,extension
http://inaturalist-open-data.s3.amazonaws.com/photos/4699620/large.jpeg,Lissonotus flavocinctus puncticollis,48460/1/47120/372739/47158/184884/47208/71130/372852/963992/47961/321500/180529/252259/306444,jpeg
http://inaturalist-open-data.s3.amazonaws.com/photos/11709169/large.jpg,Lissonotus flavocinctus puncticollis,48460/1/47120/372739/47158/184884/47208/71130/372852/963992/47961/321500/180529/252259/306444,jpg
http://inaturalist-open-data.s3.amazonaws.com/photos/11709217/large.jpg,Lissonotus flavocinctus puncticollis,48460/1/47120/372739/47158/184884/47208/71130/372852/963992/47961/321500/180529/252259/306444,jpg
http://inaturalist-open-data.s3.amazonaws.com/photos/11984668/large.jpg,Lissonotus flavocinctus puncticollis,48460/1/47120/372739/47158/184884/47208/71130/372852/963992/47961/321500/180529/252259/306444,jpg
http://inaturalist-open-data.s3.amazonaws.com/photos/16413925/large.jpeg,Lissonotus flavocinctus puncticollis,48460/1/47120/372739/47158/184884/47208/71130/372852/963992/47961/321500/180529/252259/306444,jpeg
http://inaturalist-open-data.s3.amazonaws.com/photos/16413887/large.jpeg,Lissonotus flavocinctus puncticollis,48460/1/47120/372739/47158/184884/47208/71130/372852/963992/47961/321500/180529/252259/306444,jpeg
http://inaturalist-open-data.s3.amazonaws.com/photos/24441912/large.jpeg,Lissonotus flavocinctus puncticollis,48460/1/47120/372739/47158/184884/47208/71130/372852/963992/47961/321500/180529/252259/306444,jpeg
http://inaturalist-open-data.s3.amazonaws.com/photos/56302289/large.jpeg,Lissonotus flavocinctus puncticollis,48460/1/47120/372739/47158/184884/47208/71130/372852/963992/47961/321500/180529/252259/306444,jpeg
http://inaturalist-open-data.s3.amazonaws.com/photos/99668720/large.jpeg,Lissonotus flavocinctus puncticollis,48460/1/47120/372739/47158/184884/47208/71130/372852/963992/47961/321500/180529/252259/306444,jpeg
http://inaturalist-open-data.s3.amazonaws.com/photos/108427478/large.jpg,Lissonotus flavocinctus puncticollis,48460/1/47120/372739/47158/184884/47208/71130/372852/963992/47961/321500/180529/252259/306444,jpg
