photo_url_large,taxon_name,ancestry,extension
http://inaturalist-open-data.s3.amazonaws.com/photos/7682140/large.jpg,Lon melane poa,48460/1/47120/372739/47158/184884/47157/47224/47653/122493/320552/1081313/1081332,jpg
http://inaturalist-open-data.s3.amazonaws.com/photos/7682143/large.jpg,Lon melane poa,48460/1/47120/372739/47158/184884/47157/47224/47653/122493/320552/1081313/1081332,jpg
http://inaturalist-open-data.s3.amazonaws.com/photos/17718845/large.jpg,Lon melane poa,48460/1/47120/372739/47158/184884/47157/47224/47653/122493/320552/1081313/1081332,jpg
http://inaturalist-open-data.s3.amazonaws.com/photos/33173944/large.jpg,Lon melane poa,48460/1/47120/372739/47158/184884/47157/47224/47653/122493/320552/1081313/1081332,jpg
http://inaturalist-open-data.s3.amazonaws.com/photos/44545975/large.jpeg,Lon melane poa,48460/1/47120/372739/47158/184884/47157/47224/47653/122493/320552/1081313/1081332,jpeg
http://inaturalist-open-data.s3.amazonaws.com/photos/51356836/large.jpg,Lon melane poa,48460/1/47120/372739/47158/184884/47157/47224/47653/122493/320552/1081313/1081332,jpg
http://inaturalist-open-data.s3.amazonaws.com/photos/55934489/large.jpg,Lon melane poa,48460/1/47120/372739/47158/184884/47157/47224/47653/122493/320552/1081313/1081332,jpg
http://inaturalist-open-data.s3.amazonaws.com/photos/55934431/large.jpg,Lon melane poa,48460/1/47120/372739/47158/184884/47157/47224/47653/122493/320552/1081313/1081332,jpg
http://inaturalist-open-data.s3.amazonaws.com/photos/56559037/large.jpeg,Lon melane poa,48460/1/47120/372739/47158/184884/47157/47224/47653/122493/320552/1081313/1081332,jpeg
http://inaturalist-open-data.s3.amazonaws.com/photos/67955117/large.jpeg,Lon melane poa,48460/1/47120/372739/47158/184884/47157/47224/47653/122493/320552/1081313/1081332,jpeg
http://inaturalist-open-data.s3.amazonaws.com/photos/68292590/large.jpeg,Lon melane poa,48460/1/47120/372739/47158/184884/47157/47224/47653/122493/320552/1081313/1081332,jpeg
http://inaturalist-open-data.s3.amazonaws.com/photos/68292616/large.jpeg,Lon melane poa,48460/1/47120/372739/47158/184884/47157/47224/47653/122493/320552/1081313/1081332,jpeg
http://inaturalist-open-data.s3.amazonaws.com/photos/71662925/large.jpg,Lon melane poa,48460/1/47120/372739/47158/184884/47157/47224/47653/122493/320552/1081313/1081332,jpg
http://inaturalist-open-data.s3.amazonaws.com/photos/71662879/large.jpg,Lon melane poa,48460/1/47120/372739/47158/184884/47157/47224/47653/122493/320552/1081313/1081332,jpg
http://inaturalist-open-data.s3.amazonaws.com/photos/82788564/large.jpeg,Lon melane poa,48460/1/47120/372739/47158/184884/47157/47224/47653/122493/320552/1081313/1081332,jpeg
http://inaturalist-open-data.s3.amazonaws.com/photos/89843133/large.jpeg,Lon melane poa,48460/1/47120/372739/47158/184884/47157/47224/47653/122493/320552/1081313/1081332,jpeg
http://inaturalist-open-data.s3.amazonaws.com/photos/94094152/large.jpg,Lon melane poa,48460/1/47120/372739/47158/184884/47157/47224/47653/122493/320552/1081313/1081332,jpg
http://inaturalist-open-data.s3.amazonaws.com/photos/94094175/large.jpg,Lon melane poa,48460/1/47120/372739/47158/184884/47157/47224/47653/122493/320552/1081313/1081332,jpg
http://inaturalist-open-data.s3.amazonaws.com/photos/95812845/large.jpg,Lon melane poa,48460/1/47120/372739/47158/184884/47157/47224/47653/122493/320552/1081313/1081332,jpg
http://inaturalist-open-data.s3.amazonaws.com/photos/95812841/large.jpg,Lon melane poa,48460/1/47120/372739/47158/184884/47157/47224/47653/122493/320552/1081313/1081332,jpg
http://inaturalist-open-data.s3.amazonaws.com/photos/97830249/large.jpg,Lon melane poa,48460/1/47120/372739/47158/184884/47157/47224/47653/122493/320552/1081313/1081332,jpg
http://inaturalist-open-data.s3.amazonaws.com/photos/127619431/large.jpeg,Lon melane poa,48460/1/47120/372739/47158/184884/47157/47224/47653/122493/320552/1081313/1081332,jpeg
http://inaturalist-open-data.s3.amazonaws.com/photos/154276610/large.jpeg,Lon melane poa,48460/1/47120/372739/47158/184884/47157/47224/47653/122493/320552/1081313/1081332,jpeg
http://inaturalist-open-data.s3.amazonaws.com/photos/154276664/large.jpeg,Lon melane poa,48460/1/47120/372739/47158/184884/47157/47224/47653/122493/320552/1081313/1081332,jpeg
http://inaturalist-open-data.s3.amazonaws.com/photos/160955219/large.jpeg,Lon melane poa,48460/1/47120/372739/47158/184884/47157/47224/47653/122493/320552/1081313/1081332,jpeg
http://inaturalist-open-data.s3.amazonaws.com/photos/160955255/large.jpeg,Lon melane poa,48460/1/47120/372739/47158/184884/47157/47224/47653/122493/320552/1081313/1081332,jpeg
