photo_url_large,taxon_name,ancestry,extension
http://inaturalist-open-data.s3.amazonaws.com/photos/6029031/large.jpeg,Lophyra flexuosa sardea,48460/1/47120/372739/47158/184884/47208/340471/372884/49567/119895/373661/373919/321345/467422,jpeg
http://inaturalist-open-data.s3.amazonaws.com/photos/6029034/large.jpeg,Lophyra flexuosa sardea,48460/1/47120/372739/47158/184884/47208/340471/372884/49567/119895/373661/373919/321345/467422,jpeg
http://inaturalist-open-data.s3.amazonaws.com/photos/6029036/large.jpeg,Lophyra flexuosa sardea,48460/1/47120/372739/47158/184884/47208/340471/372884/49567/119895/373661/373919/321345/467422,jpeg
http://inaturalist-open-data.s3.amazonaws.com/photos/6029027/large.jpeg,Lophyra flexuosa sardea,48460/1/47120/372739/47158/184884/47208/340471/372884/49567/119895/373661/373919/321345/467422,jpeg
http://inaturalist-open-data.s3.amazonaws.com/photos/6029030/large.jpeg,Lophyra flexuosa sardea,48460/1/47120/372739/47158/184884/47208/340471/372884/49567/119895/373661/373919/321345/467422,jpeg
http://inaturalist-open-data.s3.amazonaws.com/photos/6029037/large.jpeg,Lophyra flexuosa sardea,48460/1/47120/372739/47158/184884/47208/340471/372884/49567/119895/373661/373919/321345/467422,jpeg
http://inaturalist-open-data.s3.amazonaws.com/photos/6029033/large.jpeg,Lophyra flexuosa sardea,48460/1/47120/372739/47158/184884/47208/340471/372884/49567/119895/373661/373919/321345/467422,jpeg
http://inaturalist-open-data.s3.amazonaws.com/photos/42577142/large.jpeg,Lophyra flexuosa sardea,48460/1/47120/372739/47158/184884/47208/340471/372884/49567/119895/373661/373919/321345/467422,jpeg
http://inaturalist-open-data.s3.amazonaws.com/photos/75020231/large.jpeg,Lophyra flexuosa sardea,48460/1/47120/372739/47158/184884/47208/340471/372884/49567/119895/373661/373919/321345/467422,jpeg
