photo_url_large,taxon_name,ancestry,extension
http://inaturalist-open-data.s3.amazonaws.com/photos/58571075/large.jpeg,Lophyra cancellata intemperata,48460/1/47120/372739/47158/184884/47208/340471/372884/49567/119895/373661/373919/321345/782600,jpeg
http://inaturalist-open-data.s3.amazonaws.com/photos/92080658/large.jpg,Lophyra cancellata intemperata,48460/1/47120/372739/47158/184884/47208/340471/372884/49567/119895/373661/373919/321345/782600,jpg
http://inaturalist-open-data.s3.amazonaws.com/photos/92080651/large.jpg,Lophyra cancellata intemperata,48460/1/47120/372739/47158/184884/47208/340471/372884/49567/119895/373661/373919/321345/782600,jpg
http://inaturalist-open-data.s3.amazonaws.com/photos/92080645/large.jpg,Lophyra cancellata intemperata,48460/1/47120/372739/47158/184884/47208/340471/372884/49567/119895/373661/373919/321345/782600,jpg
http://inaturalist-open-data.s3.amazonaws.com/photos/92080661/large.jpg,Lophyra cancellata intemperata,48460/1/47120/372739/47158/184884/47208/340471/372884/49567/119895/373661/373919/321345/782600,jpg
http://inaturalist-open-data.s3.amazonaws.com/photos/92080664/large.jpg,Lophyra cancellata intemperata,48460/1/47120/372739/47158/184884/47208/340471/372884/49567/119895/373661/373919/321345/782600,jpg
http://inaturalist-open-data.s3.amazonaws.com/photos/92080691/large.jpg,Lophyra cancellata intemperata,48460/1/47120/372739/47158/184884/47208/340471/372884/49567/119895/373661/373919/321345/782600,jpg
http://inaturalist-open-data.s3.amazonaws.com/photos/92080679/large.jpg,Lophyra cancellata intemperata,48460/1/47120/372739/47158/184884/47208/340471/372884/49567/119895/373661/373919/321345/782600,jpg
http://inaturalist-open-data.s3.amazonaws.com/photos/92080674/large.jpg,Lophyra cancellata intemperata,48460/1/47120/372739/47158/184884/47208/340471/372884/49567/119895/373661/373919/321345/782600,jpg
http://inaturalist-open-data.s3.amazonaws.com/photos/92080669/large.jpg,Lophyra cancellata intemperata,48460/1/47120/372739/47158/184884/47208/340471/372884/49567/119895/373661/373919/321345/782600,jpg
http://inaturalist-open-data.s3.amazonaws.com/photos/92080686/large.jpg,Lophyra cancellata intemperata,48460/1/47120/372739/47158/184884/47208/340471/372884/49567/119895/373661/373919/321345/782600,jpg
http://inaturalist-open-data.s3.amazonaws.com/photos/92080695/large.jpg,Lophyra cancellata intemperata,48460/1/47120/372739/47158/184884/47208/340471/372884/49567/119895/373661/373919/321345/782600,jpg
http://inaturalist-open-data.s3.amazonaws.com/photos/92080906/large.jpg,Lophyra cancellata intemperata,48460/1/47120/372739/47158/184884/47208/340471/372884/49567/119895/373661/373919/321345/782600,jpg
http://inaturalist-open-data.s3.amazonaws.com/photos/92080912/large.jpg,Lophyra cancellata intemperata,48460/1/47120/372739/47158/184884/47208/340471/372884/49567/119895/373661/373919/321345/782600,jpg
http://inaturalist-open-data.s3.amazonaws.com/photos/92080898/large.jpg,Lophyra cancellata intemperata,48460/1/47120/372739/47158/184884/47208/340471/372884/49567/119895/373661/373919/321345/782600,jpg
http://inaturalist-open-data.s3.amazonaws.com/photos/92080886/large.jpg,Lophyra cancellata intemperata,48460/1/47120/372739/47158/184884/47208/340471/372884/49567/119895/373661/373919/321345/782600,jpg
http://inaturalist-open-data.s3.amazonaws.com/photos/92080893/large.jpg,Lophyra cancellata intemperata,48460/1/47120/372739/47158/184884/47208/340471/372884/49567/119895/373661/373919/321345/782600,jpg
http://inaturalist-open-data.s3.amazonaws.com/photos/92080897/large.jpg,Lophyra cancellata intemperata,48460/1/47120/372739/47158/184884/47208/340471/372884/49567/119895/373661/373919/321345/782600,jpg
