photo_url_large,taxon_name,ancestry,extension
http://inaturalist-open-data.s3.amazonaws.com/photos/67900430/large.jpg,Lotongus calathus balta,48460/1/47120/372739/47158/184884/47157/47224/47653/122493/491294/878019/878018,jpg
http://inaturalist-open-data.s3.amazonaws.com/photos/67900437/large.jpg,Lotongus calathus balta,48460/1/47120/372739/47158/184884/47157/47224/47653/122493/491294/878019/878018,jpg
http://inaturalist-open-data.s3.amazonaws.com/photos/67900441/large.jpg,Lotongus calathus balta,48460/1/47120/372739/47158/184884/47157/47224/47653/122493/491294/878019/878018,jpg
http://inaturalist-open-data.s3.amazonaws.com/photos/67900454/large.jpg,Lotongus calathus balta,48460/1/47120/372739/47158/184884/47157/47224/47653/122493/491294/878019/878018,jpg
http://inaturalist-open-data.s3.amazonaws.com/photos/70354343/large.jpg,Lotongus calathus balta,48460/1/47120/372739/47158/184884/47157/47224/47653/122493/491294/878019/878018,jpg
http://inaturalist-open-data.s3.amazonaws.com/photos/70354328/large.jpg,Lotongus calathus balta,48460/1/47120/372739/47158/184884/47157/47224/47653/122493/491294/878019/878018,jpg
http://inaturalist-open-data.s3.amazonaws.com/photos/70354316/large.jpg,Lotongus calathus balta,48460/1/47120/372739/47158/184884/47157/47224/47653/122493/491294/878019/878018,jpg
http://inaturalist-open-data.s3.amazonaws.com/photos/70354335/large.jpg,Lotongus calathus balta,48460/1/47120/372739/47158/184884/47157/47224/47653/122493/491294/878019/878018,jpg
http://inaturalist-open-data.s3.amazonaws.com/photos/92407886/large.jpg,Lotongus calathus balta,48460/1/47120/372739/47158/184884/47157/47224/47653/122493/491294/878019/878018,jpg
http://inaturalist-open-data.s3.amazonaws.com/photos/92407892/large.jpg,Lotongus calathus balta,48460/1/47120/372739/47158/184884/47157/47224/47653/122493/491294/878019/878018,jpg
http://inaturalist-open-data.s3.amazonaws.com/photos/92407902/large.jpg,Lotongus calathus balta,48460/1/47120/372739/47158/184884/47157/47224/47653/122493/491294/878019/878018,jpg
http://inaturalist-open-data.s3.amazonaws.com/photos/92407908/large.jpg,Lotongus calathus balta,48460/1/47120/372739/47158/184884/47157/47224/47653/122493/491294/878019/878018,jpg
http://inaturalist-open-data.s3.amazonaws.com/photos/92407911/large.jpg,Lotongus calathus balta,48460/1/47120/372739/47158/184884/47157/47224/47653/122493/491294/878019/878018,jpg
http://inaturalist-open-data.s3.amazonaws.com/photos/92407915/large.jpg,Lotongus calathus balta,48460/1/47120/372739/47158/184884/47157/47224/47653/122493/491294/878019/878018,jpg
http://inaturalist-open-data.s3.amazonaws.com/photos/92407921/large.jpg,Lotongus calathus balta,48460/1/47120/372739/47158/184884/47157/47224/47653/122493/491294/878019/878018,jpg
http://inaturalist-open-data.s3.amazonaws.com/photos/92407925/large.jpg,Lotongus calathus balta,48460/1/47120/372739/47158/184884/47157/47224/47653/122493/491294/878019/878018,jpg
http://inaturalist-open-data.s3.amazonaws.com/photos/92407928/large.jpg,Lotongus calathus balta,48460/1/47120/372739/47158/184884/47157/47224/47653/122493/491294/878019/878018,jpg
http://inaturalist-open-data.s3.amazonaws.com/photos/92407932/large.jpg,Lotongus calathus balta,48460/1/47120/372739/47158/184884/47157/47224/47653/122493/491294/878019/878018,jpg
http://inaturalist-open-data.s3.amazonaws.com/photos/92407937/large.jpg,Lotongus calathus balta,48460/1/47120/372739/47158/184884/47157/47224/47653/122493/491294/878019/878018,jpg
http://inaturalist-open-data.s3.amazonaws.com/photos/92407940/large.jpg,Lotongus calathus balta,48460/1/47120/372739/47158/184884/47157/47224/47653/122493/491294/878019/878018,jpg
http://inaturalist-open-data.s3.amazonaws.com/photos/92407944/large.jpg,Lotongus calathus balta,48460/1/47120/372739/47158/184884/47157/47224/47653/122493/491294/878019/878018,jpg
http://inaturalist-open-data.s3.amazonaws.com/photos/92407951/large.jpg,Lotongus calathus balta,48460/1/47120/372739/47158/184884/47157/47224/47653/122493/491294/878019/878018,jpg
http://inaturalist-open-data.s3.amazonaws.com/photos/92407961/large.jpg,Lotongus calathus balta,48460/1/47120/372739/47158/184884/47157/47224/47653/122493/491294/878019/878018,jpg
http://inaturalist-open-data.s3.amazonaws.com/photos/92407964/large.jpg,Lotongus calathus balta,48460/1/47120/372739/47158/184884/47157/47224/47653/122493/491294/878019/878018,jpg
http://inaturalist-open-data.s3.amazonaws.com/photos/92407967/large.jpg,Lotongus calathus balta,48460/1/47120/372739/47158/184884/47157/47224/47653/122493/491294/878019/878018,jpg
http://inaturalist-open-data.s3.amazonaws.com/photos/92407972/large.jpg,Lotongus calathus balta,48460/1/47120/372739/47158/184884/47157/47224/47653/122493/491294/878019/878018,jpg
http://inaturalist-open-data.s3.amazonaws.com/photos/92407976/large.jpg,Lotongus calathus balta,48460/1/47120/372739/47158/184884/47157/47224/47653/122493/491294/878019/878018,jpg
http://inaturalist-open-data.s3.amazonaws.com/photos/92407978/large.jpg,Lotongus calathus balta,48460/1/47120/372739/47158/184884/47157/47224/47653/122493/491294/878019/878018,jpg
http://inaturalist-open-data.s3.amazonaws.com/photos/92407985/large.jpg,Lotongus calathus balta,48460/1/47120/372739/47158/184884/47157/47224/47653/122493/491294/878019/878018,jpg
