photo_url_large,taxon_name,ancestry,extension
http://inaturalist-open-data.s3.amazonaws.com/photos/4556280/large.jpeg,Lycaena dorcas sangremar,48460/1/47120/372739/47158/184884/47157/47224/47923/125835/125818/522625/522628/1267537,jpeg
http://inaturalist-open-data.s3.amazonaws.com/photos/21115303/large.jpeg,Lycaena dorcas sangremar,48460/1/47120/372739/47158/184884/47157/47224/47923/125835/125818/522625/522628/1267537,jpeg
http://inaturalist-open-data.s3.amazonaws.com/photos/31669327/large.jpeg,Lycaena dorcas sangremar,48460/1/47120/372739/47158/184884/47157/47224/47923/125835/125818/522625/522628/1267537,jpeg
http://inaturalist-open-data.s3.amazonaws.com/photos/31669313/large.jpeg,Lycaena dorcas sangremar,48460/1/47120/372739/47158/184884/47157/47224/47923/125835/125818/522625/522628/1267537,jpeg
http://inaturalist-open-data.s3.amazonaws.com/photos/57772189/large.jpg,Lycaena dorcas sangremar,48460/1/47120/372739/47158/184884/47157/47224/47923/125835/125818/522625/522628/1267537,jpg
http://inaturalist-open-data.s3.amazonaws.com/photos/57772202/large.jpg,Lycaena dorcas sangremar,48460/1/47120/372739/47158/184884/47157/47224/47923/125835/125818/522625/522628/1267537,jpg
http://inaturalist-open-data.s3.amazonaws.com/photos/57772197/large.jpg,Lycaena dorcas sangremar,48460/1/47120/372739/47158/184884/47157/47224/47923/125835/125818/522625/522628/1267537,jpg
http://inaturalist-open-data.s3.amazonaws.com/photos/89820048/large.jpeg,Lycaena dorcas sangremar,48460/1/47120/372739/47158/184884/47157/47224/47923/125835/125818/522625/522628/1267537,jpeg
http://inaturalist-open-data.s3.amazonaws.com/photos/89829372/large.jpeg,Lycaena dorcas sangremar,48460/1/47120/372739/47158/184884/47157/47224/47923/125835/125818/522625/522628/1267537,jpeg
http://inaturalist-open-data.s3.amazonaws.com/photos/89829613/large.jpeg,Lycaena dorcas sangremar,48460/1/47120/372739/47158/184884/47157/47224/47923/125835/125818/522625/522628/1267537,jpeg
http://inaturalist-open-data.s3.amazonaws.com/photos/154420771/large.jpg,Lycaena dorcas sangremar,48460/1/47120/372739/47158/184884/47157/47224/47923/125835/125818/522625/522628/1267537,jpg
http://inaturalist-open-data.s3.amazonaws.com/photos/154420763/large.jpg,Lycaena dorcas sangremar,48460/1/47120/372739/47158/184884/47157/47224/47923/125835/125818/522625/522628/1267537,jpg
http://inaturalist-open-data.s3.amazonaws.com/photos/154422924/large.jpg,Lycaena dorcas sangremar,48460/1/47120/372739/47158/184884/47157/47224/47923/125835/125818/522625/522628/1267537,jpg
http://inaturalist-open-data.s3.amazonaws.com/photos/154628111/large.jpg,Lycaena dorcas sangremar,48460/1/47120/372739/47158/184884/47157/47224/47923/125835/125818/522625/522628/1267537,jpg
http://inaturalist-open-data.s3.amazonaws.com/photos/158183719/large.jpeg,Lycaena dorcas sangremar,48460/1/47120/372739/47158/184884/47157/47224/47923/125835/125818/522625/522628/1267537,jpeg
http://inaturalist-open-data.s3.amazonaws.com/photos/158206652/large.jpeg,Lycaena dorcas sangremar,48460/1/47120/372739/47158/184884/47157/47224/47923/125835/125818/522625/522628/1267537,jpeg
http://inaturalist-open-data.s3.amazonaws.com/photos/158206650/large.jpeg,Lycaena dorcas sangremar,48460/1/47120/372739/47158/184884/47157/47224/47923/125835/125818/522625/522628/1267537,jpeg
