photo_url_large,taxon_name,ancestry,extension
http://inaturalist-open-data.s3.amazonaws.com/photos/102745457/large.jpg,Lycaena alciphron melibaeus,48460/1/47120/372739/47158/184884/47157/47224/47923/125835/125818/54010/343429,jpg
http://inaturalist-open-data.s3.amazonaws.com/photos/102745461/large.jpg,Lycaena alciphron melibaeus,48460/1/47120/372739/47158/184884/47157/47224/47923/125835/125818/54010/343429,jpg
http://inaturalist-open-data.s3.amazonaws.com/photos/102745463/large.jpg,Lycaena alciphron melibaeus,48460/1/47120/372739/47158/184884/47157/47224/47923/125835/125818/54010/343429,jpg
http://inaturalist-open-data.s3.amazonaws.com/photos/102745483/large.jpg,Lycaena alciphron melibaeus,48460/1/47120/372739/47158/184884/47157/47224/47923/125835/125818/54010/343429,jpg
http://inaturalist-open-data.s3.amazonaws.com/photos/102745488/large.jpg,Lycaena alciphron melibaeus,48460/1/47120/372739/47158/184884/47157/47224/47923/125835/125818/54010/343429,jpg
http://inaturalist-open-data.s3.amazonaws.com/photos/102745492/large.jpg,Lycaena alciphron melibaeus,48460/1/47120/372739/47158/184884/47157/47224/47923/125835/125818/54010/343429,jpg
http://inaturalist-open-data.s3.amazonaws.com/photos/102745499/large.jpg,Lycaena alciphron melibaeus,48460/1/47120/372739/47158/184884/47157/47224/47923/125835/125818/54010/343429,jpg
http://inaturalist-open-data.s3.amazonaws.com/photos/102745505/large.jpg,Lycaena alciphron melibaeus,48460/1/47120/372739/47158/184884/47157/47224/47923/125835/125818/54010/343429,jpg
http://inaturalist-open-data.s3.amazonaws.com/photos/102745516/large.jpg,Lycaena alciphron melibaeus,48460/1/47120/372739/47158/184884/47157/47224/47923/125835/125818/54010/343429,jpg
http://inaturalist-open-data.s3.amazonaws.com/photos/102745531/large.jpg,Lycaena alciphron melibaeus,48460/1/47120/372739/47158/184884/47157/47224/47923/125835/125818/54010/343429,jpg
http://inaturalist-open-data.s3.amazonaws.com/photos/102745538/large.jpg,Lycaena alciphron melibaeus,48460/1/47120/372739/47158/184884/47157/47224/47923/125835/125818/54010/343429,jpg
http://inaturalist-open-data.s3.amazonaws.com/photos/102745554/large.jpg,Lycaena alciphron melibaeus,48460/1/47120/372739/47158/184884/47157/47224/47923/125835/125818/54010/343429,jpg
http://inaturalist-open-data.s3.amazonaws.com/photos/163274234/large.jpg,Lycaena alciphron melibaeus,48460/1/47120/372739/47158/184884/47157/47224/47923/125835/125818/54010/343429,jpg
http://inaturalist-open-data.s3.amazonaws.com/photos/163281149/large.jpg,Lycaena alciphron melibaeus,48460/1/47120/372739/47158/184884/47157/47224/47923/125835/125818/54010/343429,jpg
http://inaturalist-open-data.s3.amazonaws.com/photos/163281159/large.jpg,Lycaena alciphron melibaeus,48460/1/47120/372739/47158/184884/47157/47224/47923/125835/125818/54010/343429,jpg
http://inaturalist-open-data.s3.amazonaws.com/photos/163281200/large.jpg,Lycaena alciphron melibaeus,48460/1/47120/372739/47158/184884/47157/47224/47923/125835/125818/54010/343429,jpg
http://inaturalist-open-data.s3.amazonaws.com/photos/163281211/large.jpg,Lycaena alciphron melibaeus,48460/1/47120/372739/47158/184884/47157/47224/47923/125835/125818/54010/343429,jpg
http://inaturalist-open-data.s3.amazonaws.com/photos/163281141/large.jpg,Lycaena alciphron melibaeus,48460/1/47120/372739/47158/184884/47157/47224/47923/125835/125818/54010/343429,jpg
http://inaturalist-open-data.s3.amazonaws.com/photos/163281071/large.jpg,Lycaena alciphron melibaeus,48460/1/47120/372739/47158/184884/47157/47224/47923/125835/125818/54010/343429,jpg
http://inaturalist-open-data.s3.amazonaws.com/photos/163281090/large.jpg,Lycaena alciphron melibaeus,48460/1/47120/372739/47158/184884/47157/47224/47923/125835/125818/54010/343429,jpg
http://inaturalist-open-data.s3.amazonaws.com/photos/163281109/large.jpg,Lycaena alciphron melibaeus,48460/1/47120/372739/47158/184884/47157/47224/47923/125835/125818/54010/343429,jpg
http://inaturalist-open-data.s3.amazonaws.com/photos/163281123/large.jpg,Lycaena alciphron melibaeus,48460/1/47120/372739/47158/184884/47157/47224/47923/125835/125818/54010/343429,jpg
http://inaturalist-open-data.s3.amazonaws.com/photos/163281136/large.jpg,Lycaena alciphron melibaeus,48460/1/47120/372739/47158/184884/47157/47224/47923/125835/125818/54010/343429,jpg
http://inaturalist-open-data.s3.amazonaws.com/photos/163620537/large.jpg,Lycaena alciphron melibaeus,48460/1/47120/372739/47158/184884/47157/47224/47923/125835/125818/54010/343429,jpg
http://inaturalist-open-data.s3.amazonaws.com/photos/163620569/large.jpg,Lycaena alciphron melibaeus,48460/1/47120/372739/47158/184884/47157/47224/47923/125835/125818/54010/343429,jpg
http://inaturalist-open-data.s3.amazonaws.com/photos/163620619/large.jpg,Lycaena alciphron melibaeus,48460/1/47120/372739/47158/184884/47157/47224/47923/125835/125818/54010/343429,jpg
http://inaturalist-open-data.s3.amazonaws.com/photos/163620647/large.jpg,Lycaena alciphron melibaeus,48460/1/47120/372739/47158/184884/47157/47224/47923/125835/125818/54010/343429,jpg
http://inaturalist-open-data.s3.amazonaws.com/photos/163620673/large.jpg,Lycaena alciphron melibaeus,48460/1/47120/372739/47158/184884/47157/47224/47923/125835/125818/54010/343429,jpg
http://inaturalist-open-data.s3.amazonaws.com/photos/163620692/large.jpg,Lycaena alciphron melibaeus,48460/1/47120/372739/47158/184884/47157/47224/47923/125835/125818/54010/343429,jpg
http://inaturalist-open-data.s3.amazonaws.com/photos/163620714/large.jpg,Lycaena alciphron melibaeus,48460/1/47120/372739/47158/184884/47157/47224/47923/125835/125818/54010/343429,jpg
http://inaturalist-open-data.s3.amazonaws.com/photos/163620730/large.jpg,Lycaena alciphron melibaeus,48460/1/47120/372739/47158/184884/47157/47224/47923/125835/125818/54010/343429,jpg
http://inaturalist-open-data.s3.amazonaws.com/photos/163620738/large.jpg,Lycaena alciphron melibaeus,48460/1/47120/372739/47158/184884/47157/47224/47923/125835/125818/54010/343429,jpg
http://inaturalist-open-data.s3.amazonaws.com/photos/165806783/large.jpeg,Lycaena alciphron melibaeus,48460/1/47120/372739/47158/184884/47157/47224/47923/125835/125818/54010/343429,jpeg
