photo_url_large,taxon_name,ancestry,extension
http://inaturalist-open-data.s3.amazonaws.com/photos/12330967/large.jpg,Lycorea halia pales,48460/1/47120/372739/47158/184884/47157/47224/47922/61244/134169/522901/148583/204680,jpg
http://inaturalist-open-data.s3.amazonaws.com/photos/33350113/large.jpeg,Lycorea halia pales,48460/1/47120/372739/47158/184884/47157/47224/47922/61244/134169/522901/148583/204680,jpeg
http://inaturalist-open-data.s3.amazonaws.com/photos/33350195/large.jpeg,Lycorea halia pales,48460/1/47120/372739/47158/184884/47157/47224/47922/61244/134169/522901/148583/204680,jpeg
http://inaturalist-open-data.s3.amazonaws.com/photos/86202488/large.jpeg,Lycorea halia pales,48460/1/47120/372739/47158/184884/47157/47224/47922/61244/134169/522901/148583/204680,jpeg
http://inaturalist-open-data.s3.amazonaws.com/photos/90455368/large.jpeg,Lycorea halia pales,48460/1/47120/372739/47158/184884/47157/47224/47922/61244/134169/522901/148583/204680,jpeg
http://inaturalist-open-data.s3.amazonaws.com/photos/90965465/large.jpeg,Lycorea halia pales,48460/1/47120/372739/47158/184884/47157/47224/47922/61244/134169/522901/148583/204680,jpeg
http://inaturalist-open-data.s3.amazonaws.com/photos/108301057/large.jpeg,Lycorea halia pales,48460/1/47120/372739/47158/184884/47157/47224/47922/61244/134169/522901/148583/204680,jpeg
http://inaturalist-open-data.s3.amazonaws.com/photos/108301053/large.jpeg,Lycorea halia pales,48460/1/47120/372739/47158/184884/47157/47224/47922/61244/134169/522901/148583/204680,jpeg
http://inaturalist-open-data.s3.amazonaws.com/photos/109100409/large.jpeg,Lycorea halia pales,48460/1/47120/372739/47158/184884/47157/47224/47922/61244/134169/522901/148583/204680,jpeg
http://inaturalist-open-data.s3.amazonaws.com/photos/109100472/large.jpg,Lycorea halia pales,48460/1/47120/372739/47158/184884/47157/47224/47922/61244/134169/522901/148583/204680,jpg
http://inaturalist-open-data.s3.amazonaws.com/photos/137463219/large.jpg,Lycorea halia pales,48460/1/47120/372739/47158/184884/47157/47224/47922/61244/134169/522901/148583/204680,jpg
http://inaturalist-open-data.s3.amazonaws.com/photos/139792223/large.jpg,Lycorea halia pales,48460/1/47120/372739/47158/184884/47157/47224/47922/61244/134169/522901/148583/204680,jpg
http://inaturalist-open-data.s3.amazonaws.com/photos/172710140/large.jpg,Lycorea halia pales,48460/1/47120/372739/47158/184884/47157/47224/47922/61244/134169/522901/148583/204680,jpg
