photo_url_large,taxon_name,ancestry,extension
http://inaturalist-open-data.s3.amazonaws.com/photos/325099/large.jpg,Lygaeus reclivatus reclivatus,48460/1/47120/372739/47158/184884/47744/61267/372868/466233/55558/130314/62046/1019598/261599,jpg
http://inaturalist-open-data.s3.amazonaws.com/photos/745899/large.JPG,Lygaeus reclivatus reclivatus,48460/1/47120/372739/47158/184884/47744/61267/372868/466233/55558/130314/62046/1019598/261599,JPG
http://inaturalist-open-data.s3.amazonaws.com/photos/1724774/large.JPG,Lygaeus reclivatus reclivatus,48460/1/47120/372739/47158/184884/47744/61267/372868/466233/55558/130314/62046/1019598/261599,JPG
http://inaturalist-open-data.s3.amazonaws.com/photos/2330911/large.JPG,Lygaeus reclivatus reclivatus,48460/1/47120/372739/47158/184884/47744/61267/372868/466233/55558/130314/62046/1019598/261599,JPG
http://inaturalist-open-data.s3.amazonaws.com/photos/2776037/large.JPG,Lygaeus reclivatus reclivatus,48460/1/47120/372739/47158/184884/47744/61267/372868/466233/55558/130314/62046/1019598/261599,JPG
http://inaturalist-open-data.s3.amazonaws.com/photos/5960676/large.jpg,Lygaeus reclivatus reclivatus,48460/1/47120/372739/47158/184884/47744/61267/372868/466233/55558/130314/62046/1019598/261599,jpg
http://inaturalist-open-data.s3.amazonaws.com/photos/6168263/large.jpeg,Lygaeus reclivatus reclivatus,48460/1/47120/372739/47158/184884/47744/61267/372868/466233/55558/130314/62046/1019598/261599,jpeg
http://inaturalist-open-data.s3.amazonaws.com/photos/6289936/large.jpeg,Lygaeus reclivatus reclivatus,48460/1/47120/372739/47158/184884/47744/61267/372868/466233/55558/130314/62046/1019598/261599,jpeg
http://inaturalist-open-data.s3.amazonaws.com/photos/6289937/large.jpeg,Lygaeus reclivatus reclivatus,48460/1/47120/372739/47158/184884/47744/61267/372868/466233/55558/130314/62046/1019598/261599,jpeg
http://inaturalist-open-data.s3.amazonaws.com/photos/6373095/large.jpeg,Lygaeus reclivatus reclivatus,48460/1/47120/372739/47158/184884/47744/61267/372868/466233/55558/130314/62046/1019598/261599,jpeg
http://inaturalist-open-data.s3.amazonaws.com/photos/6602100/large.jpeg,Lygaeus reclivatus reclivatus,48460/1/47120/372739/47158/184884/47744/61267/372868/466233/55558/130314/62046/1019598/261599,jpeg
http://inaturalist-open-data.s3.amazonaws.com/photos/6602099/large.jpeg,Lygaeus reclivatus reclivatus,48460/1/47120/372739/47158/184884/47744/61267/372868/466233/55558/130314/62046/1019598/261599,jpeg
http://inaturalist-open-data.s3.amazonaws.com/photos/6688218/large.jpg,Lygaeus reclivatus reclivatus,48460/1/47120/372739/47158/184884/47744/61267/372868/466233/55558/130314/62046/1019598/261599,jpg
http://inaturalist-open-data.s3.amazonaws.com/photos/6848968/large.jpeg,Lygaeus reclivatus reclivatus,48460/1/47120/372739/47158/184884/47744/61267/372868/466233/55558/130314/62046/1019598/261599,jpeg
http://inaturalist-open-data.s3.amazonaws.com/photos/6983060/large.jpeg,Lygaeus reclivatus reclivatus,48460/1/47120/372739/47158/184884/47744/61267/372868/466233/55558/130314/62046/1019598/261599,jpeg
http://inaturalist-open-data.s3.amazonaws.com/photos/7844507/large.jpg,Lygaeus reclivatus reclivatus,48460/1/47120/372739/47158/184884/47744/61267/372868/466233/55558/130314/62046/1019598/261599,jpg
http://inaturalist-open-data.s3.amazonaws.com/photos/7845474/large.jpeg,Lygaeus reclivatus reclivatus,48460/1/47120/372739/47158/184884/47744/61267/372868/466233/55558/130314/62046/1019598/261599,jpeg
http://inaturalist-open-data.s3.amazonaws.com/photos/7989896/large.jpeg,Lygaeus reclivatus reclivatus,48460/1/47120/372739/47158/184884/47744/61267/372868/466233/55558/130314/62046/1019598/261599,jpeg
http://inaturalist-open-data.s3.amazonaws.com/photos/8469710/large.jpeg,Lygaeus reclivatus reclivatus,48460/1/47120/372739/47158/184884/47744/61267/372868/466233/55558/130314/62046/1019598/261599,jpeg
http://inaturalist-open-data.s3.amazonaws.com/photos/8654420/large.jpg,Lygaeus reclivatus reclivatus,48460/1/47120/372739/47158/184884/47744/61267/372868/466233/55558/130314/62046/1019598/261599,jpg
http://inaturalist-open-data.s3.amazonaws.com/photos/8837606/large.jpg,Lygaeus reclivatus reclivatus,48460/1/47120/372739/47158/184884/47744/61267/372868/466233/55558/130314/62046/1019598/261599,jpg
http://inaturalist-open-data.s3.amazonaws.com/photos/9440676/large.jpeg,Lygaeus reclivatus reclivatus,48460/1/47120/372739/47158/184884/47744/61267/372868/466233/55558/130314/62046/1019598/261599,jpeg
http://inaturalist-open-data.s3.amazonaws.com/photos/9715249/large.jpeg,Lygaeus reclivatus reclivatus,48460/1/47120/372739/47158/184884/47744/61267/372868/466233/55558/130314/62046/1019598/261599,jpeg
http://inaturalist-open-data.s3.amazonaws.com/photos/9775516/large.jpg,Lygaeus reclivatus reclivatus,48460/1/47120/372739/47158/184884/47744/61267/372868/466233/55558/130314/62046/1019598/261599,jpg
http://inaturalist-open-data.s3.amazonaws.com/photos/9775517/large.jpg,Lygaeus reclivatus reclivatus,48460/1/47120/372739/47158/184884/47744/61267/372868/466233/55558/130314/62046/1019598/261599,jpg
http://inaturalist-open-data.s3.amazonaws.com/photos/9775514/large.jpg,Lygaeus reclivatus reclivatus,48460/1/47120/372739/47158/184884/47744/61267/372868/466233/55558/130314/62046/1019598/261599,jpg
http://inaturalist-open-data.s3.amazonaws.com/photos/9775521/large.jpg,Lygaeus reclivatus reclivatus,48460/1/47120/372739/47158/184884/47744/61267/372868/466233/55558/130314/62046/1019598/261599,jpg
http://inaturalist-open-data.s3.amazonaws.com/photos/9775518/large.jpg,Lygaeus reclivatus reclivatus,48460/1/47120/372739/47158/184884/47744/61267/372868/466233/55558/130314/62046/1019598/261599,jpg
http://inaturalist-open-data.s3.amazonaws.com/photos/9853624/large.jpeg,Lygaeus reclivatus reclivatus,48460/1/47120/372739/47158/184884/47744/61267/372868/466233/55558/130314/62046/1019598/261599,jpeg
http://inaturalist-open-data.s3.amazonaws.com/photos/9903731/large.jpg,Lygaeus reclivatus reclivatus,48460/1/47120/372739/47158/184884/47744/61267/372868/466233/55558/130314/62046/1019598/261599,jpg
http://inaturalist-open-data.s3.amazonaws.com/photos/10208048/large.jpg,Lygaeus reclivatus reclivatus,48460/1/47120/372739/47158/184884/47744/61267/372868/466233/55558/130314/62046/1019598/261599,jpg
http://inaturalist-open-data.s3.amazonaws.com/photos/10208051/large.jpg,Lygaeus reclivatus reclivatus,48460/1/47120/372739/47158/184884/47744/61267/372868/466233/55558/130314/62046/1019598/261599,jpg
http://inaturalist-open-data.s3.amazonaws.com/photos/10208046/large.jpg,Lygaeus reclivatus reclivatus,48460/1/47120/372739/47158/184884/47744/61267/372868/466233/55558/130314/62046/1019598/261599,jpg
http://inaturalist-open-data.s3.amazonaws.com/photos/10208056/large.jpg,Lygaeus reclivatus reclivatus,48460/1/47120/372739/47158/184884/47744/61267/372868/466233/55558/130314/62046/1019598/261599,jpg
http://inaturalist-open-data.s3.amazonaws.com/photos/10496584/large.jpg,Lygaeus reclivatus reclivatus,48460/1/47120/372739/47158/184884/47744/61267/372868/466233/55558/130314/62046/1019598/261599,jpg
http://inaturalist-open-data.s3.amazonaws.com/photos/10657195/large.jpeg,Lygaeus reclivatus reclivatus,48460/1/47120/372739/47158/184884/47744/61267/372868/466233/55558/130314/62046/1019598/261599,jpeg
http://inaturalist-open-data.s3.amazonaws.com/photos/13275545/large.jpeg,Lygaeus reclivatus reclivatus,48460/1/47120/372739/47158/184884/47744/61267/372868/466233/55558/130314/62046/1019598/261599,jpeg
http://inaturalist-open-data.s3.amazonaws.com/photos/13275549/large.jpeg,Lygaeus reclivatus reclivatus,48460/1/47120/372739/47158/184884/47744/61267/372868/466233/55558/130314/62046/1019598/261599,jpeg
http://inaturalist-open-data.s3.amazonaws.com/photos/13833414/large.jpg,Lygaeus reclivatus reclivatus,48460/1/47120/372739/47158/184884/47744/61267/372868/466233/55558/130314/62046/1019598/261599,jpg
http://inaturalist-open-data.s3.amazonaws.com/photos/13833299/large.jpg,Lygaeus reclivatus reclivatus,48460/1/47120/372739/47158/184884/47744/61267/372868/466233/55558/130314/62046/1019598/261599,jpg
http://inaturalist-open-data.s3.amazonaws.com/photos/13947212/large.jpg,Lygaeus reclivatus reclivatus,48460/1/47120/372739/47158/184884/47744/61267/372868/466233/55558/130314/62046/1019598/261599,jpg
http://inaturalist-open-data.s3.amazonaws.com/photos/14001411/large.jpeg,Lygaeus reclivatus reclivatus,48460/1/47120/372739/47158/184884/47744/61267/372868/466233/55558/130314/62046/1019598/261599,jpeg
http://inaturalist-open-data.s3.amazonaws.com/photos/14019016/large.jpeg,Lygaeus reclivatus reclivatus,48460/1/47120/372739/47158/184884/47744/61267/372868/466233/55558/130314/62046/1019598/261599,jpeg
http://inaturalist-open-data.s3.amazonaws.com/photos/14644070/large.jpg,Lygaeus reclivatus reclivatus,48460/1/47120/372739/47158/184884/47744/61267/372868/466233/55558/130314/62046/1019598/261599,jpg
http://inaturalist-open-data.s3.amazonaws.com/photos/14644073/large.jpg,Lygaeus reclivatus reclivatus,48460/1/47120/372739/47158/184884/47744/61267/372868/466233/55558/130314/62046/1019598/261599,jpg
http://inaturalist-open-data.s3.amazonaws.com/photos/14860705/large.jpg,Lygaeus reclivatus reclivatus,48460/1/47120/372739/47158/184884/47744/61267/372868/466233/55558/130314/62046/1019598/261599,jpg
http://inaturalist-open-data.s3.amazonaws.com/photos/15281698/large.jpeg,Lygaeus reclivatus reclivatus,48460/1/47120/372739/47158/184884/47744/61267/372868/466233/55558/130314/62046/1019598/261599,jpeg
http://inaturalist-open-data.s3.amazonaws.com/photos/15281750/large.jpeg,Lygaeus reclivatus reclivatus,48460/1/47120/372739/47158/184884/47744/61267/372868/466233/55558/130314/62046/1019598/261599,jpeg
http://inaturalist-open-data.s3.amazonaws.com/photos/16316060/large.jpg,Lygaeus reclivatus reclivatus,48460/1/47120/372739/47158/184884/47744/61267/372868/466233/55558/130314/62046/1019598/261599,jpg
http://inaturalist-open-data.s3.amazonaws.com/photos/16316066/large.jpg,Lygaeus reclivatus reclivatus,48460/1/47120/372739/47158/184884/47744/61267/372868/466233/55558/130314/62046/1019598/261599,jpg
http://inaturalist-open-data.s3.amazonaws.com/photos/17229647/large.jpeg,Lygaeus reclivatus reclivatus,48460/1/47120/372739/47158/184884/47744/61267/372868/466233/55558/130314/62046/1019598/261599,jpeg
http://inaturalist-open-data.s3.amazonaws.com/photos/18050043/large.jpg,Lygaeus reclivatus reclivatus,48460/1/47120/372739/47158/184884/47744/61267/372868/466233/55558/130314/62046/1019598/261599,jpg
http://inaturalist-open-data.s3.amazonaws.com/photos/18065005/large.jpeg,Lygaeus reclivatus reclivatus,48460/1/47120/372739/47158/184884/47744/61267/372868/466233/55558/130314/62046/1019598/261599,jpeg
http://inaturalist-open-data.s3.amazonaws.com/photos/18065028/large.jpeg,Lygaeus reclivatus reclivatus,48460/1/47120/372739/47158/184884/47744/61267/372868/466233/55558/130314/62046/1019598/261599,jpeg
http://inaturalist-open-data.s3.amazonaws.com/photos/19069629/large.jpeg,Lygaeus reclivatus reclivatus,48460/1/47120/372739/47158/184884/47744/61267/372868/466233/55558/130314/62046/1019598/261599,jpeg
http://inaturalist-open-data.s3.amazonaws.com/photos/22018126/large.jpeg,Lygaeus reclivatus reclivatus,48460/1/47120/372739/47158/184884/47744/61267/372868/466233/55558/130314/62046/1019598/261599,jpeg
http://inaturalist-open-data.s3.amazonaws.com/photos/22018076/large.jpeg,Lygaeus reclivatus reclivatus,48460/1/47120/372739/47158/184884/47744/61267/372868/466233/55558/130314/62046/1019598/261599,jpeg
http://inaturalist-open-data.s3.amazonaws.com/photos/19974526/large.jpeg,Lygaeus reclivatus reclivatus,48460/1/47120/372739/47158/184884/47744/61267/372868/466233/55558/130314/62046/1019598/261599,jpeg
http://inaturalist-open-data.s3.amazonaws.com/photos/19974517/large.jpeg,Lygaeus reclivatus reclivatus,48460/1/47120/372739/47158/184884/47744/61267/372868/466233/55558/130314/62046/1019598/261599,jpeg
http://inaturalist-open-data.s3.amazonaws.com/photos/19991029/large.jpg,Lygaeus reclivatus reclivatus,48460/1/47120/372739/47158/184884/47744/61267/372868/466233/55558/130314/62046/1019598/261599,jpg
http://inaturalist-open-data.s3.amazonaws.com/photos/20459092/large.jpeg,Lygaeus reclivatus reclivatus,48460/1/47120/372739/47158/184884/47744/61267/372868/466233/55558/130314/62046/1019598/261599,jpeg
http://inaturalist-open-data.s3.amazonaws.com/photos/21350325/large.jpg,Lygaeus reclivatus reclivatus,48460/1/47120/372739/47158/184884/47744/61267/372868/466233/55558/130314/62046/1019598/261599,jpg
http://inaturalist-open-data.s3.amazonaws.com/photos/21350323/large.jpg,Lygaeus reclivatus reclivatus,48460/1/47120/372739/47158/184884/47744/61267/372868/466233/55558/130314/62046/1019598/261599,jpg
http://inaturalist-open-data.s3.amazonaws.com/photos/21635820/large.jpg,Lygaeus reclivatus reclivatus,48460/1/47120/372739/47158/184884/47744/61267/372868/466233/55558/130314/62046/1019598/261599,jpg
http://inaturalist-open-data.s3.amazonaws.com/photos/23035078/large.jpeg,Lygaeus reclivatus reclivatus,48460/1/47120/372739/47158/184884/47744/61267/372868/466233/55558/130314/62046/1019598/261599,jpeg
http://inaturalist-open-data.s3.amazonaws.com/photos/23035116/large.jpeg,Lygaeus reclivatus reclivatus,48460/1/47120/372739/47158/184884/47744/61267/372868/466233/55558/130314/62046/1019598/261599,jpeg
http://inaturalist-open-data.s3.amazonaws.com/photos/23045420/large.jpg,Lygaeus reclivatus reclivatus,48460/1/47120/372739/47158/184884/47744/61267/372868/466233/55558/130314/62046/1019598/261599,jpg
http://inaturalist-open-data.s3.amazonaws.com/photos/23104381/large.jpg,Lygaeus reclivatus reclivatus,48460/1/47120/372739/47158/184884/47744/61267/372868/466233/55558/130314/62046/1019598/261599,jpg
http://inaturalist-open-data.s3.amazonaws.com/photos/23620293/large.jpg,Lygaeus reclivatus reclivatus,48460/1/47120/372739/47158/184884/47744/61267/372868/466233/55558/130314/62046/1019598/261599,jpg
http://inaturalist-open-data.s3.amazonaws.com/photos/23813451/large.jpeg,Lygaeus reclivatus reclivatus,48460/1/47120/372739/47158/184884/47744/61267/372868/466233/55558/130314/62046/1019598/261599,jpeg
http://inaturalist-open-data.s3.amazonaws.com/photos/23813447/large.jpeg,Lygaeus reclivatus reclivatus,48460/1/47120/372739/47158/184884/47744/61267/372868/466233/55558/130314/62046/1019598/261599,jpeg
http://inaturalist-open-data.s3.amazonaws.com/photos/23813466/large.jpeg,Lygaeus reclivatus reclivatus,48460/1/47120/372739/47158/184884/47744/61267/372868/466233/55558/130314/62046/1019598/261599,jpeg
http://inaturalist-open-data.s3.amazonaws.com/photos/23813464/large.jpeg,Lygaeus reclivatus reclivatus,48460/1/47120/372739/47158/184884/47744/61267/372868/466233/55558/130314/62046/1019598/261599,jpeg
http://inaturalist-open-data.s3.amazonaws.com/photos/23813475/large.jpeg,Lygaeus reclivatus reclivatus,48460/1/47120/372739/47158/184884/47744/61267/372868/466233/55558/130314/62046/1019598/261599,jpeg
http://inaturalist-open-data.s3.amazonaws.com/photos/23813504/large.jpeg,Lygaeus reclivatus reclivatus,48460/1/47120/372739/47158/184884/47744/61267/372868/466233/55558/130314/62046/1019598/261599,jpeg
http://inaturalist-open-data.s3.amazonaws.com/photos/24488155/large.jpeg,Lygaeus reclivatus reclivatus,48460/1/47120/372739/47158/184884/47744/61267/372868/466233/55558/130314/62046/1019598/261599,jpeg
http://inaturalist-open-data.s3.amazonaws.com/photos/24488153/large.jpeg,Lygaeus reclivatus reclivatus,48460/1/47120/372739/47158/184884/47744/61267/372868/466233/55558/130314/62046/1019598/261599,jpeg
http://inaturalist-open-data.s3.amazonaws.com/photos/24488158/large.jpeg,Lygaeus reclivatus reclivatus,48460/1/47120/372739/47158/184884/47744/61267/372868/466233/55558/130314/62046/1019598/261599,jpeg
http://inaturalist-open-data.s3.amazonaws.com/photos/25629301/large.jpg,Lygaeus reclivatus reclivatus,48460/1/47120/372739/47158/184884/47744/61267/372868/466233/55558/130314/62046/1019598/261599,jpg
http://inaturalist-open-data.s3.amazonaws.com/photos/30341076/large.jpeg,Lygaeus reclivatus reclivatus,48460/1/47120/372739/47158/184884/47744/61267/372868/466233/55558/130314/62046/1019598/261599,jpeg
http://inaturalist-open-data.s3.amazonaws.com/photos/30854932/large.jpg,Lygaeus reclivatus reclivatus,48460/1/47120/372739/47158/184884/47744/61267/372868/466233/55558/130314/62046/1019598/261599,jpg
http://inaturalist-open-data.s3.amazonaws.com/photos/31205619/large.jpeg,Lygaeus reclivatus reclivatus,48460/1/47120/372739/47158/184884/47744/61267/372868/466233/55558/130314/62046/1019598/261599,jpeg
http://inaturalist-open-data.s3.amazonaws.com/photos/32233723/large.jpg,Lygaeus reclivatus reclivatus,48460/1/47120/372739/47158/184884/47744/61267/372868/466233/55558/130314/62046/1019598/261599,jpg
http://inaturalist-open-data.s3.amazonaws.com/photos/32233911/large.jpg,Lygaeus reclivatus reclivatus,48460/1/47120/372739/47158/184884/47744/61267/372868/466233/55558/130314/62046/1019598/261599,jpg
http://inaturalist-open-data.s3.amazonaws.com/photos/32928196/large.jpg,Lygaeus reclivatus reclivatus,48460/1/47120/372739/47158/184884/47744/61267/372868/466233/55558/130314/62046/1019598/261599,jpg
http://inaturalist-open-data.s3.amazonaws.com/photos/32928311/large.jpg,Lygaeus reclivatus reclivatus,48460/1/47120/372739/47158/184884/47744/61267/372868/466233/55558/130314/62046/1019598/261599,jpg
http://inaturalist-open-data.s3.amazonaws.com/photos/33066927/large.jpg,Lygaeus reclivatus reclivatus,48460/1/47120/372739/47158/184884/47744/61267/372868/466233/55558/130314/62046/1019598/261599,jpg
http://inaturalist-open-data.s3.amazonaws.com/photos/34192258/large.jpeg,Lygaeus reclivatus reclivatus,48460/1/47120/372739/47158/184884/47744/61267/372868/466233/55558/130314/62046/1019598/261599,jpeg
http://inaturalist-open-data.s3.amazonaws.com/photos/34449994/large.jpeg,Lygaeus reclivatus reclivatus,48460/1/47120/372739/47158/184884/47744/61267/372868/466233/55558/130314/62046/1019598/261599,jpeg
http://inaturalist-open-data.s3.amazonaws.com/photos/34445449/large.jpeg,Lygaeus reclivatus reclivatus,48460/1/47120/372739/47158/184884/47744/61267/372868/466233/55558/130314/62046/1019598/261599,jpeg
http://inaturalist-open-data.s3.amazonaws.com/photos/34887090/large.jpg,Lygaeus reclivatus reclivatus,48460/1/47120/372739/47158/184884/47744/61267/372868/466233/55558/130314/62046/1019598/261599,jpg
http://inaturalist-open-data.s3.amazonaws.com/photos/34887082/large.jpg,Lygaeus reclivatus reclivatus,48460/1/47120/372739/47158/184884/47744/61267/372868/466233/55558/130314/62046/1019598/261599,jpg
http://inaturalist-open-data.s3.amazonaws.com/photos/34887097/large.jpg,Lygaeus reclivatus reclivatus,48460/1/47120/372739/47158/184884/47744/61267/372868/466233/55558/130314/62046/1019598/261599,jpg
http://inaturalist-open-data.s3.amazonaws.com/photos/36395582/large.jpg,Lygaeus reclivatus reclivatus,48460/1/47120/372739/47158/184884/47744/61267/372868/466233/55558/130314/62046/1019598/261599,jpg
http://inaturalist-open-data.s3.amazonaws.com/photos/36812228/large.jpeg,Lygaeus reclivatus reclivatus,48460/1/47120/372739/47158/184884/47744/61267/372868/466233/55558/130314/62046/1019598/261599,jpeg
http://inaturalist-open-data.s3.amazonaws.com/photos/36824102/large.jpeg,Lygaeus reclivatus reclivatus,48460/1/47120/372739/47158/184884/47744/61267/372868/466233/55558/130314/62046/1019598/261599,jpeg
http://inaturalist-open-data.s3.amazonaws.com/photos/37263573/large.jpeg,Lygaeus reclivatus reclivatus,48460/1/47120/372739/47158/184884/47744/61267/372868/466233/55558/130314/62046/1019598/261599,jpeg
http://inaturalist-open-data.s3.amazonaws.com/photos/37418485/large.jpg,Lygaeus reclivatus reclivatus,48460/1/47120/372739/47158/184884/47744/61267/372868/466233/55558/130314/62046/1019598/261599,jpg
http://inaturalist-open-data.s3.amazonaws.com/photos/37712584/large.jpeg,Lygaeus reclivatus reclivatus,48460/1/47120/372739/47158/184884/47744/61267/372868/466233/55558/130314/62046/1019598/261599,jpeg
http://inaturalist-open-data.s3.amazonaws.com/photos/39412459/large.jpeg,Lygaeus reclivatus reclivatus,48460/1/47120/372739/47158/184884/47744/61267/372868/466233/55558/130314/62046/1019598/261599,jpeg
http://inaturalist-open-data.s3.amazonaws.com/photos/39905172/large.jpeg,Lygaeus reclivatus reclivatus,48460/1/47120/372739/47158/184884/47744/61267/372868/466233/55558/130314/62046/1019598/261599,jpeg
http://inaturalist-open-data.s3.amazonaws.com/photos/40769880/large.jpeg,Lygaeus reclivatus reclivatus,48460/1/47120/372739/47158/184884/47744/61267/372868/466233/55558/130314/62046/1019598/261599,jpeg
http://inaturalist-open-data.s3.amazonaws.com/photos/40769844/large.jpeg,Lygaeus reclivatus reclivatus,48460/1/47120/372739/47158/184884/47744/61267/372868/466233/55558/130314/62046/1019598/261599,jpeg
http://inaturalist-open-data.s3.amazonaws.com/photos/40769865/large.jpeg,Lygaeus reclivatus reclivatus,48460/1/47120/372739/47158/184884/47744/61267/372868/466233/55558/130314/62046/1019598/261599,jpeg
http://inaturalist-open-data.s3.amazonaws.com/photos/40769859/large.jpeg,Lygaeus reclivatus reclivatus,48460/1/47120/372739/47158/184884/47744/61267/372868/466233/55558/130314/62046/1019598/261599,jpeg
http://inaturalist-open-data.s3.amazonaws.com/photos/40769875/large.jpeg,Lygaeus reclivatus reclivatus,48460/1/47120/372739/47158/184884/47744/61267/372868/466233/55558/130314/62046/1019598/261599,jpeg
http://inaturalist-open-data.s3.amazonaws.com/photos/41101983/large.jpg,Lygaeus reclivatus reclivatus,48460/1/47120/372739/47158/184884/47744/61267/372868/466233/55558/130314/62046/1019598/261599,jpg
http://inaturalist-open-data.s3.amazonaws.com/photos/41103913/large.jpeg,Lygaeus reclivatus reclivatus,48460/1/47120/372739/47158/184884/47744/61267/372868/466233/55558/130314/62046/1019598/261599,jpeg
http://inaturalist-open-data.s3.amazonaws.com/photos/41209368/large.jpeg,Lygaeus reclivatus reclivatus,48460/1/47120/372739/47158/184884/47744/61267/372868/466233/55558/130314/62046/1019598/261599,jpeg
http://inaturalist-open-data.s3.amazonaws.com/photos/41481539/large.jpg,Lygaeus reclivatus reclivatus,48460/1/47120/372739/47158/184884/47744/61267/372868/466233/55558/130314/62046/1019598/261599,jpg
http://inaturalist-open-data.s3.amazonaws.com/photos/41498343/large.jpeg,Lygaeus reclivatus reclivatus,48460/1/47120/372739/47158/184884/47744/61267/372868/466233/55558/130314/62046/1019598/261599,jpeg
http://inaturalist-open-data.s3.amazonaws.com/photos/41711041/large.jpeg,Lygaeus reclivatus reclivatus,48460/1/47120/372739/47158/184884/47744/61267/372868/466233/55558/130314/62046/1019598/261599,jpeg
http://inaturalist-open-data.s3.amazonaws.com/photos/41711073/large.jpeg,Lygaeus reclivatus reclivatus,48460/1/47120/372739/47158/184884/47744/61267/372868/466233/55558/130314/62046/1019598/261599,jpeg
http://inaturalist-open-data.s3.amazonaws.com/photos/42098071/large.jpg,Lygaeus reclivatus reclivatus,48460/1/47120/372739/47158/184884/47744/61267/372868/466233/55558/130314/62046/1019598/261599,jpg
http://inaturalist-open-data.s3.amazonaws.com/photos/42749791/large.jpeg,Lygaeus reclivatus reclivatus,48460/1/47120/372739/47158/184884/47744/61267/372868/466233/55558/130314/62046/1019598/261599,jpeg
http://inaturalist-open-data.s3.amazonaws.com/photos/44480052/large.jpg,Lygaeus reclivatus reclivatus,48460/1/47120/372739/47158/184884/47744/61267/372868/466233/55558/130314/62046/1019598/261599,jpg
http://inaturalist-open-data.s3.amazonaws.com/photos/45374309/large.jpg,Lygaeus reclivatus reclivatus,48460/1/47120/372739/47158/184884/47744/61267/372868/466233/55558/130314/62046/1019598/261599,jpg
http://inaturalist-open-data.s3.amazonaws.com/photos/45374297/large.jpg,Lygaeus reclivatus reclivatus,48460/1/47120/372739/47158/184884/47744/61267/372868/466233/55558/130314/62046/1019598/261599,jpg
http://inaturalist-open-data.s3.amazonaws.com/photos/45374279/large.jpg,Lygaeus reclivatus reclivatus,48460/1/47120/372739/47158/184884/47744/61267/372868/466233/55558/130314/62046/1019598/261599,jpg
http://inaturalist-open-data.s3.amazonaws.com/photos/46527189/large.jpeg,Lygaeus reclivatus reclivatus,48460/1/47120/372739/47158/184884/47744/61267/372868/466233/55558/130314/62046/1019598/261599,jpeg
http://inaturalist-open-data.s3.amazonaws.com/photos/47373719/large.jpg,Lygaeus reclivatus reclivatus,48460/1/47120/372739/47158/184884/47744/61267/372868/466233/55558/130314/62046/1019598/261599,jpg
http://inaturalist-open-data.s3.amazonaws.com/photos/47373733/large.jpg,Lygaeus reclivatus reclivatus,48460/1/47120/372739/47158/184884/47744/61267/372868/466233/55558/130314/62046/1019598/261599,jpg
http://inaturalist-open-data.s3.amazonaws.com/photos/47373740/large.jpg,Lygaeus reclivatus reclivatus,48460/1/47120/372739/47158/184884/47744/61267/372868/466233/55558/130314/62046/1019598/261599,jpg
http://inaturalist-open-data.s3.amazonaws.com/photos/47398116/large.jpg,Lygaeus reclivatus reclivatus,48460/1/47120/372739/47158/184884/47744/61267/372868/466233/55558/130314/62046/1019598/261599,jpg
http://inaturalist-open-data.s3.amazonaws.com/photos/47398108/large.jpg,Lygaeus reclivatus reclivatus,48460/1/47120/372739/47158/184884/47744/61267/372868/466233/55558/130314/62046/1019598/261599,jpg
http://inaturalist-open-data.s3.amazonaws.com/photos/49169528/large.jpeg,Lygaeus reclivatus reclivatus,48460/1/47120/372739/47158/184884/47744/61267/372868/466233/55558/130314/62046/1019598/261599,jpeg
http://inaturalist-open-data.s3.amazonaws.com/photos/49347487/large.jpg,Lygaeus reclivatus reclivatus,48460/1/47120/372739/47158/184884/47744/61267/372868/466233/55558/130314/62046/1019598/261599,jpg
http://inaturalist-open-data.s3.amazonaws.com/photos/49347495/large.jpg,Lygaeus reclivatus reclivatus,48460/1/47120/372739/47158/184884/47744/61267/372868/466233/55558/130314/62046/1019598/261599,jpg
http://inaturalist-open-data.s3.amazonaws.com/photos/49382109/large.jpeg,Lygaeus reclivatus reclivatus,48460/1/47120/372739/47158/184884/47744/61267/372868/466233/55558/130314/62046/1019598/261599,jpeg
http://inaturalist-open-data.s3.amazonaws.com/photos/49382120/large.jpeg,Lygaeus reclivatus reclivatus,48460/1/47120/372739/47158/184884/47744/61267/372868/466233/55558/130314/62046/1019598/261599,jpeg
http://inaturalist-open-data.s3.amazonaws.com/photos/49861614/large.jpeg,Lygaeus reclivatus reclivatus,48460/1/47120/372739/47158/184884/47744/61267/372868/466233/55558/130314/62046/1019598/261599,jpeg
http://inaturalist-open-data.s3.amazonaws.com/photos/49972011/large.jpg,Lygaeus reclivatus reclivatus,48460/1/47120/372739/47158/184884/47744/61267/372868/466233/55558/130314/62046/1019598/261599,jpg
http://inaturalist-open-data.s3.amazonaws.com/photos/50018418/large.jpg,Lygaeus reclivatus reclivatus,48460/1/47120/372739/47158/184884/47744/61267/372868/466233/55558/130314/62046/1019598/261599,jpg
http://inaturalist-open-data.s3.amazonaws.com/photos/50365422/large.jpg,Lygaeus reclivatus reclivatus,48460/1/47120/372739/47158/184884/47744/61267/372868/466233/55558/130314/62046/1019598/261599,jpg
http://inaturalist-open-data.s3.amazonaws.com/photos/50446325/large.jpg,Lygaeus reclivatus reclivatus,48460/1/47120/372739/47158/184884/47744/61267/372868/466233/55558/130314/62046/1019598/261599,jpg
http://inaturalist-open-data.s3.amazonaws.com/photos/50446346/large.jpg,Lygaeus reclivatus reclivatus,48460/1/47120/372739/47158/184884/47744/61267/372868/466233/55558/130314/62046/1019598/261599,jpg
http://inaturalist-open-data.s3.amazonaws.com/photos/50446335/large.jpg,Lygaeus reclivatus reclivatus,48460/1/47120/372739/47158/184884/47744/61267/372868/466233/55558/130314/62046/1019598/261599,jpg
http://inaturalist-open-data.s3.amazonaws.com/photos/50463993/large.jpg,Lygaeus reclivatus reclivatus,48460/1/47120/372739/47158/184884/47744/61267/372868/466233/55558/130314/62046/1019598/261599,jpg
http://inaturalist-open-data.s3.amazonaws.com/photos/51272914/large.jpg,Lygaeus reclivatus reclivatus,48460/1/47120/372739/47158/184884/47744/61267/372868/466233/55558/130314/62046/1019598/261599,jpg
http://inaturalist-open-data.s3.amazonaws.com/photos/52120954/large.jpg,Lygaeus reclivatus reclivatus,48460/1/47120/372739/47158/184884/47744/61267/372868/466233/55558/130314/62046/1019598/261599,jpg
http://inaturalist-open-data.s3.amazonaws.com/photos/52120948/large.jpg,Lygaeus reclivatus reclivatus,48460/1/47120/372739/47158/184884/47744/61267/372868/466233/55558/130314/62046/1019598/261599,jpg
http://inaturalist-open-data.s3.amazonaws.com/photos/52807980/large.jpg,Lygaeus reclivatus reclivatus,48460/1/47120/372739/47158/184884/47744/61267/372868/466233/55558/130314/62046/1019598/261599,jpg
http://inaturalist-open-data.s3.amazonaws.com/photos/52999414/large.jpeg,Lygaeus reclivatus reclivatus,48460/1/47120/372739/47158/184884/47744/61267/372868/466233/55558/130314/62046/1019598/261599,jpeg
http://inaturalist-open-data.s3.amazonaws.com/photos/52999419/large.jpeg,Lygaeus reclivatus reclivatus,48460/1/47120/372739/47158/184884/47744/61267/372868/466233/55558/130314/62046/1019598/261599,jpeg
http://inaturalist-open-data.s3.amazonaws.com/photos/53014841/large.jpg,Lygaeus reclivatus reclivatus,48460/1/47120/372739/47158/184884/47744/61267/372868/466233/55558/130314/62046/1019598/261599,jpg
http://inaturalist-open-data.s3.amazonaws.com/photos/53054067/large.jpeg,Lygaeus reclivatus reclivatus,48460/1/47120/372739/47158/184884/47744/61267/372868/466233/55558/130314/62046/1019598/261599,jpeg
http://inaturalist-open-data.s3.amazonaws.com/photos/53054046/large.jpeg,Lygaeus reclivatus reclivatus,48460/1/47120/372739/47158/184884/47744/61267/372868/466233/55558/130314/62046/1019598/261599,jpeg
http://inaturalist-open-data.s3.amazonaws.com/photos/53784575/large.jpeg,Lygaeus reclivatus reclivatus,48460/1/47120/372739/47158/184884/47744/61267/372868/466233/55558/130314/62046/1019598/261599,jpeg
http://inaturalist-open-data.s3.amazonaws.com/photos/53784546/large.jpeg,Lygaeus reclivatus reclivatus,48460/1/47120/372739/47158/184884/47744/61267/372868/466233/55558/130314/62046/1019598/261599,jpeg
http://inaturalist-open-data.s3.amazonaws.com/photos/54190885/large.jpeg,Lygaeus reclivatus reclivatus,48460/1/47120/372739/47158/184884/47744/61267/372868/466233/55558/130314/62046/1019598/261599,jpeg
http://inaturalist-open-data.s3.amazonaws.com/photos/54191807/large.jpeg,Lygaeus reclivatus reclivatus,48460/1/47120/372739/47158/184884/47744/61267/372868/466233/55558/130314/62046/1019598/261599,jpeg
http://inaturalist-open-data.s3.amazonaws.com/photos/54191997/large.jpeg,Lygaeus reclivatus reclivatus,48460/1/47120/372739/47158/184884/47744/61267/372868/466233/55558/130314/62046/1019598/261599,jpeg
http://inaturalist-open-data.s3.amazonaws.com/photos/54192223/large.jpeg,Lygaeus reclivatus reclivatus,48460/1/47120/372739/47158/184884/47744/61267/372868/466233/55558/130314/62046/1019598/261599,jpeg
http://inaturalist-open-data.s3.amazonaws.com/photos/54192598/large.jpeg,Lygaeus reclivatus reclivatus,48460/1/47120/372739/47158/184884/47744/61267/372868/466233/55558/130314/62046/1019598/261599,jpeg
http://inaturalist-open-data.s3.amazonaws.com/photos/54194251/large.jpeg,Lygaeus reclivatus reclivatus,48460/1/47120/372739/47158/184884/47744/61267/372868/466233/55558/130314/62046/1019598/261599,jpeg
http://inaturalist-open-data.s3.amazonaws.com/photos/54413186/large.jpeg,Lygaeus reclivatus reclivatus,48460/1/47120/372739/47158/184884/47744/61267/372868/466233/55558/130314/62046/1019598/261599,jpeg
http://inaturalist-open-data.s3.amazonaws.com/photos/54413210/large.jpeg,Lygaeus reclivatus reclivatus,48460/1/47120/372739/47158/184884/47744/61267/372868/466233/55558/130314/62046/1019598/261599,jpeg
http://inaturalist-open-data.s3.amazonaws.com/photos/54493332/large.jpeg,Lygaeus reclivatus reclivatus,48460/1/47120/372739/47158/184884/47744/61267/372868/466233/55558/130314/62046/1019598/261599,jpeg
http://inaturalist-open-data.s3.amazonaws.com/photos/54978814/large.jpg,Lygaeus reclivatus reclivatus,48460/1/47120/372739/47158/184884/47744/61267/372868/466233/55558/130314/62046/1019598/261599,jpg
http://inaturalist-open-data.s3.amazonaws.com/photos/55190382/large.jpg,Lygaeus reclivatus reclivatus,48460/1/47120/372739/47158/184884/47744/61267/372868/466233/55558/130314/62046/1019598/261599,jpg
http://inaturalist-open-data.s3.amazonaws.com/photos/56475394/large.jpg,Lygaeus reclivatus reclivatus,48460/1/47120/372739/47158/184884/47744/61267/372868/466233/55558/130314/62046/1019598/261599,jpg
http://inaturalist-open-data.s3.amazonaws.com/photos/56475389/large.jpg,Lygaeus reclivatus reclivatus,48460/1/47120/372739/47158/184884/47744/61267/372868/466233/55558/130314/62046/1019598/261599,jpg
http://inaturalist-open-data.s3.amazonaws.com/photos/56475382/large.jpg,Lygaeus reclivatus reclivatus,48460/1/47120/372739/47158/184884/47744/61267/372868/466233/55558/130314/62046/1019598/261599,jpg
http://inaturalist-open-data.s3.amazonaws.com/photos/56935991/large.jpg,Lygaeus reclivatus reclivatus,48460/1/47120/372739/47158/184884/47744/61267/372868/466233/55558/130314/62046/1019598/261599,jpg
http://inaturalist-open-data.s3.amazonaws.com/photos/56935993/large.jpg,Lygaeus reclivatus reclivatus,48460/1/47120/372739/47158/184884/47744/61267/372868/466233/55558/130314/62046/1019598/261599,jpg
http://inaturalist-open-data.s3.amazonaws.com/photos/57053256/large.jpg,Lygaeus reclivatus reclivatus,48460/1/47120/372739/47158/184884/47744/61267/372868/466233/55558/130314/62046/1019598/261599,jpg
http://inaturalist-open-data.s3.amazonaws.com/photos/57053262/large.jpg,Lygaeus reclivatus reclivatus,48460/1/47120/372739/47158/184884/47744/61267/372868/466233/55558/130314/62046/1019598/261599,jpg
http://inaturalist-open-data.s3.amazonaws.com/photos/57053266/large.jpg,Lygaeus reclivatus reclivatus,48460/1/47120/372739/47158/184884/47744/61267/372868/466233/55558/130314/62046/1019598/261599,jpg
http://inaturalist-open-data.s3.amazonaws.com/photos/57057014/large.jpeg,Lygaeus reclivatus reclivatus,48460/1/47120/372739/47158/184884/47744/61267/372868/466233/55558/130314/62046/1019598/261599,jpeg
http://inaturalist-open-data.s3.amazonaws.com/photos/57058712/large.jpeg,Lygaeus reclivatus reclivatus,48460/1/47120/372739/47158/184884/47744/61267/372868/466233/55558/130314/62046/1019598/261599,jpeg
http://inaturalist-open-data.s3.amazonaws.com/photos/57058738/large.jpeg,Lygaeus reclivatus reclivatus,48460/1/47120/372739/47158/184884/47744/61267/372868/466233/55558/130314/62046/1019598/261599,jpeg
http://inaturalist-open-data.s3.amazonaws.com/photos/57962952/large.jpeg,Lygaeus reclivatus reclivatus,48460/1/47120/372739/47158/184884/47744/61267/372868/466233/55558/130314/62046/1019598/261599,jpeg
http://inaturalist-open-data.s3.amazonaws.com/photos/58764787/large.jpg,Lygaeus reclivatus reclivatus,48460/1/47120/372739/47158/184884/47744/61267/372868/466233/55558/130314/62046/1019598/261599,jpg
http://inaturalist-open-data.s3.amazonaws.com/photos/61492332/large.jpeg,Lygaeus reclivatus reclivatus,48460/1/47120/372739/47158/184884/47744/61267/372868/466233/55558/130314/62046/1019598/261599,jpeg
http://inaturalist-open-data.s3.amazonaws.com/photos/63715755/large.jpeg,Lygaeus reclivatus reclivatus,48460/1/47120/372739/47158/184884/47744/61267/372868/466233/55558/130314/62046/1019598/261599,jpeg
http://inaturalist-open-data.s3.amazonaws.com/photos/63715747/large.jpeg,Lygaeus reclivatus reclivatus,48460/1/47120/372739/47158/184884/47744/61267/372868/466233/55558/130314/62046/1019598/261599,jpeg
http://inaturalist-open-data.s3.amazonaws.com/photos/66745722/large.jpeg,Lygaeus reclivatus reclivatus,48460/1/47120/372739/47158/184884/47744/61267/372868/466233/55558/130314/62046/1019598/261599,jpeg
http://inaturalist-open-data.s3.amazonaws.com/photos/67212585/large.jpg,Lygaeus reclivatus reclivatus,48460/1/47120/372739/47158/184884/47744/61267/372868/466233/55558/130314/62046/1019598/261599,jpg
http://inaturalist-open-data.s3.amazonaws.com/photos/68658086/large.jpeg,Lygaeus reclivatus reclivatus,48460/1/47120/372739/47158/184884/47744/61267/372868/466233/55558/130314/62046/1019598/261599,jpeg
http://inaturalist-open-data.s3.amazonaws.com/photos/69821881/large.jpg,Lygaeus reclivatus reclivatus,48460/1/47120/372739/47158/184884/47744/61267/372868/466233/55558/130314/62046/1019598/261599,jpg
http://inaturalist-open-data.s3.amazonaws.com/photos/69890054/large.jpeg,Lygaeus reclivatus reclivatus,48460/1/47120/372739/47158/184884/47744/61267/372868/466233/55558/130314/62046/1019598/261599,jpeg
http://inaturalist-open-data.s3.amazonaws.com/photos/70108224/large.jpg,Lygaeus reclivatus reclivatus,48460/1/47120/372739/47158/184884/47744/61267/372868/466233/55558/130314/62046/1019598/261599,jpg
http://inaturalist-open-data.s3.amazonaws.com/photos/71064407/large.jpg,Lygaeus reclivatus reclivatus,48460/1/47120/372739/47158/184884/47744/61267/372868/466233/55558/130314/62046/1019598/261599,jpg
http://inaturalist-open-data.s3.amazonaws.com/photos/71794776/large.jpg,Lygaeus reclivatus reclivatus,48460/1/47120/372739/47158/184884/47744/61267/372868/466233/55558/130314/62046/1019598/261599,jpg
http://inaturalist-open-data.s3.amazonaws.com/photos/71794750/large.jpg,Lygaeus reclivatus reclivatus,48460/1/47120/372739/47158/184884/47744/61267/372868/466233/55558/130314/62046/1019598/261599,jpg
http://inaturalist-open-data.s3.amazonaws.com/photos/71873428/large.jpeg,Lygaeus reclivatus reclivatus,48460/1/47120/372739/47158/184884/47744/61267/372868/466233/55558/130314/62046/1019598/261599,jpeg
http://inaturalist-open-data.s3.amazonaws.com/photos/72066530/large.jpg,Lygaeus reclivatus reclivatus,48460/1/47120/372739/47158/184884/47744/61267/372868/466233/55558/130314/62046/1019598/261599,jpg
http://inaturalist-open-data.s3.amazonaws.com/photos/74906110/large.jpeg,Lygaeus reclivatus reclivatus,48460/1/47120/372739/47158/184884/47744/61267/372868/466233/55558/130314/62046/1019598/261599,jpeg
http://inaturalist-open-data.s3.amazonaws.com/photos/75638972/large.jpg,Lygaeus reclivatus reclivatus,48460/1/47120/372739/47158/184884/47744/61267/372868/466233/55558/130314/62046/1019598/261599,jpg
http://inaturalist-open-data.s3.amazonaws.com/photos/78571692/large.jpg,Lygaeus reclivatus reclivatus,48460/1/47120/372739/47158/184884/47744/61267/372868/466233/55558/130314/62046/1019598/261599,jpg
http://inaturalist-open-data.s3.amazonaws.com/photos/80299338/large.jpg,Lygaeus reclivatus reclivatus,48460/1/47120/372739/47158/184884/47744/61267/372868/466233/55558/130314/62046/1019598/261599,jpg
http://inaturalist-open-data.s3.amazonaws.com/photos/80379576/large.jpg,Lygaeus reclivatus reclivatus,48460/1/47120/372739/47158/184884/47744/61267/372868/466233/55558/130314/62046/1019598/261599,jpg
http://inaturalist-open-data.s3.amazonaws.com/photos/80379506/large.jpg,Lygaeus reclivatus reclivatus,48460/1/47120/372739/47158/184884/47744/61267/372868/466233/55558/130314/62046/1019598/261599,jpg
http://inaturalist-open-data.s3.amazonaws.com/photos/81691558/large.jpg,Lygaeus reclivatus reclivatus,48460/1/47120/372739/47158/184884/47744/61267/372868/466233/55558/130314/62046/1019598/261599,jpg
http://inaturalist-open-data.s3.amazonaws.com/photos/81691537/large.jpg,Lygaeus reclivatus reclivatus,48460/1/47120/372739/47158/184884/47744/61267/372868/466233/55558/130314/62046/1019598/261599,jpg
http://inaturalist-open-data.s3.amazonaws.com/photos/82001962/large.jpg,Lygaeus reclivatus reclivatus,48460/1/47120/372739/47158/184884/47744/61267/372868/466233/55558/130314/62046/1019598/261599,jpg
http://inaturalist-open-data.s3.amazonaws.com/photos/82164090/large.jpeg,Lygaeus reclivatus reclivatus,48460/1/47120/372739/47158/184884/47744/61267/372868/466233/55558/130314/62046/1019598/261599,jpeg
http://inaturalist-open-data.s3.amazonaws.com/photos/82164180/large.jpeg,Lygaeus reclivatus reclivatus,48460/1/47120/372739/47158/184884/47744/61267/372868/466233/55558/130314/62046/1019598/261599,jpeg
http://inaturalist-open-data.s3.amazonaws.com/photos/82164203/large.jpeg,Lygaeus reclivatus reclivatus,48460/1/47120/372739/47158/184884/47744/61267/372868/466233/55558/130314/62046/1019598/261599,jpeg
http://inaturalist-open-data.s3.amazonaws.com/photos/82164236/large.jpeg,Lygaeus reclivatus reclivatus,48460/1/47120/372739/47158/184884/47744/61267/372868/466233/55558/130314/62046/1019598/261599,jpeg
http://inaturalist-open-data.s3.amazonaws.com/photos/82308606/large.jpeg,Lygaeus reclivatus reclivatus,48460/1/47120/372739/47158/184884/47744/61267/372868/466233/55558/130314/62046/1019598/261599,jpeg
http://inaturalist-open-data.s3.amazonaws.com/photos/82308621/large.jpeg,Lygaeus reclivatus reclivatus,48460/1/47120/372739/47158/184884/47744/61267/372868/466233/55558/130314/62046/1019598/261599,jpeg
http://inaturalist-open-data.s3.amazonaws.com/photos/82308636/large.jpeg,Lygaeus reclivatus reclivatus,48460/1/47120/372739/47158/184884/47744/61267/372868/466233/55558/130314/62046/1019598/261599,jpeg
http://inaturalist-open-data.s3.amazonaws.com/photos/82308647/large.jpeg,Lygaeus reclivatus reclivatus,48460/1/47120/372739/47158/184884/47744/61267/372868/466233/55558/130314/62046/1019598/261599,jpeg
http://inaturalist-open-data.s3.amazonaws.com/photos/82308654/large.jpeg,Lygaeus reclivatus reclivatus,48460/1/47120/372739/47158/184884/47744/61267/372868/466233/55558/130314/62046/1019598/261599,jpeg
http://inaturalist-open-data.s3.amazonaws.com/photos/82608751/large.jpg,Lygaeus reclivatus reclivatus,48460/1/47120/372739/47158/184884/47744/61267/372868/466233/55558/130314/62046/1019598/261599,jpg
http://inaturalist-open-data.s3.amazonaws.com/photos/83487006/large.jpeg,Lygaeus reclivatus reclivatus,48460/1/47120/372739/47158/184884/47744/61267/372868/466233/55558/130314/62046/1019598/261599,jpeg
http://inaturalist-open-data.s3.amazonaws.com/photos/84485938/large.jpg,Lygaeus reclivatus reclivatus,48460/1/47120/372739/47158/184884/47744/61267/372868/466233/55558/130314/62046/1019598/261599,jpg
http://inaturalist-open-data.s3.amazonaws.com/photos/84486324/large.jpg,Lygaeus reclivatus reclivatus,48460/1/47120/372739/47158/184884/47744/61267/372868/466233/55558/130314/62046/1019598/261599,jpg
http://inaturalist-open-data.s3.amazonaws.com/photos/84486606/large.jpg,Lygaeus reclivatus reclivatus,48460/1/47120/372739/47158/184884/47744/61267/372868/466233/55558/130314/62046/1019598/261599,jpg
http://inaturalist-open-data.s3.amazonaws.com/photos/84486526/large.jpg,Lygaeus reclivatus reclivatus,48460/1/47120/372739/47158/184884/47744/61267/372868/466233/55558/130314/62046/1019598/261599,jpg
http://inaturalist-open-data.s3.amazonaws.com/photos/84486439/large.jpg,Lygaeus reclivatus reclivatus,48460/1/47120/372739/47158/184884/47744/61267/372868/466233/55558/130314/62046/1019598/261599,jpg
http://inaturalist-open-data.s3.amazonaws.com/photos/84486389/large.jpg,Lygaeus reclivatus reclivatus,48460/1/47120/372739/47158/184884/47744/61267/372868/466233/55558/130314/62046/1019598/261599,jpg
http://inaturalist-open-data.s3.amazonaws.com/photos/85373293/large.jpg,Lygaeus reclivatus reclivatus,48460/1/47120/372739/47158/184884/47744/61267/372868/466233/55558/130314/62046/1019598/261599,jpg
http://inaturalist-open-data.s3.amazonaws.com/photos/87377438/large.jpg,Lygaeus reclivatus reclivatus,48460/1/47120/372739/47158/184884/47744/61267/372868/466233/55558/130314/62046/1019598/261599,jpg
http://inaturalist-open-data.s3.amazonaws.com/photos/87847752/large.jpg,Lygaeus reclivatus reclivatus,48460/1/47120/372739/47158/184884/47744/61267/372868/466233/55558/130314/62046/1019598/261599,jpg
http://inaturalist-open-data.s3.amazonaws.com/photos/87845498/large.jpg,Lygaeus reclivatus reclivatus,48460/1/47120/372739/47158/184884/47744/61267/372868/466233/55558/130314/62046/1019598/261599,jpg
http://inaturalist-open-data.s3.amazonaws.com/photos/87847111/large.jpg,Lygaeus reclivatus reclivatus,48460/1/47120/372739/47158/184884/47744/61267/372868/466233/55558/130314/62046/1019598/261599,jpg
http://inaturalist-open-data.s3.amazonaws.com/photos/88197343/large.jpeg,Lygaeus reclivatus reclivatus,48460/1/47120/372739/47158/184884/47744/61267/372868/466233/55558/130314/62046/1019598/261599,jpeg
http://inaturalist-open-data.s3.amazonaws.com/photos/88197486/large.jpeg,Lygaeus reclivatus reclivatus,48460/1/47120/372739/47158/184884/47744/61267/372868/466233/55558/130314/62046/1019598/261599,jpeg
http://inaturalist-open-data.s3.amazonaws.com/photos/88753989/large.jpg,Lygaeus reclivatus reclivatus,48460/1/47120/372739/47158/184884/47744/61267/372868/466233/55558/130314/62046/1019598/261599,jpg
http://inaturalist-open-data.s3.amazonaws.com/photos/88754584/large.jpg,Lygaeus reclivatus reclivatus,48460/1/47120/372739/47158/184884/47744/61267/372868/466233/55558/130314/62046/1019598/261599,jpg
http://inaturalist-open-data.s3.amazonaws.com/photos/88969482/large.jpeg,Lygaeus reclivatus reclivatus,48460/1/47120/372739/47158/184884/47744/61267/372868/466233/55558/130314/62046/1019598/261599,jpeg
http://inaturalist-open-data.s3.amazonaws.com/photos/89354337/large.jpg,Lygaeus reclivatus reclivatus,48460/1/47120/372739/47158/184884/47744/61267/372868/466233/55558/130314/62046/1019598/261599,jpg
http://inaturalist-open-data.s3.amazonaws.com/photos/89355425/large.jpg,Lygaeus reclivatus reclivatus,48460/1/47120/372739/47158/184884/47744/61267/372868/466233/55558/130314/62046/1019598/261599,jpg
http://inaturalist-open-data.s3.amazonaws.com/photos/89703990/large.jpg,Lygaeus reclivatus reclivatus,48460/1/47120/372739/47158/184884/47744/61267/372868/466233/55558/130314/62046/1019598/261599,jpg
http://inaturalist-open-data.s3.amazonaws.com/photos/89704011/large.jpg,Lygaeus reclivatus reclivatus,48460/1/47120/372739/47158/184884/47744/61267/372868/466233/55558/130314/62046/1019598/261599,jpg
http://inaturalist-open-data.s3.amazonaws.com/photos/89704030/large.jpg,Lygaeus reclivatus reclivatus,48460/1/47120/372739/47158/184884/47744/61267/372868/466233/55558/130314/62046/1019598/261599,jpg
http://inaturalist-open-data.s3.amazonaws.com/photos/89828150/large.jpg,Lygaeus reclivatus reclivatus,48460/1/47120/372739/47158/184884/47744/61267/372868/466233/55558/130314/62046/1019598/261599,jpg
http://inaturalist-open-data.s3.amazonaws.com/photos/89828142/large.jpg,Lygaeus reclivatus reclivatus,48460/1/47120/372739/47158/184884/47744/61267/372868/466233/55558/130314/62046/1019598/261599,jpg
http://inaturalist-open-data.s3.amazonaws.com/photos/91013300/large.jpeg,Lygaeus reclivatus reclivatus,48460/1/47120/372739/47158/184884/47744/61267/372868/466233/55558/130314/62046/1019598/261599,jpeg
http://inaturalist-open-data.s3.amazonaws.com/photos/91013550/large.jpeg,Lygaeus reclivatus reclivatus,48460/1/47120/372739/47158/184884/47744/61267/372868/466233/55558/130314/62046/1019598/261599,jpeg
http://inaturalist-open-data.s3.amazonaws.com/photos/91075230/large.jpeg,Lygaeus reclivatus reclivatus,48460/1/47120/372739/47158/184884/47744/61267/372868/466233/55558/130314/62046/1019598/261599,jpeg
http://inaturalist-open-data.s3.amazonaws.com/photos/91075244/large.jpeg,Lygaeus reclivatus reclivatus,48460/1/47120/372739/47158/184884/47744/61267/372868/466233/55558/130314/62046/1019598/261599,jpeg
http://inaturalist-open-data.s3.amazonaws.com/photos/91075256/large.jpeg,Lygaeus reclivatus reclivatus,48460/1/47120/372739/47158/184884/47744/61267/372868/466233/55558/130314/62046/1019598/261599,jpeg
http://inaturalist-open-data.s3.amazonaws.com/photos/91075269/large.jpeg,Lygaeus reclivatus reclivatus,48460/1/47120/372739/47158/184884/47744/61267/372868/466233/55558/130314/62046/1019598/261599,jpeg
http://inaturalist-open-data.s3.amazonaws.com/photos/93969298/large.jpg,Lygaeus reclivatus reclivatus,48460/1/47120/372739/47158/184884/47744/61267/372868/466233/55558/130314/62046/1019598/261599,jpg
http://inaturalist-open-data.s3.amazonaws.com/photos/94111605/large.jpg,Lygaeus reclivatus reclivatus,48460/1/47120/372739/47158/184884/47744/61267/372868/466233/55558/130314/62046/1019598/261599,jpg
http://inaturalist-open-data.s3.amazonaws.com/photos/94111583/large.jpg,Lygaeus reclivatus reclivatus,48460/1/47120/372739/47158/184884/47744/61267/372868/466233/55558/130314/62046/1019598/261599,jpg
http://inaturalist-open-data.s3.amazonaws.com/photos/94111638/large.jpg,Lygaeus reclivatus reclivatus,48460/1/47120/372739/47158/184884/47744/61267/372868/466233/55558/130314/62046/1019598/261599,jpg
http://inaturalist-open-data.s3.amazonaws.com/photos/94111573/large.jpg,Lygaeus reclivatus reclivatus,48460/1/47120/372739/47158/184884/47744/61267/372868/466233/55558/130314/62046/1019598/261599,jpg
http://inaturalist-open-data.s3.amazonaws.com/photos/94111620/large.jpg,Lygaeus reclivatus reclivatus,48460/1/47120/372739/47158/184884/47744/61267/372868/466233/55558/130314/62046/1019598/261599,jpg
http://inaturalist-open-data.s3.amazonaws.com/photos/95654045/large.jpeg,Lygaeus reclivatus reclivatus,48460/1/47120/372739/47158/184884/47744/61267/372868/466233/55558/130314/62046/1019598/261599,jpeg
http://inaturalist-open-data.s3.amazonaws.com/photos/96341086/large.jpeg,Lygaeus reclivatus reclivatus,48460/1/47120/372739/47158/184884/47744/61267/372868/466233/55558/130314/62046/1019598/261599,jpeg
http://inaturalist-open-data.s3.amazonaws.com/photos/96538022/large.jpg,Lygaeus reclivatus reclivatus,48460/1/47120/372739/47158/184884/47744/61267/372868/466233/55558/130314/62046/1019598/261599,jpg
http://inaturalist-open-data.s3.amazonaws.com/photos/98254006/large.jpeg,Lygaeus reclivatus reclivatus,48460/1/47120/372739/47158/184884/47744/61267/372868/466233/55558/130314/62046/1019598/261599,jpeg
http://inaturalist-open-data.s3.amazonaws.com/photos/102132767/large.jpg,Lygaeus reclivatus reclivatus,48460/1/47120/372739/47158/184884/47744/61267/372868/466233/55558/130314/62046/1019598/261599,jpg
http://inaturalist-open-data.s3.amazonaws.com/photos/102132744/large.jpg,Lygaeus reclivatus reclivatus,48460/1/47120/372739/47158/184884/47744/61267/372868/466233/55558/130314/62046/1019598/261599,jpg
http://inaturalist-open-data.s3.amazonaws.com/photos/102132834/large.jpg,Lygaeus reclivatus reclivatus,48460/1/47120/372739/47158/184884/47744/61267/372868/466233/55558/130314/62046/1019598/261599,jpg
http://inaturalist-open-data.s3.amazonaws.com/photos/102132802/large.jpg,Lygaeus reclivatus reclivatus,48460/1/47120/372739/47158/184884/47744/61267/372868/466233/55558/130314/62046/1019598/261599,jpg
http://inaturalist-open-data.s3.amazonaws.com/photos/102132868/large.jpg,Lygaeus reclivatus reclivatus,48460/1/47120/372739/47158/184884/47744/61267/372868/466233/55558/130314/62046/1019598/261599,jpg
http://inaturalist-open-data.s3.amazonaws.com/photos/102324146/large.jpeg,Lygaeus reclivatus reclivatus,48460/1/47120/372739/47158/184884/47744/61267/372868/466233/55558/130314/62046/1019598/261599,jpeg
http://inaturalist-open-data.s3.amazonaws.com/photos/102903731/large.jpeg,Lygaeus reclivatus reclivatus,48460/1/47120/372739/47158/184884/47744/61267/372868/466233/55558/130314/62046/1019598/261599,jpeg
http://inaturalist-open-data.s3.amazonaws.com/photos/103525591/large.jpg,Lygaeus reclivatus reclivatus,48460/1/47120/372739/47158/184884/47744/61267/372868/466233/55558/130314/62046/1019598/261599,jpg
http://inaturalist-open-data.s3.amazonaws.com/photos/103846343/large.jpeg,Lygaeus reclivatus reclivatus,48460/1/47120/372739/47158/184884/47744/61267/372868/466233/55558/130314/62046/1019598/261599,jpeg
http://inaturalist-open-data.s3.amazonaws.com/photos/103846340/large.jpeg,Lygaeus reclivatus reclivatus,48460/1/47120/372739/47158/184884/47744/61267/372868/466233/55558/130314/62046/1019598/261599,jpeg
http://inaturalist-open-data.s3.amazonaws.com/photos/103846348/large.jpeg,Lygaeus reclivatus reclivatus,48460/1/47120/372739/47158/184884/47744/61267/372868/466233/55558/130314/62046/1019598/261599,jpeg
http://inaturalist-open-data.s3.amazonaws.com/photos/103927569/large.jpeg,Lygaeus reclivatus reclivatus,48460/1/47120/372739/47158/184884/47744/61267/372868/466233/55558/130314/62046/1019598/261599,jpeg
http://inaturalist-open-data.s3.amazonaws.com/photos/103927583/large.jpeg,Lygaeus reclivatus reclivatus,48460/1/47120/372739/47158/184884/47744/61267/372868/466233/55558/130314/62046/1019598/261599,jpeg
http://inaturalist-open-data.s3.amazonaws.com/photos/103927599/large.jpeg,Lygaeus reclivatus reclivatus,48460/1/47120/372739/47158/184884/47744/61267/372868/466233/55558/130314/62046/1019598/261599,jpeg
http://inaturalist-open-data.s3.amazonaws.com/photos/104045244/large.jpg,Lygaeus reclivatus reclivatus,48460/1/47120/372739/47158/184884/47744/61267/372868/466233/55558/130314/62046/1019598/261599,jpg
http://inaturalist-open-data.s3.amazonaws.com/photos/104866614/large.jpg,Lygaeus reclivatus reclivatus,48460/1/47120/372739/47158/184884/47744/61267/372868/466233/55558/130314/62046/1019598/261599,jpg
http://inaturalist-open-data.s3.amazonaws.com/photos/105002416/large.jpeg,Lygaeus reclivatus reclivatus,48460/1/47120/372739/47158/184884/47744/61267/372868/466233/55558/130314/62046/1019598/261599,jpeg
http://inaturalist-open-data.s3.amazonaws.com/photos/106116656/large.jpg,Lygaeus reclivatus reclivatus,48460/1/47120/372739/47158/184884/47744/61267/372868/466233/55558/130314/62046/1019598/261599,jpg
http://inaturalist-open-data.s3.amazonaws.com/photos/106454053/large.jpeg,Lygaeus reclivatus reclivatus,48460/1/47120/372739/47158/184884/47744/61267/372868/466233/55558/130314/62046/1019598/261599,jpeg
http://inaturalist-open-data.s3.amazonaws.com/photos/107079585/large.png,Lygaeus reclivatus reclivatus,48460/1/47120/372739/47158/184884/47744/61267/372868/466233/55558/130314/62046/1019598/261599,png
http://inaturalist-open-data.s3.amazonaws.com/photos/109890911/large.jpeg,Lygaeus reclivatus reclivatus,48460/1/47120/372739/47158/184884/47744/61267/372868/466233/55558/130314/62046/1019598/261599,jpeg
http://inaturalist-open-data.s3.amazonaws.com/photos/112896886/large.jpeg,Lygaeus reclivatus reclivatus,48460/1/47120/372739/47158/184884/47744/61267/372868/466233/55558/130314/62046/1019598/261599,jpeg
http://inaturalist-open-data.s3.amazonaws.com/photos/114464216/large.jpeg,Lygaeus reclivatus reclivatus,48460/1/47120/372739/47158/184884/47744/61267/372868/466233/55558/130314/62046/1019598/261599,jpeg
http://inaturalist-open-data.s3.amazonaws.com/photos/114472124/large.jpeg,Lygaeus reclivatus reclivatus,48460/1/47120/372739/47158/184884/47744/61267/372868/466233/55558/130314/62046/1019598/261599,jpeg
http://inaturalist-open-data.s3.amazonaws.com/photos/114472133/large.jpeg,Lygaeus reclivatus reclivatus,48460/1/47120/372739/47158/184884/47744/61267/372868/466233/55558/130314/62046/1019598/261599,jpeg
http://inaturalist-open-data.s3.amazonaws.com/photos/114472145/large.jpeg,Lygaeus reclivatus reclivatus,48460/1/47120/372739/47158/184884/47744/61267/372868/466233/55558/130314/62046/1019598/261599,jpeg
http://inaturalist-open-data.s3.amazonaws.com/photos/114472156/large.jpeg,Lygaeus reclivatus reclivatus,48460/1/47120/372739/47158/184884/47744/61267/372868/466233/55558/130314/62046/1019598/261599,jpeg
http://inaturalist-open-data.s3.amazonaws.com/photos/114472170/large.jpeg,Lygaeus reclivatus reclivatus,48460/1/47120/372739/47158/184884/47744/61267/372868/466233/55558/130314/62046/1019598/261599,jpeg
http://inaturalist-open-data.s3.amazonaws.com/photos/114472181/large.jpeg,Lygaeus reclivatus reclivatus,48460/1/47120/372739/47158/184884/47744/61267/372868/466233/55558/130314/62046/1019598/261599,jpeg
http://inaturalist-open-data.s3.amazonaws.com/photos/114472195/large.jpeg,Lygaeus reclivatus reclivatus,48460/1/47120/372739/47158/184884/47744/61267/372868/466233/55558/130314/62046/1019598/261599,jpeg
http://inaturalist-open-data.s3.amazonaws.com/photos/114472208/large.jpeg,Lygaeus reclivatus reclivatus,48460/1/47120/372739/47158/184884/47744/61267/372868/466233/55558/130314/62046/1019598/261599,jpeg
http://inaturalist-open-data.s3.amazonaws.com/photos/114628793/large.jpeg,Lygaeus reclivatus reclivatus,48460/1/47120/372739/47158/184884/47744/61267/372868/466233/55558/130314/62046/1019598/261599,jpeg
http://inaturalist-open-data.s3.amazonaws.com/photos/114628812/large.jpeg,Lygaeus reclivatus reclivatus,48460/1/47120/372739/47158/184884/47744/61267/372868/466233/55558/130314/62046/1019598/261599,jpeg
http://inaturalist-open-data.s3.amazonaws.com/photos/114628832/large.jpeg,Lygaeus reclivatus reclivatus,48460/1/47120/372739/47158/184884/47744/61267/372868/466233/55558/130314/62046/1019598/261599,jpeg
http://inaturalist-open-data.s3.amazonaws.com/photos/114750852/large.jpeg,Lygaeus reclivatus reclivatus,48460/1/47120/372739/47158/184884/47744/61267/372868/466233/55558/130314/62046/1019598/261599,jpeg
http://inaturalist-open-data.s3.amazonaws.com/photos/115356503/large.jpg,Lygaeus reclivatus reclivatus,48460/1/47120/372739/47158/184884/47744/61267/372868/466233/55558/130314/62046/1019598/261599,jpg
http://inaturalist-open-data.s3.amazonaws.com/photos/115356453/large.jpg,Lygaeus reclivatus reclivatus,48460/1/47120/372739/47158/184884/47744/61267/372868/466233/55558/130314/62046/1019598/261599,jpg
http://inaturalist-open-data.s3.amazonaws.com/photos/115356561/large.jpg,Lygaeus reclivatus reclivatus,48460/1/47120/372739/47158/184884/47744/61267/372868/466233/55558/130314/62046/1019598/261599,jpg
http://inaturalist-open-data.s3.amazonaws.com/photos/116212495/large.jpg,Lygaeus reclivatus reclivatus,48460/1/47120/372739/47158/184884/47744/61267/372868/466233/55558/130314/62046/1019598/261599,jpg
http://inaturalist-open-data.s3.amazonaws.com/photos/116211791/large.jpeg,Lygaeus reclivatus reclivatus,48460/1/47120/372739/47158/184884/47744/61267/372868/466233/55558/130314/62046/1019598/261599,jpeg
http://inaturalist-open-data.s3.amazonaws.com/photos/117431820/large.jpeg,Lygaeus reclivatus reclivatus,48460/1/47120/372739/47158/184884/47744/61267/372868/466233/55558/130314/62046/1019598/261599,jpeg
http://inaturalist-open-data.s3.amazonaws.com/photos/117431802/large.jpeg,Lygaeus reclivatus reclivatus,48460/1/47120/372739/47158/184884/47744/61267/372868/466233/55558/130314/62046/1019598/261599,jpeg
http://inaturalist-open-data.s3.amazonaws.com/photos/117431973/large.jpeg,Lygaeus reclivatus reclivatus,48460/1/47120/372739/47158/184884/47744/61267/372868/466233/55558/130314/62046/1019598/261599,jpeg
http://inaturalist-open-data.s3.amazonaws.com/photos/117443427/large.jpg,Lygaeus reclivatus reclivatus,48460/1/47120/372739/47158/184884/47744/61267/372868/466233/55558/130314/62046/1019598/261599,jpg
http://inaturalist-open-data.s3.amazonaws.com/photos/117443416/large.jpg,Lygaeus reclivatus reclivatus,48460/1/47120/372739/47158/184884/47744/61267/372868/466233/55558/130314/62046/1019598/261599,jpg
http://inaturalist-open-data.s3.amazonaws.com/photos/119234187/large.jpeg,Lygaeus reclivatus reclivatus,48460/1/47120/372739/47158/184884/47744/61267/372868/466233/55558/130314/62046/1019598/261599,jpeg
http://inaturalist-open-data.s3.amazonaws.com/photos/121019616/large.jpeg,Lygaeus reclivatus reclivatus,48460/1/47120/372739/47158/184884/47744/61267/372868/466233/55558/130314/62046/1019598/261599,jpeg
http://inaturalist-open-data.s3.amazonaws.com/photos/122225710/large.jpeg,Lygaeus reclivatus reclivatus,48460/1/47120/372739/47158/184884/47744/61267/372868/466233/55558/130314/62046/1019598/261599,jpeg
http://inaturalist-open-data.s3.amazonaws.com/photos/123425777/large.jpg,Lygaeus reclivatus reclivatus,48460/1/47120/372739/47158/184884/47744/61267/372868/466233/55558/130314/62046/1019598/261599,jpg
http://inaturalist-open-data.s3.amazonaws.com/photos/123425803/large.jpg,Lygaeus reclivatus reclivatus,48460/1/47120/372739/47158/184884/47744/61267/372868/466233/55558/130314/62046/1019598/261599,jpg
http://inaturalist-open-data.s3.amazonaws.com/photos/123425825/large.jpg,Lygaeus reclivatus reclivatus,48460/1/47120/372739/47158/184884/47744/61267/372868/466233/55558/130314/62046/1019598/261599,jpg
http://inaturalist-open-data.s3.amazonaws.com/photos/123425843/large.jpg,Lygaeus reclivatus reclivatus,48460/1/47120/372739/47158/184884/47744/61267/372868/466233/55558/130314/62046/1019598/261599,jpg
http://inaturalist-open-data.s3.amazonaws.com/photos/123425867/large.jpg,Lygaeus reclivatus reclivatus,48460/1/47120/372739/47158/184884/47744/61267/372868/466233/55558/130314/62046/1019598/261599,jpg
http://inaturalist-open-data.s3.amazonaws.com/photos/123425894/large.jpg,Lygaeus reclivatus reclivatus,48460/1/47120/372739/47158/184884/47744/61267/372868/466233/55558/130314/62046/1019598/261599,jpg
http://inaturalist-open-data.s3.amazonaws.com/photos/123425908/large.jpg,Lygaeus reclivatus reclivatus,48460/1/47120/372739/47158/184884/47744/61267/372868/466233/55558/130314/62046/1019598/261599,jpg
http://inaturalist-open-data.s3.amazonaws.com/photos/123425927/large.jpg,Lygaeus reclivatus reclivatus,48460/1/47120/372739/47158/184884/47744/61267/372868/466233/55558/130314/62046/1019598/261599,jpg
http://inaturalist-open-data.s3.amazonaws.com/photos/123425966/large.jpg,Lygaeus reclivatus reclivatus,48460/1/47120/372739/47158/184884/47744/61267/372868/466233/55558/130314/62046/1019598/261599,jpg
http://inaturalist-open-data.s3.amazonaws.com/photos/123425988/large.jpg,Lygaeus reclivatus reclivatus,48460/1/47120/372739/47158/184884/47744/61267/372868/466233/55558/130314/62046/1019598/261599,jpg
http://inaturalist-open-data.s3.amazonaws.com/photos/123426008/large.jpg,Lygaeus reclivatus reclivatus,48460/1/47120/372739/47158/184884/47744/61267/372868/466233/55558/130314/62046/1019598/261599,jpg
http://inaturalist-open-data.s3.amazonaws.com/photos/123426030/large.jpg,Lygaeus reclivatus reclivatus,48460/1/47120/372739/47158/184884/47744/61267/372868/466233/55558/130314/62046/1019598/261599,jpg
http://inaturalist-open-data.s3.amazonaws.com/photos/123953997/large.jpg,Lygaeus reclivatus reclivatus,48460/1/47120/372739/47158/184884/47744/61267/372868/466233/55558/130314/62046/1019598/261599,jpg
http://inaturalist-open-data.s3.amazonaws.com/photos/126490788/large.jpeg,Lygaeus reclivatus reclivatus,48460/1/47120/372739/47158/184884/47744/61267/372868/466233/55558/130314/62046/1019598/261599,jpeg
http://inaturalist-open-data.s3.amazonaws.com/photos/126490808/large.jpeg,Lygaeus reclivatus reclivatus,48460/1/47120/372739/47158/184884/47744/61267/372868/466233/55558/130314/62046/1019598/261599,jpeg
http://inaturalist-open-data.s3.amazonaws.com/photos/127093320/large.jpeg,Lygaeus reclivatus reclivatus,48460/1/47120/372739/47158/184884/47744/61267/372868/466233/55558/130314/62046/1019598/261599,jpeg
http://inaturalist-open-data.s3.amazonaws.com/photos/127563657/large.jpeg,Lygaeus reclivatus reclivatus,48460/1/47120/372739/47158/184884/47744/61267/372868/466233/55558/130314/62046/1019598/261599,jpeg
http://inaturalist-open-data.s3.amazonaws.com/photos/130414994/large.jpg,Lygaeus reclivatus reclivatus,48460/1/47120/372739/47158/184884/47744/61267/372868/466233/55558/130314/62046/1019598/261599,jpg
http://inaturalist-open-data.s3.amazonaws.com/photos/131319449/large.jpg,Lygaeus reclivatus reclivatus,48460/1/47120/372739/47158/184884/47744/61267/372868/466233/55558/130314/62046/1019598/261599,jpg
http://inaturalist-open-data.s3.amazonaws.com/photos/135407132/large.jpg,Lygaeus reclivatus reclivatus,48460/1/47120/372739/47158/184884/47744/61267/372868/466233/55558/130314/62046/1019598/261599,jpg
http://inaturalist-open-data.s3.amazonaws.com/photos/135407155/large.jpg,Lygaeus reclivatus reclivatus,48460/1/47120/372739/47158/184884/47744/61267/372868/466233/55558/130314/62046/1019598/261599,jpg
http://inaturalist-open-data.s3.amazonaws.com/photos/135407191/large.jpg,Lygaeus reclivatus reclivatus,48460/1/47120/372739/47158/184884/47744/61267/372868/466233/55558/130314/62046/1019598/261599,jpg
http://inaturalist-open-data.s3.amazonaws.com/photos/135407283/large.jpg,Lygaeus reclivatus reclivatus,48460/1/47120/372739/47158/184884/47744/61267/372868/466233/55558/130314/62046/1019598/261599,jpg
http://inaturalist-open-data.s3.amazonaws.com/photos/135407352/large.jpg,Lygaeus reclivatus reclivatus,48460/1/47120/372739/47158/184884/47744/61267/372868/466233/55558/130314/62046/1019598/261599,jpg
http://inaturalist-open-data.s3.amazonaws.com/photos/136032872/large.jpg,Lygaeus reclivatus reclivatus,48460/1/47120/372739/47158/184884/47744/61267/372868/466233/55558/130314/62046/1019598/261599,jpg
http://inaturalist-open-data.s3.amazonaws.com/photos/136599440/large.jpg,Lygaeus reclivatus reclivatus,48460/1/47120/372739/47158/184884/47744/61267/372868/466233/55558/130314/62046/1019598/261599,jpg
http://inaturalist-open-data.s3.amazonaws.com/photos/137106705/large.jpg,Lygaeus reclivatus reclivatus,48460/1/47120/372739/47158/184884/47744/61267/372868/466233/55558/130314/62046/1019598/261599,jpg
http://inaturalist-open-data.s3.amazonaws.com/photos/139092492/large.jpeg,Lygaeus reclivatus reclivatus,48460/1/47120/372739/47158/184884/47744/61267/372868/466233/55558/130314/62046/1019598/261599,jpeg
http://inaturalist-open-data.s3.amazonaws.com/photos/139092521/large.jpeg,Lygaeus reclivatus reclivatus,48460/1/47120/372739/47158/184884/47744/61267/372868/466233/55558/130314/62046/1019598/261599,jpeg
http://inaturalist-open-data.s3.amazonaws.com/photos/147982623/large.jpeg,Lygaeus reclivatus reclivatus,48460/1/47120/372739/47158/184884/47744/61267/372868/466233/55558/130314/62046/1019598/261599,jpeg
http://inaturalist-open-data.s3.amazonaws.com/photos/147982650/large.jpeg,Lygaeus reclivatus reclivatus,48460/1/47120/372739/47158/184884/47744/61267/372868/466233/55558/130314/62046/1019598/261599,jpeg
http://inaturalist-open-data.s3.amazonaws.com/photos/147989343/large.jpeg,Lygaeus reclivatus reclivatus,48460/1/47120/372739/47158/184884/47744/61267/372868/466233/55558/130314/62046/1019598/261599,jpeg
http://inaturalist-open-data.s3.amazonaws.com/photos/147989352/large.jpeg,Lygaeus reclivatus reclivatus,48460/1/47120/372739/47158/184884/47744/61267/372868/466233/55558/130314/62046/1019598/261599,jpeg
http://inaturalist-open-data.s3.amazonaws.com/photos/147989367/large.jpeg,Lygaeus reclivatus reclivatus,48460/1/47120/372739/47158/184884/47744/61267/372868/466233/55558/130314/62046/1019598/261599,jpeg
http://inaturalist-open-data.s3.amazonaws.com/photos/147989379/large.jpeg,Lygaeus reclivatus reclivatus,48460/1/47120/372739/47158/184884/47744/61267/372868/466233/55558/130314/62046/1019598/261599,jpeg
http://inaturalist-open-data.s3.amazonaws.com/photos/147989396/large.jpeg,Lygaeus reclivatus reclivatus,48460/1/47120/372739/47158/184884/47744/61267/372868/466233/55558/130314/62046/1019598/261599,jpeg
http://inaturalist-open-data.s3.amazonaws.com/photos/147989410/large.jpeg,Lygaeus reclivatus reclivatus,48460/1/47120/372739/47158/184884/47744/61267/372868/466233/55558/130314/62046/1019598/261599,jpeg
http://inaturalist-open-data.s3.amazonaws.com/photos/147989420/large.jpeg,Lygaeus reclivatus reclivatus,48460/1/47120/372739/47158/184884/47744/61267/372868/466233/55558/130314/62046/1019598/261599,jpeg
http://inaturalist-open-data.s3.amazonaws.com/photos/149873898/large.jpg,Lygaeus reclivatus reclivatus,48460/1/47120/372739/47158/184884/47744/61267/372868/466233/55558/130314/62046/1019598/261599,jpg
http://inaturalist-open-data.s3.amazonaws.com/photos/151054968/large.jpg,Lygaeus reclivatus reclivatus,48460/1/47120/372739/47158/184884/47744/61267/372868/466233/55558/130314/62046/1019598/261599,jpg
http://inaturalist-open-data.s3.amazonaws.com/photos/154544880/large.jpg,Lygaeus reclivatus reclivatus,48460/1/47120/372739/47158/184884/47744/61267/372868/466233/55558/130314/62046/1019598/261599,jpg
http://inaturalist-open-data.s3.amazonaws.com/photos/159942115/large.jpeg,Lygaeus reclivatus reclivatus,48460/1/47120/372739/47158/184884/47744/61267/372868/466233/55558/130314/62046/1019598/261599,jpeg
http://inaturalist-open-data.s3.amazonaws.com/photos/160778748/large.jpg,Lygaeus reclivatus reclivatus,48460/1/47120/372739/47158/184884/47744/61267/372868/466233/55558/130314/62046/1019598/261599,jpg
http://inaturalist-open-data.s3.amazonaws.com/photos/163866567/large.jpeg,Lygaeus reclivatus reclivatus,48460/1/47120/372739/47158/184884/47744/61267/372868/466233/55558/130314/62046/1019598/261599,jpeg
http://inaturalist-open-data.s3.amazonaws.com/photos/165410511/large.jpg,Lygaeus reclivatus reclivatus,48460/1/47120/372739/47158/184884/47744/61267/372868/466233/55558/130314/62046/1019598/261599,jpg
http://inaturalist-open-data.s3.amazonaws.com/photos/165614929/large.jpg,Lygaeus reclivatus reclivatus,48460/1/47120/372739/47158/184884/47744/61267/372868/466233/55558/130314/62046/1019598/261599,jpg
http://inaturalist-open-data.s3.amazonaws.com/photos/165614955/large.jpg,Lygaeus reclivatus reclivatus,48460/1/47120/372739/47158/184884/47744/61267/372868/466233/55558/130314/62046/1019598/261599,jpg
http://inaturalist-open-data.s3.amazonaws.com/photos/175842833/large.jpeg,Lygaeus reclivatus reclivatus,48460/1/47120/372739/47158/184884/47744/61267/372868/466233/55558/130314/62046/1019598/261599,jpeg
