photo_url_large,taxon_name,ancestry,extension
http://inaturalist-open-data.s3.amazonaws.com/photos/28824491/large.jpg,Manduca brontes haitiensis,48460/1/47120/372739/47158/184884/47157/47214/47213/124081/124110/1228736/61506/490955,jpg
http://inaturalist-open-data.s3.amazonaws.com/photos/28824483/large.jpg,Manduca brontes haitiensis,48460/1/47120/372739/47158/184884/47157/47214/47213/124081/124110/1228736/61506/490955,jpg
http://inaturalist-open-data.s3.amazonaws.com/photos/28824478/large.jpg,Manduca brontes haitiensis,48460/1/47120/372739/47158/184884/47157/47214/47213/124081/124110/1228736/61506/490955,jpg
http://inaturalist-open-data.s3.amazonaws.com/photos/59672061/large.jpeg,Manduca brontes haitiensis,48460/1/47120/372739/47158/184884/47157/47214/47213/124081/124110/1228736/61506/490955,jpeg
http://inaturalist-open-data.s3.amazonaws.com/photos/73135558/large.jpeg,Manduca brontes haitiensis,48460/1/47120/372739/47158/184884/47157/47214/47213/124081/124110/1228736/61506/490955,jpeg
http://inaturalist-open-data.s3.amazonaws.com/photos/75907505/large.jpeg,Manduca brontes haitiensis,48460/1/47120/372739/47158/184884/47157/47214/47213/124081/124110/1228736/61506/490955,jpeg
http://inaturalist-open-data.s3.amazonaws.com/photos/75907660/large.jpeg,Manduca brontes haitiensis,48460/1/47120/372739/47158/184884/47157/47214/47213/124081/124110/1228736/61506/490955,jpeg
http://inaturalist-open-data.s3.amazonaws.com/photos/75907830/large.jpeg,Manduca brontes haitiensis,48460/1/47120/372739/47158/184884/47157/47214/47213/124081/124110/1228736/61506/490955,jpeg
http://inaturalist-open-data.s3.amazonaws.com/photos/146424911/large.jpg,Manduca brontes haitiensis,48460/1/47120/372739/47158/184884/47157/47214/47213/124081/124110/1228736/61506/490955,jpg
http://inaturalist-open-data.s3.amazonaws.com/photos/146630866/large.jpg,Manduca brontes haitiensis,48460/1/47120/372739/47158/184884/47157/47214/47213/124081/124110/1228736/61506/490955,jpg
http://inaturalist-open-data.s3.amazonaws.com/photos/146630930/large.jpg,Manduca brontes haitiensis,48460/1/47120/372739/47158/184884/47157/47214/47213/124081/124110/1228736/61506/490955,jpg
