photo_url_large,taxon_name,ancestry,extension
http://inaturalist-open-data.s3.amazonaws.com/photos/42076844/large.jpeg,Marumba gaschkewitschii echephron,48460/1/47120/372739/47158/184884/47157/47214/47213/124130/1228761/202661/549400,jpeg
http://inaturalist-open-data.s3.amazonaws.com/photos/44309803/large.jpeg,Marumba gaschkewitschii echephron,48460/1/47120/372739/47158/184884/47157/47214/47213/124130/1228761/202661/549400,jpeg
http://inaturalist-open-data.s3.amazonaws.com/photos/44793991/large.jpg,Marumba gaschkewitschii echephron,48460/1/47120/372739/47158/184884/47157/47214/47213/124130/1228761/202661/549400,jpg
http://inaturalist-open-data.s3.amazonaws.com/photos/44793977/large.jpg,Marumba gaschkewitschii echephron,48460/1/47120/372739/47158/184884/47157/47214/47213/124130/1228761/202661/549400,jpg
http://inaturalist-open-data.s3.amazonaws.com/photos/45494066/large.jpeg,Marumba gaschkewitschii echephron,48460/1/47120/372739/47158/184884/47157/47214/47213/124130/1228761/202661/549400,jpeg
http://inaturalist-open-data.s3.amazonaws.com/photos/48542269/large.jpg,Marumba gaschkewitschii echephron,48460/1/47120/372739/47158/184884/47157/47214/47213/124130/1228761/202661/549400,jpg
http://inaturalist-open-data.s3.amazonaws.com/photos/48542272/large.jpg,Marumba gaschkewitschii echephron,48460/1/47120/372739/47158/184884/47157/47214/47213/124130/1228761/202661/549400,jpg
http://inaturalist-open-data.s3.amazonaws.com/photos/48542274/large.jpg,Marumba gaschkewitschii echephron,48460/1/47120/372739/47158/184884/47157/47214/47213/124130/1228761/202661/549400,jpg
http://inaturalist-open-data.s3.amazonaws.com/photos/48542293/large.jpg,Marumba gaschkewitschii echephron,48460/1/47120/372739/47158/184884/47157/47214/47213/124130/1228761/202661/549400,jpg
http://inaturalist-open-data.s3.amazonaws.com/photos/48542324/large.jpg,Marumba gaschkewitschii echephron,48460/1/47120/372739/47158/184884/47157/47214/47213/124130/1228761/202661/549400,jpg
http://inaturalist-open-data.s3.amazonaws.com/photos/48542318/large.jpg,Marumba gaschkewitschii echephron,48460/1/47120/372739/47158/184884/47157/47214/47213/124130/1228761/202661/549400,jpg
http://inaturalist-open-data.s3.amazonaws.com/photos/48542321/large.jpg,Marumba gaschkewitschii echephron,48460/1/47120/372739/47158/184884/47157/47214/47213/124130/1228761/202661/549400,jpg
http://inaturalist-open-data.s3.amazonaws.com/photos/48542327/large.jpg,Marumba gaschkewitschii echephron,48460/1/47120/372739/47158/184884/47157/47214/47213/124130/1228761/202661/549400,jpg
http://inaturalist-open-data.s3.amazonaws.com/photos/48542340/large.jpg,Marumba gaschkewitschii echephron,48460/1/47120/372739/47158/184884/47157/47214/47213/124130/1228761/202661/549400,jpg
http://inaturalist-open-data.s3.amazonaws.com/photos/48542354/large.jpg,Marumba gaschkewitschii echephron,48460/1/47120/372739/47158/184884/47157/47214/47213/124130/1228761/202661/549400,jpg
http://inaturalist-open-data.s3.amazonaws.com/photos/48542371/large.jpg,Marumba gaschkewitschii echephron,48460/1/47120/372739/47158/184884/47157/47214/47213/124130/1228761/202661/549400,jpg
http://inaturalist-open-data.s3.amazonaws.com/photos/51413500/large.jpg,Marumba gaschkewitschii echephron,48460/1/47120/372739/47158/184884/47157/47214/47213/124130/1228761/202661/549400,jpg
http://inaturalist-open-data.s3.amazonaws.com/photos/77968980/large.jpeg,Marumba gaschkewitschii echephron,48460/1/47120/372739/47158/184884/47157/47214/47213/124130/1228761/202661/549400,jpeg
http://inaturalist-open-data.s3.amazonaws.com/photos/77968995/large.jpeg,Marumba gaschkewitschii echephron,48460/1/47120/372739/47158/184884/47157/47214/47213/124130/1228761/202661/549400,jpeg
http://inaturalist-open-data.s3.amazonaws.com/photos/115742961/large.jpeg,Marumba gaschkewitschii echephron,48460/1/47120/372739/47158/184884/47157/47214/47213/124130/1228761/202661/549400,jpeg
http://inaturalist-open-data.s3.amazonaws.com/photos/116725507/large.jpeg,Marumba gaschkewitschii echephron,48460/1/47120/372739/47158/184884/47157/47214/47213/124130/1228761/202661/549400,jpeg
