photo_url_large,taxon_name,ancestry,extension
http://inaturalist-open-data.s3.amazonaws.com/photos/9627622/large.jpeg,Mechanitis polymnia caucaensis,48460/1/47120/372739/47158/184884/47157/47224/47922/61244/134170/81743/148675,jpeg
http://inaturalist-open-data.s3.amazonaws.com/photos/20504144/large.jpeg,Mechanitis polymnia caucaensis,48460/1/47120/372739/47158/184884/47157/47224/47922/61244/134170/81743/148675,jpeg
http://inaturalist-open-data.s3.amazonaws.com/photos/32782239/large.jpg,Mechanitis polymnia caucaensis,48460/1/47120/372739/47158/184884/47157/47224/47922/61244/134170/81743/148675,jpg
http://inaturalist-open-data.s3.amazonaws.com/photos/38691874/large.jpeg,Mechanitis polymnia caucaensis,48460/1/47120/372739/47158/184884/47157/47224/47922/61244/134170/81743/148675,jpeg
http://inaturalist-open-data.s3.amazonaws.com/photos/38691872/large.jpeg,Mechanitis polymnia caucaensis,48460/1/47120/372739/47158/184884/47157/47224/47922/61244/134170/81743/148675,jpeg
http://inaturalist-open-data.s3.amazonaws.com/photos/81635120/large.jpg,Mechanitis polymnia caucaensis,48460/1/47120/372739/47158/184884/47157/47224/47922/61244/134170/81743/148675,jpg
http://inaturalist-open-data.s3.amazonaws.com/photos/81845564/large.jpg,Mechanitis polymnia caucaensis,48460/1/47120/372739/47158/184884/47157/47224/47922/61244/134170/81743/148675,jpg
http://inaturalist-open-data.s3.amazonaws.com/photos/89378776/large.jpg,Mechanitis polymnia caucaensis,48460/1/47120/372739/47158/184884/47157/47224/47922/61244/134170/81743/148675,jpg
http://inaturalist-open-data.s3.amazonaws.com/photos/105414152/large.jpg,Mechanitis polymnia caucaensis,48460/1/47120/372739/47158/184884/47157/47224/47922/61244/134170/81743/148675,jpg
http://inaturalist-open-data.s3.amazonaws.com/photos/172413446/large.jpg,Mechanitis polymnia caucaensis,48460/1/47120/372739/47158/184884/47157/47224/47922/61244/134170/81743/148675,jpg
http://inaturalist-open-data.s3.amazonaws.com/photos/173884044/large.jpeg,Mechanitis polymnia caucaensis,48460/1/47120/372739/47158/184884/47157/47224/47922/61244/134170/81743/148675,jpeg
