photo_url_large,taxon_name,ancestry,extension
http://inaturalist-open-data.s3.amazonaws.com/photos/33611134/large.jpg,Mechanitis lysimnia labotas,48460/1/47120/372739/47158/184884/47157/47224/47922/61244/134170/81743/258114,jpg
http://inaturalist-open-data.s3.amazonaws.com/photos/59736777/large.jpeg,Mechanitis lysimnia labotas,48460/1/47120/372739/47158/184884/47157/47224/47922/61244/134170/81743/258114,jpeg
http://inaturalist-open-data.s3.amazonaws.com/photos/153723192/large.jpg,Mechanitis lysimnia labotas,48460/1/47120/372739/47158/184884/47157/47224/47922/61244/134170/81743/258114,jpg
http://inaturalist-open-data.s3.amazonaws.com/photos/153723210/large.jpg,Mechanitis lysimnia labotas,48460/1/47120/372739/47158/184884/47157/47224/47922/61244/134170/81743/258114,jpg
