photo_url_large,taxon_name,ancestry,extension
http://inaturalist-open-data.s3.amazonaws.com/photos/21069969/large.jpg,Mecostethus parapleurus parapleurus,48460/1/47120/372739/47158/184884/47651/67688/700600/47650/47649/129164/210440/466991/466988,jpg
http://inaturalist-open-data.s3.amazonaws.com/photos/21070006/large.jpg,Mecostethus parapleurus parapleurus,48460/1/47120/372739/47158/184884/47651/67688/700600/47650/47649/129164/210440/466991/466988,jpg
http://inaturalist-open-data.s3.amazonaws.com/photos/46740935/large.jpg,Mecostethus parapleurus parapleurus,48460/1/47120/372739/47158/184884/47651/67688/700600/47650/47649/129164/210440/466991/466988,jpg
http://inaturalist-open-data.s3.amazonaws.com/photos/50005934/large.jpeg,Mecostethus parapleurus parapleurus,48460/1/47120/372739/47158/184884/47651/67688/700600/47650/47649/129164/210440/466991/466988,jpeg
http://inaturalist-open-data.s3.amazonaws.com/photos/56947464/large.jpeg,Mecostethus parapleurus parapleurus,48460/1/47120/372739/47158/184884/47651/67688/700600/47650/47649/129164/210440/466991/466988,jpeg
http://inaturalist-open-data.s3.amazonaws.com/photos/56948625/large.jpeg,Mecostethus parapleurus parapleurus,48460/1/47120/372739/47158/184884/47651/67688/700600/47650/47649/129164/210440/466991/466988,jpeg
http://inaturalist-open-data.s3.amazonaws.com/photos/56948628/large.jpeg,Mecostethus parapleurus parapleurus,48460/1/47120/372739/47158/184884/47651/67688/700600/47650/47649/129164/210440/466991/466988,jpeg
http://inaturalist-open-data.s3.amazonaws.com/photos/56948630/large.jpeg,Mecostethus parapleurus parapleurus,48460/1/47120/372739/47158/184884/47651/67688/700600/47650/47649/129164/210440/466991/466988,jpeg
http://inaturalist-open-data.s3.amazonaws.com/photos/58313701/large.jpg,Mecostethus parapleurus parapleurus,48460/1/47120/372739/47158/184884/47651/67688/700600/47650/47649/129164/210440/466991/466988,jpg
http://inaturalist-open-data.s3.amazonaws.com/photos/58421822/large.jpg,Mecostethus parapleurus parapleurus,48460/1/47120/372739/47158/184884/47651/67688/700600/47650/47649/129164/210440/466991/466988,jpg
http://inaturalist-open-data.s3.amazonaws.com/photos/123237750/large.jpg,Mecostethus parapleurus parapleurus,48460/1/47120/372739/47158/184884/47651/67688/700600/47650/47649/129164/210440/466991/466988,jpg
http://inaturalist-open-data.s3.amazonaws.com/photos/123238232/large.jpg,Mecostethus parapleurus parapleurus,48460/1/47120/372739/47158/184884/47651/67688/700600/47650/47649/129164/210440/466991/466988,jpg
