photo_url_large,taxon_name,ancestry,extension
http://inaturalist-open-data.s3.amazonaws.com/photos/46651223/large.jpeg,Megasoma janus ramirezorum,48460/1/47120/372739/47158/184884/47208/71130/702480/48202/48201/136361/424299/122001/947878,jpeg
http://inaturalist-open-data.s3.amazonaws.com/photos/104501863/large.jpeg,Megasoma janus ramirezorum,48460/1/47120/372739/47158/184884/47208/71130/702480/48202/48201/136361/424299/122001/947878,jpeg
http://inaturalist-open-data.s3.amazonaws.com/photos/107958775/large.jpg,Megasoma janus ramirezorum,48460/1/47120/372739/47158/184884/47208/71130/702480/48202/48201/136361/424299/122001/947878,jpg
http://inaturalist-open-data.s3.amazonaws.com/photos/107958778/large.jpg,Megasoma janus ramirezorum,48460/1/47120/372739/47158/184884/47208/71130/702480/48202/48201/136361/424299/122001/947878,jpg
http://inaturalist-open-data.s3.amazonaws.com/photos/107962717/large.jpg,Megasoma janus ramirezorum,48460/1/47120/372739/47158/184884/47208/71130/702480/48202/48201/136361/424299/122001/947878,jpg
http://inaturalist-open-data.s3.amazonaws.com/photos/107964376/large.jpg,Megasoma janus ramirezorum,48460/1/47120/372739/47158/184884/47208/71130/702480/48202/48201/136361/424299/122001/947878,jpg
http://inaturalist-open-data.s3.amazonaws.com/photos/107964937/large.jpg,Megasoma janus ramirezorum,48460/1/47120/372739/47158/184884/47208/71130/702480/48202/48201/136361/424299/122001/947878,jpg
http://inaturalist-open-data.s3.amazonaws.com/photos/107964936/large.jpg,Megasoma janus ramirezorum,48460/1/47120/372739/47158/184884/47208/71130/702480/48202/48201/136361/424299/122001/947878,jpg
http://inaturalist-open-data.s3.amazonaws.com/photos/107969887/large.jpg,Megasoma janus ramirezorum,48460/1/47120/372739/47158/184884/47208/71130/702480/48202/48201/136361/424299/122001/947878,jpg
http://inaturalist-open-data.s3.amazonaws.com/photos/107969886/large.jpg,Megasoma janus ramirezorum,48460/1/47120/372739/47158/184884/47208/71130/702480/48202/48201/136361/424299/122001/947878,jpg
http://inaturalist-open-data.s3.amazonaws.com/photos/107969883/large.jpg,Megasoma janus ramirezorum,48460/1/47120/372739/47158/184884/47208/71130/702480/48202/48201/136361/424299/122001/947878,jpg
http://inaturalist-open-data.s3.amazonaws.com/photos/108094389/large.jpg,Megasoma janus ramirezorum,48460/1/47120/372739/47158/184884/47208/71130/702480/48202/48201/136361/424299/122001/947878,jpg
http://inaturalist-open-data.s3.amazonaws.com/photos/108112437/large.jpg,Megasoma janus ramirezorum,48460/1/47120/372739/47158/184884/47208/71130/702480/48202/48201/136361/424299/122001/947878,jpg
http://inaturalist-open-data.s3.amazonaws.com/photos/108172008/large.jpg,Megasoma janus ramirezorum,48460/1/47120/372739/47158/184884/47208/71130/702480/48202/48201/136361/424299/122001/947878,jpg
http://inaturalist-open-data.s3.amazonaws.com/photos/111236920/large.jpg,Megasoma janus ramirezorum,48460/1/47120/372739/47158/184884/47208/71130/702480/48202/48201/136361/424299/122001/947878,jpg
http://inaturalist-open-data.s3.amazonaws.com/photos/115395280/large.jpg,Megasoma janus ramirezorum,48460/1/47120/372739/47158/184884/47208/71130/702480/48202/48201/136361/424299/122001/947878,jpg
http://inaturalist-open-data.s3.amazonaws.com/photos/128011095/large.jpg,Megasoma janus ramirezorum,48460/1/47120/372739/47158/184884/47208/71130/702480/48202/48201/136361/424299/122001/947878,jpg
http://inaturalist-open-data.s3.amazonaws.com/photos/128211181/large.jpg,Megasoma janus ramirezorum,48460/1/47120/372739/47158/184884/47208/71130/702480/48202/48201/136361/424299/122001/947878,jpg
http://inaturalist-open-data.s3.amazonaws.com/photos/128211190/large.jpg,Megasoma janus ramirezorum,48460/1/47120/372739/47158/184884/47208/71130/702480/48202/48201/136361/424299/122001/947878,jpg
http://inaturalist-open-data.s3.amazonaws.com/photos/128211197/large.jpg,Megasoma janus ramirezorum,48460/1/47120/372739/47158/184884/47208/71130/702480/48202/48201/136361/424299/122001/947878,jpg
http://inaturalist-open-data.s3.amazonaws.com/photos/128211219/large.jpg,Megasoma janus ramirezorum,48460/1/47120/372739/47158/184884/47208/71130/702480/48202/48201/136361/424299/122001/947878,jpg
