photo_url_large,taxon_name,ancestry,extension
http://inaturalist-open-data.s3.amazonaws.com/photos/575803/large.jpg,Megasoma elephas elephas,48460/1/47120/372739/47158/184884/47208/71130/702480/48202/48201/136361/424299/122001/122000,jpg
http://inaturalist-open-data.s3.amazonaws.com/photos/1291438/large.JPG,Megasoma elephas elephas,48460/1/47120/372739/47158/184884/47208/71130/702480/48202/48201/136361/424299/122001/122000,JPG
http://inaturalist-open-data.s3.amazonaws.com/photos/1291439/large.JPG,Megasoma elephas elephas,48460/1/47120/372739/47158/184884/47208/71130/702480/48202/48201/136361/424299/122001/122000,JPG
http://inaturalist-open-data.s3.amazonaws.com/photos/1291440/large.JPG,Megasoma elephas elephas,48460/1/47120/372739/47158/184884/47208/71130/702480/48202/48201/136361/424299/122001/122000,JPG
http://inaturalist-open-data.s3.amazonaws.com/photos/1291441/large.JPG,Megasoma elephas elephas,48460/1/47120/372739/47158/184884/47208/71130/702480/48202/48201/136361/424299/122001/122000,JPG
http://inaturalist-open-data.s3.amazonaws.com/photos/1306688/large.JPG,Megasoma elephas elephas,48460/1/47120/372739/47158/184884/47208/71130/702480/48202/48201/136361/424299/122001/122000,JPG
http://inaturalist-open-data.s3.amazonaws.com/photos/1306689/large.JPG,Megasoma elephas elephas,48460/1/47120/372739/47158/184884/47208/71130/702480/48202/48201/136361/424299/122001/122000,JPG
http://inaturalist-open-data.s3.amazonaws.com/photos/1306690/large.JPG,Megasoma elephas elephas,48460/1/47120/372739/47158/184884/47208/71130/702480/48202/48201/136361/424299/122001/122000,JPG
http://inaturalist-open-data.s3.amazonaws.com/photos/1306691/large.JPG,Megasoma elephas elephas,48460/1/47120/372739/47158/184884/47208/71130/702480/48202/48201/136361/424299/122001/122000,JPG
http://inaturalist-open-data.s3.amazonaws.com/photos/1306692/large.JPG,Megasoma elephas elephas,48460/1/47120/372739/47158/184884/47208/71130/702480/48202/48201/136361/424299/122001/122000,JPG
http://inaturalist-open-data.s3.amazonaws.com/photos/1306693/large.gif,Megasoma elephas elephas,48460/1/47120/372739/47158/184884/47208/71130/702480/48202/48201/136361/424299/122001/122000,gif
http://inaturalist-open-data.s3.amazonaws.com/photos/1325435/large.JPG,Megasoma elephas elephas,48460/1/47120/372739/47158/184884/47208/71130/702480/48202/48201/136361/424299/122001/122000,JPG
http://inaturalist-open-data.s3.amazonaws.com/photos/1328021/large.JPG,Megasoma elephas elephas,48460/1/47120/372739/47158/184884/47208/71130/702480/48202/48201/136361/424299/122001/122000,JPG
http://inaturalist-open-data.s3.amazonaws.com/photos/4724403/large.jpg,Megasoma elephas elephas,48460/1/47120/372739/47158/184884/47208/71130/702480/48202/48201/136361/424299/122001/122000,jpg
http://inaturalist-open-data.s3.amazonaws.com/photos/4724405/large.jpg,Megasoma elephas elephas,48460/1/47120/372739/47158/184884/47208/71130/702480/48202/48201/136361/424299/122001/122000,jpg
http://inaturalist-open-data.s3.amazonaws.com/photos/4724411/large.jpg,Megasoma elephas elephas,48460/1/47120/372739/47158/184884/47208/71130/702480/48202/48201/136361/424299/122001/122000,jpg
http://inaturalist-open-data.s3.amazonaws.com/photos/6777399/large.jpg,Megasoma elephas elephas,48460/1/47120/372739/47158/184884/47208/71130/702480/48202/48201/136361/424299/122001/122000,jpg
http://inaturalist-open-data.s3.amazonaws.com/photos/20977820/large.jpeg,Megasoma elephas elephas,48460/1/47120/372739/47158/184884/47208/71130/702480/48202/48201/136361/424299/122001/122000,jpeg
http://inaturalist-open-data.s3.amazonaws.com/photos/109301182/large.jpg,Megasoma elephas elephas,48460/1/47120/372739/47158/184884/47208/71130/702480/48202/48201/136361/424299/122001/122000,jpg
http://inaturalist-open-data.s3.amazonaws.com/photos/109301193/large.jpg,Megasoma elephas elephas,48460/1/47120/372739/47158/184884/47208/71130/702480/48202/48201/136361/424299/122001/122000,jpg
http://inaturalist-open-data.s3.amazonaws.com/photos/110178234/large.jpg,Megasoma elephas elephas,48460/1/47120/372739/47158/184884/47208/71130/702480/48202/48201/136361/424299/122001/122000,jpg
http://inaturalist-open-data.s3.amazonaws.com/photos/110178238/large.jpg,Megasoma elephas elephas,48460/1/47120/372739/47158/184884/47208/71130/702480/48202/48201/136361/424299/122001/122000,jpg
