photo_url_large,taxon_name,ancestry,extension
http://inaturalist-open-data.s3.amazonaws.com/photos/1050987/large.JPG,Megisba malaya sikkima,48460/1/47120/372739/47158/184884/47157/47224/47923/58558/125833/1265004/324751/324750,JPG
http://inaturalist-open-data.s3.amazonaws.com/photos/156464037/large.jpg,Megisba malaya sikkima,48460/1/47120/372739/47158/184884/47157/47224/47923/58558/125833/1265004/324751/324750,jpg
http://inaturalist-open-data.s3.amazonaws.com/photos/2407341/large.jpg,Megisba malaya sikkima,48460/1/47120/372739/47158/184884/47157/47224/47923/58558/125833/1265004/324751/324750,jpg
http://inaturalist-open-data.s3.amazonaws.com/photos/5703810/large.jpeg,Megisba malaya sikkima,48460/1/47120/372739/47158/184884/47157/47224/47923/58558/125833/1265004/324751/324750,jpeg
http://inaturalist-open-data.s3.amazonaws.com/photos/8255662/large.jpeg,Megisba malaya sikkima,48460/1/47120/372739/47158/184884/47157/47224/47923/58558/125833/1265004/324751/324750,jpeg
http://inaturalist-open-data.s3.amazonaws.com/photos/11929415/large.jpeg,Megisba malaya sikkima,48460/1/47120/372739/47158/184884/47157/47224/47923/58558/125833/1265004/324751/324750,jpeg
http://inaturalist-open-data.s3.amazonaws.com/photos/11929418/large.jpeg,Megisba malaya sikkima,48460/1/47120/372739/47158/184884/47157/47224/47923/58558/125833/1265004/324751/324750,jpeg
http://inaturalist-open-data.s3.amazonaws.com/photos/12045229/large.jpeg,Megisba malaya sikkima,48460/1/47120/372739/47158/184884/47157/47224/47923/58558/125833/1265004/324751/324750,jpeg
http://inaturalist-open-data.s3.amazonaws.com/photos/13189646/large.jpeg,Megisba malaya sikkima,48460/1/47120/372739/47158/184884/47157/47224/47923/58558/125833/1265004/324751/324750,jpeg
http://inaturalist-open-data.s3.amazonaws.com/photos/13653404/large.jpg,Megisba malaya sikkima,48460/1/47120/372739/47158/184884/47157/47224/47923/58558/125833/1265004/324751/324750,jpg
http://inaturalist-open-data.s3.amazonaws.com/photos/15804416/large.jpg,Megisba malaya sikkima,48460/1/47120/372739/47158/184884/47157/47224/47923/58558/125833/1265004/324751/324750,jpg
http://inaturalist-open-data.s3.amazonaws.com/photos/25454069/large.jpeg,Megisba malaya sikkima,48460/1/47120/372739/47158/184884/47157/47224/47923/58558/125833/1265004/324751/324750,jpeg
http://inaturalist-open-data.s3.amazonaws.com/photos/26149591/large.jpeg,Megisba malaya sikkima,48460/1/47120/372739/47158/184884/47157/47224/47923/58558/125833/1265004/324751/324750,jpeg
http://inaturalist-open-data.s3.amazonaws.com/photos/26506809/large.jpeg,Megisba malaya sikkima,48460/1/47120/372739/47158/184884/47157/47224/47923/58558/125833/1265004/324751/324750,jpeg
http://inaturalist-open-data.s3.amazonaws.com/photos/26506838/large.jpeg,Megisba malaya sikkima,48460/1/47120/372739/47158/184884/47157/47224/47923/58558/125833/1265004/324751/324750,jpeg
http://inaturalist-open-data.s3.amazonaws.com/photos/27523103/large.jpg,Megisba malaya sikkima,48460/1/47120/372739/47158/184884/47157/47224/47923/58558/125833/1265004/324751/324750,jpg
http://inaturalist-open-data.s3.amazonaws.com/photos/28051084/large.jpeg,Megisba malaya sikkima,48460/1/47120/372739/47158/184884/47157/47224/47923/58558/125833/1265004/324751/324750,jpeg
http://inaturalist-open-data.s3.amazonaws.com/photos/28741678/large.jpeg,Megisba malaya sikkima,48460/1/47120/372739/47158/184884/47157/47224/47923/58558/125833/1265004/324751/324750,jpeg
http://inaturalist-open-data.s3.amazonaws.com/photos/28741631/large.jpeg,Megisba malaya sikkima,48460/1/47120/372739/47158/184884/47157/47224/47923/58558/125833/1265004/324751/324750,jpeg
http://inaturalist-open-data.s3.amazonaws.com/photos/28741626/large.jpeg,Megisba malaya sikkima,48460/1/47120/372739/47158/184884/47157/47224/47923/58558/125833/1265004/324751/324750,jpeg
http://inaturalist-open-data.s3.amazonaws.com/photos/28998857/large.jpeg,Megisba malaya sikkima,48460/1/47120/372739/47158/184884/47157/47224/47923/58558/125833/1265004/324751/324750,jpeg
http://inaturalist-open-data.s3.amazonaws.com/photos/28998861/large.jpg,Megisba malaya sikkima,48460/1/47120/372739/47158/184884/47157/47224/47923/58558/125833/1265004/324751/324750,jpg
http://inaturalist-open-data.s3.amazonaws.com/photos/29025443/large.jpeg,Megisba malaya sikkima,48460/1/47120/372739/47158/184884/47157/47224/47923/58558/125833/1265004/324751/324750,jpeg
http://inaturalist-open-data.s3.amazonaws.com/photos/29067051/large.jpeg,Megisba malaya sikkima,48460/1/47120/372739/47158/184884/47157/47224/47923/58558/125833/1265004/324751/324750,jpeg
http://inaturalist-open-data.s3.amazonaws.com/photos/29152690/large.jpg,Megisba malaya sikkima,48460/1/47120/372739/47158/184884/47157/47224/47923/58558/125833/1265004/324751/324750,jpg
http://inaturalist-open-data.s3.amazonaws.com/photos/29950021/large.jpeg,Megisba malaya sikkima,48460/1/47120/372739/47158/184884/47157/47224/47923/58558/125833/1265004/324751/324750,jpeg
http://inaturalist-open-data.s3.amazonaws.com/photos/30109621/large.jpeg,Megisba malaya sikkima,48460/1/47120/372739/47158/184884/47157/47224/47923/58558/125833/1265004/324751/324750,jpeg
http://inaturalist-open-data.s3.amazonaws.com/photos/30129746/large.jpg,Megisba malaya sikkima,48460/1/47120/372739/47158/184884/47157/47224/47923/58558/125833/1265004/324751/324750,jpg
http://inaturalist-open-data.s3.amazonaws.com/photos/30129881/large.jpg,Megisba malaya sikkima,48460/1/47120/372739/47158/184884/47157/47224/47923/58558/125833/1265004/324751/324750,jpg
http://inaturalist-open-data.s3.amazonaws.com/photos/30157790/large.jpeg,Megisba malaya sikkima,48460/1/47120/372739/47158/184884/47157/47224/47923/58558/125833/1265004/324751/324750,jpeg
http://inaturalist-open-data.s3.amazonaws.com/photos/30157791/large.jpeg,Megisba malaya sikkima,48460/1/47120/372739/47158/184884/47157/47224/47923/58558/125833/1265004/324751/324750,jpeg
http://inaturalist-open-data.s3.amazonaws.com/photos/30157796/large.jpeg,Megisba malaya sikkima,48460/1/47120/372739/47158/184884/47157/47224/47923/58558/125833/1265004/324751/324750,jpeg
http://inaturalist-open-data.s3.amazonaws.com/photos/30267544/large.jpeg,Megisba malaya sikkima,48460/1/47120/372739/47158/184884/47157/47224/47923/58558/125833/1265004/324751/324750,jpeg
http://inaturalist-open-data.s3.amazonaws.com/photos/30272892/large.jpg,Megisba malaya sikkima,48460/1/47120/372739/47158/184884/47157/47224/47923/58558/125833/1265004/324751/324750,jpg
http://inaturalist-open-data.s3.amazonaws.com/photos/30272926/large.jpg,Megisba malaya sikkima,48460/1/47120/372739/47158/184884/47157/47224/47923/58558/125833/1265004/324751/324750,jpg
http://inaturalist-open-data.s3.amazonaws.com/photos/30272977/large.jpg,Megisba malaya sikkima,48460/1/47120/372739/47158/184884/47157/47224/47923/58558/125833/1265004/324751/324750,jpg
http://inaturalist-open-data.s3.amazonaws.com/photos/30291599/large.jpg,Megisba malaya sikkima,48460/1/47120/372739/47158/184884/47157/47224/47923/58558/125833/1265004/324751/324750,jpg
http://inaturalist-open-data.s3.amazonaws.com/photos/30440310/large.jpg,Megisba malaya sikkima,48460/1/47120/372739/47158/184884/47157/47224/47923/58558/125833/1265004/324751/324750,jpg
http://inaturalist-open-data.s3.amazonaws.com/photos/31410434/large.jpeg,Megisba malaya sikkima,48460/1/47120/372739/47158/184884/47157/47224/47923/58558/125833/1265004/324751/324750,jpeg
http://inaturalist-open-data.s3.amazonaws.com/photos/31410439/large.jpeg,Megisba malaya sikkima,48460/1/47120/372739/47158/184884/47157/47224/47923/58558/125833/1265004/324751/324750,jpeg
http://inaturalist-open-data.s3.amazonaws.com/photos/32363804/large.jpeg,Megisba malaya sikkima,48460/1/47120/372739/47158/184884/47157/47224/47923/58558/125833/1265004/324751/324750,jpeg
http://inaturalist-open-data.s3.amazonaws.com/photos/32363829/large.jpeg,Megisba malaya sikkima,48460/1/47120/372739/47158/184884/47157/47224/47923/58558/125833/1265004/324751/324750,jpeg
http://inaturalist-open-data.s3.amazonaws.com/photos/32363873/large.jpeg,Megisba malaya sikkima,48460/1/47120/372739/47158/184884/47157/47224/47923/58558/125833/1265004/324751/324750,jpeg
http://inaturalist-open-data.s3.amazonaws.com/photos/32363888/large.jpeg,Megisba malaya sikkima,48460/1/47120/372739/47158/184884/47157/47224/47923/58558/125833/1265004/324751/324750,jpeg
http://inaturalist-open-data.s3.amazonaws.com/photos/32363908/large.jpeg,Megisba malaya sikkima,48460/1/47120/372739/47158/184884/47157/47224/47923/58558/125833/1265004/324751/324750,jpeg
http://inaturalist-open-data.s3.amazonaws.com/photos/32363920/large.jpeg,Megisba malaya sikkima,48460/1/47120/372739/47158/184884/47157/47224/47923/58558/125833/1265004/324751/324750,jpeg
http://inaturalist-open-data.s3.amazonaws.com/photos/32363943/large.jpeg,Megisba malaya sikkima,48460/1/47120/372739/47158/184884/47157/47224/47923/58558/125833/1265004/324751/324750,jpeg
http://inaturalist-open-data.s3.amazonaws.com/photos/32363962/large.jpeg,Megisba malaya sikkima,48460/1/47120/372739/47158/184884/47157/47224/47923/58558/125833/1265004/324751/324750,jpeg
http://inaturalist-open-data.s3.amazonaws.com/photos/32363980/large.jpeg,Megisba malaya sikkima,48460/1/47120/372739/47158/184884/47157/47224/47923/58558/125833/1265004/324751/324750,jpeg
http://inaturalist-open-data.s3.amazonaws.com/photos/32364002/large.jpeg,Megisba malaya sikkima,48460/1/47120/372739/47158/184884/47157/47224/47923/58558/125833/1265004/324751/324750,jpeg
http://inaturalist-open-data.s3.amazonaws.com/photos/32364022/large.jpeg,Megisba malaya sikkima,48460/1/47120/372739/47158/184884/47157/47224/47923/58558/125833/1265004/324751/324750,jpeg
http://inaturalist-open-data.s3.amazonaws.com/photos/33076004/large.jpeg,Megisba malaya sikkima,48460/1/47120/372739/47158/184884/47157/47224/47923/58558/125833/1265004/324751/324750,jpeg
http://inaturalist-open-data.s3.amazonaws.com/photos/33076008/large.jpeg,Megisba malaya sikkima,48460/1/47120/372739/47158/184884/47157/47224/47923/58558/125833/1265004/324751/324750,jpeg
http://inaturalist-open-data.s3.amazonaws.com/photos/33076014/large.jpeg,Megisba malaya sikkima,48460/1/47120/372739/47158/184884/47157/47224/47923/58558/125833/1265004/324751/324750,jpeg
http://inaturalist-open-data.s3.amazonaws.com/photos/32715808/large.jpeg,Megisba malaya sikkima,48460/1/47120/372739/47158/184884/47157/47224/47923/58558/125833/1265004/324751/324750,jpeg
http://inaturalist-open-data.s3.amazonaws.com/photos/34049437/large.jpg,Megisba malaya sikkima,48460/1/47120/372739/47158/184884/47157/47224/47923/58558/125833/1265004/324751/324750,jpg
http://inaturalist-open-data.s3.amazonaws.com/photos/35174106/large.jpg,Megisba malaya sikkima,48460/1/47120/372739/47158/184884/47157/47224/47923/58558/125833/1265004/324751/324750,jpg
http://inaturalist-open-data.s3.amazonaws.com/photos/35344197/large.jpg,Megisba malaya sikkima,48460/1/47120/372739/47158/184884/47157/47224/47923/58558/125833/1265004/324751/324750,jpg
http://inaturalist-open-data.s3.amazonaws.com/photos/35429088/large.jpeg,Megisba malaya sikkima,48460/1/47120/372739/47158/184884/47157/47224/47923/58558/125833/1265004/324751/324750,jpeg
http://inaturalist-open-data.s3.amazonaws.com/photos/35443719/large.jpeg,Megisba malaya sikkima,48460/1/47120/372739/47158/184884/47157/47224/47923/58558/125833/1265004/324751/324750,jpeg
http://inaturalist-open-data.s3.amazonaws.com/photos/35443842/large.jpg,Megisba malaya sikkima,48460/1/47120/372739/47158/184884/47157/47224/47923/58558/125833/1265004/324751/324750,jpg
http://inaturalist-open-data.s3.amazonaws.com/photos/37842375/large.jpeg,Megisba malaya sikkima,48460/1/47120/372739/47158/184884/47157/47224/47923/58558/125833/1265004/324751/324750,jpeg
http://inaturalist-open-data.s3.amazonaws.com/photos/39016717/large.jpeg,Megisba malaya sikkima,48460/1/47120/372739/47158/184884/47157/47224/47923/58558/125833/1265004/324751/324750,jpeg
http://inaturalist-open-data.s3.amazonaws.com/photos/40735023/large.jpg,Megisba malaya sikkima,48460/1/47120/372739/47158/184884/47157/47224/47923/58558/125833/1265004/324751/324750,jpg
http://inaturalist-open-data.s3.amazonaws.com/photos/41122374/large.jpg,Megisba malaya sikkima,48460/1/47120/372739/47158/184884/47157/47224/47923/58558/125833/1265004/324751/324750,jpg
http://inaturalist-open-data.s3.amazonaws.com/photos/41879632/large.jpg,Megisba malaya sikkima,48460/1/47120/372739/47158/184884/47157/47224/47923/58558/125833/1265004/324751/324750,jpg
http://inaturalist-open-data.s3.amazonaws.com/photos/41878928/large.jpg,Megisba malaya sikkima,48460/1/47120/372739/47158/184884/47157/47224/47923/58558/125833/1265004/324751/324750,jpg
http://inaturalist-open-data.s3.amazonaws.com/photos/42466341/large.jpeg,Megisba malaya sikkima,48460/1/47120/372739/47158/184884/47157/47224/47923/58558/125833/1265004/324751/324750,jpeg
http://inaturalist-open-data.s3.amazonaws.com/photos/43290116/large.jpeg,Megisba malaya sikkima,48460/1/47120/372739/47158/184884/47157/47224/47923/58558/125833/1265004/324751/324750,jpeg
http://inaturalist-open-data.s3.amazonaws.com/photos/43290125/large.jpeg,Megisba malaya sikkima,48460/1/47120/372739/47158/184884/47157/47224/47923/58558/125833/1265004/324751/324750,jpeg
http://inaturalist-open-data.s3.amazonaws.com/photos/43290134/large.jpeg,Megisba malaya sikkima,48460/1/47120/372739/47158/184884/47157/47224/47923/58558/125833/1265004/324751/324750,jpeg
http://inaturalist-open-data.s3.amazonaws.com/photos/43290140/large.jpeg,Megisba malaya sikkima,48460/1/47120/372739/47158/184884/47157/47224/47923/58558/125833/1265004/324751/324750,jpeg
http://inaturalist-open-data.s3.amazonaws.com/photos/43293584/large.jpg,Megisba malaya sikkima,48460/1/47120/372739/47158/184884/47157/47224/47923/58558/125833/1265004/324751/324750,jpg
http://inaturalist-open-data.s3.amazonaws.com/photos/43293196/large.jpg,Megisba malaya sikkima,48460/1/47120/372739/47158/184884/47157/47224/47923/58558/125833/1265004/324751/324750,jpg
http://inaturalist-open-data.s3.amazonaws.com/photos/43801868/large.jpeg,Megisba malaya sikkima,48460/1/47120/372739/47158/184884/47157/47224/47923/58558/125833/1265004/324751/324750,jpeg
http://inaturalist-open-data.s3.amazonaws.com/photos/43801942/large.jpeg,Megisba malaya sikkima,48460/1/47120/372739/47158/184884/47157/47224/47923/58558/125833/1265004/324751/324750,jpeg
http://inaturalist-open-data.s3.amazonaws.com/photos/43801936/large.jpeg,Megisba malaya sikkima,48460/1/47120/372739/47158/184884/47157/47224/47923/58558/125833/1265004/324751/324750,jpeg
http://inaturalist-open-data.s3.amazonaws.com/photos/44697200/large.jpg,Megisba malaya sikkima,48460/1/47120/372739/47158/184884/47157/47224/47923/58558/125833/1265004/324751/324750,jpg
http://inaturalist-open-data.s3.amazonaws.com/photos/45943897/large.jpg,Megisba malaya sikkima,48460/1/47120/372739/47158/184884/47157/47224/47923/58558/125833/1265004/324751/324750,jpg
http://inaturalist-open-data.s3.amazonaws.com/photos/46254482/large.jpeg,Megisba malaya sikkima,48460/1/47120/372739/47158/184884/47157/47224/47923/58558/125833/1265004/324751/324750,jpeg
http://inaturalist-open-data.s3.amazonaws.com/photos/47226620/large.jpg,Megisba malaya sikkima,48460/1/47120/372739/47158/184884/47157/47224/47923/58558/125833/1265004/324751/324750,jpg
http://inaturalist-open-data.s3.amazonaws.com/photos/47226602/large.jpg,Megisba malaya sikkima,48460/1/47120/372739/47158/184884/47157/47224/47923/58558/125833/1265004/324751/324750,jpg
http://inaturalist-open-data.s3.amazonaws.com/photos/48132359/large.jpg,Megisba malaya sikkima,48460/1/47120/372739/47158/184884/47157/47224/47923/58558/125833/1265004/324751/324750,jpg
http://inaturalist-open-data.s3.amazonaws.com/photos/48148930/large.jpeg,Megisba malaya sikkima,48460/1/47120/372739/47158/184884/47157/47224/47923/58558/125833/1265004/324751/324750,jpeg
http://inaturalist-open-data.s3.amazonaws.com/photos/48148935/large.jpeg,Megisba malaya sikkima,48460/1/47120/372739/47158/184884/47157/47224/47923/58558/125833/1265004/324751/324750,jpeg
http://inaturalist-open-data.s3.amazonaws.com/photos/49224920/large.jpeg,Megisba malaya sikkima,48460/1/47120/372739/47158/184884/47157/47224/47923/58558/125833/1265004/324751/324750,jpeg
http://inaturalist-open-data.s3.amazonaws.com/photos/49361459/large.jpeg,Megisba malaya sikkima,48460/1/47120/372739/47158/184884/47157/47224/47923/58558/125833/1265004/324751/324750,jpeg
http://inaturalist-open-data.s3.amazonaws.com/photos/50715424/large.jpeg,Megisba malaya sikkima,48460/1/47120/372739/47158/184884/47157/47224/47923/58558/125833/1265004/324751/324750,jpeg
http://inaturalist-open-data.s3.amazonaws.com/photos/52757744/large.jpg,Megisba malaya sikkima,48460/1/47120/372739/47158/184884/47157/47224/47923/58558/125833/1265004/324751/324750,jpg
http://inaturalist-open-data.s3.amazonaws.com/photos/53452786/large.jpg,Megisba malaya sikkima,48460/1/47120/372739/47158/184884/47157/47224/47923/58558/125833/1265004/324751/324750,jpg
http://inaturalist-open-data.s3.amazonaws.com/photos/53452756/large.jpg,Megisba malaya sikkima,48460/1/47120/372739/47158/184884/47157/47224/47923/58558/125833/1265004/324751/324750,jpg
http://inaturalist-open-data.s3.amazonaws.com/photos/53452766/large.jpg,Megisba malaya sikkima,48460/1/47120/372739/47158/184884/47157/47224/47923/58558/125833/1265004/324751/324750,jpg
http://inaturalist-open-data.s3.amazonaws.com/photos/53452776/large.jpg,Megisba malaya sikkima,48460/1/47120/372739/47158/184884/47157/47224/47923/58558/125833/1265004/324751/324750,jpg
http://inaturalist-open-data.s3.amazonaws.com/photos/53643136/large.jpg,Megisba malaya sikkima,48460/1/47120/372739/47158/184884/47157/47224/47923/58558/125833/1265004/324751/324750,jpg
http://inaturalist-open-data.s3.amazonaws.com/photos/53887946/large.jpg,Megisba malaya sikkima,48460/1/47120/372739/47158/184884/47157/47224/47923/58558/125833/1265004/324751/324750,jpg
http://inaturalist-open-data.s3.amazonaws.com/photos/53945288/large.jpeg,Megisba malaya sikkima,48460/1/47120/372739/47158/184884/47157/47224/47923/58558/125833/1265004/324751/324750,jpeg
http://inaturalist-open-data.s3.amazonaws.com/photos/53945651/large.jpeg,Megisba malaya sikkima,48460/1/47120/372739/47158/184884/47157/47224/47923/58558/125833/1265004/324751/324750,jpeg
http://inaturalist-open-data.s3.amazonaws.com/photos/54774912/large.jpg,Megisba malaya sikkima,48460/1/47120/372739/47158/184884/47157/47224/47923/58558/125833/1265004/324751/324750,jpg
http://inaturalist-open-data.s3.amazonaws.com/photos/54774926/large.jpeg,Megisba malaya sikkima,48460/1/47120/372739/47158/184884/47157/47224/47923/58558/125833/1265004/324751/324750,jpeg
http://inaturalist-open-data.s3.amazonaws.com/photos/55089433/large.jpeg,Megisba malaya sikkima,48460/1/47120/372739/47158/184884/47157/47224/47923/58558/125833/1265004/324751/324750,jpeg
http://inaturalist-open-data.s3.amazonaws.com/photos/55172399/large.jpeg,Megisba malaya sikkima,48460/1/47120/372739/47158/184884/47157/47224/47923/58558/125833/1265004/324751/324750,jpeg
http://inaturalist-open-data.s3.amazonaws.com/photos/55753187/large.jpeg,Megisba malaya sikkima,48460/1/47120/372739/47158/184884/47157/47224/47923/58558/125833/1265004/324751/324750,jpeg
http://inaturalist-open-data.s3.amazonaws.com/photos/55753185/large.jpeg,Megisba malaya sikkima,48460/1/47120/372739/47158/184884/47157/47224/47923/58558/125833/1265004/324751/324750,jpeg
http://inaturalist-open-data.s3.amazonaws.com/photos/55815188/large.jpeg,Megisba malaya sikkima,48460/1/47120/372739/47158/184884/47157/47224/47923/58558/125833/1265004/324751/324750,jpeg
http://inaturalist-open-data.s3.amazonaws.com/photos/55829238/large.jpeg,Megisba malaya sikkima,48460/1/47120/372739/47158/184884/47157/47224/47923/58558/125833/1265004/324751/324750,jpeg
http://inaturalist-open-data.s3.amazonaws.com/photos/55829243/large.jpeg,Megisba malaya sikkima,48460/1/47120/372739/47158/184884/47157/47224/47923/58558/125833/1265004/324751/324750,jpeg
http://inaturalist-open-data.s3.amazonaws.com/photos/55829247/large.jpeg,Megisba malaya sikkima,48460/1/47120/372739/47158/184884/47157/47224/47923/58558/125833/1265004/324751/324750,jpeg
http://inaturalist-open-data.s3.amazonaws.com/photos/55829251/large.jpeg,Megisba malaya sikkima,48460/1/47120/372739/47158/184884/47157/47224/47923/58558/125833/1265004/324751/324750,jpeg
http://inaturalist-open-data.s3.amazonaws.com/photos/56076134/large.jpeg,Megisba malaya sikkima,48460/1/47120/372739/47158/184884/47157/47224/47923/58558/125833/1265004/324751/324750,jpeg
http://inaturalist-open-data.s3.amazonaws.com/photos/56076126/large.jpeg,Megisba malaya sikkima,48460/1/47120/372739/47158/184884/47157/47224/47923/58558/125833/1265004/324751/324750,jpeg
http://inaturalist-open-data.s3.amazonaws.com/photos/56076128/large.jpeg,Megisba malaya sikkima,48460/1/47120/372739/47158/184884/47157/47224/47923/58558/125833/1265004/324751/324750,jpeg
http://inaturalist-open-data.s3.amazonaws.com/photos/56638727/large.jpg,Megisba malaya sikkima,48460/1/47120/372739/47158/184884/47157/47224/47923/58558/125833/1265004/324751/324750,jpg
http://inaturalist-open-data.s3.amazonaws.com/photos/56638732/large.jpg,Megisba malaya sikkima,48460/1/47120/372739/47158/184884/47157/47224/47923/58558/125833/1265004/324751/324750,jpg
http://inaturalist-open-data.s3.amazonaws.com/photos/57076359/large.jpg,Megisba malaya sikkima,48460/1/47120/372739/47158/184884/47157/47224/47923/58558/125833/1265004/324751/324750,jpg
http://inaturalist-open-data.s3.amazonaws.com/photos/57196190/large.jpeg,Megisba malaya sikkima,48460/1/47120/372739/47158/184884/47157/47224/47923/58558/125833/1265004/324751/324750,jpeg
http://inaturalist-open-data.s3.amazonaws.com/photos/58317499/large.jpeg,Megisba malaya sikkima,48460/1/47120/372739/47158/184884/47157/47224/47923/58558/125833/1265004/324751/324750,jpeg
http://inaturalist-open-data.s3.amazonaws.com/photos/59014767/large.jpg,Megisba malaya sikkima,48460/1/47120/372739/47158/184884/47157/47224/47923/58558/125833/1265004/324751/324750,jpg
http://inaturalist-open-data.s3.amazonaws.com/photos/60167674/large.jpeg,Megisba malaya sikkima,48460/1/47120/372739/47158/184884/47157/47224/47923/58558/125833/1265004/324751/324750,jpeg
http://inaturalist-open-data.s3.amazonaws.com/photos/60167673/large.jpeg,Megisba malaya sikkima,48460/1/47120/372739/47158/184884/47157/47224/47923/58558/125833/1265004/324751/324750,jpeg
http://inaturalist-open-data.s3.amazonaws.com/photos/62477888/large.jpg,Megisba malaya sikkima,48460/1/47120/372739/47158/184884/47157/47224/47923/58558/125833/1265004/324751/324750,jpg
http://inaturalist-open-data.s3.amazonaws.com/photos/62477883/large.jpg,Megisba malaya sikkima,48460/1/47120/372739/47158/184884/47157/47224/47923/58558/125833/1265004/324751/324750,jpg
http://inaturalist-open-data.s3.amazonaws.com/photos/62477892/large.jpg,Megisba malaya sikkima,48460/1/47120/372739/47158/184884/47157/47224/47923/58558/125833/1265004/324751/324750,jpg
http://inaturalist-open-data.s3.amazonaws.com/photos/62895792/large.jpg,Megisba malaya sikkima,48460/1/47120/372739/47158/184884/47157/47224/47923/58558/125833/1265004/324751/324750,jpg
http://inaturalist-open-data.s3.amazonaws.com/photos/62920601/large.jpg,Megisba malaya sikkima,48460/1/47120/372739/47158/184884/47157/47224/47923/58558/125833/1265004/324751/324750,jpg
http://inaturalist-open-data.s3.amazonaws.com/photos/62981649/large.jpg,Megisba malaya sikkima,48460/1/47120/372739/47158/184884/47157/47224/47923/58558/125833/1265004/324751/324750,jpg
http://inaturalist-open-data.s3.amazonaws.com/photos/62981642/large.jpg,Megisba malaya sikkima,48460/1/47120/372739/47158/184884/47157/47224/47923/58558/125833/1265004/324751/324750,jpg
http://inaturalist-open-data.s3.amazonaws.com/photos/63100370/large.jpeg,Megisba malaya sikkima,48460/1/47120/372739/47158/184884/47157/47224/47923/58558/125833/1265004/324751/324750,jpeg
http://inaturalist-open-data.s3.amazonaws.com/photos/64920393/large.jpg,Megisba malaya sikkima,48460/1/47120/372739/47158/184884/47157/47224/47923/58558/125833/1265004/324751/324750,jpg
http://inaturalist-open-data.s3.amazonaws.com/photos/64928017/large.jpg,Megisba malaya sikkima,48460/1/47120/372739/47158/184884/47157/47224/47923/58558/125833/1265004/324751/324750,jpg
http://inaturalist-open-data.s3.amazonaws.com/photos/65482853/large.jpg,Megisba malaya sikkima,48460/1/47120/372739/47158/184884/47157/47224/47923/58558/125833/1265004/324751/324750,jpg
http://inaturalist-open-data.s3.amazonaws.com/photos/65612762/large.jpg,Megisba malaya sikkima,48460/1/47120/372739/47158/184884/47157/47224/47923/58558/125833/1265004/324751/324750,jpg
http://inaturalist-open-data.s3.amazonaws.com/photos/65906559/large.jpeg,Megisba malaya sikkima,48460/1/47120/372739/47158/184884/47157/47224/47923/58558/125833/1265004/324751/324750,jpeg
http://inaturalist-open-data.s3.amazonaws.com/photos/67998133/large.jpeg,Megisba malaya sikkima,48460/1/47120/372739/47158/184884/47157/47224/47923/58558/125833/1265004/324751/324750,jpeg
http://inaturalist-open-data.s3.amazonaws.com/photos/67997701/large.jpeg,Megisba malaya sikkima,48460/1/47120/372739/47158/184884/47157/47224/47923/58558/125833/1265004/324751/324750,jpeg
http://inaturalist-open-data.s3.amazonaws.com/photos/67998425/large.jpeg,Megisba malaya sikkima,48460/1/47120/372739/47158/184884/47157/47224/47923/58558/125833/1265004/324751/324750,jpeg
http://inaturalist-open-data.s3.amazonaws.com/photos/69099805/large.jpg,Megisba malaya sikkima,48460/1/47120/372739/47158/184884/47157/47224/47923/58558/125833/1265004/324751/324750,jpg
http://inaturalist-open-data.s3.amazonaws.com/photos/69099834/large.jpg,Megisba malaya sikkima,48460/1/47120/372739/47158/184884/47157/47224/47923/58558/125833/1265004/324751/324750,jpg
http://inaturalist-open-data.s3.amazonaws.com/photos/69099863/large.jpg,Megisba malaya sikkima,48460/1/47120/372739/47158/184884/47157/47224/47923/58558/125833/1265004/324751/324750,jpg
http://inaturalist-open-data.s3.amazonaws.com/photos/69634032/large.jpg,Megisba malaya sikkima,48460/1/47120/372739/47158/184884/47157/47224/47923/58558/125833/1265004/324751/324750,jpg
http://inaturalist-open-data.s3.amazonaws.com/photos/69649513/large.jpg,Megisba malaya sikkima,48460/1/47120/372739/47158/184884/47157/47224/47923/58558/125833/1265004/324751/324750,jpg
http://inaturalist-open-data.s3.amazonaws.com/photos/70148445/large.jpeg,Megisba malaya sikkima,48460/1/47120/372739/47158/184884/47157/47224/47923/58558/125833/1265004/324751/324750,jpeg
http://inaturalist-open-data.s3.amazonaws.com/photos/70166598/large.jpeg,Megisba malaya sikkima,48460/1/47120/372739/47158/184884/47157/47224/47923/58558/125833/1265004/324751/324750,jpeg
http://inaturalist-open-data.s3.amazonaws.com/photos/70270172/large.jpg,Megisba malaya sikkima,48460/1/47120/372739/47158/184884/47157/47224/47923/58558/125833/1265004/324751/324750,jpg
http://inaturalist-open-data.s3.amazonaws.com/photos/71441083/large.jpg,Megisba malaya sikkima,48460/1/47120/372739/47158/184884/47157/47224/47923/58558/125833/1265004/324751/324750,jpg
http://inaturalist-open-data.s3.amazonaws.com/photos/71740091/large.jpeg,Megisba malaya sikkima,48460/1/47120/372739/47158/184884/47157/47224/47923/58558/125833/1265004/324751/324750,jpeg
http://inaturalist-open-data.s3.amazonaws.com/photos/72377586/large.jpg,Megisba malaya sikkima,48460/1/47120/372739/47158/184884/47157/47224/47923/58558/125833/1265004/324751/324750,jpg
http://inaturalist-open-data.s3.amazonaws.com/photos/72270602/large.jpeg,Megisba malaya sikkima,48460/1/47120/372739/47158/184884/47157/47224/47923/58558/125833/1265004/324751/324750,jpeg
http://inaturalist-open-data.s3.amazonaws.com/photos/72377621/large.jpg,Megisba malaya sikkima,48460/1/47120/372739/47158/184884/47157/47224/47923/58558/125833/1265004/324751/324750,jpg
http://inaturalist-open-data.s3.amazonaws.com/photos/72272078/large.jpeg,Megisba malaya sikkima,48460/1/47120/372739/47158/184884/47157/47224/47923/58558/125833/1265004/324751/324750,jpeg
http://inaturalist-open-data.s3.amazonaws.com/photos/72272118/large.jpeg,Megisba malaya sikkima,48460/1/47120/372739/47158/184884/47157/47224/47923/58558/125833/1265004/324751/324750,jpeg
http://inaturalist-open-data.s3.amazonaws.com/photos/72272308/large.jpeg,Megisba malaya sikkima,48460/1/47120/372739/47158/184884/47157/47224/47923/58558/125833/1265004/324751/324750,jpeg
http://inaturalist-open-data.s3.amazonaws.com/photos/72272720/large.jpeg,Megisba malaya sikkima,48460/1/47120/372739/47158/184884/47157/47224/47923/58558/125833/1265004/324751/324750,jpeg
http://inaturalist-open-data.s3.amazonaws.com/photos/72272787/large.jpeg,Megisba malaya sikkima,48460/1/47120/372739/47158/184884/47157/47224/47923/58558/125833/1265004/324751/324750,jpeg
http://inaturalist-open-data.s3.amazonaws.com/photos/72273058/large.jpg,Megisba malaya sikkima,48460/1/47120/372739/47158/184884/47157/47224/47923/58558/125833/1265004/324751/324750,jpg
http://inaturalist-open-data.s3.amazonaws.com/photos/72273087/large.jpg,Megisba malaya sikkima,48460/1/47120/372739/47158/184884/47157/47224/47923/58558/125833/1265004/324751/324750,jpg
http://inaturalist-open-data.s3.amazonaws.com/photos/72273172/large.jpg,Megisba malaya sikkima,48460/1/47120/372739/47158/184884/47157/47224/47923/58558/125833/1265004/324751/324750,jpg
http://inaturalist-open-data.s3.amazonaws.com/photos/73827500/large.jpeg,Megisba malaya sikkima,48460/1/47120/372739/47158/184884/47157/47224/47923/58558/125833/1265004/324751/324750,jpeg
http://inaturalist-open-data.s3.amazonaws.com/photos/74216711/large.jpeg,Megisba malaya sikkima,48460/1/47120/372739/47158/184884/47157/47224/47923/58558/125833/1265004/324751/324750,jpeg
http://inaturalist-open-data.s3.amazonaws.com/photos/76823211/large.jpg,Megisba malaya sikkima,48460/1/47120/372739/47158/184884/47157/47224/47923/58558/125833/1265004/324751/324750,jpg
http://inaturalist-open-data.s3.amazonaws.com/photos/76972712/large.jpeg,Megisba malaya sikkima,48460/1/47120/372739/47158/184884/47157/47224/47923/58558/125833/1265004/324751/324750,jpeg
http://inaturalist-open-data.s3.amazonaws.com/photos/77545067/large.jpeg,Megisba malaya sikkima,48460/1/47120/372739/47158/184884/47157/47224/47923/58558/125833/1265004/324751/324750,jpeg
http://inaturalist-open-data.s3.amazonaws.com/photos/77545459/large.jpeg,Megisba malaya sikkima,48460/1/47120/372739/47158/184884/47157/47224/47923/58558/125833/1265004/324751/324750,jpeg
http://inaturalist-open-data.s3.amazonaws.com/photos/77910391/large.jpeg,Megisba malaya sikkima,48460/1/47120/372739/47158/184884/47157/47224/47923/58558/125833/1265004/324751/324750,jpeg
http://inaturalist-open-data.s3.amazonaws.com/photos/77910389/large.jpeg,Megisba malaya sikkima,48460/1/47120/372739/47158/184884/47157/47224/47923/58558/125833/1265004/324751/324750,jpeg
http://inaturalist-open-data.s3.amazonaws.com/photos/79748803/large.jpeg,Megisba malaya sikkima,48460/1/47120/372739/47158/184884/47157/47224/47923/58558/125833/1265004/324751/324750,jpeg
http://inaturalist-open-data.s3.amazonaws.com/photos/84199253/large.jpg,Megisba malaya sikkima,48460/1/47120/372739/47158/184884/47157/47224/47923/58558/125833/1265004/324751/324750,jpg
http://inaturalist-open-data.s3.amazonaws.com/photos/84828445/large.jpeg,Megisba malaya sikkima,48460/1/47120/372739/47158/184884/47157/47224/47923/58558/125833/1265004/324751/324750,jpeg
http://inaturalist-open-data.s3.amazonaws.com/photos/84828524/large.jpeg,Megisba malaya sikkima,48460/1/47120/372739/47158/184884/47157/47224/47923/58558/125833/1265004/324751/324750,jpeg
http://inaturalist-open-data.s3.amazonaws.com/photos/86546295/large.jpg,Megisba malaya sikkima,48460/1/47120/372739/47158/184884/47157/47224/47923/58558/125833/1265004/324751/324750,jpg
http://inaturalist-open-data.s3.amazonaws.com/photos/86543897/large.jpg,Megisba malaya sikkima,48460/1/47120/372739/47158/184884/47157/47224/47923/58558/125833/1265004/324751/324750,jpg
http://inaturalist-open-data.s3.amazonaws.com/photos/88654942/large.jpg,Megisba malaya sikkima,48460/1/47120/372739/47158/184884/47157/47224/47923/58558/125833/1265004/324751/324750,jpg
http://inaturalist-open-data.s3.amazonaws.com/photos/89001417/large.jpg,Megisba malaya sikkima,48460/1/47120/372739/47158/184884/47157/47224/47923/58558/125833/1265004/324751/324750,jpg
http://inaturalist-open-data.s3.amazonaws.com/photos/89083316/large.jpg,Megisba malaya sikkima,48460/1/47120/372739/47158/184884/47157/47224/47923/58558/125833/1265004/324751/324750,jpg
http://inaturalist-open-data.s3.amazonaws.com/photos/89892356/large.jpg,Megisba malaya sikkima,48460/1/47120/372739/47158/184884/47157/47224/47923/58558/125833/1265004/324751/324750,jpg
http://inaturalist-open-data.s3.amazonaws.com/photos/90554337/large.jpg,Megisba malaya sikkima,48460/1/47120/372739/47158/184884/47157/47224/47923/58558/125833/1265004/324751/324750,jpg
http://inaturalist-open-data.s3.amazonaws.com/photos/91212241/large.jpg,Megisba malaya sikkima,48460/1/47120/372739/47158/184884/47157/47224/47923/58558/125833/1265004/324751/324750,jpg
http://inaturalist-open-data.s3.amazonaws.com/photos/91228417/large.jpg,Megisba malaya sikkima,48460/1/47120/372739/47158/184884/47157/47224/47923/58558/125833/1265004/324751/324750,jpg
http://inaturalist-open-data.s3.amazonaws.com/photos/91404186/large.jpg,Megisba malaya sikkima,48460/1/47120/372739/47158/184884/47157/47224/47923/58558/125833/1265004/324751/324750,jpg
http://inaturalist-open-data.s3.amazonaws.com/photos/91410009/large.jpg,Megisba malaya sikkima,48460/1/47120/372739/47158/184884/47157/47224/47923/58558/125833/1265004/324751/324750,jpg
http://inaturalist-open-data.s3.amazonaws.com/photos/91410019/large.jpg,Megisba malaya sikkima,48460/1/47120/372739/47158/184884/47157/47224/47923/58558/125833/1265004/324751/324750,jpg
http://inaturalist-open-data.s3.amazonaws.com/photos/93099592/large.jpg,Megisba malaya sikkima,48460/1/47120/372739/47158/184884/47157/47224/47923/58558/125833/1265004/324751/324750,jpg
http://inaturalist-open-data.s3.amazonaws.com/photos/93386495/large.jpeg,Megisba malaya sikkima,48460/1/47120/372739/47158/184884/47157/47224/47923/58558/125833/1265004/324751/324750,jpeg
http://inaturalist-open-data.s3.amazonaws.com/photos/93946407/large.jpg,Megisba malaya sikkima,48460/1/47120/372739/47158/184884/47157/47224/47923/58558/125833/1265004/324751/324750,jpg
http://inaturalist-open-data.s3.amazonaws.com/photos/94101998/large.jpg,Megisba malaya sikkima,48460/1/47120/372739/47158/184884/47157/47224/47923/58558/125833/1265004/324751/324750,jpg
http://inaturalist-open-data.s3.amazonaws.com/photos/94135871/large.jpg,Megisba malaya sikkima,48460/1/47120/372739/47158/184884/47157/47224/47923/58558/125833/1265004/324751/324750,jpg
http://inaturalist-open-data.s3.amazonaws.com/photos/97267909/large.jpeg,Megisba malaya sikkima,48460/1/47120/372739/47158/184884/47157/47224/47923/58558/125833/1265004/324751/324750,jpeg
http://inaturalist-open-data.s3.amazonaws.com/photos/97708622/large.jpg,Megisba malaya sikkima,48460/1/47120/372739/47158/184884/47157/47224/47923/58558/125833/1265004/324751/324750,jpg
http://inaturalist-open-data.s3.amazonaws.com/photos/97708124/large.jpeg,Megisba malaya sikkima,48460/1/47120/372739/47158/184884/47157/47224/47923/58558/125833/1265004/324751/324750,jpeg
http://inaturalist-open-data.s3.amazonaws.com/photos/99786904/large.jpeg,Megisba malaya sikkima,48460/1/47120/372739/47158/184884/47157/47224/47923/58558/125833/1265004/324751/324750,jpeg
http://inaturalist-open-data.s3.amazonaws.com/photos/99786932/large.jpeg,Megisba malaya sikkima,48460/1/47120/372739/47158/184884/47157/47224/47923/58558/125833/1265004/324751/324750,jpeg
http://inaturalist-open-data.s3.amazonaws.com/photos/101194614/large.jpeg,Megisba malaya sikkima,48460/1/47120/372739/47158/184884/47157/47224/47923/58558/125833/1265004/324751/324750,jpeg
http://inaturalist-open-data.s3.amazonaws.com/photos/101871736/large.jpeg,Megisba malaya sikkima,48460/1/47120/372739/47158/184884/47157/47224/47923/58558/125833/1265004/324751/324750,jpeg
http://inaturalist-open-data.s3.amazonaws.com/photos/101871810/large.jpeg,Megisba malaya sikkima,48460/1/47120/372739/47158/184884/47157/47224/47923/58558/125833/1265004/324751/324750,jpeg
http://inaturalist-open-data.s3.amazonaws.com/photos/102002476/large.jpeg,Megisba malaya sikkima,48460/1/47120/372739/47158/184884/47157/47224/47923/58558/125833/1265004/324751/324750,jpeg
http://inaturalist-open-data.s3.amazonaws.com/photos/102010903/large.jpg,Megisba malaya sikkima,48460/1/47120/372739/47158/184884/47157/47224/47923/58558/125833/1265004/324751/324750,jpg
http://inaturalist-open-data.s3.amazonaws.com/photos/102046336/large.jpg,Megisba malaya sikkima,48460/1/47120/372739/47158/184884/47157/47224/47923/58558/125833/1265004/324751/324750,jpg
http://inaturalist-open-data.s3.amazonaws.com/photos/102339085/large.jpg,Megisba malaya sikkima,48460/1/47120/372739/47158/184884/47157/47224/47923/58558/125833/1265004/324751/324750,jpg
http://inaturalist-open-data.s3.amazonaws.com/photos/103049961/large.jpeg,Megisba malaya sikkima,48460/1/47120/372739/47158/184884/47157/47224/47923/58558/125833/1265004/324751/324750,jpeg
http://inaturalist-open-data.s3.amazonaws.com/photos/104478228/large.jpeg,Megisba malaya sikkima,48460/1/47120/372739/47158/184884/47157/47224/47923/58558/125833/1265004/324751/324750,jpeg
http://inaturalist-open-data.s3.amazonaws.com/photos/105247939/large.jpeg,Megisba malaya sikkima,48460/1/47120/372739/47158/184884/47157/47224/47923/58558/125833/1265004/324751/324750,jpeg
http://inaturalist-open-data.s3.amazonaws.com/photos/105247942/large.jpeg,Megisba malaya sikkima,48460/1/47120/372739/47158/184884/47157/47224/47923/58558/125833/1265004/324751/324750,jpeg
http://inaturalist-open-data.s3.amazonaws.com/photos/105586892/large.jpeg,Megisba malaya sikkima,48460/1/47120/372739/47158/184884/47157/47224/47923/58558/125833/1265004/324751/324750,jpeg
http://inaturalist-open-data.s3.amazonaws.com/photos/105586900/large.jpeg,Megisba malaya sikkima,48460/1/47120/372739/47158/184884/47157/47224/47923/58558/125833/1265004/324751/324750,jpeg
http://inaturalist-open-data.s3.amazonaws.com/photos/106737982/large.jpeg,Megisba malaya sikkima,48460/1/47120/372739/47158/184884/47157/47224/47923/58558/125833/1265004/324751/324750,jpeg
http://inaturalist-open-data.s3.amazonaws.com/photos/106822942/large.jpg,Megisba malaya sikkima,48460/1/47120/372739/47158/184884/47157/47224/47923/58558/125833/1265004/324751/324750,jpg
http://inaturalist-open-data.s3.amazonaws.com/photos/106822671/large.jpeg,Megisba malaya sikkima,48460/1/47120/372739/47158/184884/47157/47224/47923/58558/125833/1265004/324751/324750,jpeg
http://inaturalist-open-data.s3.amazonaws.com/photos/107227477/large.jpg,Megisba malaya sikkima,48460/1/47120/372739/47158/184884/47157/47224/47923/58558/125833/1265004/324751/324750,jpg
http://inaturalist-open-data.s3.amazonaws.com/photos/107227479/large.jpg,Megisba malaya sikkima,48460/1/47120/372739/47158/184884/47157/47224/47923/58558/125833/1265004/324751/324750,jpg
http://inaturalist-open-data.s3.amazonaws.com/photos/107227491/large.jpg,Megisba malaya sikkima,48460/1/47120/372739/47158/184884/47157/47224/47923/58558/125833/1265004/324751/324750,jpg
http://inaturalist-open-data.s3.amazonaws.com/photos/108222970/large.jpg,Megisba malaya sikkima,48460/1/47120/372739/47158/184884/47157/47224/47923/58558/125833/1265004/324751/324750,jpg
http://inaturalist-open-data.s3.amazonaws.com/photos/108222977/large.jpg,Megisba malaya sikkima,48460/1/47120/372739/47158/184884/47157/47224/47923/58558/125833/1265004/324751/324750,jpg
http://inaturalist-open-data.s3.amazonaws.com/photos/108222984/large.jpg,Megisba malaya sikkima,48460/1/47120/372739/47158/184884/47157/47224/47923/58558/125833/1265004/324751/324750,jpg
http://inaturalist-open-data.s3.amazonaws.com/photos/108222992/large.jpg,Megisba malaya sikkima,48460/1/47120/372739/47158/184884/47157/47224/47923/58558/125833/1265004/324751/324750,jpg
http://inaturalist-open-data.s3.amazonaws.com/photos/109076317/large.jpg,Megisba malaya sikkima,48460/1/47120/372739/47158/184884/47157/47224/47923/58558/125833/1265004/324751/324750,jpg
http://inaturalist-open-data.s3.amazonaws.com/photos/109076347/large.jpg,Megisba malaya sikkima,48460/1/47120/372739/47158/184884/47157/47224/47923/58558/125833/1265004/324751/324750,jpg
http://inaturalist-open-data.s3.amazonaws.com/photos/109076360/large.jpg,Megisba malaya sikkima,48460/1/47120/372739/47158/184884/47157/47224/47923/58558/125833/1265004/324751/324750,jpg
http://inaturalist-open-data.s3.amazonaws.com/photos/109076367/large.jpg,Megisba malaya sikkima,48460/1/47120/372739/47158/184884/47157/47224/47923/58558/125833/1265004/324751/324750,jpg
http://inaturalist-open-data.s3.amazonaws.com/photos/109449436/large.jpeg,Megisba malaya sikkima,48460/1/47120/372739/47158/184884/47157/47224/47923/58558/125833/1265004/324751/324750,jpeg
http://inaturalist-open-data.s3.amazonaws.com/photos/109728704/large.jpg,Megisba malaya sikkima,48460/1/47120/372739/47158/184884/47157/47224/47923/58558/125833/1265004/324751/324750,jpg
http://inaturalist-open-data.s3.amazonaws.com/photos/110111891/large.jpg,Megisba malaya sikkima,48460/1/47120/372739/47158/184884/47157/47224/47923/58558/125833/1265004/324751/324750,jpg
http://inaturalist-open-data.s3.amazonaws.com/photos/110111903/large.jpg,Megisba malaya sikkima,48460/1/47120/372739/47158/184884/47157/47224/47923/58558/125833/1265004/324751/324750,jpg
http://inaturalist-open-data.s3.amazonaws.com/photos/110111921/large.jpg,Megisba malaya sikkima,48460/1/47120/372739/47158/184884/47157/47224/47923/58558/125833/1265004/324751/324750,jpg
http://inaturalist-open-data.s3.amazonaws.com/photos/110111931/large.jpg,Megisba malaya sikkima,48460/1/47120/372739/47158/184884/47157/47224/47923/58558/125833/1265004/324751/324750,jpg
http://inaturalist-open-data.s3.amazonaws.com/photos/111669885/large.jpeg,Megisba malaya sikkima,48460/1/47120/372739/47158/184884/47157/47224/47923/58558/125833/1265004/324751/324750,jpeg
http://inaturalist-open-data.s3.amazonaws.com/photos/114050344/large.jpeg,Megisba malaya sikkima,48460/1/47120/372739/47158/184884/47157/47224/47923/58558/125833/1265004/324751/324750,jpeg
http://inaturalist-open-data.s3.amazonaws.com/photos/114571268/large.jpeg,Megisba malaya sikkima,48460/1/47120/372739/47158/184884/47157/47224/47923/58558/125833/1265004/324751/324750,jpeg
http://inaturalist-open-data.s3.amazonaws.com/photos/114571264/large.jpeg,Megisba malaya sikkima,48460/1/47120/372739/47158/184884/47157/47224/47923/58558/125833/1265004/324751/324750,jpeg
http://inaturalist-open-data.s3.amazonaws.com/photos/117536396/large.jpeg,Megisba malaya sikkima,48460/1/47120/372739/47158/184884/47157/47224/47923/58558/125833/1265004/324751/324750,jpeg
http://inaturalist-open-data.s3.amazonaws.com/photos/117967914/large.jpeg,Megisba malaya sikkima,48460/1/47120/372739/47158/184884/47157/47224/47923/58558/125833/1265004/324751/324750,jpeg
http://inaturalist-open-data.s3.amazonaws.com/photos/123768105/large.jpg,Megisba malaya sikkima,48460/1/47120/372739/47158/184884/47157/47224/47923/58558/125833/1265004/324751/324750,jpg
http://inaturalist-open-data.s3.amazonaws.com/photos/124095096/large.jpeg,Megisba malaya sikkima,48460/1/47120/372739/47158/184884/47157/47224/47923/58558/125833/1265004/324751/324750,jpeg
http://inaturalist-open-data.s3.amazonaws.com/photos/124095150/large.jpeg,Megisba malaya sikkima,48460/1/47120/372739/47158/184884/47157/47224/47923/58558/125833/1265004/324751/324750,jpeg
http://inaturalist-open-data.s3.amazonaws.com/photos/124095215/large.jpeg,Megisba malaya sikkima,48460/1/47120/372739/47158/184884/47157/47224/47923/58558/125833/1265004/324751/324750,jpeg
http://inaturalist-open-data.s3.amazonaws.com/photos/124095284/large.jpeg,Megisba malaya sikkima,48460/1/47120/372739/47158/184884/47157/47224/47923/58558/125833/1265004/324751/324750,jpeg
http://inaturalist-open-data.s3.amazonaws.com/photos/125092493/large.jpeg,Megisba malaya sikkima,48460/1/47120/372739/47158/184884/47157/47224/47923/58558/125833/1265004/324751/324750,jpeg
http://inaturalist-open-data.s3.amazonaws.com/photos/125559841/large.jpeg,Megisba malaya sikkima,48460/1/47120/372739/47158/184884/47157/47224/47923/58558/125833/1265004/324751/324750,jpeg
http://inaturalist-open-data.s3.amazonaws.com/photos/126225676/large.jpg,Megisba malaya sikkima,48460/1/47120/372739/47158/184884/47157/47224/47923/58558/125833/1265004/324751/324750,jpg
http://inaturalist-open-data.s3.amazonaws.com/photos/131245743/large.jpg,Megisba malaya sikkima,48460/1/47120/372739/47158/184884/47157/47224/47923/58558/125833/1265004/324751/324750,jpg
http://inaturalist-open-data.s3.amazonaws.com/photos/133488279/large.jpg,Megisba malaya sikkima,48460/1/47120/372739/47158/184884/47157/47224/47923/58558/125833/1265004/324751/324750,jpg
http://inaturalist-open-data.s3.amazonaws.com/photos/135052450/large.jpeg,Megisba malaya sikkima,48460/1/47120/372739/47158/184884/47157/47224/47923/58558/125833/1265004/324751/324750,jpeg
http://inaturalist-open-data.s3.amazonaws.com/photos/139926398/large.jpg,Megisba malaya sikkima,48460/1/47120/372739/47158/184884/47157/47224/47923/58558/125833/1265004/324751/324750,jpg
http://inaturalist-open-data.s3.amazonaws.com/photos/142083023/large.jpg,Megisba malaya sikkima,48460/1/47120/372739/47158/184884/47157/47224/47923/58558/125833/1265004/324751/324750,jpg
http://inaturalist-open-data.s3.amazonaws.com/photos/142083031/large.jpg,Megisba malaya sikkima,48460/1/47120/372739/47158/184884/47157/47224/47923/58558/125833/1265004/324751/324750,jpg
http://inaturalist-open-data.s3.amazonaws.com/photos/142083036/large.jpg,Megisba malaya sikkima,48460/1/47120/372739/47158/184884/47157/47224/47923/58558/125833/1265004/324751/324750,jpg
http://inaturalist-open-data.s3.amazonaws.com/photos/142083044/large.jpg,Megisba malaya sikkima,48460/1/47120/372739/47158/184884/47157/47224/47923/58558/125833/1265004/324751/324750,jpg
http://inaturalist-open-data.s3.amazonaws.com/photos/153261141/large.jpeg,Megisba malaya sikkima,48460/1/47120/372739/47158/184884/47157/47224/47923/58558/125833/1265004/324751/324750,jpeg
http://inaturalist-open-data.s3.amazonaws.com/photos/154357497/large.jpeg,Megisba malaya sikkima,48460/1/47120/372739/47158/184884/47157/47224/47923/58558/125833/1265004/324751/324750,jpeg
http://inaturalist-open-data.s3.amazonaws.com/photos/154357482/large.jpeg,Megisba malaya sikkima,48460/1/47120/372739/47158/184884/47157/47224/47923/58558/125833/1265004/324751/324750,jpeg
http://inaturalist-open-data.s3.amazonaws.com/photos/154357531/large.jpeg,Megisba malaya sikkima,48460/1/47120/372739/47158/184884/47157/47224/47923/58558/125833/1265004/324751/324750,jpeg
http://inaturalist-open-data.s3.amazonaws.com/photos/155603903/large.jpeg,Megisba malaya sikkima,48460/1/47120/372739/47158/184884/47157/47224/47923/58558/125833/1265004/324751/324750,jpeg
http://inaturalist-open-data.s3.amazonaws.com/photos/155603938/large.jpeg,Megisba malaya sikkima,48460/1/47120/372739/47158/184884/47157/47224/47923/58558/125833/1265004/324751/324750,jpeg
http://inaturalist-open-data.s3.amazonaws.com/photos/155603964/large.jpeg,Megisba malaya sikkima,48460/1/47120/372739/47158/184884/47157/47224/47923/58558/125833/1265004/324751/324750,jpeg
http://inaturalist-open-data.s3.amazonaws.com/photos/156420171/large.jpeg,Megisba malaya sikkima,48460/1/47120/372739/47158/184884/47157/47224/47923/58558/125833/1265004/324751/324750,jpeg
http://inaturalist-open-data.s3.amazonaws.com/photos/156420157/large.jpeg,Megisba malaya sikkima,48460/1/47120/372739/47158/184884/47157/47224/47923/58558/125833/1265004/324751/324750,jpeg
http://inaturalist-open-data.s3.amazonaws.com/photos/156420160/large.jpeg,Megisba malaya sikkima,48460/1/47120/372739/47158/184884/47157/47224/47923/58558/125833/1265004/324751/324750,jpeg
http://inaturalist-open-data.s3.amazonaws.com/photos/156420164/large.jpeg,Megisba malaya sikkima,48460/1/47120/372739/47158/184884/47157/47224/47923/58558/125833/1265004/324751/324750,jpeg
http://inaturalist-open-data.s3.amazonaws.com/photos/156420177/large.jpeg,Megisba malaya sikkima,48460/1/47120/372739/47158/184884/47157/47224/47923/58558/125833/1265004/324751/324750,jpeg
http://inaturalist-open-data.s3.amazonaws.com/photos/157495174/large.jpeg,Megisba malaya sikkima,48460/1/47120/372739/47158/184884/47157/47224/47923/58558/125833/1265004/324751/324750,jpeg
http://inaturalist-open-data.s3.amazonaws.com/photos/158376350/large.jpg,Megisba malaya sikkima,48460/1/47120/372739/47158/184884/47157/47224/47923/58558/125833/1265004/324751/324750,jpg
http://inaturalist-open-data.s3.amazonaws.com/photos/159377661/large.jpg,Megisba malaya sikkima,48460/1/47120/372739/47158/184884/47157/47224/47923/58558/125833/1265004/324751/324750,jpg
http://inaturalist-open-data.s3.amazonaws.com/photos/163254059/large.jpeg,Megisba malaya sikkima,48460/1/47120/372739/47158/184884/47157/47224/47923/58558/125833/1265004/324751/324750,jpeg
http://inaturalist-open-data.s3.amazonaws.com/photos/163808645/large.jpg,Megisba malaya sikkima,48460/1/47120/372739/47158/184884/47157/47224/47923/58558/125833/1265004/324751/324750,jpg
http://inaturalist-open-data.s3.amazonaws.com/photos/163808670/large.jpg,Megisba malaya sikkima,48460/1/47120/372739/47158/184884/47157/47224/47923/58558/125833/1265004/324751/324750,jpg
http://inaturalist-open-data.s3.amazonaws.com/photos/163808698/large.jpg,Megisba malaya sikkima,48460/1/47120/372739/47158/184884/47157/47224/47923/58558/125833/1265004/324751/324750,jpg
http://inaturalist-open-data.s3.amazonaws.com/photos/164383561/large.jpeg,Megisba malaya sikkima,48460/1/47120/372739/47158/184884/47157/47224/47923/58558/125833/1265004/324751/324750,jpeg
http://inaturalist-open-data.s3.amazonaws.com/photos/164860039/large.jpeg,Megisba malaya sikkima,48460/1/47120/372739/47158/184884/47157/47224/47923/58558/125833/1265004/324751/324750,jpeg
http://inaturalist-open-data.s3.amazonaws.com/photos/166209950/large.jpeg,Megisba malaya sikkima,48460/1/47120/372739/47158/184884/47157/47224/47923/58558/125833/1265004/324751/324750,jpeg
http://inaturalist-open-data.s3.amazonaws.com/photos/166209963/large.jpeg,Megisba malaya sikkima,48460/1/47120/372739/47158/184884/47157/47224/47923/58558/125833/1265004/324751/324750,jpeg
http://inaturalist-open-data.s3.amazonaws.com/photos/166604761/large.jpeg,Megisba malaya sikkima,48460/1/47120/372739/47158/184884/47157/47224/47923/58558/125833/1265004/324751/324750,jpeg
http://inaturalist-open-data.s3.amazonaws.com/photos/167248908/large.jpeg,Megisba malaya sikkima,48460/1/47120/372739/47158/184884/47157/47224/47923/58558/125833/1265004/324751/324750,jpeg
http://inaturalist-open-data.s3.amazonaws.com/photos/167248930/large.jpeg,Megisba malaya sikkima,48460/1/47120/372739/47158/184884/47157/47224/47923/58558/125833/1265004/324751/324750,jpeg
http://inaturalist-open-data.s3.amazonaws.com/photos/168363016/large.jpeg,Megisba malaya sikkima,48460/1/47120/372739/47158/184884/47157/47224/47923/58558/125833/1265004/324751/324750,jpeg
http://inaturalist-open-data.s3.amazonaws.com/photos/168363024/large.jpeg,Megisba malaya sikkima,48460/1/47120/372739/47158/184884/47157/47224/47923/58558/125833/1265004/324751/324750,jpeg
http://inaturalist-open-data.s3.amazonaws.com/photos/168487392/large.jpeg,Megisba malaya sikkima,48460/1/47120/372739/47158/184884/47157/47224/47923/58558/125833/1265004/324751/324750,jpeg
http://inaturalist-open-data.s3.amazonaws.com/photos/168654020/large.jpg,Megisba malaya sikkima,48460/1/47120/372739/47158/184884/47157/47224/47923/58558/125833/1265004/324751/324750,jpg
http://inaturalist-open-data.s3.amazonaws.com/photos/168654006/large.jpg,Megisba malaya sikkima,48460/1/47120/372739/47158/184884/47157/47224/47923/58558/125833/1265004/324751/324750,jpg
http://inaturalist-open-data.s3.amazonaws.com/photos/168801337/large.jpg,Megisba malaya sikkima,48460/1/47120/372739/47158/184884/47157/47224/47923/58558/125833/1265004/324751/324750,jpg
http://inaturalist-open-data.s3.amazonaws.com/photos/170731057/large.jpeg,Megisba malaya sikkima,48460/1/47120/372739/47158/184884/47157/47224/47923/58558/125833/1265004/324751/324750,jpeg
http://inaturalist-open-data.s3.amazonaws.com/photos/170970337/large.jpeg,Megisba malaya sikkima,48460/1/47120/372739/47158/184884/47157/47224/47923/58558/125833/1265004/324751/324750,jpeg
http://inaturalist-open-data.s3.amazonaws.com/photos/170970327/large.jpeg,Megisba malaya sikkima,48460/1/47120/372739/47158/184884/47157/47224/47923/58558/125833/1265004/324751/324750,jpeg
http://inaturalist-open-data.s3.amazonaws.com/photos/171292758/large.jpeg,Megisba malaya sikkima,48460/1/47120/372739/47158/184884/47157/47224/47923/58558/125833/1265004/324751/324750,jpeg
http://inaturalist-open-data.s3.amazonaws.com/photos/171529070/large.jpg,Megisba malaya sikkima,48460/1/47120/372739/47158/184884/47157/47224/47923/58558/125833/1265004/324751/324750,jpg
http://inaturalist-open-data.s3.amazonaws.com/photos/172137789/large.jpeg,Megisba malaya sikkima,48460/1/47120/372739/47158/184884/47157/47224/47923/58558/125833/1265004/324751/324750,jpeg
http://inaturalist-open-data.s3.amazonaws.com/photos/172137816/large.jpeg,Megisba malaya sikkima,48460/1/47120/372739/47158/184884/47157/47224/47923/58558/125833/1265004/324751/324750,jpeg
http://inaturalist-open-data.s3.amazonaws.com/photos/173559589/large.jpeg,Megisba malaya sikkima,48460/1/47120/372739/47158/184884/47157/47224/47923/58558/125833/1265004/324751/324750,jpeg
http://inaturalist-open-data.s3.amazonaws.com/photos/173559595/large.jpeg,Megisba malaya sikkima,48460/1/47120/372739/47158/184884/47157/47224/47923/58558/125833/1265004/324751/324750,jpeg
http://inaturalist-open-data.s3.amazonaws.com/photos/173682400/large.jpg,Megisba malaya sikkima,48460/1/47120/372739/47158/184884/47157/47224/47923/58558/125833/1265004/324751/324750,jpg
http://inaturalist-open-data.s3.amazonaws.com/photos/175696910/large.jpeg,Megisba malaya sikkima,48460/1/47120/372739/47158/184884/47157/47224/47923/58558/125833/1265004/324751/324750,jpeg
http://inaturalist-open-data.s3.amazonaws.com/photos/176567507/large.jpeg,Megisba malaya sikkima,48460/1/47120/372739/47158/184884/47157/47224/47923/58558/125833/1265004/324751/324750,jpeg
