photo_url_large,taxon_name,ancestry,extension
http://inaturalist-open-data.s3.amazonaws.com/photos/46944550/large.jpg,Melanoplus foedus fluviatilis,48460/1/47120/372739/47158/184884/47651/67688/700600/47650/47649/328102/523474/63523/1267017/224663,jpg
http://inaturalist-open-data.s3.amazonaws.com/photos/46944554/large.jpg,Melanoplus foedus fluviatilis,48460/1/47120/372739/47158/184884/47651/67688/700600/47650/47649/328102/523474/63523/1267017/224663,jpg
http://inaturalist-open-data.s3.amazonaws.com/photos/145952497/large.jpg,Melanoplus foedus fluviatilis,48460/1/47120/372739/47158/184884/47651/67688/700600/47650/47649/328102/523474/63523/1267017/224663,jpg
http://inaturalist-open-data.s3.amazonaws.com/photos/145952541/large.jpg,Melanoplus foedus fluviatilis,48460/1/47120/372739/47158/184884/47651/67688/700600/47650/47649/328102/523474/63523/1267017/224663,jpg
http://inaturalist-open-data.s3.amazonaws.com/photos/145952568/large.jpg,Melanoplus foedus fluviatilis,48460/1/47120/372739/47158/184884/47651/67688/700600/47650/47649/328102/523474/63523/1267017/224663,jpg
http://inaturalist-open-data.s3.amazonaws.com/photos/150716999/large.jpg,Melanoplus foedus fluviatilis,48460/1/47120/372739/47158/184884/47651/67688/700600/47650/47649/328102/523474/63523/1267017/224663,jpg
http://inaturalist-open-data.s3.amazonaws.com/photos/151312180/large.jpg,Melanoplus foedus fluviatilis,48460/1/47120/372739/47158/184884/47651/67688/700600/47650/47649/328102/523474/63523/1267017/224663,jpg
http://inaturalist-open-data.s3.amazonaws.com/photos/151312151/large.jpg,Melanoplus foedus fluviatilis,48460/1/47120/372739/47158/184884/47651/67688/700600/47650/47649/328102/523474/63523/1267017/224663,jpg
