photo_url_large,taxon_name,ancestry,extension
http://inaturalist-open-data.s3.amazonaws.com/photos/2977528/large.JPG,Melete lycimnia paulista,48460/1/47120/372739/47158/184884/47157/47224/48508/209720/321384/475031/199463/199461,JPG
http://inaturalist-open-data.s3.amazonaws.com/photos/46952293/large.jpeg,Melete lycimnia paulista,48460/1/47120/372739/47158/184884/47157/47224/48508/209720/321384/475031/199463/199461,jpeg
http://inaturalist-open-data.s3.amazonaws.com/photos/77501570/large.jpeg,Melete lycimnia paulista,48460/1/47120/372739/47158/184884/47157/47224/48508/209720/321384/475031/199463/199461,jpeg
http://inaturalist-open-data.s3.amazonaws.com/photos/86050343/large.jpeg,Melete lycimnia paulista,48460/1/47120/372739/47158/184884/47157/47224/48508/209720/321384/475031/199463/199461,jpeg
http://inaturalist-open-data.s3.amazonaws.com/photos/105525053/large.jpeg,Melete lycimnia paulista,48460/1/47120/372739/47158/184884/47157/47224/48508/209720/321384/475031/199463/199461,jpeg
http://inaturalist-open-data.s3.amazonaws.com/photos/105717557/large.jpeg,Melete lycimnia paulista,48460/1/47120/372739/47158/184884/47157/47224/48508/209720/321384/475031/199463/199461,jpeg
http://inaturalist-open-data.s3.amazonaws.com/photos/105719833/large.jpeg,Melete lycimnia paulista,48460/1/47120/372739/47158/184884/47157/47224/48508/209720/321384/475031/199463/199461,jpeg
http://inaturalist-open-data.s3.amazonaws.com/photos/106495540/large.jpeg,Melete lycimnia paulista,48460/1/47120/372739/47158/184884/47157/47224/48508/209720/321384/475031/199463/199461,jpeg
http://inaturalist-open-data.s3.amazonaws.com/photos/107618264/large.jpg,Melete lycimnia paulista,48460/1/47120/372739/47158/184884/47157/47224/48508/209720/321384/475031/199463/199461,jpg
http://inaturalist-open-data.s3.amazonaws.com/photos/107618326/large.jpg,Melete lycimnia paulista,48460/1/47120/372739/47158/184884/47157/47224/48508/209720/321384/475031/199463/199461,jpg
http://inaturalist-open-data.s3.amazonaws.com/photos/137782057/large.jpg,Melete lycimnia paulista,48460/1/47120/372739/47158/184884/47157/47224/48508/209720/321384/475031/199463/199461,jpg
http://inaturalist-open-data.s3.amazonaws.com/photos/153736346/large.jpeg,Melete lycimnia paulista,48460/1/47120/372739/47158/184884/47157/47224/48508/209720/321384/475031/199463/199461,jpeg
http://inaturalist-open-data.s3.amazonaws.com/photos/171474422/large.jpg,Melete lycimnia paulista,48460/1/47120/372739/47158/184884/47157/47224/48508/209720/321384/475031/199463/199461,jpg
