photo_url_large,taxon_name,ancestry,extension
http://inaturalist-open-data.s3.amazonaws.com/photos/14870145/large.jpg,Melicodes tenebrosa vittaticollis,48460/1/47120/372739/47158/184884/47651/67688/700600/47650/47649/437924/701210/701208,jpg
http://inaturalist-open-data.s3.amazonaws.com/photos/14870150/large.jpg,Melicodes tenebrosa vittaticollis,48460/1/47120/372739/47158/184884/47651/67688/700600/47650/47649/437924/701210/701208,jpg
http://inaturalist-open-data.s3.amazonaws.com/photos/14870166/large.jpg,Melicodes tenebrosa vittaticollis,48460/1/47120/372739/47158/184884/47651/67688/700600/47650/47649/437924/701210/701208,jpg
http://inaturalist-open-data.s3.amazonaws.com/photos/14870365/large.jpg,Melicodes tenebrosa vittaticollis,48460/1/47120/372739/47158/184884/47651/67688/700600/47650/47649/437924/701210/701208,jpg
http://inaturalist-open-data.s3.amazonaws.com/photos/14870363/large.jpg,Melicodes tenebrosa vittaticollis,48460/1/47120/372739/47158/184884/47651/67688/700600/47650/47649/437924/701210/701208,jpg
http://inaturalist-open-data.s3.amazonaws.com/photos/14870367/large.jpg,Melicodes tenebrosa vittaticollis,48460/1/47120/372739/47158/184884/47651/67688/700600/47650/47649/437924/701210/701208,jpg
