photo_url_large,taxon_name,ancestry,extension
http://inaturalist-open-data.s3.amazonaws.com/photos/9269472/large.jpeg,Miramella alpina subalpina,48460/1/47120/372739/47158/184884/47651/67688/700600/47650/47649/328102/523255/523475/89983/704940/121827,jpeg
http://inaturalist-open-data.s3.amazonaws.com/photos/9269450/large.jpeg,Miramella alpina subalpina,48460/1/47120/372739/47158/184884/47651/67688/700600/47650/47649/328102/523255/523475/89983/704940/121827,jpeg
http://inaturalist-open-data.s3.amazonaws.com/photos/9269441/large.jpeg,Miramella alpina subalpina,48460/1/47120/372739/47158/184884/47651/67688/700600/47650/47649/328102/523255/523475/89983/704940/121827,jpeg
http://inaturalist-open-data.s3.amazonaws.com/photos/12906176/large.jpg,Miramella alpina subalpina,48460/1/47120/372739/47158/184884/47651/67688/700600/47650/47649/328102/523255/523475/89983/704940/121827,jpg
http://inaturalist-open-data.s3.amazonaws.com/photos/21102236/large.jpg,Miramella alpina subalpina,48460/1/47120/372739/47158/184884/47651/67688/700600/47650/47649/328102/523255/523475/89983/704940/121827,jpg
http://inaturalist-open-data.s3.amazonaws.com/photos/21438325/large.jpeg,Miramella alpina subalpina,48460/1/47120/372739/47158/184884/47651/67688/700600/47650/47649/328102/523255/523475/89983/704940/121827,jpeg
http://inaturalist-open-data.s3.amazonaws.com/photos/22354608/large.jpg,Miramella alpina subalpina,48460/1/47120/372739/47158/184884/47651/67688/700600/47650/47649/328102/523255/523475/89983/704940/121827,jpg
http://inaturalist-open-data.s3.amazonaws.com/photos/22349169/large.jpg,Miramella alpina subalpina,48460/1/47120/372739/47158/184884/47651/67688/700600/47650/47649/328102/523255/523475/89983/704940/121827,jpg
http://inaturalist-open-data.s3.amazonaws.com/photos/25162239/large.jpeg,Miramella alpina subalpina,48460/1/47120/372739/47158/184884/47651/67688/700600/47650/47649/328102/523255/523475/89983/704940/121827,jpeg
http://inaturalist-open-data.s3.amazonaws.com/photos/25581345/large.jpeg,Miramella alpina subalpina,48460/1/47120/372739/47158/184884/47651/67688/700600/47650/47649/328102/523255/523475/89983/704940/121827,jpeg
http://inaturalist-open-data.s3.amazonaws.com/photos/28809880/large.jpeg,Miramella alpina subalpina,48460/1/47120/372739/47158/184884/47651/67688/700600/47650/47649/328102/523255/523475/89983/704940/121827,jpeg
http://inaturalist-open-data.s3.amazonaws.com/photos/45507390/large.jpeg,Miramella alpina subalpina,48460/1/47120/372739/47158/184884/47651/67688/700600/47650/47649/328102/523255/523475/89983/704940/121827,jpeg
http://inaturalist-open-data.s3.amazonaws.com/photos/57900749/large.jpeg,Miramella alpina subalpina,48460/1/47120/372739/47158/184884/47651/67688/700600/47650/47649/328102/523255/523475/89983/704940/121827,jpeg
http://inaturalist-open-data.s3.amazonaws.com/photos/57900751/large.jpeg,Miramella alpina subalpina,48460/1/47120/372739/47158/184884/47651/67688/700600/47650/47649/328102/523255/523475/89983/704940/121827,jpeg
http://inaturalist-open-data.s3.amazonaws.com/photos/57908634/large.jpeg,Miramella alpina subalpina,48460/1/47120/372739/47158/184884/47651/67688/700600/47650/47649/328102/523255/523475/89983/704940/121827,jpeg
http://inaturalist-open-data.s3.amazonaws.com/photos/58814715/large.jpeg,Miramella alpina subalpina,48460/1/47120/372739/47158/184884/47651/67688/700600/47650/47649/328102/523255/523475/89983/704940/121827,jpeg
http://inaturalist-open-data.s3.amazonaws.com/photos/58814890/large.jpeg,Miramella alpina subalpina,48460/1/47120/372739/47158/184884/47651/67688/700600/47650/47649/328102/523255/523475/89983/704940/121827,jpeg
http://inaturalist-open-data.s3.amazonaws.com/photos/58879925/large.jpg,Miramella alpina subalpina,48460/1/47120/372739/47158/184884/47651/67688/700600/47650/47649/328102/523255/523475/89983/704940/121827,jpg
http://inaturalist-open-data.s3.amazonaws.com/photos/87002116/large.jpeg,Miramella alpina subalpina,48460/1/47120/372739/47158/184884/47651/67688/700600/47650/47649/328102/523255/523475/89983/704940/121827,jpeg
http://inaturalist-open-data.s3.amazonaws.com/photos/87002252/large.jpeg,Miramella alpina subalpina,48460/1/47120/372739/47158/184884/47651/67688/700600/47650/47649/328102/523255/523475/89983/704940/121827,jpeg
http://inaturalist-open-data.s3.amazonaws.com/photos/87002384/large.jpeg,Miramella alpina subalpina,48460/1/47120/372739/47158/184884/47651/67688/700600/47650/47649/328102/523255/523475/89983/704940/121827,jpeg
http://inaturalist-open-data.s3.amazonaws.com/photos/87786919/large.jpeg,Miramella alpina subalpina,48460/1/47120/372739/47158/184884/47651/67688/700600/47650/47649/328102/523255/523475/89983/704940/121827,jpeg
http://inaturalist-open-data.s3.amazonaws.com/photos/89808162/large.jpeg,Miramella alpina subalpina,48460/1/47120/372739/47158/184884/47651/67688/700600/47650/47649/328102/523255/523475/89983/704940/121827,jpeg
http://inaturalist-open-data.s3.amazonaws.com/photos/89808183/large.jpeg,Miramella alpina subalpina,48460/1/47120/372739/47158/184884/47651/67688/700600/47650/47649/328102/523255/523475/89983/704940/121827,jpeg
http://inaturalist-open-data.s3.amazonaws.com/photos/90817115/large.jpg,Miramella alpina subalpina,48460/1/47120/372739/47158/184884/47651/67688/700600/47650/47649/328102/523255/523475/89983/704940/121827,jpg
http://inaturalist-open-data.s3.amazonaws.com/photos/90817262/large.jpg,Miramella alpina subalpina,48460/1/47120/372739/47158/184884/47651/67688/700600/47650/47649/328102/523255/523475/89983/704940/121827,jpg
http://inaturalist-open-data.s3.amazonaws.com/photos/98868003/large.jpg,Miramella alpina subalpina,48460/1/47120/372739/47158/184884/47651/67688/700600/47650/47649/328102/523255/523475/89983/704940/121827,jpg
http://inaturalist-open-data.s3.amazonaws.com/photos/110187144/large.jpg,Miramella alpina subalpina,48460/1/47120/372739/47158/184884/47651/67688/700600/47650/47649/328102/523255/523475/89983/704940/121827,jpg
http://inaturalist-open-data.s3.amazonaws.com/photos/110187141/large.jpg,Miramella alpina subalpina,48460/1/47120/372739/47158/184884/47651/67688/700600/47650/47649/328102/523255/523475/89983/704940/121827,jpg
http://inaturalist-open-data.s3.amazonaws.com/photos/110392917/large.jpeg,Miramella alpina subalpina,48460/1/47120/372739/47158/184884/47651/67688/700600/47650/47649/328102/523255/523475/89983/704940/121827,jpeg
http://inaturalist-open-data.s3.amazonaws.com/photos/114903811/large.jpeg,Miramella alpina subalpina,48460/1/47120/372739/47158/184884/47651/67688/700600/47650/47649/328102/523255/523475/89983/704940/121827,jpeg
http://inaturalist-open-data.s3.amazonaws.com/photos/118913124/large.jpeg,Miramella alpina subalpina,48460/1/47120/372739/47158/184884/47651/67688/700600/47650/47649/328102/523255/523475/89983/704940/121827,jpeg
http://inaturalist-open-data.s3.amazonaws.com/photos/120415928/large.jpeg,Miramella alpina subalpina,48460/1/47120/372739/47158/184884/47651/67688/700600/47650/47649/328102/523255/523475/89983/704940/121827,jpeg
http://inaturalist-open-data.s3.amazonaws.com/photos/120425684/large.jpeg,Miramella alpina subalpina,48460/1/47120/372739/47158/184884/47651/67688/700600/47650/47649/328102/523255/523475/89983/704940/121827,jpeg
http://inaturalist-open-data.s3.amazonaws.com/photos/120628839/large.jpeg,Miramella alpina subalpina,48460/1/47120/372739/47158/184884/47651/67688/700600/47650/47649/328102/523255/523475/89983/704940/121827,jpeg
http://inaturalist-open-data.s3.amazonaws.com/photos/121105442/large.jpeg,Miramella alpina subalpina,48460/1/47120/372739/47158/184884/47651/67688/700600/47650/47649/328102/523255/523475/89983/704940/121827,jpeg
http://inaturalist-open-data.s3.amazonaws.com/photos/149655129/large.jpg,Miramella alpina subalpina,48460/1/47120/372739/47158/184884/47651/67688/700600/47650/47649/328102/523255/523475/89983/704940/121827,jpg
http://inaturalist-open-data.s3.amazonaws.com/photos/153306707/large.jpeg,Miramella alpina subalpina,48460/1/47120/372739/47158/184884/47651/67688/700600/47650/47649/328102/523255/523475/89983/704940/121827,jpeg
http://inaturalist-open-data.s3.amazonaws.com/photos/175536819/large.jpeg,Miramella alpina subalpina,48460/1/47120/372739/47158/184884/47651/67688/700600/47650/47649/328102/523255/523475/89983/704940/121827,jpeg
http://inaturalist-open-data.s3.amazonaws.com/photos/175645477/large.jpeg,Miramella alpina subalpina,48460/1/47120/372739/47158/184884/47651/67688/700600/47650/47649/328102/523255/523475/89983/704940/121827,jpeg
http://inaturalist-open-data.s3.amazonaws.com/photos/175741604/large.jpeg,Miramella alpina subalpina,48460/1/47120/372739/47158/184884/47651/67688/700600/47650/47649/328102/523255/523475/89983/704940/121827,jpeg
http://inaturalist-open-data.s3.amazonaws.com/photos/175945556/large.jpeg,Miramella alpina subalpina,48460/1/47120/372739/47158/184884/47651/67688/700600/47650/47649/328102/523255/523475/89983/704940/121827,jpeg
http://inaturalist-open-data.s3.amazonaws.com/photos/176042996/large.jpeg,Miramella alpina subalpina,48460/1/47120/372739/47158/184884/47651/67688/700600/47650/47649/328102/523255/523475/89983/704940/121827,jpeg
http://inaturalist-open-data.s3.amazonaws.com/photos/176897952/large.jpeg,Miramella alpina subalpina,48460/1/47120/372739/47158/184884/47651/67688/700600/47650/47649/328102/523255/523475/89983/704940/121827,jpeg
