photo_url_large,taxon_name,ancestry,extension
http://inaturalist-open-data.s3.amazonaws.com/photos/6349949/large.jpeg,Moduza procris neutra,48460/1/47120/372739/47158/184884/47157/47224/47922/134171/134175/182763/182754,jpeg
http://inaturalist-open-data.s3.amazonaws.com/photos/7241567/large.jpg,Moduza procris neutra,48460/1/47120/372739/47158/184884/47157/47224/47922/134171/134175/182763/182754,jpg
http://inaturalist-open-data.s3.amazonaws.com/photos/10468670/large.jpeg,Moduza procris neutra,48460/1/47120/372739/47158/184884/47157/47224/47922/134171/134175/182763/182754,jpeg
http://inaturalist-open-data.s3.amazonaws.com/photos/10468551/large.jpeg,Moduza procris neutra,48460/1/47120/372739/47158/184884/47157/47224/47922/134171/134175/182763/182754,jpeg
http://inaturalist-open-data.s3.amazonaws.com/photos/13491751/large.jpg,Moduza procris neutra,48460/1/47120/372739/47158/184884/47157/47224/47922/134171/134175/182763/182754,jpg
http://inaturalist-open-data.s3.amazonaws.com/photos/24910691/large.jpeg,Moduza procris neutra,48460/1/47120/372739/47158/184884/47157/47224/47922/134171/134175/182763/182754,jpeg
