photo_url_large,taxon_name,ancestry,extension
http://inaturalist-open-data.s3.amazonaws.com/photos/60927248/large.jpg,Moncheca bisulca kuthyi,48460/1/47120/372739/47158/184884/47651/132694/488701/48125/48124/203979/516239/247370/1144050,jpg
http://inaturalist-open-data.s3.amazonaws.com/photos/95296276/large.jpeg,Moncheca bisulca kuthyi,48460/1/47120/372739/47158/184884/47651/132694/488701/48125/48124/203979/516239/247370/1144050,jpeg
http://inaturalist-open-data.s3.amazonaws.com/photos/95296315/large.jpeg,Moncheca bisulca kuthyi,48460/1/47120/372739/47158/184884/47651/132694/488701/48125/48124/203979/516239/247370/1144050,jpeg
http://inaturalist-open-data.s3.amazonaws.com/photos/121398339/large.jpeg,Moncheca bisulca kuthyi,48460/1/47120/372739/47158/184884/47651/132694/488701/48125/48124/203979/516239/247370/1144050,jpeg
http://inaturalist-open-data.s3.amazonaws.com/photos/121398674/large.jpeg,Moncheca bisulca kuthyi,48460/1/47120/372739/47158/184884/47651/132694/488701/48125/48124/203979/516239/247370/1144050,jpeg
http://inaturalist-open-data.s3.amazonaws.com/photos/121398889/large.jpeg,Moncheca bisulca kuthyi,48460/1/47120/372739/47158/184884/47651/132694/488701/48125/48124/203979/516239/247370/1144050,jpeg
http://inaturalist-open-data.s3.amazonaws.com/photos/162974080/large.jpeg,Moncheca bisulca kuthyi,48460/1/47120/372739/47158/184884/47651/132694/488701/48125/48124/203979/516239/247370/1144050,jpeg
http://inaturalist-open-data.s3.amazonaws.com/photos/162974102/large.jpeg,Moncheca bisulca kuthyi,48460/1/47120/372739/47158/184884/47651/132694/488701/48125/48124/203979/516239/247370/1144050,jpeg
