photo_url_large,taxon_name,ancestry,extension
http://inaturalist-open-data.s3.amazonaws.com/photos/35167424/large.jpeg,Monochamus sutor longulus,48460/1/47120/372739/47158/184884/47208/71130/372852/963992/47961/50265/503968/82044/740173/209343,jpeg
http://inaturalist-open-data.s3.amazonaws.com/photos/35167425/large.jpeg,Monochamus sutor longulus,48460/1/47120/372739/47158/184884/47208/71130/372852/963992/47961/50265/503968/82044/740173/209343,jpeg
http://inaturalist-open-data.s3.amazonaws.com/photos/43331778/large.jpeg,Monochamus sutor longulus,48460/1/47120/372739/47158/184884/47208/71130/372852/963992/47961/50265/503968/82044/740173/209343,jpeg
http://inaturalist-open-data.s3.amazonaws.com/photos/43331830/large.jpg,Monochamus sutor longulus,48460/1/47120/372739/47158/184884/47208/71130/372852/963992/47961/50265/503968/82044/740173/209343,jpg
http://inaturalist-open-data.s3.amazonaws.com/photos/43331861/large.jpg,Monochamus sutor longulus,48460/1/47120/372739/47158/184884/47208/71130/372852/963992/47961/50265/503968/82044/740173/209343,jpg
http://inaturalist-open-data.s3.amazonaws.com/photos/45920113/large.jpg,Monochamus sutor longulus,48460/1/47120/372739/47158/184884/47208/71130/372852/963992/47961/50265/503968/82044/740173/209343,jpg
http://inaturalist-open-data.s3.amazonaws.com/photos/46712108/large.jpg,Monochamus sutor longulus,48460/1/47120/372739/47158/184884/47208/71130/372852/963992/47961/50265/503968/82044/740173/209343,jpg
http://inaturalist-open-data.s3.amazonaws.com/photos/46712134/large.jpg,Monochamus sutor longulus,48460/1/47120/372739/47158/184884/47208/71130/372852/963992/47961/50265/503968/82044/740173/209343,jpg
http://inaturalist-open-data.s3.amazonaws.com/photos/46712160/large.jpg,Monochamus sutor longulus,48460/1/47120/372739/47158/184884/47208/71130/372852/963992/47961/50265/503968/82044/740173/209343,jpg
http://inaturalist-open-data.s3.amazonaws.com/photos/47296617/large.jpg,Monochamus sutor longulus,48460/1/47120/372739/47158/184884/47208/71130/372852/963992/47961/50265/503968/82044/740173/209343,jpg
http://inaturalist-open-data.s3.amazonaws.com/photos/88504442/large.jpeg,Monochamus sutor longulus,48460/1/47120/372739/47158/184884/47208/71130/372852/963992/47961/50265/503968/82044/740173/209343,jpeg
http://inaturalist-open-data.s3.amazonaws.com/photos/113752476/large.jpg,Monochamus sutor longulus,48460/1/47120/372739/47158/184884/47208/71130/372852/963992/47961/50265/503968/82044/740173/209343,jpg
http://inaturalist-open-data.s3.amazonaws.com/photos/113752459/large.jpg,Monochamus sutor longulus,48460/1/47120/372739/47158/184884/47208/71130/372852/963992/47961/50265/503968/82044/740173/209343,jpg
http://inaturalist-open-data.s3.amazonaws.com/photos/113752446/large.jpg,Monochamus sutor longulus,48460/1/47120/372739/47158/184884/47208/71130/372852/963992/47961/50265/503968/82044/740173/209343,jpg
http://inaturalist-open-data.s3.amazonaws.com/photos/150080825/large.jpg,Monochamus sutor longulus,48460/1/47120/372739/47158/184884/47208/71130/372852/963992/47961/50265/503968/82044/740173/209343,jpg
http://inaturalist-open-data.s3.amazonaws.com/photos/150080930/large.jpg,Monochamus sutor longulus,48460/1/47120/372739/47158/184884/47208/71130/372852/963992/47961/50265/503968/82044/740173/209343,jpg
http://inaturalist-open-data.s3.amazonaws.com/photos/150080841/large.jpg,Monochamus sutor longulus,48460/1/47120/372739/47158/184884/47208/71130/372852/963992/47961/50265/503968/82044/740173/209343,jpg
http://inaturalist-open-data.s3.amazonaws.com/photos/150080876/large.jpg,Monochamus sutor longulus,48460/1/47120/372739/47158/184884/47208/71130/372852/963992/47961/50265/503968/82044/740173/209343,jpg
http://inaturalist-open-data.s3.amazonaws.com/photos/150080878/large.jpg,Monochamus sutor longulus,48460/1/47120/372739/47158/184884/47208/71130/372852/963992/47961/50265/503968/82044/740173/209343,jpg
