photo_url_large,taxon_name,ancestry,extension
http://inaturalist-open-data.s3.amazonaws.com/photos/64405400/large.jpg,Nacaduba beroe gythion,48460/1/47120/372739/47158/184884/47157/47224/47923/58558/125833/1265013/149095/196827,jpg
http://inaturalist-open-data.s3.amazonaws.com/photos/96413445/large.jpg,Nacaduba beroe gythion,48460/1/47120/372739/47158/184884/47157/47224/47923/58558/125833/1265013/149095/196827,jpg
http://inaturalist-open-data.s3.amazonaws.com/photos/101902106/large.jpg,Nacaduba beroe gythion,48460/1/47120/372739/47158/184884/47157/47224/47923/58558/125833/1265013/149095/196827,jpg
http://inaturalist-open-data.s3.amazonaws.com/photos/101902165/large.jpg,Nacaduba beroe gythion,48460/1/47120/372739/47158/184884/47157/47224/47923/58558/125833/1265013/149095/196827,jpg
http://inaturalist-open-data.s3.amazonaws.com/photos/108375141/large.jpg,Nacaduba beroe gythion,48460/1/47120/372739/47158/184884/47157/47224/47923/58558/125833/1265013/149095/196827,jpg
http://inaturalist-open-data.s3.amazonaws.com/photos/108373987/large.jpg,Nacaduba beroe gythion,48460/1/47120/372739/47158/184884/47157/47224/47923/58558/125833/1265013/149095/196827,jpg
http://inaturalist-open-data.s3.amazonaws.com/photos/108614189/large.jpg,Nacaduba beroe gythion,48460/1/47120/372739/47158/184884/47157/47224/47923/58558/125833/1265013/149095/196827,jpg
http://inaturalist-open-data.s3.amazonaws.com/photos/120612217/large.jpg,Nacaduba beroe gythion,48460/1/47120/372739/47158/184884/47157/47224/47923/58558/125833/1265013/149095/196827,jpg
http://inaturalist-open-data.s3.amazonaws.com/photos/120612259/large.jpg,Nacaduba beroe gythion,48460/1/47120/372739/47158/184884/47157/47224/47923/58558/125833/1265013/149095/196827,jpg
