photo_url_large,taxon_name,ancestry,extension
http://inaturalist-open-data.s3.amazonaws.com/photos/8758888/large.jpg,Nacaduba berenice icena,48460/1/47120/372739/47158/184884/47157/47224/47923/58558/125833/1265013/149095/473919,jpg
http://inaturalist-open-data.s3.amazonaws.com/photos/9127523/large.jpg,Nacaduba berenice icena,48460/1/47120/372739/47158/184884/47157/47224/47923/58558/125833/1265013/149095/473919,jpg
http://inaturalist-open-data.s3.amazonaws.com/photos/15128833/large.jpeg,Nacaduba berenice icena,48460/1/47120/372739/47158/184884/47157/47224/47923/58558/125833/1265013/149095/473919,jpeg
http://inaturalist-open-data.s3.amazonaws.com/photos/24635133/large.jpg,Nacaduba berenice icena,48460/1/47120/372739/47158/184884/47157/47224/47923/58558/125833/1265013/149095/473919,jpg
http://inaturalist-open-data.s3.amazonaws.com/photos/34050771/large.jpg,Nacaduba berenice icena,48460/1/47120/372739/47158/184884/47157/47224/47923/58558/125833/1265013/149095/473919,jpg
http://inaturalist-open-data.s3.amazonaws.com/photos/34264186/large.jpg,Nacaduba berenice icena,48460/1/47120/372739/47158/184884/47157/47224/47923/58558/125833/1265013/149095/473919,jpg
http://inaturalist-open-data.s3.amazonaws.com/photos/34502838/large.jpeg,Nacaduba berenice icena,48460/1/47120/372739/47158/184884/47157/47224/47923/58558/125833/1265013/149095/473919,jpeg
http://inaturalist-open-data.s3.amazonaws.com/photos/34502840/large.jpeg,Nacaduba berenice icena,48460/1/47120/372739/47158/184884/47157/47224/47923/58558/125833/1265013/149095/473919,jpeg
http://inaturalist-open-data.s3.amazonaws.com/photos/34502837/large.jpeg,Nacaduba berenice icena,48460/1/47120/372739/47158/184884/47157/47224/47923/58558/125833/1265013/149095/473919,jpeg
http://inaturalist-open-data.s3.amazonaws.com/photos/35174166/large.jpg,Nacaduba berenice icena,48460/1/47120/372739/47158/184884/47157/47224/47923/58558/125833/1265013/149095/473919,jpg
http://inaturalist-open-data.s3.amazonaws.com/photos/38306104/large.jpg,Nacaduba berenice icena,48460/1/47120/372739/47158/184884/47157/47224/47923/58558/125833/1265013/149095/473919,jpg
http://inaturalist-open-data.s3.amazonaws.com/photos/43895782/large.jpeg,Nacaduba berenice icena,48460/1/47120/372739/47158/184884/47157/47224/47923/58558/125833/1265013/149095/473919,jpeg
http://inaturalist-open-data.s3.amazonaws.com/photos/45409044/large.jpg,Nacaduba berenice icena,48460/1/47120/372739/47158/184884/47157/47224/47923/58558/125833/1265013/149095/473919,jpg
http://inaturalist-open-data.s3.amazonaws.com/photos/45409023/large.jpg,Nacaduba berenice icena,48460/1/47120/372739/47158/184884/47157/47224/47923/58558/125833/1265013/149095/473919,jpg
http://inaturalist-open-data.s3.amazonaws.com/photos/47226309/large.jpg,Nacaduba berenice icena,48460/1/47120/372739/47158/184884/47157/47224/47923/58558/125833/1265013/149095/473919,jpg
http://inaturalist-open-data.s3.amazonaws.com/photos/47335699/large.jpeg,Nacaduba berenice icena,48460/1/47120/372739/47158/184884/47157/47224/47923/58558/125833/1265013/149095/473919,jpeg
http://inaturalist-open-data.s3.amazonaws.com/photos/55050899/large.jpg,Nacaduba berenice icena,48460/1/47120/372739/47158/184884/47157/47224/47923/58558/125833/1265013/149095/473919,jpg
http://inaturalist-open-data.s3.amazonaws.com/photos/82632492/large.jpg,Nacaduba berenice icena,48460/1/47120/372739/47158/184884/47157/47224/47923/58558/125833/1265013/149095/473919,jpg
http://inaturalist-open-data.s3.amazonaws.com/photos/94589072/large.jpg,Nacaduba berenice icena,48460/1/47120/372739/47158/184884/47157/47224/47923/58558/125833/1265013/149095/473919,jpg
http://inaturalist-open-data.s3.amazonaws.com/photos/94972177/large.jpeg,Nacaduba berenice icena,48460/1/47120/372739/47158/184884/47157/47224/47923/58558/125833/1265013/149095/473919,jpeg
http://inaturalist-open-data.s3.amazonaws.com/photos/106462875/large.jpeg,Nacaduba berenice icena,48460/1/47120/372739/47158/184884/47157/47224/47923/58558/125833/1265013/149095/473919,jpeg
http://inaturalist-open-data.s3.amazonaws.com/photos/121769829/large.jpeg,Nacaduba berenice icena,48460/1/47120/372739/47158/184884/47157/47224/47923/58558/125833/1265013/149095/473919,jpeg
http://inaturalist-open-data.s3.amazonaws.com/photos/148911211/large.jpeg,Nacaduba berenice icena,48460/1/47120/372739/47158/184884/47157/47224/47923/58558/125833/1265013/149095/473919,jpeg
