photo_url_large,taxon_name,ancestry,extension
http://inaturalist-open-data.s3.amazonaws.com/photos/109971899/large.jpeg,Necyria bellona manco,48460/1/47120/372739/47158/184884/47157/47224/59166/522808/522809/247874/429012,jpeg
http://inaturalist-open-data.s3.amazonaws.com/photos/110633408/large.jpeg,Necyria bellona manco,48460/1/47120/372739/47158/184884/47157/47224/59166/522808/522809/247874/429012,jpeg
http://inaturalist-open-data.s3.amazonaws.com/photos/149549950/large.jpg,Necyria bellona manco,48460/1/47120/372739/47158/184884/47157/47224/59166/522808/522809/247874/429012,jpg
http://inaturalist-open-data.s3.amazonaws.com/photos/175516063/large.jpeg,Necyria bellona manco,48460/1/47120/372739/47158/184884/47157/47224/59166/522808/522809/247874/429012,jpeg
