photo_url_large,taxon_name,ancestry,extension
http://inaturalist-open-data.s3.amazonaws.com/photos/15209680/large.jpg,Neojulodis tomentosa lasios,48460/1/47120/372739/47158/184884/47208/71130/372854/54965/54964/510103/642793/869063/697610,jpg
http://inaturalist-open-data.s3.amazonaws.com/photos/15209683/large.jpg,Neojulodis tomentosa lasios,48460/1/47120/372739/47158/184884/47208/71130/372854/54965/54964/510103/642793/869063/697610,jpg
http://inaturalist-open-data.s3.amazonaws.com/photos/15209686/large.jpg,Neojulodis tomentosa lasios,48460/1/47120/372739/47158/184884/47208/71130/372854/54965/54964/510103/642793/869063/697610,jpg
http://inaturalist-open-data.s3.amazonaws.com/photos/15443305/large.jpg,Neojulodis tomentosa lasios,48460/1/47120/372739/47158/184884/47208/71130/372854/54965/54964/510103/642793/869063/697610,jpg
http://inaturalist-open-data.s3.amazonaws.com/photos/15443307/large.jpg,Neojulodis tomentosa lasios,48460/1/47120/372739/47158/184884/47208/71130/372854/54965/54964/510103/642793/869063/697610,jpg
http://inaturalist-open-data.s3.amazonaws.com/photos/15443309/large.jpg,Neojulodis tomentosa lasios,48460/1/47120/372739/47158/184884/47208/71130/372854/54965/54964/510103/642793/869063/697610,jpg
http://inaturalist-open-data.s3.amazonaws.com/photos/15443314/large.jpg,Neojulodis tomentosa lasios,48460/1/47120/372739/47158/184884/47208/71130/372854/54965/54964/510103/642793/869063/697610,jpg
http://inaturalist-open-data.s3.amazonaws.com/photos/99775287/large.jpeg,Neojulodis tomentosa lasios,48460/1/47120/372739/47158/184884/47208/71130/372854/54965/54964/510103/642793/869063/697610,jpeg
http://inaturalist-open-data.s3.amazonaws.com/photos/99780442/large.jpeg,Neojulodis tomentosa lasios,48460/1/47120/372739/47158/184884/47208/71130/372854/54965/54964/510103/642793/869063/697610,jpeg
http://inaturalist-open-data.s3.amazonaws.com/photos/99780456/large.jpeg,Neojulodis tomentosa lasios,48460/1/47120/372739/47158/184884/47208/71130/372854/54965/54964/510103/642793/869063/697610,jpeg
http://inaturalist-open-data.s3.amazonaws.com/photos/99780483/large.jpeg,Neojulodis tomentosa lasios,48460/1/47120/372739/47158/184884/47208/71130/372854/54965/54964/510103/642793/869063/697610,jpeg
