photo_url_large,taxon_name,ancestry,extension
http://inaturalist-open-data.s3.amazonaws.com/photos/1040510/large.jpg,Neptis saclava marpessa,48460/1/47120/372739/47158/184884/47157/47224/47922/134171/208487/125517/366236,jpg
http://inaturalist-open-data.s3.amazonaws.com/photos/1056680/large.jpg,Neptis saclava marpessa,48460/1/47120/372739/47158/184884/47157/47224/47922/134171/208487/125517/366236,jpg
http://inaturalist-open-data.s3.amazonaws.com/photos/1075584/large.JPG,Neptis saclava marpessa,48460/1/47120/372739/47158/184884/47157/47224/47922/134171/208487/125517/366236,JPG
http://inaturalist-open-data.s3.amazonaws.com/photos/8540447/large.jpg,Neptis saclava marpessa,48460/1/47120/372739/47158/184884/47157/47224/47922/134171/208487/125517/366236,jpg
http://inaturalist-open-data.s3.amazonaws.com/photos/8540467/large.jpg,Neptis saclava marpessa,48460/1/47120/372739/47158/184884/47157/47224/47922/134171/208487/125517/366236,jpg
http://inaturalist-open-data.s3.amazonaws.com/photos/13548480/large.jpg,Neptis saclava marpessa,48460/1/47120/372739/47158/184884/47157/47224/47922/134171/208487/125517/366236,jpg
http://inaturalist-open-data.s3.amazonaws.com/photos/15143901/large.jpg,Neptis saclava marpessa,48460/1/47120/372739/47158/184884/47157/47224/47922/134171/208487/125517/366236,jpg
http://inaturalist-open-data.s3.amazonaws.com/photos/15143906/large.jpg,Neptis saclava marpessa,48460/1/47120/372739/47158/184884/47157/47224/47922/134171/208487/125517/366236,jpg
http://inaturalist-open-data.s3.amazonaws.com/photos/15143911/large.jpg,Neptis saclava marpessa,48460/1/47120/372739/47158/184884/47157/47224/47922/134171/208487/125517/366236,jpg
http://inaturalist-open-data.s3.amazonaws.com/photos/15143914/large.jpg,Neptis saclava marpessa,48460/1/47120/372739/47158/184884/47157/47224/47922/134171/208487/125517/366236,jpg
http://inaturalist-open-data.s3.amazonaws.com/photos/15152264/large.jpg,Neptis saclava marpessa,48460/1/47120/372739/47158/184884/47157/47224/47922/134171/208487/125517/366236,jpg
http://inaturalist-open-data.s3.amazonaws.com/photos/15152269/large.jpg,Neptis saclava marpessa,48460/1/47120/372739/47158/184884/47157/47224/47922/134171/208487/125517/366236,jpg
http://inaturalist-open-data.s3.amazonaws.com/photos/15195321/large.jpg,Neptis saclava marpessa,48460/1/47120/372739/47158/184884/47157/47224/47922/134171/208487/125517/366236,jpg
http://inaturalist-open-data.s3.amazonaws.com/photos/15219113/large.jpg,Neptis saclava marpessa,48460/1/47120/372739/47158/184884/47157/47224/47922/134171/208487/125517/366236,jpg
http://inaturalist-open-data.s3.amazonaws.com/photos/15219114/large.jpg,Neptis saclava marpessa,48460/1/47120/372739/47158/184884/47157/47224/47922/134171/208487/125517/366236,jpg
http://inaturalist-open-data.s3.amazonaws.com/photos/15223039/large.jpg,Neptis saclava marpessa,48460/1/47120/372739/47158/184884/47157/47224/47922/134171/208487/125517/366236,jpg
http://inaturalist-open-data.s3.amazonaws.com/photos/15241756/large.jpg,Neptis saclava marpessa,48460/1/47120/372739/47158/184884/47157/47224/47922/134171/208487/125517/366236,jpg
http://inaturalist-open-data.s3.amazonaws.com/photos/15307751/large.jpg,Neptis saclava marpessa,48460/1/47120/372739/47158/184884/47157/47224/47922/134171/208487/125517/366236,jpg
http://inaturalist-open-data.s3.amazonaws.com/photos/15307755/large.jpg,Neptis saclava marpessa,48460/1/47120/372739/47158/184884/47157/47224/47922/134171/208487/125517/366236,jpg
http://inaturalist-open-data.s3.amazonaws.com/photos/15313162/large.jpg,Neptis saclava marpessa,48460/1/47120/372739/47158/184884/47157/47224/47922/134171/208487/125517/366236,jpg
http://inaturalist-open-data.s3.amazonaws.com/photos/15313164/large.jpg,Neptis saclava marpessa,48460/1/47120/372739/47158/184884/47157/47224/47922/134171/208487/125517/366236,jpg
http://inaturalist-open-data.s3.amazonaws.com/photos/15406245/large.jpg,Neptis saclava marpessa,48460/1/47120/372739/47158/184884/47157/47224/47922/134171/208487/125517/366236,jpg
http://inaturalist-open-data.s3.amazonaws.com/photos/15408669/large.jpg,Neptis saclava marpessa,48460/1/47120/372739/47158/184884/47157/47224/47922/134171/208487/125517/366236,jpg
http://inaturalist-open-data.s3.amazonaws.com/photos/15465950/large.jpg,Neptis saclava marpessa,48460/1/47120/372739/47158/184884/47157/47224/47922/134171/208487/125517/366236,jpg
http://inaturalist-open-data.s3.amazonaws.com/photos/15473747/large.jpg,Neptis saclava marpessa,48460/1/47120/372739/47158/184884/47157/47224/47922/134171/208487/125517/366236,jpg
http://inaturalist-open-data.s3.amazonaws.com/photos/15482179/large.jpg,Neptis saclava marpessa,48460/1/47120/372739/47158/184884/47157/47224/47922/134171/208487/125517/366236,jpg
http://inaturalist-open-data.s3.amazonaws.com/photos/15491273/large.jpg,Neptis saclava marpessa,48460/1/47120/372739/47158/184884/47157/47224/47922/134171/208487/125517/366236,jpg
http://inaturalist-open-data.s3.amazonaws.com/photos/15534053/large.jpg,Neptis saclava marpessa,48460/1/47120/372739/47158/184884/47157/47224/47922/134171/208487/125517/366236,jpg
http://inaturalist-open-data.s3.amazonaws.com/photos/19183680/large.jpg,Neptis saclava marpessa,48460/1/47120/372739/47158/184884/47157/47224/47922/134171/208487/125517/366236,jpg
http://inaturalist-open-data.s3.amazonaws.com/photos/19183678/large.jpg,Neptis saclava marpessa,48460/1/47120/372739/47158/184884/47157/47224/47922/134171/208487/125517/366236,jpg
http://inaturalist-open-data.s3.amazonaws.com/photos/19183686/large.jpg,Neptis saclava marpessa,48460/1/47120/372739/47158/184884/47157/47224/47922/134171/208487/125517/366236,jpg
http://inaturalist-open-data.s3.amazonaws.com/photos/15508275/large.jpg,Neptis saclava marpessa,48460/1/47120/372739/47158/184884/47157/47224/47922/134171/208487/125517/366236,jpg
http://inaturalist-open-data.s3.amazonaws.com/photos/15595004/large.jpg,Neptis saclava marpessa,48460/1/47120/372739/47158/184884/47157/47224/47922/134171/208487/125517/366236,jpg
http://inaturalist-open-data.s3.amazonaws.com/photos/15764174/large.jpg,Neptis saclava marpessa,48460/1/47120/372739/47158/184884/47157/47224/47922/134171/208487/125517/366236,jpg
http://inaturalist-open-data.s3.amazonaws.com/photos/15819443/large.jpg,Neptis saclava marpessa,48460/1/47120/372739/47158/184884/47157/47224/47922/134171/208487/125517/366236,jpg
http://inaturalist-open-data.s3.amazonaws.com/photos/15819445/large.jpg,Neptis saclava marpessa,48460/1/47120/372739/47158/184884/47157/47224/47922/134171/208487/125517/366236,jpg
http://inaturalist-open-data.s3.amazonaws.com/photos/15819447/large.jpg,Neptis saclava marpessa,48460/1/47120/372739/47158/184884/47157/47224/47922/134171/208487/125517/366236,jpg
http://inaturalist-open-data.s3.amazonaws.com/photos/15874666/large.jpeg,Neptis saclava marpessa,48460/1/47120/372739/47158/184884/47157/47224/47922/134171/208487/125517/366236,jpeg
http://inaturalist-open-data.s3.amazonaws.com/photos/15874776/large.jpeg,Neptis saclava marpessa,48460/1/47120/372739/47158/184884/47157/47224/47922/134171/208487/125517/366236,jpeg
http://inaturalist-open-data.s3.amazonaws.com/photos/15874756/large.jpeg,Neptis saclava marpessa,48460/1/47120/372739/47158/184884/47157/47224/47922/134171/208487/125517/366236,jpeg
http://inaturalist-open-data.s3.amazonaws.com/photos/16003611/large.jpg,Neptis saclava marpessa,48460/1/47120/372739/47158/184884/47157/47224/47922/134171/208487/125517/366236,jpg
http://inaturalist-open-data.s3.amazonaws.com/photos/16108618/large.jpg,Neptis saclava marpessa,48460/1/47120/372739/47158/184884/47157/47224/47922/134171/208487/125517/366236,jpg
http://inaturalist-open-data.s3.amazonaws.com/photos/16111656/large.jpg,Neptis saclava marpessa,48460/1/47120/372739/47158/184884/47157/47224/47922/134171/208487/125517/366236,jpg
http://inaturalist-open-data.s3.amazonaws.com/photos/16164834/large.jpg,Neptis saclava marpessa,48460/1/47120/372739/47158/184884/47157/47224/47922/134171/208487/125517/366236,jpg
http://inaturalist-open-data.s3.amazonaws.com/photos/17141787/large.jpeg,Neptis saclava marpessa,48460/1/47120/372739/47158/184884/47157/47224/47922/134171/208487/125517/366236,jpeg
http://inaturalist-open-data.s3.amazonaws.com/photos/17574890/large.jpeg,Neptis saclava marpessa,48460/1/47120/372739/47158/184884/47157/47224/47922/134171/208487/125517/366236,jpeg
http://inaturalist-open-data.s3.amazonaws.com/photos/19865185/large.jpg,Neptis saclava marpessa,48460/1/47120/372739/47158/184884/47157/47224/47922/134171/208487/125517/366236,jpg
http://inaturalist-open-data.s3.amazonaws.com/photos/20444773/large.jpeg,Neptis saclava marpessa,48460/1/47120/372739/47158/184884/47157/47224/47922/134171/208487/125517/366236,jpeg
http://inaturalist-open-data.s3.amazonaws.com/photos/20444783/large.jpeg,Neptis saclava marpessa,48460/1/47120/372739/47158/184884/47157/47224/47922/134171/208487/125517/366236,jpeg
http://inaturalist-open-data.s3.amazonaws.com/photos/20465442/large.jpeg,Neptis saclava marpessa,48460/1/47120/372739/47158/184884/47157/47224/47922/134171/208487/125517/366236,jpeg
http://inaturalist-open-data.s3.amazonaws.com/photos/20570690/large.jpeg,Neptis saclava marpessa,48460/1/47120/372739/47158/184884/47157/47224/47922/134171/208487/125517/366236,jpeg
http://inaturalist-open-data.s3.amazonaws.com/photos/20570700/large.jpeg,Neptis saclava marpessa,48460/1/47120/372739/47158/184884/47157/47224/47922/134171/208487/125517/366236,jpeg
http://inaturalist-open-data.s3.amazonaws.com/photos/20570704/large.jpeg,Neptis saclava marpessa,48460/1/47120/372739/47158/184884/47157/47224/47922/134171/208487/125517/366236,jpeg
http://inaturalist-open-data.s3.amazonaws.com/photos/21149565/large.jpeg,Neptis saclava marpessa,48460/1/47120/372739/47158/184884/47157/47224/47922/134171/208487/125517/366236,jpeg
http://inaturalist-open-data.s3.amazonaws.com/photos/21149570/large.jpeg,Neptis saclava marpessa,48460/1/47120/372739/47158/184884/47157/47224/47922/134171/208487/125517/366236,jpeg
http://inaturalist-open-data.s3.amazonaws.com/photos/22389068/large.jpeg,Neptis saclava marpessa,48460/1/47120/372739/47158/184884/47157/47224/47922/134171/208487/125517/366236,jpeg
http://inaturalist-open-data.s3.amazonaws.com/photos/22389082/large.jpeg,Neptis saclava marpessa,48460/1/47120/372739/47158/184884/47157/47224/47922/134171/208487/125517/366236,jpeg
http://inaturalist-open-data.s3.amazonaws.com/photos/22392434/large.jpeg,Neptis saclava marpessa,48460/1/47120/372739/47158/184884/47157/47224/47922/134171/208487/125517/366236,jpeg
http://inaturalist-open-data.s3.amazonaws.com/photos/22392438/large.jpeg,Neptis saclava marpessa,48460/1/47120/372739/47158/184884/47157/47224/47922/134171/208487/125517/366236,jpeg
http://inaturalist-open-data.s3.amazonaws.com/photos/22495246/large.jpg,Neptis saclava marpessa,48460/1/47120/372739/47158/184884/47157/47224/47922/134171/208487/125517/366236,jpg
http://inaturalist-open-data.s3.amazonaws.com/photos/23393858/large.jpg,Neptis saclava marpessa,48460/1/47120/372739/47158/184884/47157/47224/47922/134171/208487/125517/366236,jpg
http://inaturalist-open-data.s3.amazonaws.com/photos/23534330/large.jpg,Neptis saclava marpessa,48460/1/47120/372739/47158/184884/47157/47224/47922/134171/208487/125517/366236,jpg
http://inaturalist-open-data.s3.amazonaws.com/photos/24912819/large.jpeg,Neptis saclava marpessa,48460/1/47120/372739/47158/184884/47157/47224/47922/134171/208487/125517/366236,jpeg
http://inaturalist-open-data.s3.amazonaws.com/photos/26779221/large.jpg,Neptis saclava marpessa,48460/1/47120/372739/47158/184884/47157/47224/47922/134171/208487/125517/366236,jpg
http://inaturalist-open-data.s3.amazonaws.com/photos/26779222/large.jpg,Neptis saclava marpessa,48460/1/47120/372739/47158/184884/47157/47224/47922/134171/208487/125517/366236,jpg
http://inaturalist-open-data.s3.amazonaws.com/photos/28861921/large.jpeg,Neptis saclava marpessa,48460/1/47120/372739/47158/184884/47157/47224/47922/134171/208487/125517/366236,jpeg
http://inaturalist-open-data.s3.amazonaws.com/photos/30555141/large.jpeg,Neptis saclava marpessa,48460/1/47120/372739/47158/184884/47157/47224/47922/134171/208487/125517/366236,jpeg
http://inaturalist-open-data.s3.amazonaws.com/photos/30555164/large.jpeg,Neptis saclava marpessa,48460/1/47120/372739/47158/184884/47157/47224/47922/134171/208487/125517/366236,jpeg
http://inaturalist-open-data.s3.amazonaws.com/photos/30555182/large.jpeg,Neptis saclava marpessa,48460/1/47120/372739/47158/184884/47157/47224/47922/134171/208487/125517/366236,jpeg
http://inaturalist-open-data.s3.amazonaws.com/photos/30918609/large.jpeg,Neptis saclava marpessa,48460/1/47120/372739/47158/184884/47157/47224/47922/134171/208487/125517/366236,jpeg
http://inaturalist-open-data.s3.amazonaws.com/photos/31256523/large.jpeg,Neptis saclava marpessa,48460/1/47120/372739/47158/184884/47157/47224/47922/134171/208487/125517/366236,jpeg
http://inaturalist-open-data.s3.amazonaws.com/photos/33436773/large.jpg,Neptis saclava marpessa,48460/1/47120/372739/47158/184884/47157/47224/47922/134171/208487/125517/366236,jpg
http://inaturalist-open-data.s3.amazonaws.com/photos/34526032/large.jpg,Neptis saclava marpessa,48460/1/47120/372739/47158/184884/47157/47224/47922/134171/208487/125517/366236,jpg
http://inaturalist-open-data.s3.amazonaws.com/photos/37867760/large.jpeg,Neptis saclava marpessa,48460/1/47120/372739/47158/184884/47157/47224/47922/134171/208487/125517/366236,jpeg
http://inaturalist-open-data.s3.amazonaws.com/photos/37884149/large.jpg,Neptis saclava marpessa,48460/1/47120/372739/47158/184884/47157/47224/47922/134171/208487/125517/366236,jpg
http://inaturalist-open-data.s3.amazonaws.com/photos/41619047/large.jpeg,Neptis saclava marpessa,48460/1/47120/372739/47158/184884/47157/47224/47922/134171/208487/125517/366236,jpeg
http://inaturalist-open-data.s3.amazonaws.com/photos/41621178/large.jpeg,Neptis saclava marpessa,48460/1/47120/372739/47158/184884/47157/47224/47922/134171/208487/125517/366236,jpeg
http://inaturalist-open-data.s3.amazonaws.com/photos/42326385/large.jpg,Neptis saclava marpessa,48460/1/47120/372739/47158/184884/47157/47224/47922/134171/208487/125517/366236,jpg
http://inaturalist-open-data.s3.amazonaws.com/photos/42531734/large.jpg,Neptis saclava marpessa,48460/1/47120/372739/47158/184884/47157/47224/47922/134171/208487/125517/366236,jpg
http://inaturalist-open-data.s3.amazonaws.com/photos/42788832/large.jpg,Neptis saclava marpessa,48460/1/47120/372739/47158/184884/47157/47224/47922/134171/208487/125517/366236,jpg
http://inaturalist-open-data.s3.amazonaws.com/photos/44356791/large.jpeg,Neptis saclava marpessa,48460/1/47120/372739/47158/184884/47157/47224/47922/134171/208487/125517/366236,jpeg
http://inaturalist-open-data.s3.amazonaws.com/photos/46387915/large.jpg,Neptis saclava marpessa,48460/1/47120/372739/47158/184884/47157/47224/47922/134171/208487/125517/366236,jpg
http://inaturalist-open-data.s3.amazonaws.com/photos/46387932/large.jpg,Neptis saclava marpessa,48460/1/47120/372739/47158/184884/47157/47224/47922/134171/208487/125517/366236,jpg
http://inaturalist-open-data.s3.amazonaws.com/photos/49236646/large.jpeg,Neptis saclava marpessa,48460/1/47120/372739/47158/184884/47157/47224/47922/134171/208487/125517/366236,jpeg
http://inaturalist-open-data.s3.amazonaws.com/photos/49129986/large.jpeg,Neptis saclava marpessa,48460/1/47120/372739/47158/184884/47157/47224/47922/134171/208487/125517/366236,jpeg
http://inaturalist-open-data.s3.amazonaws.com/photos/49129942/large.jpeg,Neptis saclava marpessa,48460/1/47120/372739/47158/184884/47157/47224/47922/134171/208487/125517/366236,jpeg
http://inaturalist-open-data.s3.amazonaws.com/photos/51788146/large.jpeg,Neptis saclava marpessa,48460/1/47120/372739/47158/184884/47157/47224/47922/134171/208487/125517/366236,jpeg
http://inaturalist-open-data.s3.amazonaws.com/photos/51788164/large.jpeg,Neptis saclava marpessa,48460/1/47120/372739/47158/184884/47157/47224/47922/134171/208487/125517/366236,jpeg
http://inaturalist-open-data.s3.amazonaws.com/photos/51788210/large.jpeg,Neptis saclava marpessa,48460/1/47120/372739/47158/184884/47157/47224/47922/134171/208487/125517/366236,jpeg
http://inaturalist-open-data.s3.amazonaws.com/photos/51788236/large.jpeg,Neptis saclava marpessa,48460/1/47120/372739/47158/184884/47157/47224/47922/134171/208487/125517/366236,jpeg
http://inaturalist-open-data.s3.amazonaws.com/photos/55025603/large.jpg,Neptis saclava marpessa,48460/1/47120/372739/47158/184884/47157/47224/47922/134171/208487/125517/366236,jpg
http://inaturalist-open-data.s3.amazonaws.com/photos/61884249/large.jpeg,Neptis saclava marpessa,48460/1/47120/372739/47158/184884/47157/47224/47922/134171/208487/125517/366236,jpeg
http://inaturalist-open-data.s3.amazonaws.com/photos/62307823/large.jpeg,Neptis saclava marpessa,48460/1/47120/372739/47158/184884/47157/47224/47922/134171/208487/125517/366236,jpeg
http://inaturalist-open-data.s3.amazonaws.com/photos/62307758/large.jpeg,Neptis saclava marpessa,48460/1/47120/372739/47158/184884/47157/47224/47922/134171/208487/125517/366236,jpeg
http://inaturalist-open-data.s3.amazonaws.com/photos/62308108/large.jpeg,Neptis saclava marpessa,48460/1/47120/372739/47158/184884/47157/47224/47922/134171/208487/125517/366236,jpeg
http://inaturalist-open-data.s3.amazonaws.com/photos/62308105/large.jpeg,Neptis saclava marpessa,48460/1/47120/372739/47158/184884/47157/47224/47922/134171/208487/125517/366236,jpeg
http://inaturalist-open-data.s3.amazonaws.com/photos/62308285/large.jpeg,Neptis saclava marpessa,48460/1/47120/372739/47158/184884/47157/47224/47922/134171/208487/125517/366236,jpeg
http://inaturalist-open-data.s3.amazonaws.com/photos/62308502/large.jpeg,Neptis saclava marpessa,48460/1/47120/372739/47158/184884/47157/47224/47922/134171/208487/125517/366236,jpeg
http://inaturalist-open-data.s3.amazonaws.com/photos/62313008/large.jpeg,Neptis saclava marpessa,48460/1/47120/372739/47158/184884/47157/47224/47922/134171/208487/125517/366236,jpeg
http://inaturalist-open-data.s3.amazonaws.com/photos/62313374/large.jpeg,Neptis saclava marpessa,48460/1/47120/372739/47158/184884/47157/47224/47922/134171/208487/125517/366236,jpeg
http://inaturalist-open-data.s3.amazonaws.com/photos/62313024/large.jpeg,Neptis saclava marpessa,48460/1/47120/372739/47158/184884/47157/47224/47922/134171/208487/125517/366236,jpeg
http://inaturalist-open-data.s3.amazonaws.com/photos/62313013/large.jpeg,Neptis saclava marpessa,48460/1/47120/372739/47158/184884/47157/47224/47922/134171/208487/125517/366236,jpeg
http://inaturalist-open-data.s3.amazonaws.com/photos/62313502/large.jpeg,Neptis saclava marpessa,48460/1/47120/372739/47158/184884/47157/47224/47922/134171/208487/125517/366236,jpeg
http://inaturalist-open-data.s3.amazonaws.com/photos/62313213/large.jpeg,Neptis saclava marpessa,48460/1/47120/372739/47158/184884/47157/47224/47922/134171/208487/125517/366236,jpeg
http://inaturalist-open-data.s3.amazonaws.com/photos/63195636/large.jpg,Neptis saclava marpessa,48460/1/47120/372739/47158/184884/47157/47224/47922/134171/208487/125517/366236,jpg
http://inaturalist-open-data.s3.amazonaws.com/photos/64079762/large.jpeg,Neptis saclava marpessa,48460/1/47120/372739/47158/184884/47157/47224/47922/134171/208487/125517/366236,jpeg
http://inaturalist-open-data.s3.amazonaws.com/photos/64921361/large.jpeg,Neptis saclava marpessa,48460/1/47120/372739/47158/184884/47157/47224/47922/134171/208487/125517/366236,jpeg
http://inaturalist-open-data.s3.amazonaws.com/photos/67419725/large.jpeg,Neptis saclava marpessa,48460/1/47120/372739/47158/184884/47157/47224/47922/134171/208487/125517/366236,jpeg
http://inaturalist-open-data.s3.amazonaws.com/photos/67569976/large.jpg,Neptis saclava marpessa,48460/1/47120/372739/47158/184884/47157/47224/47922/134171/208487/125517/366236,jpg
http://inaturalist-open-data.s3.amazonaws.com/photos/67731046/large.jpeg,Neptis saclava marpessa,48460/1/47120/372739/47158/184884/47157/47224/47922/134171/208487/125517/366236,jpeg
http://inaturalist-open-data.s3.amazonaws.com/photos/67858798/large.jpeg,Neptis saclava marpessa,48460/1/47120/372739/47158/184884/47157/47224/47922/134171/208487/125517/366236,jpeg
http://inaturalist-open-data.s3.amazonaws.com/photos/68166600/large.jpeg,Neptis saclava marpessa,48460/1/47120/372739/47158/184884/47157/47224/47922/134171/208487/125517/366236,jpeg
http://inaturalist-open-data.s3.amazonaws.com/photos/68166674/large.jpeg,Neptis saclava marpessa,48460/1/47120/372739/47158/184884/47157/47224/47922/134171/208487/125517/366236,jpeg
http://inaturalist-open-data.s3.amazonaws.com/photos/68200852/large.jpg,Neptis saclava marpessa,48460/1/47120/372739/47158/184884/47157/47224/47922/134171/208487/125517/366236,jpg
http://inaturalist-open-data.s3.amazonaws.com/photos/68200765/large.jpeg,Neptis saclava marpessa,48460/1/47120/372739/47158/184884/47157/47224/47922/134171/208487/125517/366236,jpeg
http://inaturalist-open-data.s3.amazonaws.com/photos/68200807/large.jpeg,Neptis saclava marpessa,48460/1/47120/372739/47158/184884/47157/47224/47922/134171/208487/125517/366236,jpeg
http://inaturalist-open-data.s3.amazonaws.com/photos/68200778/large.jpg,Neptis saclava marpessa,48460/1/47120/372739/47158/184884/47157/47224/47922/134171/208487/125517/366236,jpg
http://inaturalist-open-data.s3.amazonaws.com/photos/68218588/large.jpeg,Neptis saclava marpessa,48460/1/47120/372739/47158/184884/47157/47224/47922/134171/208487/125517/366236,jpeg
http://inaturalist-open-data.s3.amazonaws.com/photos/69129082/large.jpg,Neptis saclava marpessa,48460/1/47120/372739/47158/184884/47157/47224/47922/134171/208487/125517/366236,jpg
http://inaturalist-open-data.s3.amazonaws.com/photos/70162080/large.jpg,Neptis saclava marpessa,48460/1/47120/372739/47158/184884/47157/47224/47922/134171/208487/125517/366236,jpg
http://inaturalist-open-data.s3.amazonaws.com/photos/70299760/large.jpeg,Neptis saclava marpessa,48460/1/47120/372739/47158/184884/47157/47224/47922/134171/208487/125517/366236,jpeg
http://inaturalist-open-data.s3.amazonaws.com/photos/70460666/large.jpeg,Neptis saclava marpessa,48460/1/47120/372739/47158/184884/47157/47224/47922/134171/208487/125517/366236,jpeg
http://inaturalist-open-data.s3.amazonaws.com/photos/72290815/large.jpg,Neptis saclava marpessa,48460/1/47120/372739/47158/184884/47157/47224/47922/134171/208487/125517/366236,jpg
http://inaturalist-open-data.s3.amazonaws.com/photos/73772811/large.jpeg,Neptis saclava marpessa,48460/1/47120/372739/47158/184884/47157/47224/47922/134171/208487/125517/366236,jpeg
http://inaturalist-open-data.s3.amazonaws.com/photos/76857504/large.jpeg,Neptis saclava marpessa,48460/1/47120/372739/47158/184884/47157/47224/47922/134171/208487/125517/366236,jpeg
http://inaturalist-open-data.s3.amazonaws.com/photos/78531626/large.jpeg,Neptis saclava marpessa,48460/1/47120/372739/47158/184884/47157/47224/47922/134171/208487/125517/366236,jpeg
http://inaturalist-open-data.s3.amazonaws.com/photos/79680371/large.jpeg,Neptis saclava marpessa,48460/1/47120/372739/47158/184884/47157/47224/47922/134171/208487/125517/366236,jpeg
http://inaturalist-open-data.s3.amazonaws.com/photos/81567199/large.jpg,Neptis saclava marpessa,48460/1/47120/372739/47158/184884/47157/47224/47922/134171/208487/125517/366236,jpg
http://inaturalist-open-data.s3.amazonaws.com/photos/83399059/large.jpg,Neptis saclava marpessa,48460/1/47120/372739/47158/184884/47157/47224/47922/134171/208487/125517/366236,jpg
http://inaturalist-open-data.s3.amazonaws.com/photos/83399048/large.jpg,Neptis saclava marpessa,48460/1/47120/372739/47158/184884/47157/47224/47922/134171/208487/125517/366236,jpg
http://inaturalist-open-data.s3.amazonaws.com/photos/84997536/large.jpg,Neptis saclava marpessa,48460/1/47120/372739/47158/184884/47157/47224/47922/134171/208487/125517/366236,jpg
http://inaturalist-open-data.s3.amazonaws.com/photos/85623916/large.jpg,Neptis saclava marpessa,48460/1/47120/372739/47158/184884/47157/47224/47922/134171/208487/125517/366236,jpg
http://inaturalist-open-data.s3.amazonaws.com/photos/85623949/large.jpg,Neptis saclava marpessa,48460/1/47120/372739/47158/184884/47157/47224/47922/134171/208487/125517/366236,jpg
http://inaturalist-open-data.s3.amazonaws.com/photos/85623895/large.jpg,Neptis saclava marpessa,48460/1/47120/372739/47158/184884/47157/47224/47922/134171/208487/125517/366236,jpg
http://inaturalist-open-data.s3.amazonaws.com/photos/85623933/large.jpg,Neptis saclava marpessa,48460/1/47120/372739/47158/184884/47157/47224/47922/134171/208487/125517/366236,jpg
http://inaturalist-open-data.s3.amazonaws.com/photos/89938615/large.jpeg,Neptis saclava marpessa,48460/1/47120/372739/47158/184884/47157/47224/47922/134171/208487/125517/366236,jpeg
http://inaturalist-open-data.s3.amazonaws.com/photos/92597574/large.jpg,Neptis saclava marpessa,48460/1/47120/372739/47158/184884/47157/47224/47922/134171/208487/125517/366236,jpg
http://inaturalist-open-data.s3.amazonaws.com/photos/94352778/large.jpeg,Neptis saclava marpessa,48460/1/47120/372739/47158/184884/47157/47224/47922/134171/208487/125517/366236,jpeg
http://inaturalist-open-data.s3.amazonaws.com/photos/96886712/large.jpeg,Neptis saclava marpessa,48460/1/47120/372739/47158/184884/47157/47224/47922/134171/208487/125517/366236,jpeg
http://inaturalist-open-data.s3.amazonaws.com/photos/96886706/large.jpeg,Neptis saclava marpessa,48460/1/47120/372739/47158/184884/47157/47224/47922/134171/208487/125517/366236,jpeg
http://inaturalist-open-data.s3.amazonaws.com/photos/108374478/large.jpeg,Neptis saclava marpessa,48460/1/47120/372739/47158/184884/47157/47224/47922/134171/208487/125517/366236,jpeg
http://inaturalist-open-data.s3.amazonaws.com/photos/110476266/large.jpg,Neptis saclava marpessa,48460/1/47120/372739/47158/184884/47157/47224/47922/134171/208487/125517/366236,jpg
http://inaturalist-open-data.s3.amazonaws.com/photos/118929355/large.jpg,Neptis saclava marpessa,48460/1/47120/372739/47158/184884/47157/47224/47922/134171/208487/125517/366236,jpg
http://inaturalist-open-data.s3.amazonaws.com/photos/118929684/large.jpg,Neptis saclava marpessa,48460/1/47120/372739/47158/184884/47157/47224/47922/134171/208487/125517/366236,jpg
http://inaturalist-open-data.s3.amazonaws.com/photos/123791623/large.jpeg,Neptis saclava marpessa,48460/1/47120/372739/47158/184884/47157/47224/47922/134171/208487/125517/366236,jpeg
http://inaturalist-open-data.s3.amazonaws.com/photos/124482085/large.jpeg,Neptis saclava marpessa,48460/1/47120/372739/47158/184884/47157/47224/47922/134171/208487/125517/366236,jpeg
http://inaturalist-open-data.s3.amazonaws.com/photos/125241948/large.jpeg,Neptis saclava marpessa,48460/1/47120/372739/47158/184884/47157/47224/47922/134171/208487/125517/366236,jpeg
http://inaturalist-open-data.s3.amazonaws.com/photos/125965307/large.jpeg,Neptis saclava marpessa,48460/1/47120/372739/47158/184884/47157/47224/47922/134171/208487/125517/366236,jpeg
http://inaturalist-open-data.s3.amazonaws.com/photos/133357887/large.jpeg,Neptis saclava marpessa,48460/1/47120/372739/47158/184884/47157/47224/47922/134171/208487/125517/366236,jpeg
http://inaturalist-open-data.s3.amazonaws.com/photos/134520686/large.jpeg,Neptis saclava marpessa,48460/1/47120/372739/47158/184884/47157/47224/47922/134171/208487/125517/366236,jpeg
http://inaturalist-open-data.s3.amazonaws.com/photos/134520681/large.jpeg,Neptis saclava marpessa,48460/1/47120/372739/47158/184884/47157/47224/47922/134171/208487/125517/366236,jpeg
http://inaturalist-open-data.s3.amazonaws.com/photos/134785503/large.jpeg,Neptis saclava marpessa,48460/1/47120/372739/47158/184884/47157/47224/47922/134171/208487/125517/366236,jpeg
http://inaturalist-open-data.s3.amazonaws.com/photos/135327783/large.jpeg,Neptis saclava marpessa,48460/1/47120/372739/47158/184884/47157/47224/47922/134171/208487/125517/366236,jpeg
http://inaturalist-open-data.s3.amazonaws.com/photos/135327794/large.jpeg,Neptis saclava marpessa,48460/1/47120/372739/47158/184884/47157/47224/47922/134171/208487/125517/366236,jpeg
http://inaturalist-open-data.s3.amazonaws.com/photos/135327863/large.jpeg,Neptis saclava marpessa,48460/1/47120/372739/47158/184884/47157/47224/47922/134171/208487/125517/366236,jpeg
http://inaturalist-open-data.s3.amazonaws.com/photos/135328010/large.jpeg,Neptis saclava marpessa,48460/1/47120/372739/47158/184884/47157/47224/47922/134171/208487/125517/366236,jpeg
http://inaturalist-open-data.s3.amazonaws.com/photos/135328072/large.jpeg,Neptis saclava marpessa,48460/1/47120/372739/47158/184884/47157/47224/47922/134171/208487/125517/366236,jpeg
http://inaturalist-open-data.s3.amazonaws.com/photos/149952161/large.jpeg,Neptis saclava marpessa,48460/1/47120/372739/47158/184884/47157/47224/47922/134171/208487/125517/366236,jpeg
http://inaturalist-open-data.s3.amazonaws.com/photos/149952156/large.jpeg,Neptis saclava marpessa,48460/1/47120/372739/47158/184884/47157/47224/47922/134171/208487/125517/366236,jpeg
http://inaturalist-open-data.s3.amazonaws.com/photos/159500949/large.jpeg,Neptis saclava marpessa,48460/1/47120/372739/47158/184884/47157/47224/47922/134171/208487/125517/366236,jpeg
http://inaturalist-open-data.s3.amazonaws.com/photos/159513784/large.jpeg,Neptis saclava marpessa,48460/1/47120/372739/47158/184884/47157/47224/47922/134171/208487/125517/366236,jpeg
