photo_url_large,taxon_name,ancestry,extension
http://inaturalist-open-data.s3.amazonaws.com/photos/59736355/large.jpeg,Nica flavilla bachiana,48460/1/47120/372739/47158/184884/47157/47224/47922/134159/207891/148634/148625,jpeg
http://inaturalist-open-data.s3.amazonaws.com/photos/70650948/large.jpeg,Nica flavilla bachiana,48460/1/47120/372739/47158/184884/47157/47224/47922/134159/207891/148634/148625,jpeg
http://inaturalist-open-data.s3.amazonaws.com/photos/70650949/large.jpeg,Nica flavilla bachiana,48460/1/47120/372739/47158/184884/47157/47224/47922/134159/207891/148634/148625,jpeg
http://inaturalist-open-data.s3.amazonaws.com/photos/70651402/large.jpeg,Nica flavilla bachiana,48460/1/47120/372739/47158/184884/47157/47224/47922/134159/207891/148634/148625,jpeg
http://inaturalist-open-data.s3.amazonaws.com/photos/70651415/large.jpeg,Nica flavilla bachiana,48460/1/47120/372739/47158/184884/47157/47224/47922/134159/207891/148634/148625,jpeg
http://inaturalist-open-data.s3.amazonaws.com/photos/84314650/large.jpeg,Nica flavilla bachiana,48460/1/47120/372739/47158/184884/47157/47224/47922/134159/207891/148634/148625,jpeg
http://inaturalist-open-data.s3.amazonaws.com/photos/84314659/large.jpeg,Nica flavilla bachiana,48460/1/47120/372739/47158/184884/47157/47224/47922/134159/207891/148634/148625,jpeg
http://inaturalist-open-data.s3.amazonaws.com/photos/84314666/large.jpeg,Nica flavilla bachiana,48460/1/47120/372739/47158/184884/47157/47224/47922/134159/207891/148634/148625,jpeg
