photo_url_large,taxon_name,ancestry,extension
http://inaturalist-open-data.s3.amazonaws.com/photos/111490458/large.jpg,Ochetellus glaber clarithorax,48460/1/47120/372739/47158/184884/47201/124417/326777/1269340/47336/244394/519188/367057/367056,jpg
http://inaturalist-open-data.s3.amazonaws.com/photos/111490445/large.jpg,Ochetellus glaber clarithorax,48460/1/47120/372739/47158/184884/47201/124417/326777/1269340/47336/244394/519188/367057/367056,jpg
http://inaturalist-open-data.s3.amazonaws.com/photos/111490424/large.jpg,Ochetellus glaber clarithorax,48460/1/47120/372739/47158/184884/47201/124417/326777/1269340/47336/244394/519188/367057/367056,jpg
http://inaturalist-open-data.s3.amazonaws.com/photos/169317162/large.jpg,Ochetellus glaber clarithorax,48460/1/47120/372739/47158/184884/47201/124417/326777/1269340/47336/244394/519188/367057/367056,jpg
http://inaturalist-open-data.s3.amazonaws.com/photos/169317157/large.jpg,Ochetellus glaber clarithorax,48460/1/47120/372739/47158/184884/47201/124417/326777/1269340/47336/244394/519188/367057/367056,jpg
http://inaturalist-open-data.s3.amazonaws.com/photos/169317127/large.jpg,Ochetellus glaber clarithorax,48460/1/47120/372739/47158/184884/47201/124417/326777/1269340/47336/244394/519188/367057/367056,jpg
http://inaturalist-open-data.s3.amazonaws.com/photos/169317122/large.jpg,Ochetellus glaber clarithorax,48460/1/47120/372739/47158/184884/47201/124417/326777/1269340/47336/244394/519188/367057/367056,jpg
