photo_url_large,taxon_name,ancestry,extension
http://inaturalist-open-data.s3.amazonaws.com/photos/12521555/large.jpeg,Ochrophlebia cafra ligneola,48460/1/47120/372739/47158/184884/47651/67688/700600/85310/85311/545435/706248/706252/641919/641917,jpeg
http://inaturalist-open-data.s3.amazonaws.com/photos/15701592/large.jpg,Ochrophlebia cafra ligneola,48460/1/47120/372739/47158/184884/47651/67688/700600/85310/85311/545435/706248/706252/641919/641917,jpg
http://inaturalist-open-data.s3.amazonaws.com/photos/15701588/large.jpg,Ochrophlebia cafra ligneola,48460/1/47120/372739/47158/184884/47651/67688/700600/85310/85311/545435/706248/706252/641919/641917,jpg
http://inaturalist-open-data.s3.amazonaws.com/photos/19229802/large.jpg,Ochrophlebia cafra ligneola,48460/1/47120/372739/47158/184884/47651/67688/700600/85310/85311/545435/706248/706252/641919/641917,jpg
http://inaturalist-open-data.s3.amazonaws.com/photos/19229803/large.jpg,Ochrophlebia cafra ligneola,48460/1/47120/372739/47158/184884/47651/67688/700600/85310/85311/545435/706248/706252/641919/641917,jpg
http://inaturalist-open-data.s3.amazonaws.com/photos/15950150/large.jpg,Ochrophlebia cafra ligneola,48460/1/47120/372739/47158/184884/47651/67688/700600/85310/85311/545435/706248/706252/641919/641917,jpg
http://inaturalist-open-data.s3.amazonaws.com/photos/15950149/large.jpg,Ochrophlebia cafra ligneola,48460/1/47120/372739/47158/184884/47651/67688/700600/85310/85311/545435/706248/706252/641919/641917,jpg
http://inaturalist-open-data.s3.amazonaws.com/photos/15964465/large.jpg,Ochrophlebia cafra ligneola,48460/1/47120/372739/47158/184884/47651/67688/700600/85310/85311/545435/706248/706252/641919/641917,jpg
http://inaturalist-open-data.s3.amazonaws.com/photos/15964467/large.jpg,Ochrophlebia cafra ligneola,48460/1/47120/372739/47158/184884/47651/67688/700600/85310/85311/545435/706248/706252/641919/641917,jpg
http://inaturalist-open-data.s3.amazonaws.com/photos/15964469/large.jpg,Ochrophlebia cafra ligneola,48460/1/47120/372739/47158/184884/47651/67688/700600/85310/85311/545435/706248/706252/641919/641917,jpg
http://inaturalist-open-data.s3.amazonaws.com/photos/15973576/large.jpg,Ochrophlebia cafra ligneola,48460/1/47120/372739/47158/184884/47651/67688/700600/85310/85311/545435/706248/706252/641919/641917,jpg
http://inaturalist-open-data.s3.amazonaws.com/photos/15973573/large.jpg,Ochrophlebia cafra ligneola,48460/1/47120/372739/47158/184884/47651/67688/700600/85310/85311/545435/706248/706252/641919/641917,jpg
http://inaturalist-open-data.s3.amazonaws.com/photos/18575275/large.jpeg,Ochrophlebia cafra ligneola,48460/1/47120/372739/47158/184884/47651/67688/700600/85310/85311/545435/706248/706252/641919/641917,jpeg
http://inaturalist-open-data.s3.amazonaws.com/photos/28691650/large.jpeg,Ochrophlebia cafra ligneola,48460/1/47120/372739/47158/184884/47651/67688/700600/85310/85311/545435/706248/706252/641919/641917,jpeg
http://inaturalist-open-data.s3.amazonaws.com/photos/30053980/large.jpeg,Ochrophlebia cafra ligneola,48460/1/47120/372739/47158/184884/47651/67688/700600/85310/85311/545435/706248/706252/641919/641917,jpeg
http://inaturalist-open-data.s3.amazonaws.com/photos/165162823/large.jpg,Ochrophlebia cafra ligneola,48460/1/47120/372739/47158/184884/47651/67688/700600/85310/85311/545435/706248/706252/641919/641917,jpg
http://inaturalist-open-data.s3.amazonaws.com/photos/165162830/large.jpg,Ochrophlebia cafra ligneola,48460/1/47120/372739/47158/184884/47651/67688/700600/85310/85311/545435/706248/706252/641919/641917,jpg
http://inaturalist-open-data.s3.amazonaws.com/photos/165162836/large.jpg,Ochrophlebia cafra ligneola,48460/1/47120/372739/47158/184884/47651/67688/700600/85310/85311/545435/706248/706252/641919/641917,jpg
