photo_url_large,taxon_name,ancestry,extension
http://inaturalist-open-data.s3.amazonaws.com/photos/10953695/large.jpg,Ocyba calathana calanus,48460/1/47120/372739/47158/184884/47157/47224/47653/320509/247712/257749,jpg
http://inaturalist-open-data.s3.amazonaws.com/photos/10953661/large.jpg,Ocyba calathana calanus,48460/1/47120/372739/47158/184884/47157/47224/47653/320509/247712/257749,jpg
http://inaturalist-open-data.s3.amazonaws.com/photos/32763126/large.jpeg,Ocyba calathana calanus,48460/1/47120/372739/47158/184884/47157/47224/47653/320509/247712/257749,jpeg
http://inaturalist-open-data.s3.amazonaws.com/photos/32763131/large.jpeg,Ocyba calathana calanus,48460/1/47120/372739/47158/184884/47157/47224/47653/320509/247712/257749,jpeg
http://inaturalist-open-data.s3.amazonaws.com/photos/53728872/large.jpg,Ocyba calathana calanus,48460/1/47120/372739/47158/184884/47157/47224/47653/320509/247712/257749,jpg
http://inaturalist-open-data.s3.amazonaws.com/photos/95973514/large.jpg,Ocyba calathana calanus,48460/1/47120/372739/47158/184884/47157/47224/47653/320509/247712/257749,jpg
