photo_url_large,taxon_name,ancestry,extension
http://inaturalist-open-data.s3.amazonaws.com/photos/26354686/large.jpeg,Oedipoda fuscocincta morini,48460/1/47120/372739/47158/184884/47651/67688/700600/47650/47649/129164/523254/180727/603930,jpeg
http://inaturalist-open-data.s3.amazonaws.com/photos/88174995/large.jpg,Oedipoda fuscocincta morini,48460/1/47120/372739/47158/184884/47651/67688/700600/47650/47649/129164/523254/180727/603930,jpg
http://inaturalist-open-data.s3.amazonaws.com/photos/155235980/large.jpeg,Oedipoda fuscocincta morini,48460/1/47120/372739/47158/184884/47651/67688/700600/47650/47649/129164/523254/180727/603930,jpeg
http://inaturalist-open-data.s3.amazonaws.com/photos/155236004/large.jpeg,Oedipoda fuscocincta morini,48460/1/47120/372739/47158/184884/47651/67688/700600/47650/47649/129164/523254/180727/603930,jpeg
http://inaturalist-open-data.s3.amazonaws.com/photos/155236021/large.jpeg,Oedipoda fuscocincta morini,48460/1/47120/372739/47158/184884/47651/67688/700600/47650/47649/129164/523254/180727/603930,jpeg
http://inaturalist-open-data.s3.amazonaws.com/photos/155236050/large.jpeg,Oedipoda fuscocincta morini,48460/1/47120/372739/47158/184884/47651/67688/700600/47650/47649/129164/523254/180727/603930,jpeg
http://inaturalist-open-data.s3.amazonaws.com/photos/155236077/large.jpeg,Oedipoda fuscocincta morini,48460/1/47120/372739/47158/184884/47651/67688/700600/47650/47649/129164/523254/180727/603930,jpeg
