photo_url_large,taxon_name,ancestry,extension
http://inaturalist-open-data.s3.amazonaws.com/photos/18857430/large.jpg,Okanagana synodica nigra,48460/1/47120/372739/47158/184884/47744/125816/372849/50190/50186/556902/605128/605130/176578/226281,jpg
http://inaturalist-open-data.s3.amazonaws.com/photos/18857422/large.jpg,Okanagana synodica nigra,48460/1/47120/372739/47158/184884/47744/125816/372849/50190/50186/556902/605128/605130/176578/226281,jpg
http://inaturalist-open-data.s3.amazonaws.com/photos/21757611/large.jpg,Okanagana synodica nigra,48460/1/47120/372739/47158/184884/47744/125816/372849/50190/50186/556902/605128/605130/176578/226281,jpg
http://inaturalist-open-data.s3.amazonaws.com/photos/21757609/large.jpg,Okanagana synodica nigra,48460/1/47120/372739/47158/184884/47744/125816/372849/50190/50186/556902/605128/605130/176578/226281,jpg
http://inaturalist-open-data.s3.amazonaws.com/photos/41789138/large.jpg,Okanagana synodica nigra,48460/1/47120/372739/47158/184884/47744/125816/372849/50190/50186/556902/605128/605130/176578/226281,jpg
http://inaturalist-open-data.s3.amazonaws.com/photos/41789133/large.jpg,Okanagana synodica nigra,48460/1/47120/372739/47158/184884/47744/125816/372849/50190/50186/556902/605128/605130/176578/226281,jpg
http://inaturalist-open-data.s3.amazonaws.com/photos/41789128/large.jpg,Okanagana synodica nigra,48460/1/47120/372739/47158/184884/47744/125816/372849/50190/50186/556902/605128/605130/176578/226281,jpg
http://inaturalist-open-data.s3.amazonaws.com/photos/41789159/large.jpg,Okanagana synodica nigra,48460/1/47120/372739/47158/184884/47744/125816/372849/50190/50186/556902/605128/605130/176578/226281,jpg
http://inaturalist-open-data.s3.amazonaws.com/photos/41866815/large.jpg,Okanagana synodica nigra,48460/1/47120/372739/47158/184884/47744/125816/372849/50190/50186/556902/605128/605130/176578/226281,jpg
http://inaturalist-open-data.s3.amazonaws.com/photos/41866843/large.jpg,Okanagana synodica nigra,48460/1/47120/372739/47158/184884/47744/125816/372849/50190/50186/556902/605128/605130/176578/226281,jpg
http://inaturalist-open-data.s3.amazonaws.com/photos/167480029/large.jpg,Okanagana synodica nigra,48460/1/47120/372739/47158/184884/47744/125816/372849/50190/50186/556902/605128/605130/176578/226281,jpg
http://inaturalist-open-data.s3.amazonaws.com/photos/167481296/large.jpeg,Okanagana synodica nigra,48460/1/47120/372739/47158/184884/47744/125816/372849/50190/50186/556902/605128/605130/176578/226281,jpeg
http://inaturalist-open-data.s3.amazonaws.com/photos/167481291/large.jpeg,Okanagana synodica nigra,48460/1/47120/372739/47158/184884/47744/125816/372849/50190/50186/556902/605128/605130/176578/226281,jpeg
http://inaturalist-open-data.s3.amazonaws.com/photos/167481302/large.jpeg,Okanagana synodica nigra,48460/1/47120/372739/47158/184884/47744/125816/372849/50190/50186/556902/605128/605130/176578/226281,jpeg
http://inaturalist-open-data.s3.amazonaws.com/photos/167480039/large.jpg,Okanagana synodica nigra,48460/1/47120/372739/47158/184884/47744/125816/372849/50190/50186/556902/605128/605130/176578/226281,jpg
http://inaturalist-open-data.s3.amazonaws.com/photos/167480055/large.jpeg,Okanagana synodica nigra,48460/1/47120/372739/47158/184884/47744/125816/372849/50190/50186/556902/605128/605130/176578/226281,jpeg
http://inaturalist-open-data.s3.amazonaws.com/photos/167480044/large.jpeg,Okanagana synodica nigra,48460/1/47120/372739/47158/184884/47744/125816/372849/50190/50186/556902/605128/605130/176578/226281,jpeg
http://inaturalist-open-data.s3.amazonaws.com/photos/167480065/large.jpeg,Okanagana synodica nigra,48460/1/47120/372739/47158/184884/47744/125816/372849/50190/50186/556902/605128/605130/176578/226281,jpeg
http://inaturalist-open-data.s3.amazonaws.com/photos/167480076/large.jpeg,Okanagana synodica nigra,48460/1/47120/372739/47158/184884/47744/125816/372849/50190/50186/556902/605128/605130/176578/226281,jpeg
http://inaturalist-open-data.s3.amazonaws.com/photos/167480086/large.jpeg,Okanagana synodica nigra,48460/1/47120/372739/47158/184884/47744/125816/372849/50190/50186/556902/605128/605130/176578/226281,jpeg
http://inaturalist-open-data.s3.amazonaws.com/photos/167480092/large.jpeg,Okanagana synodica nigra,48460/1/47120/372739/47158/184884/47744/125816/372849/50190/50186/556902/605128/605130/176578/226281,jpeg
http://inaturalist-open-data.s3.amazonaws.com/photos/167480123/large.jpeg,Okanagana synodica nigra,48460/1/47120/372739/47158/184884/47744/125816/372849/50190/50186/556902/605128/605130/176578/226281,jpeg
http://inaturalist-open-data.s3.amazonaws.com/photos/167480130/large.jpeg,Okanagana synodica nigra,48460/1/47120/372739/47158/184884/47744/125816/372849/50190/50186/556902/605128/605130/176578/226281,jpeg
