photo_url_large,taxon_name,ancestry,extension
http://inaturalist-open-data.s3.amazonaws.com/photos/3079008/large.JPG,Oncopeltus varicolor varicolor,48460/1/47120/372739/47158/184884/47744/61267/372868/466233/55558/130314/55559/888839/296327,JPG
http://inaturalist-open-data.s3.amazonaws.com/photos/3079024/large.JPG,Oncopeltus varicolor varicolor,48460/1/47120/372739/47158/184884/47744/61267/372868/466233/55558/130314/55559/888839/296327,JPG
http://inaturalist-open-data.s3.amazonaws.com/photos/10214428/large.jpeg,Oncopeltus varicolor varicolor,48460/1/47120/372739/47158/184884/47744/61267/372868/466233/55558/130314/55559/888839/296327,jpeg
http://inaturalist-open-data.s3.amazonaws.com/photos/10439579/large.jpeg,Oncopeltus varicolor varicolor,48460/1/47120/372739/47158/184884/47744/61267/372868/466233/55558/130314/55559/888839/296327,jpeg
http://inaturalist-open-data.s3.amazonaws.com/photos/10649242/large.jpg,Oncopeltus varicolor varicolor,48460/1/47120/372739/47158/184884/47744/61267/372868/466233/55558/130314/55559/888839/296327,jpg
http://inaturalist-open-data.s3.amazonaws.com/photos/10766448/large.jpeg,Oncopeltus varicolor varicolor,48460/1/47120/372739/47158/184884/47744/61267/372868/466233/55558/130314/55559/888839/296327,jpeg
http://inaturalist-open-data.s3.amazonaws.com/photos/11112460/large.jpeg,Oncopeltus varicolor varicolor,48460/1/47120/372739/47158/184884/47744/61267/372868/466233/55558/130314/55559/888839/296327,jpeg
http://inaturalist-open-data.s3.amazonaws.com/photos/12118835/large.jpg,Oncopeltus varicolor varicolor,48460/1/47120/372739/47158/184884/47744/61267/372868/466233/55558/130314/55559/888839/296327,jpg
http://inaturalist-open-data.s3.amazonaws.com/photos/12118839/large.jpg,Oncopeltus varicolor varicolor,48460/1/47120/372739/47158/184884/47744/61267/372868/466233/55558/130314/55559/888839/296327,jpg
http://inaturalist-open-data.s3.amazonaws.com/photos/24238229/large.jpeg,Oncopeltus varicolor varicolor,48460/1/47120/372739/47158/184884/47744/61267/372868/466233/55558/130314/55559/888839/296327,jpeg
http://inaturalist-open-data.s3.amazonaws.com/photos/26914782/large.jpeg,Oncopeltus varicolor varicolor,48460/1/47120/372739/47158/184884/47744/61267/372868/466233/55558/130314/55559/888839/296327,jpeg
http://inaturalist-open-data.s3.amazonaws.com/photos/26914800/large.jpeg,Oncopeltus varicolor varicolor,48460/1/47120/372739/47158/184884/47744/61267/372868/466233/55558/130314/55559/888839/296327,jpeg
http://inaturalist-open-data.s3.amazonaws.com/photos/27397484/large.jpg,Oncopeltus varicolor varicolor,48460/1/47120/372739/47158/184884/47744/61267/372868/466233/55558/130314/55559/888839/296327,jpg
http://inaturalist-open-data.s3.amazonaws.com/photos/28123805/large.jpeg,Oncopeltus varicolor varicolor,48460/1/47120/372739/47158/184884/47744/61267/372868/466233/55558/130314/55559/888839/296327,jpeg
http://inaturalist-open-data.s3.amazonaws.com/photos/29300851/large.jpeg,Oncopeltus varicolor varicolor,48460/1/47120/372739/47158/184884/47744/61267/372868/466233/55558/130314/55559/888839/296327,jpeg
http://inaturalist-open-data.s3.amazonaws.com/photos/40452118/large.jpeg,Oncopeltus varicolor varicolor,48460/1/47120/372739/47158/184884/47744/61267/372868/466233/55558/130314/55559/888839/296327,jpeg
http://inaturalist-open-data.s3.amazonaws.com/photos/40452139/large.jpeg,Oncopeltus varicolor varicolor,48460/1/47120/372739/47158/184884/47744/61267/372868/466233/55558/130314/55559/888839/296327,jpeg
http://inaturalist-open-data.s3.amazonaws.com/photos/49738201/large.jpg,Oncopeltus varicolor varicolor,48460/1/47120/372739/47158/184884/47744/61267/372868/466233/55558/130314/55559/888839/296327,jpg
http://inaturalist-open-data.s3.amazonaws.com/photos/49738217/large.jpg,Oncopeltus varicolor varicolor,48460/1/47120/372739/47158/184884/47744/61267/372868/466233/55558/130314/55559/888839/296327,jpg
http://inaturalist-open-data.s3.amazonaws.com/photos/55497191/large.jpg,Oncopeltus varicolor varicolor,48460/1/47120/372739/47158/184884/47744/61267/372868/466233/55558/130314/55559/888839/296327,jpg
http://inaturalist-open-data.s3.amazonaws.com/photos/59050058/large.jpg,Oncopeltus varicolor varicolor,48460/1/47120/372739/47158/184884/47744/61267/372868/466233/55558/130314/55559/888839/296327,jpg
http://inaturalist-open-data.s3.amazonaws.com/photos/62776215/large.jpeg,Oncopeltus varicolor varicolor,48460/1/47120/372739/47158/184884/47744/61267/372868/466233/55558/130314/55559/888839/296327,jpeg
http://inaturalist-open-data.s3.amazonaws.com/photos/62776213/large.jpeg,Oncopeltus varicolor varicolor,48460/1/47120/372739/47158/184884/47744/61267/372868/466233/55558/130314/55559/888839/296327,jpeg
http://inaturalist-open-data.s3.amazonaws.com/photos/64501700/large.jpeg,Oncopeltus varicolor varicolor,48460/1/47120/372739/47158/184884/47744/61267/372868/466233/55558/130314/55559/888839/296327,jpeg
http://inaturalist-open-data.s3.amazonaws.com/photos/96200658/large.jpeg,Oncopeltus varicolor varicolor,48460/1/47120/372739/47158/184884/47744/61267/372868/466233/55558/130314/55559/888839/296327,jpeg
http://inaturalist-open-data.s3.amazonaws.com/photos/110289098/large.jpeg,Oncopeltus varicolor varicolor,48460/1/47120/372739/47158/184884/47744/61267/372868/466233/55558/130314/55559/888839/296327,jpeg
http://inaturalist-open-data.s3.amazonaws.com/photos/119567590/large.jpg,Oncopeltus varicolor varicolor,48460/1/47120/372739/47158/184884/47744/61267/372868/466233/55558/130314/55559/888839/296327,jpg
