photo_url_large,taxon_name,ancestry,extension
http://inaturalist-open-data.s3.amazonaws.com/photos/13357025/large.jpeg,Onychogomphus forcipatus forcipatus,48460/1/47120/372739/47158/184884/47792/47927/1317178/51128/90467/132663,jpeg
http://inaturalist-open-data.s3.amazonaws.com/photos/13357028/large.jpg,Onychogomphus forcipatus forcipatus,48460/1/47120/372739/47158/184884/47792/47927/1317178/51128/90467/132663,jpg
http://inaturalist-open-data.s3.amazonaws.com/photos/21940972/large.jpeg,Onychogomphus forcipatus forcipatus,48460/1/47120/372739/47158/184884/47792/47927/1317178/51128/90467/132663,jpeg
http://inaturalist-open-data.s3.amazonaws.com/photos/48247205/large.jpeg,Onychogomphus forcipatus forcipatus,48460/1/47120/372739/47158/184884/47792/47927/1317178/51128/90467/132663,jpeg
http://inaturalist-open-data.s3.amazonaws.com/photos/50945545/large.jpeg,Onychogomphus forcipatus forcipatus,48460/1/47120/372739/47158/184884/47792/47927/1317178/51128/90467/132663,jpeg
http://inaturalist-open-data.s3.amazonaws.com/photos/59504382/large.jpg,Onychogomphus forcipatus forcipatus,48460/1/47120/372739/47158/184884/47792/47927/1317178/51128/90467/132663,jpg
http://inaturalist-open-data.s3.amazonaws.com/photos/59504388/large.jpg,Onychogomphus forcipatus forcipatus,48460/1/47120/372739/47158/184884/47792/47927/1317178/51128/90467/132663,jpg
http://inaturalist-open-data.s3.amazonaws.com/photos/59504389/large.jpg,Onychogomphus forcipatus forcipatus,48460/1/47120/372739/47158/184884/47792/47927/1317178/51128/90467/132663,jpg
http://inaturalist-open-data.s3.amazonaws.com/photos/59504380/large.jpg,Onychogomphus forcipatus forcipatus,48460/1/47120/372739/47158/184884/47792/47927/1317178/51128/90467/132663,jpg
http://inaturalist-open-data.s3.amazonaws.com/photos/59504392/large.jpg,Onychogomphus forcipatus forcipatus,48460/1/47120/372739/47158/184884/47792/47927/1317178/51128/90467/132663,jpg
http://inaturalist-open-data.s3.amazonaws.com/photos/59504394/large.jpg,Onychogomphus forcipatus forcipatus,48460/1/47120/372739/47158/184884/47792/47927/1317178/51128/90467/132663,jpg
http://inaturalist-open-data.s3.amazonaws.com/photos/59504419/large.jpg,Onychogomphus forcipatus forcipatus,48460/1/47120/372739/47158/184884/47792/47927/1317178/51128/90467/132663,jpg
http://inaturalist-open-data.s3.amazonaws.com/photos/59504421/large.jpg,Onychogomphus forcipatus forcipatus,48460/1/47120/372739/47158/184884/47792/47927/1317178/51128/90467/132663,jpg
http://inaturalist-open-data.s3.amazonaws.com/photos/59504416/large.jpg,Onychogomphus forcipatus forcipatus,48460/1/47120/372739/47158/184884/47792/47927/1317178/51128/90467/132663,jpg
http://inaturalist-open-data.s3.amazonaws.com/photos/59504428/large.jpg,Onychogomphus forcipatus forcipatus,48460/1/47120/372739/47158/184884/47792/47927/1317178/51128/90467/132663,jpg
http://inaturalist-open-data.s3.amazonaws.com/photos/60303143/large.jpeg,Onychogomphus forcipatus forcipatus,48460/1/47120/372739/47158/184884/47792/47927/1317178/51128/90467/132663,jpeg
http://inaturalist-open-data.s3.amazonaws.com/photos/60303203/large.jpeg,Onychogomphus forcipatus forcipatus,48460/1/47120/372739/47158/184884/47792/47927/1317178/51128/90467/132663,jpeg
http://inaturalist-open-data.s3.amazonaws.com/photos/63038833/large.jpeg,Onychogomphus forcipatus forcipatus,48460/1/47120/372739/47158/184884/47792/47927/1317178/51128/90467/132663,jpeg
http://inaturalist-open-data.s3.amazonaws.com/photos/63051599/large.jpg,Onychogomphus forcipatus forcipatus,48460/1/47120/372739/47158/184884/47792/47927/1317178/51128/90467/132663,jpg
http://inaturalist-open-data.s3.amazonaws.com/photos/77847008/large.jpeg,Onychogomphus forcipatus forcipatus,48460/1/47120/372739/47158/184884/47792/47927/1317178/51128/90467/132663,jpeg
http://inaturalist-open-data.s3.amazonaws.com/photos/77847211/large.jpeg,Onychogomphus forcipatus forcipatus,48460/1/47120/372739/47158/184884/47792/47927/1317178/51128/90467/132663,jpeg
http://inaturalist-open-data.s3.amazonaws.com/photos/77847047/large.jpeg,Onychogomphus forcipatus forcipatus,48460/1/47120/372739/47158/184884/47792/47927/1317178/51128/90467/132663,jpeg
http://inaturalist-open-data.s3.amazonaws.com/photos/77847106/large.jpeg,Onychogomphus forcipatus forcipatus,48460/1/47120/372739/47158/184884/47792/47927/1317178/51128/90467/132663,jpeg
http://inaturalist-open-data.s3.amazonaws.com/photos/77847169/large.jpeg,Onychogomphus forcipatus forcipatus,48460/1/47120/372739/47158/184884/47792/47927/1317178/51128/90467/132663,jpeg
http://inaturalist-open-data.s3.amazonaws.com/photos/77847257/large.jpeg,Onychogomphus forcipatus forcipatus,48460/1/47120/372739/47158/184884/47792/47927/1317178/51128/90467/132663,jpeg
http://inaturalist-open-data.s3.amazonaws.com/photos/77847310/large.jpeg,Onychogomphus forcipatus forcipatus,48460/1/47120/372739/47158/184884/47792/47927/1317178/51128/90467/132663,jpeg
http://inaturalist-open-data.s3.amazonaws.com/photos/89714936/large.jpg,Onychogomphus forcipatus forcipatus,48460/1/47120/372739/47158/184884/47792/47927/1317178/51128/90467/132663,jpg
http://inaturalist-open-data.s3.amazonaws.com/photos/89715254/large.jpg,Onychogomphus forcipatus forcipatus,48460/1/47120/372739/47158/184884/47792/47927/1317178/51128/90467/132663,jpg
http://inaturalist-open-data.s3.amazonaws.com/photos/89715040/large.jpg,Onychogomphus forcipatus forcipatus,48460/1/47120/372739/47158/184884/47792/47927/1317178/51128/90467/132663,jpg
http://inaturalist-open-data.s3.amazonaws.com/photos/89714991/large.jpg,Onychogomphus forcipatus forcipatus,48460/1/47120/372739/47158/184884/47792/47927/1317178/51128/90467/132663,jpg
http://inaturalist-open-data.s3.amazonaws.com/photos/89715410/large.jpg,Onychogomphus forcipatus forcipatus,48460/1/47120/372739/47158/184884/47792/47927/1317178/51128/90467/132663,jpg
http://inaturalist-open-data.s3.amazonaws.com/photos/111694548/large.jpeg,Onychogomphus forcipatus forcipatus,48460/1/47120/372739/47158/184884/47792/47927/1317178/51128/90467/132663,jpeg
http://inaturalist-open-data.s3.amazonaws.com/photos/111694557/large.jpeg,Onychogomphus forcipatus forcipatus,48460/1/47120/372739/47158/184884/47792/47927/1317178/51128/90467/132663,jpeg
http://inaturalist-open-data.s3.amazonaws.com/photos/111694544/large.jpeg,Onychogomphus forcipatus forcipatus,48460/1/47120/372739/47158/184884/47792/47927/1317178/51128/90467/132663,jpeg
http://inaturalist-open-data.s3.amazonaws.com/photos/111694568/large.jpeg,Onychogomphus forcipatus forcipatus,48460/1/47120/372739/47158/184884/47792/47927/1317178/51128/90467/132663,jpeg
http://inaturalist-open-data.s3.amazonaws.com/photos/111694574/large.jpeg,Onychogomphus forcipatus forcipatus,48460/1/47120/372739/47158/184884/47792/47927/1317178/51128/90467/132663,jpeg
http://inaturalist-open-data.s3.amazonaws.com/photos/111694581/large.jpeg,Onychogomphus forcipatus forcipatus,48460/1/47120/372739/47158/184884/47792/47927/1317178/51128/90467/132663,jpeg
http://inaturalist-open-data.s3.amazonaws.com/photos/111694589/large.jpeg,Onychogomphus forcipatus forcipatus,48460/1/47120/372739/47158/184884/47792/47927/1317178/51128/90467/132663,jpeg
http://inaturalist-open-data.s3.amazonaws.com/photos/111694599/large.jpeg,Onychogomphus forcipatus forcipatus,48460/1/47120/372739/47158/184884/47792/47927/1317178/51128/90467/132663,jpeg
http://inaturalist-open-data.s3.amazonaws.com/photos/111694608/large.jpeg,Onychogomphus forcipatus forcipatus,48460/1/47120/372739/47158/184884/47792/47927/1317178/51128/90467/132663,jpeg
http://inaturalist-open-data.s3.amazonaws.com/photos/111694613/large.jpeg,Onychogomphus forcipatus forcipatus,48460/1/47120/372739/47158/184884/47792/47927/1317178/51128/90467/132663,jpeg
http://inaturalist-open-data.s3.amazonaws.com/photos/139691996/large.jpg,Onychogomphus forcipatus forcipatus,48460/1/47120/372739/47158/184884/47792/47927/1317178/51128/90467/132663,jpg
http://inaturalist-open-data.s3.amazonaws.com/photos/148175024/large.jpeg,Onychogomphus forcipatus forcipatus,48460/1/47120/372739/47158/184884/47792/47927/1317178/51128/90467/132663,jpeg
http://inaturalist-open-data.s3.amazonaws.com/photos/148175008/large.jpeg,Onychogomphus forcipatus forcipatus,48460/1/47120/372739/47158/184884/47792/47927/1317178/51128/90467/132663,jpeg
http://inaturalist-open-data.s3.amazonaws.com/photos/160851773/large.jpg,Onychogomphus forcipatus forcipatus,48460/1/47120/372739/47158/184884/47792/47927/1317178/51128/90467/132663,jpg
http://inaturalist-open-data.s3.amazonaws.com/photos/160851672/large.jpg,Onychogomphus forcipatus forcipatus,48460/1/47120/372739/47158/184884/47792/47927/1317178/51128/90467/132663,jpg
http://inaturalist-open-data.s3.amazonaws.com/photos/160851687/large.jpg,Onychogomphus forcipatus forcipatus,48460/1/47120/372739/47158/184884/47792/47927/1317178/51128/90467/132663,jpg
http://inaturalist-open-data.s3.amazonaws.com/photos/160851714/large.jpg,Onychogomphus forcipatus forcipatus,48460/1/47120/372739/47158/184884/47792/47927/1317178/51128/90467/132663,jpg
http://inaturalist-open-data.s3.amazonaws.com/photos/160851736/large.jpg,Onychogomphus forcipatus forcipatus,48460/1/47120/372739/47158/184884/47792/47927/1317178/51128/90467/132663,jpg
http://inaturalist-open-data.s3.amazonaws.com/photos/160851757/large.jpg,Onychogomphus forcipatus forcipatus,48460/1/47120/372739/47158/184884/47792/47927/1317178/51128/90467/132663,jpg
http://inaturalist-open-data.s3.amazonaws.com/photos/160853652/large.jpg,Onychogomphus forcipatus forcipatus,48460/1/47120/372739/47158/184884/47792/47927/1317178/51128/90467/132663,jpg
http://inaturalist-open-data.s3.amazonaws.com/photos/160853672/large.jpg,Onychogomphus forcipatus forcipatus,48460/1/47120/372739/47158/184884/47792/47927/1317178/51128/90467/132663,jpg
http://inaturalist-open-data.s3.amazonaws.com/photos/160864808/large.jpg,Onychogomphus forcipatus forcipatus,48460/1/47120/372739/47158/184884/47792/47927/1317178/51128/90467/132663,jpg
http://inaturalist-open-data.s3.amazonaws.com/photos/160864823/large.jpg,Onychogomphus forcipatus forcipatus,48460/1/47120/372739/47158/184884/47792/47927/1317178/51128/90467/132663,jpg
http://inaturalist-open-data.s3.amazonaws.com/photos/160864841/large.jpg,Onychogomphus forcipatus forcipatus,48460/1/47120/372739/47158/184884/47792/47927/1317178/51128/90467/132663,jpg
http://inaturalist-open-data.s3.amazonaws.com/photos/160875087/large.jpg,Onychogomphus forcipatus forcipatus,48460/1/47120/372739/47158/184884/47792/47927/1317178/51128/90467/132663,jpg
http://inaturalist-open-data.s3.amazonaws.com/photos/160875070/large.jpg,Onychogomphus forcipatus forcipatus,48460/1/47120/372739/47158/184884/47792/47927/1317178/51128/90467/132663,jpg
http://inaturalist-open-data.s3.amazonaws.com/photos/160875107/large.jpg,Onychogomphus forcipatus forcipatus,48460/1/47120/372739/47158/184884/47792/47927/1317178/51128/90467/132663,jpg
http://inaturalist-open-data.s3.amazonaws.com/photos/160875133/large.jpg,Onychogomphus forcipatus forcipatus,48460/1/47120/372739/47158/184884/47792/47927/1317178/51128/90467/132663,jpg
http://inaturalist-open-data.s3.amazonaws.com/photos/160875144/large.jpg,Onychogomphus forcipatus forcipatus,48460/1/47120/372739/47158/184884/47792/47927/1317178/51128/90467/132663,jpg
http://inaturalist-open-data.s3.amazonaws.com/photos/160875167/large.jpg,Onychogomphus forcipatus forcipatus,48460/1/47120/372739/47158/184884/47792/47927/1317178/51128/90467/132663,jpg
http://inaturalist-open-data.s3.amazonaws.com/photos/160875636/large.jpg,Onychogomphus forcipatus forcipatus,48460/1/47120/372739/47158/184884/47792/47927/1317178/51128/90467/132663,jpg
http://inaturalist-open-data.s3.amazonaws.com/photos/161623951/large.jpg,Onychogomphus forcipatus forcipatus,48460/1/47120/372739/47158/184884/47792/47927/1317178/51128/90467/132663,jpg
http://inaturalist-open-data.s3.amazonaws.com/photos/161623975/large.jpg,Onychogomphus forcipatus forcipatus,48460/1/47120/372739/47158/184884/47792/47927/1317178/51128/90467/132663,jpg
http://inaturalist-open-data.s3.amazonaws.com/photos/161623988/large.jpg,Onychogomphus forcipatus forcipatus,48460/1/47120/372739/47158/184884/47792/47927/1317178/51128/90467/132663,jpg
http://inaturalist-open-data.s3.amazonaws.com/photos/161623997/large.jpg,Onychogomphus forcipatus forcipatus,48460/1/47120/372739/47158/184884/47792/47927/1317178/51128/90467/132663,jpg
http://inaturalist-open-data.s3.amazonaws.com/photos/162080824/large.jpg,Onychogomphus forcipatus forcipatus,48460/1/47120/372739/47158/184884/47792/47927/1317178/51128/90467/132663,jpg
http://inaturalist-open-data.s3.amazonaws.com/photos/162080810/large.jpg,Onychogomphus forcipatus forcipatus,48460/1/47120/372739/47158/184884/47792/47927/1317178/51128/90467/132663,jpg
http://inaturalist-open-data.s3.amazonaws.com/photos/163401472/large.jpeg,Onychogomphus forcipatus forcipatus,48460/1/47120/372739/47158/184884/47792/47927/1317178/51128/90467/132663,jpeg
http://inaturalist-open-data.s3.amazonaws.com/photos/163401488/large.jpeg,Onychogomphus forcipatus forcipatus,48460/1/47120/372739/47158/184884/47792/47927/1317178/51128/90467/132663,jpeg
http://inaturalist-open-data.s3.amazonaws.com/photos/163401622/large.jpeg,Onychogomphus forcipatus forcipatus,48460/1/47120/372739/47158/184884/47792/47927/1317178/51128/90467/132663,jpeg
http://inaturalist-open-data.s3.amazonaws.com/photos/163401629/large.jpeg,Onychogomphus forcipatus forcipatus,48460/1/47120/372739/47158/184884/47792/47927/1317178/51128/90467/132663,jpeg
http://inaturalist-open-data.s3.amazonaws.com/photos/163401640/large.jpeg,Onychogomphus forcipatus forcipatus,48460/1/47120/372739/47158/184884/47792/47927/1317178/51128/90467/132663,jpeg
http://inaturalist-open-data.s3.amazonaws.com/photos/163401657/large.jpeg,Onychogomphus forcipatus forcipatus,48460/1/47120/372739/47158/184884/47792/47927/1317178/51128/90467/132663,jpeg
http://inaturalist-open-data.s3.amazonaws.com/photos/163403614/large.jpeg,Onychogomphus forcipatus forcipatus,48460/1/47120/372739/47158/184884/47792/47927/1317178/51128/90467/132663,jpeg
http://inaturalist-open-data.s3.amazonaws.com/photos/163403621/large.jpeg,Onychogomphus forcipatus forcipatus,48460/1/47120/372739/47158/184884/47792/47927/1317178/51128/90467/132663,jpeg
http://inaturalist-open-data.s3.amazonaws.com/photos/164882193/large.jpeg,Onychogomphus forcipatus forcipatus,48460/1/47120/372739/47158/184884/47792/47927/1317178/51128/90467/132663,jpeg
http://inaturalist-open-data.s3.amazonaws.com/photos/164882198/large.jpeg,Onychogomphus forcipatus forcipatus,48460/1/47120/372739/47158/184884/47792/47927/1317178/51128/90467/132663,jpeg
http://inaturalist-open-data.s3.amazonaws.com/photos/164882209/large.jpeg,Onychogomphus forcipatus forcipatus,48460/1/47120/372739/47158/184884/47792/47927/1317178/51128/90467/132663,jpeg
http://inaturalist-open-data.s3.amazonaws.com/photos/164892124/large.jpeg,Onychogomphus forcipatus forcipatus,48460/1/47120/372739/47158/184884/47792/47927/1317178/51128/90467/132663,jpeg
http://inaturalist-open-data.s3.amazonaws.com/photos/164892113/large.jpeg,Onychogomphus forcipatus forcipatus,48460/1/47120/372739/47158/184884/47792/47927/1317178/51128/90467/132663,jpeg
http://inaturalist-open-data.s3.amazonaws.com/photos/164892131/large.jpeg,Onychogomphus forcipatus forcipatus,48460/1/47120/372739/47158/184884/47792/47927/1317178/51128/90467/132663,jpeg
http://inaturalist-open-data.s3.amazonaws.com/photos/164892139/large.jpeg,Onychogomphus forcipatus forcipatus,48460/1/47120/372739/47158/184884/47792/47927/1317178/51128/90467/132663,jpeg
http://inaturalist-open-data.s3.amazonaws.com/photos/164893451/large.jpeg,Onychogomphus forcipatus forcipatus,48460/1/47120/372739/47158/184884/47792/47927/1317178/51128/90467/132663,jpeg
http://inaturalist-open-data.s3.amazonaws.com/photos/164893461/large.jpeg,Onychogomphus forcipatus forcipatus,48460/1/47120/372739/47158/184884/47792/47927/1317178/51128/90467/132663,jpeg
http://inaturalist-open-data.s3.amazonaws.com/photos/164893470/large.jpeg,Onychogomphus forcipatus forcipatus,48460/1/47120/372739/47158/184884/47792/47927/1317178/51128/90467/132663,jpeg
http://inaturalist-open-data.s3.amazonaws.com/photos/164893479/large.jpeg,Onychogomphus forcipatus forcipatus,48460/1/47120/372739/47158/184884/47792/47927/1317178/51128/90467/132663,jpeg
http://inaturalist-open-data.s3.amazonaws.com/photos/164893496/large.jpeg,Onychogomphus forcipatus forcipatus,48460/1/47120/372739/47158/184884/47792/47927/1317178/51128/90467/132663,jpeg
http://inaturalist-open-data.s3.amazonaws.com/photos/164893742/large.jpeg,Onychogomphus forcipatus forcipatus,48460/1/47120/372739/47158/184884/47792/47927/1317178/51128/90467/132663,jpeg
http://inaturalist-open-data.s3.amazonaws.com/photos/164893753/large.jpeg,Onychogomphus forcipatus forcipatus,48460/1/47120/372739/47158/184884/47792/47927/1317178/51128/90467/132663,jpeg
http://inaturalist-open-data.s3.amazonaws.com/photos/165533207/large.jpeg,Onychogomphus forcipatus forcipatus,48460/1/47120/372739/47158/184884/47792/47927/1317178/51128/90467/132663,jpeg
http://inaturalist-open-data.s3.amazonaws.com/photos/165533213/large.jpeg,Onychogomphus forcipatus forcipatus,48460/1/47120/372739/47158/184884/47792/47927/1317178/51128/90467/132663,jpeg
http://inaturalist-open-data.s3.amazonaws.com/photos/165533221/large.jpeg,Onychogomphus forcipatus forcipatus,48460/1/47120/372739/47158/184884/47792/47927/1317178/51128/90467/132663,jpeg
http://inaturalist-open-data.s3.amazonaws.com/photos/165533200/large.jpeg,Onychogomphus forcipatus forcipatus,48460/1/47120/372739/47158/184884/47792/47927/1317178/51128/90467/132663,jpeg
http://inaturalist-open-data.s3.amazonaws.com/photos/165533183/large.jpeg,Onychogomphus forcipatus forcipatus,48460/1/47120/372739/47158/184884/47792/47927/1317178/51128/90467/132663,jpeg
http://inaturalist-open-data.s3.amazonaws.com/photos/165533191/large.jpeg,Onychogomphus forcipatus forcipatus,48460/1/47120/372739/47158/184884/47792/47927/1317178/51128/90467/132663,jpeg
http://inaturalist-open-data.s3.amazonaws.com/photos/165533398/large.jpeg,Onychogomphus forcipatus forcipatus,48460/1/47120/372739/47158/184884/47792/47927/1317178/51128/90467/132663,jpeg
http://inaturalist-open-data.s3.amazonaws.com/photos/165533390/large.jpeg,Onychogomphus forcipatus forcipatus,48460/1/47120/372739/47158/184884/47792/47927/1317178/51128/90467/132663,jpeg
http://inaturalist-open-data.s3.amazonaws.com/photos/165533408/large.jpeg,Onychogomphus forcipatus forcipatus,48460/1/47120/372739/47158/184884/47792/47927/1317178/51128/90467/132663,jpeg
http://inaturalist-open-data.s3.amazonaws.com/photos/165533415/large.jpeg,Onychogomphus forcipatus forcipatus,48460/1/47120/372739/47158/184884/47792/47927/1317178/51128/90467/132663,jpeg
http://inaturalist-open-data.s3.amazonaws.com/photos/165533425/large.jpeg,Onychogomphus forcipatus forcipatus,48460/1/47120/372739/47158/184884/47792/47927/1317178/51128/90467/132663,jpeg
http://inaturalist-open-data.s3.amazonaws.com/photos/165533498/large.jpeg,Onychogomphus forcipatus forcipatus,48460/1/47120/372739/47158/184884/47792/47927/1317178/51128/90467/132663,jpeg
http://inaturalist-open-data.s3.amazonaws.com/photos/165533489/large.jpeg,Onychogomphus forcipatus forcipatus,48460/1/47120/372739/47158/184884/47792/47927/1317178/51128/90467/132663,jpeg
http://inaturalist-open-data.s3.amazonaws.com/photos/165533508/large.jpeg,Onychogomphus forcipatus forcipatus,48460/1/47120/372739/47158/184884/47792/47927/1317178/51128/90467/132663,jpeg
http://inaturalist-open-data.s3.amazonaws.com/photos/165533521/large.jpeg,Onychogomphus forcipatus forcipatus,48460/1/47120/372739/47158/184884/47792/47927/1317178/51128/90467/132663,jpeg
http://inaturalist-open-data.s3.amazonaws.com/photos/165533532/large.jpeg,Onychogomphus forcipatus forcipatus,48460/1/47120/372739/47158/184884/47792/47927/1317178/51128/90467/132663,jpeg
http://inaturalist-open-data.s3.amazonaws.com/photos/165533546/large.jpeg,Onychogomphus forcipatus forcipatus,48460/1/47120/372739/47158/184884/47792/47927/1317178/51128/90467/132663,jpeg
http://inaturalist-open-data.s3.amazonaws.com/photos/165533554/large.jpeg,Onychogomphus forcipatus forcipatus,48460/1/47120/372739/47158/184884/47792/47927/1317178/51128/90467/132663,jpeg
http://inaturalist-open-data.s3.amazonaws.com/photos/165533561/large.jpeg,Onychogomphus forcipatus forcipatus,48460/1/47120/372739/47158/184884/47792/47927/1317178/51128/90467/132663,jpeg
http://inaturalist-open-data.s3.amazonaws.com/photos/165534217/large.jpeg,Onychogomphus forcipatus forcipatus,48460/1/47120/372739/47158/184884/47792/47927/1317178/51128/90467/132663,jpeg
http://inaturalist-open-data.s3.amazonaws.com/photos/165534224/large.jpeg,Onychogomphus forcipatus forcipatus,48460/1/47120/372739/47158/184884/47792/47927/1317178/51128/90467/132663,jpeg
http://inaturalist-open-data.s3.amazonaws.com/photos/165534504/large.jpeg,Onychogomphus forcipatus forcipatus,48460/1/47120/372739/47158/184884/47792/47927/1317178/51128/90467/132663,jpeg
http://inaturalist-open-data.s3.amazonaws.com/photos/165534513/large.jpeg,Onychogomphus forcipatus forcipatus,48460/1/47120/372739/47158/184884/47792/47927/1317178/51128/90467/132663,jpeg
http://inaturalist-open-data.s3.amazonaws.com/photos/165534522/large.jpeg,Onychogomphus forcipatus forcipatus,48460/1/47120/372739/47158/184884/47792/47927/1317178/51128/90467/132663,jpeg
http://inaturalist-open-data.s3.amazonaws.com/photos/165534529/large.jpeg,Onychogomphus forcipatus forcipatus,48460/1/47120/372739/47158/184884/47792/47927/1317178/51128/90467/132663,jpeg
http://inaturalist-open-data.s3.amazonaws.com/photos/165534539/large.jpeg,Onychogomphus forcipatus forcipatus,48460/1/47120/372739/47158/184884/47792/47927/1317178/51128/90467/132663,jpeg
http://inaturalist-open-data.s3.amazonaws.com/photos/165534548/large.jpeg,Onychogomphus forcipatus forcipatus,48460/1/47120/372739/47158/184884/47792/47927/1317178/51128/90467/132663,jpeg
http://inaturalist-open-data.s3.amazonaws.com/photos/165534623/large.jpeg,Onychogomphus forcipatus forcipatus,48460/1/47120/372739/47158/184884/47792/47927/1317178/51128/90467/132663,jpeg
http://inaturalist-open-data.s3.amazonaws.com/photos/165534618/large.jpeg,Onychogomphus forcipatus forcipatus,48460/1/47120/372739/47158/184884/47792/47927/1317178/51128/90467/132663,jpeg
http://inaturalist-open-data.s3.amazonaws.com/photos/165534634/large.jpeg,Onychogomphus forcipatus forcipatus,48460/1/47120/372739/47158/184884/47792/47927/1317178/51128/90467/132663,jpeg
http://inaturalist-open-data.s3.amazonaws.com/photos/165534803/large.jpeg,Onychogomphus forcipatus forcipatus,48460/1/47120/372739/47158/184884/47792/47927/1317178/51128/90467/132663,jpeg
http://inaturalist-open-data.s3.amazonaws.com/photos/165534809/large.jpeg,Onychogomphus forcipatus forcipatus,48460/1/47120/372739/47158/184884/47792/47927/1317178/51128/90467/132663,jpeg
http://inaturalist-open-data.s3.amazonaws.com/photos/165545606/large.jpeg,Onychogomphus forcipatus forcipatus,48460/1/47120/372739/47158/184884/47792/47927/1317178/51128/90467/132663,jpeg
http://inaturalist-open-data.s3.amazonaws.com/photos/165545617/large.jpeg,Onychogomphus forcipatus forcipatus,48460/1/47120/372739/47158/184884/47792/47927/1317178/51128/90467/132663,jpeg
http://inaturalist-open-data.s3.amazonaws.com/photos/165545627/large.jpeg,Onychogomphus forcipatus forcipatus,48460/1/47120/372739/47158/184884/47792/47927/1317178/51128/90467/132663,jpeg
http://inaturalist-open-data.s3.amazonaws.com/photos/165545805/large.jpeg,Onychogomphus forcipatus forcipatus,48460/1/47120/372739/47158/184884/47792/47927/1317178/51128/90467/132663,jpeg
http://inaturalist-open-data.s3.amazonaws.com/photos/165545813/large.jpeg,Onychogomphus forcipatus forcipatus,48460/1/47120/372739/47158/184884/47792/47927/1317178/51128/90467/132663,jpeg
http://inaturalist-open-data.s3.amazonaws.com/photos/174089835/large.jpeg,Onychogomphus forcipatus forcipatus,48460/1/47120/372739/47158/184884/47792/47927/1317178/51128/90467/132663,jpeg
