photo_url_large,taxon_name,ancestry,extension
http://inaturalist-open-data.s3.amazonaws.com/photos/2094800/large.jpg,Onychogomphus forcipatus unguiculatus,48460/1/47120/372739/47158/184884/47792/47927/1317178/51128/90467/132663,jpg
http://inaturalist-open-data.s3.amazonaws.com/photos/2180660/large.JPG,Onychogomphus forcipatus unguiculatus,48460/1/47120/372739/47158/184884/47792/47927/1317178/51128/90467/132663,JPG
http://inaturalist-open-data.s3.amazonaws.com/photos/2180719/large.JPG,Onychogomphus forcipatus unguiculatus,48460/1/47120/372739/47158/184884/47792/47927/1317178/51128/90467/132663,JPG
http://inaturalist-open-data.s3.amazonaws.com/photos/2189180/large.JPG,Onychogomphus forcipatus unguiculatus,48460/1/47120/372739/47158/184884/47792/47927/1317178/51128/90467/132663,JPG
http://inaturalist-open-data.s3.amazonaws.com/photos/2198566/large.JPG,Onychogomphus forcipatus unguiculatus,48460/1/47120/372739/47158/184884/47792/47927/1317178/51128/90467/132663,JPG
http://inaturalist-open-data.s3.amazonaws.com/photos/2260494/large.JPG,Onychogomphus forcipatus unguiculatus,48460/1/47120/372739/47158/184884/47792/47927/1317178/51128/90467/132663,JPG
http://inaturalist-open-data.s3.amazonaws.com/photos/2260495/large.JPG,Onychogomphus forcipatus unguiculatus,48460/1/47120/372739/47158/184884/47792/47927/1317178/51128/90467/132663,JPG
http://inaturalist-open-data.s3.amazonaws.com/photos/2260496/large.JPG,Onychogomphus forcipatus unguiculatus,48460/1/47120/372739/47158/184884/47792/47927/1317178/51128/90467/132663,JPG
http://inaturalist-open-data.s3.amazonaws.com/photos/3048780/large.JPG,Onychogomphus forcipatus unguiculatus,48460/1/47120/372739/47158/184884/47792/47927/1317178/51128/90467/132663,JPG
http://inaturalist-open-data.s3.amazonaws.com/photos/4041209/large.jpg,Onychogomphus forcipatus unguiculatus,48460/1/47120/372739/47158/184884/47792/47927/1317178/51128/90467/132663,jpg
http://inaturalist-open-data.s3.amazonaws.com/photos/4041210/large.jpg,Onychogomphus forcipatus unguiculatus,48460/1/47120/372739/47158/184884/47792/47927/1317178/51128/90467/132663,jpg
http://inaturalist-open-data.s3.amazonaws.com/photos/4041211/large.jpg,Onychogomphus forcipatus unguiculatus,48460/1/47120/372739/47158/184884/47792/47927/1317178/51128/90467/132663,jpg
http://inaturalist-open-data.s3.amazonaws.com/photos/4041212/large.jpg,Onychogomphus forcipatus unguiculatus,48460/1/47120/372739/47158/184884/47792/47927/1317178/51128/90467/132663,jpg
http://inaturalist-open-data.s3.amazonaws.com/photos/4041213/large.jpg,Onychogomphus forcipatus unguiculatus,48460/1/47120/372739/47158/184884/47792/47927/1317178/51128/90467/132663,jpg
http://inaturalist-open-data.s3.amazonaws.com/photos/5019275/large.jpg,Onychogomphus forcipatus unguiculatus,48460/1/47120/372739/47158/184884/47792/47927/1317178/51128/90467/132663,jpg
http://inaturalist-open-data.s3.amazonaws.com/photos/5019262/large.jpg,Onychogomphus forcipatus unguiculatus,48460/1/47120/372739/47158/184884/47792/47927/1317178/51128/90467/132663,jpg
http://inaturalist-open-data.s3.amazonaws.com/photos/6000658/large.jpeg,Onychogomphus forcipatus unguiculatus,48460/1/47120/372739/47158/184884/47792/47927/1317178/51128/90467/132663,jpeg
http://inaturalist-open-data.s3.amazonaws.com/photos/6000656/large.jpeg,Onychogomphus forcipatus unguiculatus,48460/1/47120/372739/47158/184884/47792/47927/1317178/51128/90467/132663,jpeg
http://inaturalist-open-data.s3.amazonaws.com/photos/6000657/large.jpeg,Onychogomphus forcipatus unguiculatus,48460/1/47120/372739/47158/184884/47792/47927/1317178/51128/90467/132663,jpeg
http://inaturalist-open-data.s3.amazonaws.com/photos/6026308/large.jpeg,Onychogomphus forcipatus unguiculatus,48460/1/47120/372739/47158/184884/47792/47927/1317178/51128/90467/132663,jpeg
http://inaturalist-open-data.s3.amazonaws.com/photos/6026307/large.jpeg,Onychogomphus forcipatus unguiculatus,48460/1/47120/372739/47158/184884/47792/47927/1317178/51128/90467/132663,jpeg
http://inaturalist-open-data.s3.amazonaws.com/photos/6230424/large.jpg,Onychogomphus forcipatus unguiculatus,48460/1/47120/372739/47158/184884/47792/47927/1317178/51128/90467/132663,jpg
http://inaturalist-open-data.s3.amazonaws.com/photos/7691847/large.jpeg,Onychogomphus forcipatus unguiculatus,48460/1/47120/372739/47158/184884/47792/47927/1317178/51128/90467/132663,jpeg
http://inaturalist-open-data.s3.amazonaws.com/photos/8464880/large.jpeg,Onychogomphus forcipatus unguiculatus,48460/1/47120/372739/47158/184884/47792/47927/1317178/51128/90467/132663,jpeg
http://inaturalist-open-data.s3.amazonaws.com/photos/8762040/large.jpeg,Onychogomphus forcipatus unguiculatus,48460/1/47120/372739/47158/184884/47792/47927/1317178/51128/90467/132663,jpeg
http://inaturalist-open-data.s3.amazonaws.com/photos/8762042/large.jpeg,Onychogomphus forcipatus unguiculatus,48460/1/47120/372739/47158/184884/47792/47927/1317178/51128/90467/132663,jpeg
http://inaturalist-open-data.s3.amazonaws.com/photos/8786086/large.jpg,Onychogomphus forcipatus unguiculatus,48460/1/47120/372739/47158/184884/47792/47927/1317178/51128/90467/132663,jpg
http://inaturalist-open-data.s3.amazonaws.com/photos/8870342/large.jpg,Onychogomphus forcipatus unguiculatus,48460/1/47120/372739/47158/184884/47792/47927/1317178/51128/90467/132663,jpg
http://inaturalist-open-data.s3.amazonaws.com/photos/9127106/large.jpeg,Onychogomphus forcipatus unguiculatus,48460/1/47120/372739/47158/184884/47792/47927/1317178/51128/90467/132663,jpeg
http://inaturalist-open-data.s3.amazonaws.com/photos/10469067/large.jpg,Onychogomphus forcipatus unguiculatus,48460/1/47120/372739/47158/184884/47792/47927/1317178/51128/90467/132663,jpg
http://inaturalist-open-data.s3.amazonaws.com/photos/11242860/large.jpeg,Onychogomphus forcipatus unguiculatus,48460/1/47120/372739/47158/184884/47792/47927/1317178/51128/90467/132663,jpeg
http://inaturalist-open-data.s3.amazonaws.com/photos/11301315/large.jpg,Onychogomphus forcipatus unguiculatus,48460/1/47120/372739/47158/184884/47792/47927/1317178/51128/90467/132663,jpg
http://inaturalist-open-data.s3.amazonaws.com/photos/13357093/large.jpeg,Onychogomphus forcipatus unguiculatus,48460/1/47120/372739/47158/184884/47792/47927/1317178/51128/90467/132663,jpeg
http://inaturalist-open-data.s3.amazonaws.com/photos/13357098/large.jpeg,Onychogomphus forcipatus unguiculatus,48460/1/47120/372739/47158/184884/47792/47927/1317178/51128/90467/132663,jpeg
http://inaturalist-open-data.s3.amazonaws.com/photos/13357127/large.jpeg,Onychogomphus forcipatus unguiculatus,48460/1/47120/372739/47158/184884/47792/47927/1317178/51128/90467/132663,jpeg
http://inaturalist-open-data.s3.amazonaws.com/photos/13357126/large.jpeg,Onychogomphus forcipatus unguiculatus,48460/1/47120/372739/47158/184884/47792/47927/1317178/51128/90467/132663,jpeg
http://inaturalist-open-data.s3.amazonaws.com/photos/13357144/large.jpeg,Onychogomphus forcipatus unguiculatus,48460/1/47120/372739/47158/184884/47792/47927/1317178/51128/90467/132663,jpeg
http://inaturalist-open-data.s3.amazonaws.com/photos/21124660/large.jpeg,Onychogomphus forcipatus unguiculatus,48460/1/47120/372739/47158/184884/47792/47927/1317178/51128/90467/132663,jpeg
http://inaturalist-open-data.s3.amazonaws.com/photos/21798191/large.jpeg,Onychogomphus forcipatus unguiculatus,48460/1/47120/372739/47158/184884/47792/47927/1317178/51128/90467/132663,jpeg
http://inaturalist-open-data.s3.amazonaws.com/photos/22695506/large.jpeg,Onychogomphus forcipatus unguiculatus,48460/1/47120/372739/47158/184884/47792/47927/1317178/51128/90467/132663,jpeg
http://inaturalist-open-data.s3.amazonaws.com/photos/22695517/large.jpeg,Onychogomphus forcipatus unguiculatus,48460/1/47120/372739/47158/184884/47792/47927/1317178/51128/90467/132663,jpeg
http://inaturalist-open-data.s3.amazonaws.com/photos/23533127/large.jpeg,Onychogomphus forcipatus unguiculatus,48460/1/47120/372739/47158/184884/47792/47927/1317178/51128/90467/132663,jpeg
http://inaturalist-open-data.s3.amazonaws.com/photos/23533132/large.jpeg,Onychogomphus forcipatus unguiculatus,48460/1/47120/372739/47158/184884/47792/47927/1317178/51128/90467/132663,jpeg
http://inaturalist-open-data.s3.amazonaws.com/photos/23533141/large.jpeg,Onychogomphus forcipatus unguiculatus,48460/1/47120/372739/47158/184884/47792/47927/1317178/51128/90467/132663,jpeg
http://inaturalist-open-data.s3.amazonaws.com/photos/42492178/large.jpeg,Onychogomphus forcipatus unguiculatus,48460/1/47120/372739/47158/184884/47792/47927/1317178/51128/90467/132663,jpeg
http://inaturalist-open-data.s3.amazonaws.com/photos/42492275/large.jpeg,Onychogomphus forcipatus unguiculatus,48460/1/47120/372739/47158/184884/47792/47927/1317178/51128/90467/132663,jpeg
http://inaturalist-open-data.s3.amazonaws.com/photos/42492298/large.jpeg,Onychogomphus forcipatus unguiculatus,48460/1/47120/372739/47158/184884/47792/47927/1317178/51128/90467/132663,jpeg
http://inaturalist-open-data.s3.amazonaws.com/photos/43521282/large.jpg,Onychogomphus forcipatus unguiculatus,48460/1/47120/372739/47158/184884/47792/47927/1317178/51128/90467/132663,jpg
http://inaturalist-open-data.s3.amazonaws.com/photos/43626338/large.jpeg,Onychogomphus forcipatus unguiculatus,48460/1/47120/372739/47158/184884/47792/47927/1317178/51128/90467/132663,jpeg
http://inaturalist-open-data.s3.amazonaws.com/photos/45029901/large.jpeg,Onychogomphus forcipatus unguiculatus,48460/1/47120/372739/47158/184884/47792/47927/1317178/51128/90467/132663,jpeg
http://inaturalist-open-data.s3.amazonaws.com/photos/45498429/large.jpeg,Onychogomphus forcipatus unguiculatus,48460/1/47120/372739/47158/184884/47792/47927/1317178/51128/90467/132663,jpeg
http://inaturalist-open-data.s3.amazonaws.com/photos/46414921/large.jpeg,Onychogomphus forcipatus unguiculatus,48460/1/47120/372739/47158/184884/47792/47927/1317178/51128/90467/132663,jpeg
http://inaturalist-open-data.s3.amazonaws.com/photos/47099089/large.jpeg,Onychogomphus forcipatus unguiculatus,48460/1/47120/372739/47158/184884/47792/47927/1317178/51128/90467/132663,jpeg
http://inaturalist-open-data.s3.amazonaws.com/photos/47099097/large.jpeg,Onychogomphus forcipatus unguiculatus,48460/1/47120/372739/47158/184884/47792/47927/1317178/51128/90467/132663,jpeg
http://inaturalist-open-data.s3.amazonaws.com/photos/47099100/large.jpeg,Onychogomphus forcipatus unguiculatus,48460/1/47120/372739/47158/184884/47792/47927/1317178/51128/90467/132663,jpeg
http://inaturalist-open-data.s3.amazonaws.com/photos/47099285/large.jpeg,Onychogomphus forcipatus unguiculatus,48460/1/47120/372739/47158/184884/47792/47927/1317178/51128/90467/132663,jpeg
http://inaturalist-open-data.s3.amazonaws.com/photos/47099288/large.jpeg,Onychogomphus forcipatus unguiculatus,48460/1/47120/372739/47158/184884/47792/47927/1317178/51128/90467/132663,jpeg
http://inaturalist-open-data.s3.amazonaws.com/photos/47416857/large.jpeg,Onychogomphus forcipatus unguiculatus,48460/1/47120/372739/47158/184884/47792/47927/1317178/51128/90467/132663,jpeg
http://inaturalist-open-data.s3.amazonaws.com/photos/47858097/large.jpg,Onychogomphus forcipatus unguiculatus,48460/1/47120/372739/47158/184884/47792/47927/1317178/51128/90467/132663,jpg
http://inaturalist-open-data.s3.amazonaws.com/photos/52395236/large.jpg,Onychogomphus forcipatus unguiculatus,48460/1/47120/372739/47158/184884/47792/47927/1317178/51128/90467/132663,jpg
http://inaturalist-open-data.s3.amazonaws.com/photos/53103848/large.jpg,Onychogomphus forcipatus unguiculatus,48460/1/47120/372739/47158/184884/47792/47927/1317178/51128/90467/132663,jpg
http://inaturalist-open-data.s3.amazonaws.com/photos/58224658/large.jpeg,Onychogomphus forcipatus unguiculatus,48460/1/47120/372739/47158/184884/47792/47927/1317178/51128/90467/132663,jpeg
http://inaturalist-open-data.s3.amazonaws.com/photos/63140677/large.jpeg,Onychogomphus forcipatus unguiculatus,48460/1/47120/372739/47158/184884/47792/47927/1317178/51128/90467/132663,jpeg
http://inaturalist-open-data.s3.amazonaws.com/photos/63140699/large.jpeg,Onychogomphus forcipatus unguiculatus,48460/1/47120/372739/47158/184884/47792/47927/1317178/51128/90467/132663,jpeg
http://inaturalist-open-data.s3.amazonaws.com/photos/69324191/large.jpeg,Onychogomphus forcipatus unguiculatus,48460/1/47120/372739/47158/184884/47792/47927/1317178/51128/90467/132663,jpeg
http://inaturalist-open-data.s3.amazonaws.com/photos/82188459/large.jpg,Onychogomphus forcipatus unguiculatus,48460/1/47120/372739/47158/184884/47792/47927/1317178/51128/90467/132663,jpg
http://inaturalist-open-data.s3.amazonaws.com/photos/82188183/large.jpg,Onychogomphus forcipatus unguiculatus,48460/1/47120/372739/47158/184884/47792/47927/1317178/51128/90467/132663,jpg
http://inaturalist-open-data.s3.amazonaws.com/photos/82649458/large.jpeg,Onychogomphus forcipatus unguiculatus,48460/1/47120/372739/47158/184884/47792/47927/1317178/51128/90467/132663,jpeg
http://inaturalist-open-data.s3.amazonaws.com/photos/83932821/large.jpg,Onychogomphus forcipatus unguiculatus,48460/1/47120/372739/47158/184884/47792/47927/1317178/51128/90467/132663,jpg
http://inaturalist-open-data.s3.amazonaws.com/photos/83932825/large.jpg,Onychogomphus forcipatus unguiculatus,48460/1/47120/372739/47158/184884/47792/47927/1317178/51128/90467/132663,jpg
http://inaturalist-open-data.s3.amazonaws.com/photos/88868500/large.png,Onychogomphus forcipatus unguiculatus,48460/1/47120/372739/47158/184884/47792/47927/1317178/51128/90467/132663,png
http://inaturalist-open-data.s3.amazonaws.com/photos/88871590/large.png,Onychogomphus forcipatus unguiculatus,48460/1/47120/372739/47158/184884/47792/47927/1317178/51128/90467/132663,png
http://inaturalist-open-data.s3.amazonaws.com/photos/95371096/large.jpg,Onychogomphus forcipatus unguiculatus,48460/1/47120/372739/47158/184884/47792/47927/1317178/51128/90467/132663,jpg
http://inaturalist-open-data.s3.amazonaws.com/photos/108289703/large.jpg,Onychogomphus forcipatus unguiculatus,48460/1/47120/372739/47158/184884/47792/47927/1317178/51128/90467/132663,jpg
http://inaturalist-open-data.s3.amazonaws.com/photos/111249278/large.jpg,Onychogomphus forcipatus unguiculatus,48460/1/47120/372739/47158/184884/47792/47927/1317178/51128/90467/132663,jpg
http://inaturalist-open-data.s3.amazonaws.com/photos/111249272/large.jpg,Onychogomphus forcipatus unguiculatus,48460/1/47120/372739/47158/184884/47792/47927/1317178/51128/90467/132663,jpg
http://inaturalist-open-data.s3.amazonaws.com/photos/111392873/large.jpg,Onychogomphus forcipatus unguiculatus,48460/1/47120/372739/47158/184884/47792/47927/1317178/51128/90467/132663,jpg
http://inaturalist-open-data.s3.amazonaws.com/photos/111392879/large.jpg,Onychogomphus forcipatus unguiculatus,48460/1/47120/372739/47158/184884/47792/47927/1317178/51128/90467/132663,jpg
http://inaturalist-open-data.s3.amazonaws.com/photos/111392870/large.jpg,Onychogomphus forcipatus unguiculatus,48460/1/47120/372739/47158/184884/47792/47927/1317178/51128/90467/132663,jpg
http://inaturalist-open-data.s3.amazonaws.com/photos/111430045/large.jpg,Onychogomphus forcipatus unguiculatus,48460/1/47120/372739/47158/184884/47792/47927/1317178/51128/90467/132663,jpg
http://inaturalist-open-data.s3.amazonaws.com/photos/111833226/large.jpg,Onychogomphus forcipatus unguiculatus,48460/1/47120/372739/47158/184884/47792/47927/1317178/51128/90467/132663,jpg
http://inaturalist-open-data.s3.amazonaws.com/photos/111833219/large.jpg,Onychogomphus forcipatus unguiculatus,48460/1/47120/372739/47158/184884/47792/47927/1317178/51128/90467/132663,jpg
http://inaturalist-open-data.s3.amazonaws.com/photos/111833232/large.jpg,Onychogomphus forcipatus unguiculatus,48460/1/47120/372739/47158/184884/47792/47927/1317178/51128/90467/132663,jpg
http://inaturalist-open-data.s3.amazonaws.com/photos/112555686/large.jpg,Onychogomphus forcipatus unguiculatus,48460/1/47120/372739/47158/184884/47792/47927/1317178/51128/90467/132663,jpg
http://inaturalist-open-data.s3.amazonaws.com/photos/112599540/large.jpg,Onychogomphus forcipatus unguiculatus,48460/1/47120/372739/47158/184884/47792/47927/1317178/51128/90467/132663,jpg
http://inaturalist-open-data.s3.amazonaws.com/photos/112607129/large.jpg,Onychogomphus forcipatus unguiculatus,48460/1/47120/372739/47158/184884/47792/47927/1317178/51128/90467/132663,jpg
http://inaturalist-open-data.s3.amazonaws.com/photos/139001479/large.jpeg,Onychogomphus forcipatus unguiculatus,48460/1/47120/372739/47158/184884/47792/47927/1317178/51128/90467/132663,jpeg
http://inaturalist-open-data.s3.amazonaws.com/photos/139049127/large.jpeg,Onychogomphus forcipatus unguiculatus,48460/1/47120/372739/47158/184884/47792/47927/1317178/51128/90467/132663,jpeg
http://inaturalist-open-data.s3.amazonaws.com/photos/141245098/large.jpeg,Onychogomphus forcipatus unguiculatus,48460/1/47120/372739/47158/184884/47792/47927/1317178/51128/90467/132663,jpeg
http://inaturalist-open-data.s3.amazonaws.com/photos/142568123/large.jpeg,Onychogomphus forcipatus unguiculatus,48460/1/47120/372739/47158/184884/47792/47927/1317178/51128/90467/132663,jpeg
http://inaturalist-open-data.s3.amazonaws.com/photos/142568161/large.jpeg,Onychogomphus forcipatus unguiculatus,48460/1/47120/372739/47158/184884/47792/47927/1317178/51128/90467/132663,jpeg
http://inaturalist-open-data.s3.amazonaws.com/photos/142568173/large.jpeg,Onychogomphus forcipatus unguiculatus,48460/1/47120/372739/47158/184884/47792/47927/1317178/51128/90467/132663,jpeg
http://inaturalist-open-data.s3.amazonaws.com/photos/144156763/large.jpg,Onychogomphus forcipatus unguiculatus,48460/1/47120/372739/47158/184884/47792/47927/1317178/51128/90467/132663,jpg
http://inaturalist-open-data.s3.amazonaws.com/photos/149710508/large.jpeg,Onychogomphus forcipatus unguiculatus,48460/1/47120/372739/47158/184884/47792/47927/1317178/51128/90467/132663,jpeg
http://inaturalist-open-data.s3.amazonaws.com/photos/149710528/large.jpeg,Onychogomphus forcipatus unguiculatus,48460/1/47120/372739/47158/184884/47792/47927/1317178/51128/90467/132663,jpeg
http://inaturalist-open-data.s3.amazonaws.com/photos/149710544/large.jpeg,Onychogomphus forcipatus unguiculatus,48460/1/47120/372739/47158/184884/47792/47927/1317178/51128/90467/132663,jpeg
http://inaturalist-open-data.s3.amazonaws.com/photos/149710563/large.jpeg,Onychogomphus forcipatus unguiculatus,48460/1/47120/372739/47158/184884/47792/47927/1317178/51128/90467/132663,jpeg
http://inaturalist-open-data.s3.amazonaws.com/photos/149710584/large.jpeg,Onychogomphus forcipatus unguiculatus,48460/1/47120/372739/47158/184884/47792/47927/1317178/51128/90467/132663,jpeg
http://inaturalist-open-data.s3.amazonaws.com/photos/149710615/large.jpeg,Onychogomphus forcipatus unguiculatus,48460/1/47120/372739/47158/184884/47792/47927/1317178/51128/90467/132663,jpeg
http://inaturalist-open-data.s3.amazonaws.com/photos/157171444/large.jpeg,Onychogomphus forcipatus unguiculatus,48460/1/47120/372739/47158/184884/47792/47927/1317178/51128/90467/132663,jpeg
