photo_url_large,taxon_name,ancestry,extension
http://inaturalist-open-data.s3.amazonaws.com/photos/70690347/large.jpeg,Orchesella cincta argyrotoxa,48460/1/47120/372739/243773/49470/83224/132309/132310/373101/132311/132308,jpeg
http://inaturalist-open-data.s3.amazonaws.com/photos/109204755/large.jpg,Orchesella cincta argyrotoxa,48460/1/47120/372739/243773/49470/83224/132309/132310/373101/132311/132308,jpg
http://inaturalist-open-data.s3.amazonaws.com/photos/109204724/large.jpg,Orchesella cincta argyrotoxa,48460/1/47120/372739/243773/49470/83224/132309/132310/373101/132311/132308,jpg
http://inaturalist-open-data.s3.amazonaws.com/photos/109204642/large.jpg,Orchesella cincta argyrotoxa,48460/1/47120/372739/243773/49470/83224/132309/132310/373101/132311/132308,jpg
http://inaturalist-open-data.s3.amazonaws.com/photos/122146867/large.jpg,Orchesella cincta argyrotoxa,48460/1/47120/372739/243773/49470/83224/132309/132310/373101/132311/132308,jpg
http://inaturalist-open-data.s3.amazonaws.com/photos/122146861/large.jpg,Orchesella cincta argyrotoxa,48460/1/47120/372739/243773/49470/83224/132309/132310/373101/132311/132308,jpg
http://inaturalist-open-data.s3.amazonaws.com/photos/131773110/large.jpg,Orchesella cincta argyrotoxa,48460/1/47120/372739/243773/49470/83224/132309/132310/373101/132311/132308,jpg
http://inaturalist-open-data.s3.amazonaws.com/photos/131772512/large.jpg,Orchesella cincta argyrotoxa,48460/1/47120/372739/243773/49470/83224/132309/132310/373101/132311/132308,jpg
http://inaturalist-open-data.s3.amazonaws.com/photos/131773103/large.jpg,Orchesella cincta argyrotoxa,48460/1/47120/372739/243773/49470/83224/132309/132310/373101/132311/132308,jpg
http://inaturalist-open-data.s3.amazonaws.com/photos/131773102/large.jpg,Orchesella cincta argyrotoxa,48460/1/47120/372739/243773/49470/83224/132309/132310/373101/132311/132308,jpg
