photo_url_large,taxon_name,ancestry,extension
http://inaturalist-open-data.s3.amazonaws.com/photos/132525750/large.jpeg,Pachyschelus purpureus uvaldei,48460/1/47120/372739/47158/184884/47208/71130/372854/54965/54964/510063/510064/176337/226843,jpeg
http://inaturalist-open-data.s3.amazonaws.com/photos/132721414/large.jpeg,Pachyschelus purpureus uvaldei,48460/1/47120/372739/47158/184884/47208/71130/372854/54965/54964/510063/510064/176337/226843,jpeg
http://inaturalist-open-data.s3.amazonaws.com/photos/132722151/large.jpeg,Pachyschelus purpureus uvaldei,48460/1/47120/372739/47158/184884/47208/71130/372854/54965/54964/510063/510064/176337/226843,jpeg
http://inaturalist-open-data.s3.amazonaws.com/photos/153729689/large.jpg,Pachyschelus purpureus uvaldei,48460/1/47120/372739/47158/184884/47208/71130/372854/54965/54964/510063/510064/176337/226843,jpg
