photo_url_large,taxon_name,ancestry,extension
http://inaturalist-open-data.s3.amazonaws.com/photos/11053468/large.jpg,Panoquina ocola ocola,48460/1/47120/372739/47158/184884/47157/47224/47653/122493/320548/90646/147931,jpg
http://inaturalist-open-data.s3.amazonaws.com/photos/11430561/large.jpg,Panoquina ocola ocola,48460/1/47120/372739/47158/184884/47157/47224/47653/122493/320548/90646/147931,jpg
http://inaturalist-open-data.s3.amazonaws.com/photos/26453620/large.jpg,Panoquina ocola ocola,48460/1/47120/372739/47158/184884/47157/47224/47653/122493/320548/90646/147931,jpg
http://inaturalist-open-data.s3.amazonaws.com/photos/27070110/large.jpg,Panoquina ocola ocola,48460/1/47120/372739/47158/184884/47157/47224/47653/122493/320548/90646/147931,jpg
http://inaturalist-open-data.s3.amazonaws.com/photos/27290699/large.jpeg,Panoquina ocola ocola,48460/1/47120/372739/47158/184884/47157/47224/47653/122493/320548/90646/147931,jpeg
http://inaturalist-open-data.s3.amazonaws.com/photos/27290702/large.jpeg,Panoquina ocola ocola,48460/1/47120/372739/47158/184884/47157/47224/47653/122493/320548/90646/147931,jpeg
http://inaturalist-open-data.s3.amazonaws.com/photos/47464174/large.jpeg,Panoquina ocola ocola,48460/1/47120/372739/47158/184884/47157/47224/47653/122493/320548/90646/147931,jpeg
http://inaturalist-open-data.s3.amazonaws.com/photos/53120771/large.jpg,Panoquina ocola ocola,48460/1/47120/372739/47158/184884/47157/47224/47653/122493/320548/90646/147931,jpg
http://inaturalist-open-data.s3.amazonaws.com/photos/62671178/large.jpeg,Panoquina ocola ocola,48460/1/47120/372739/47158/184884/47157/47224/47653/122493/320548/90646/147931,jpeg
http://inaturalist-open-data.s3.amazonaws.com/photos/62671191/large.jpeg,Panoquina ocola ocola,48460/1/47120/372739/47158/184884/47157/47224/47653/122493/320548/90646/147931,jpeg
http://inaturalist-open-data.s3.amazonaws.com/photos/64014033/large.jpg,Panoquina ocola ocola,48460/1/47120/372739/47158/184884/47157/47224/47653/122493/320548/90646/147931,jpg
http://inaturalist-open-data.s3.amazonaws.com/photos/71651328/large.jpg,Panoquina ocola ocola,48460/1/47120/372739/47158/184884/47157/47224/47653/122493/320548/90646/147931,jpg
http://inaturalist-open-data.s3.amazonaws.com/photos/71651166/large.jpg,Panoquina ocola ocola,48460/1/47120/372739/47158/184884/47157/47224/47653/122493/320548/90646/147931,jpg
http://inaturalist-open-data.s3.amazonaws.com/photos/73651487/large.jpeg,Panoquina ocola ocola,48460/1/47120/372739/47158/184884/47157/47224/47653/122493/320548/90646/147931,jpeg
http://inaturalist-open-data.s3.amazonaws.com/photos/92890679/large.jpeg,Panoquina ocola ocola,48460/1/47120/372739/47158/184884/47157/47224/47653/122493/320548/90646/147931,jpeg
http://inaturalist-open-data.s3.amazonaws.com/photos/92890700/large.jpeg,Panoquina ocola ocola,48460/1/47120/372739/47158/184884/47157/47224/47653/122493/320548/90646/147931,jpeg
http://inaturalist-open-data.s3.amazonaws.com/photos/95443088/large.jpeg,Panoquina ocola ocola,48460/1/47120/372739/47158/184884/47157/47224/47653/122493/320548/90646/147931,jpeg
http://inaturalist-open-data.s3.amazonaws.com/photos/101455479/large.jpeg,Panoquina ocola ocola,48460/1/47120/372739/47158/184884/47157/47224/47653/122493/320548/90646/147931,jpeg
http://inaturalist-open-data.s3.amazonaws.com/photos/101455739/large.jpeg,Panoquina ocola ocola,48460/1/47120/372739/47158/184884/47157/47224/47653/122493/320548/90646/147931,jpeg
http://inaturalist-open-data.s3.amazonaws.com/photos/101455461/large.jpeg,Panoquina ocola ocola,48460/1/47120/372739/47158/184884/47157/47224/47653/122493/320548/90646/147931,jpeg
http://inaturalist-open-data.s3.amazonaws.com/photos/113119479/large.jpg,Panoquina ocola ocola,48460/1/47120/372739/47158/184884/47157/47224/47653/122493/320548/90646/147931,jpg
http://inaturalist-open-data.s3.amazonaws.com/photos/113119659/large.jpg,Panoquina ocola ocola,48460/1/47120/372739/47158/184884/47157/47224/47653/122493/320548/90646/147931,jpg
http://inaturalist-open-data.s3.amazonaws.com/photos/113124692/large.jpg,Panoquina ocola ocola,48460/1/47120/372739/47158/184884/47157/47224/47653/122493/320548/90646/147931,jpg
http://inaturalist-open-data.s3.amazonaws.com/photos/116014415/large.jpeg,Panoquina ocola ocola,48460/1/47120/372739/47158/184884/47157/47224/47653/122493/320548/90646/147931,jpeg
http://inaturalist-open-data.s3.amazonaws.com/photos/116214119/large.jpeg,Panoquina ocola ocola,48460/1/47120/372739/47158/184884/47157/47224/47653/122493/320548/90646/147931,jpeg
http://inaturalist-open-data.s3.amazonaws.com/photos/118305088/large.jpg,Panoquina ocola ocola,48460/1/47120/372739/47158/184884/47157/47224/47653/122493/320548/90646/147931,jpg
http://inaturalist-open-data.s3.amazonaws.com/photos/120747484/large.jpeg,Panoquina ocola ocola,48460/1/47120/372739/47158/184884/47157/47224/47653/122493/320548/90646/147931,jpeg
