photo_url_large,taxon_name,ancestry,extension
http://inaturalist-open-data.s3.amazonaws.com/photos/30267537/large.jpeg,Pantoporia hordonia rihodona,48460/1/47120/372739/47158/184884/47157/47224/47922/134171/208487/146911/146910,jpeg
http://inaturalist-open-data.s3.amazonaws.com/photos/30764839/large.jpg,Pantoporia hordonia rihodona,48460/1/47120/372739/47158/184884/47157/47224/47922/134171/208487/146911/146910,jpg
http://inaturalist-open-data.s3.amazonaws.com/photos/37379281/large.jpeg,Pantoporia hordonia rihodona,48460/1/47120/372739/47158/184884/47157/47224/47922/134171/208487/146911/146910,jpeg
http://inaturalist-open-data.s3.amazonaws.com/photos/42000097/large.jpg,Pantoporia hordonia rihodona,48460/1/47120/372739/47158/184884/47157/47224/47922/134171/208487/146911/146910,jpg
http://inaturalist-open-data.s3.amazonaws.com/photos/44415867/large.jpg,Pantoporia hordonia rihodona,48460/1/47120/372739/47158/184884/47157/47224/47922/134171/208487/146911/146910,jpg
http://inaturalist-open-data.s3.amazonaws.com/photos/53888080/large.jpg,Pantoporia hordonia rihodona,48460/1/47120/372739/47158/184884/47157/47224/47922/134171/208487/146911/146910,jpg
http://inaturalist-open-data.s3.amazonaws.com/photos/61568329/large.jpeg,Pantoporia hordonia rihodona,48460/1/47120/372739/47158/184884/47157/47224/47922/134171/208487/146911/146910,jpeg
http://inaturalist-open-data.s3.amazonaws.com/photos/61568316/large.jpeg,Pantoporia hordonia rihodona,48460/1/47120/372739/47158/184884/47157/47224/47922/134171/208487/146911/146910,jpeg
http://inaturalist-open-data.s3.amazonaws.com/photos/61568307/large.jpeg,Pantoporia hordonia rihodona,48460/1/47120/372739/47158/184884/47157/47224/47922/134171/208487/146911/146910,jpeg
http://inaturalist-open-data.s3.amazonaws.com/photos/62516378/large.jpeg,Pantoporia hordonia rihodona,48460/1/47120/372739/47158/184884/47157/47224/47922/134171/208487/146911/146910,jpeg
http://inaturalist-open-data.s3.amazonaws.com/photos/62516398/large.jpeg,Pantoporia hordonia rihodona,48460/1/47120/372739/47158/184884/47157/47224/47922/134171/208487/146911/146910,jpeg
http://inaturalist-open-data.s3.amazonaws.com/photos/62516389/large.jpeg,Pantoporia hordonia rihodona,48460/1/47120/372739/47158/184884/47157/47224/47922/134171/208487/146911/146910,jpeg
http://inaturalist-open-data.s3.amazonaws.com/photos/62516414/large.jpeg,Pantoporia hordonia rihodona,48460/1/47120/372739/47158/184884/47157/47224/47922/134171/208487/146911/146910,jpeg
http://inaturalist-open-data.s3.amazonaws.com/photos/62516401/large.jpeg,Pantoporia hordonia rihodona,48460/1/47120/372739/47158/184884/47157/47224/47922/134171/208487/146911/146910,jpeg
http://inaturalist-open-data.s3.amazonaws.com/photos/62516408/large.jpeg,Pantoporia hordonia rihodona,48460/1/47120/372739/47158/184884/47157/47224/47922/134171/208487/146911/146910,jpeg
http://inaturalist-open-data.s3.amazonaws.com/photos/62516418/large.jpeg,Pantoporia hordonia rihodona,48460/1/47120/372739/47158/184884/47157/47224/47922/134171/208487/146911/146910,jpeg
http://inaturalist-open-data.s3.amazonaws.com/photos/62516431/large.jpeg,Pantoporia hordonia rihodona,48460/1/47120/372739/47158/184884/47157/47224/47922/134171/208487/146911/146910,jpeg
http://inaturalist-open-data.s3.amazonaws.com/photos/63101137/large.jpeg,Pantoporia hordonia rihodona,48460/1/47120/372739/47158/184884/47157/47224/47922/134171/208487/146911/146910,jpeg
http://inaturalist-open-data.s3.amazonaws.com/photos/64217945/large.jpeg,Pantoporia hordonia rihodona,48460/1/47120/372739/47158/184884/47157/47224/47922/134171/208487/146911/146910,jpeg
http://inaturalist-open-data.s3.amazonaws.com/photos/69400691/large.jpg,Pantoporia hordonia rihodona,48460/1/47120/372739/47158/184884/47157/47224/47922/134171/208487/146911/146910,jpg
http://inaturalist-open-data.s3.amazonaws.com/photos/91228547/large.jpg,Pantoporia hordonia rihodona,48460/1/47120/372739/47158/184884/47157/47224/47922/134171/208487/146911/146910,jpg
http://inaturalist-open-data.s3.amazonaws.com/photos/101883525/large.jpeg,Pantoporia hordonia rihodona,48460/1/47120/372739/47158/184884/47157/47224/47922/134171/208487/146911/146910,jpeg
http://inaturalist-open-data.s3.amazonaws.com/photos/154123295/large.jpg,Pantoporia hordonia rihodona,48460/1/47120/372739/47158/184884/47157/47224/47922/134171/208487/146911/146910,jpg
http://inaturalist-open-data.s3.amazonaws.com/photos/156779354/large.jpg,Pantoporia hordonia rihodona,48460/1/47120/372739/47158/184884/47157/47224/47922/134171/208487/146911/146910,jpg
http://inaturalist-open-data.s3.amazonaws.com/photos/156779882/large.jpg,Pantoporia hordonia rihodona,48460/1/47120/372739/47158/184884/47157/47224/47922/134171/208487/146911/146910,jpg
