photo_url_large,taxon_name,ancestry,extension
http://inaturalist-open-data.s3.amazonaws.com/photos/482106/large.jpg,Papilio ornythion ornythion,48460/1/47120/372739/47158/184884/47157/47224/47223/49973/207785/47225/545185/148837,jpg
http://inaturalist-open-data.s3.amazonaws.com/photos/486322/large.jpg,Papilio ornythion ornythion,48460/1/47120/372739/47158/184884/47157/47224/47223/49973/207785/47225/545185/148837,jpg
http://inaturalist-open-data.s3.amazonaws.com/photos/652400/large.jpg,Papilio ornythion ornythion,48460/1/47120/372739/47158/184884/47157/47224/47223/49973/207785/47225/545185/148837,jpg
http://inaturalist-open-data.s3.amazonaws.com/photos/821403/large.JPG,Papilio ornythion ornythion,48460/1/47120/372739/47158/184884/47157/47224/47223/49973/207785/47225/545185/148837,JPG
http://inaturalist-open-data.s3.amazonaws.com/photos/1883987/large.JPG,Papilio ornythion ornythion,48460/1/47120/372739/47158/184884/47157/47224/47223/49973/207785/47225/545185/148837,JPG
http://inaturalist-open-data.s3.amazonaws.com/photos/2820741/large.jpg,Papilio ornythion ornythion,48460/1/47120/372739/47158/184884/47157/47224/47223/49973/207785/47225/545185/148837,jpg
http://inaturalist-open-data.s3.amazonaws.com/photos/2820742/large.jpg,Papilio ornythion ornythion,48460/1/47120/372739/47158/184884/47157/47224/47223/49973/207785/47225/545185/148837,jpg
http://inaturalist-open-data.s3.amazonaws.com/photos/4504852/large.jpeg,Papilio ornythion ornythion,48460/1/47120/372739/47158/184884/47157/47224/47223/49973/207785/47225/545185/148837,jpeg
http://inaturalist-open-data.s3.amazonaws.com/photos/4504931/large.jpeg,Papilio ornythion ornythion,48460/1/47120/372739/47158/184884/47157/47224/47223/49973/207785/47225/545185/148837,jpeg
http://inaturalist-open-data.s3.amazonaws.com/photos/4504932/large.jpeg,Papilio ornythion ornythion,48460/1/47120/372739/47158/184884/47157/47224/47223/49973/207785/47225/545185/148837,jpeg
http://inaturalist-open-data.s3.amazonaws.com/photos/4510748/large.jpg,Papilio ornythion ornythion,48460/1/47120/372739/47158/184884/47157/47224/47223/49973/207785/47225/545185/148837,jpg
http://inaturalist-open-data.s3.amazonaws.com/photos/4510747/large.jpg,Papilio ornythion ornythion,48460/1/47120/372739/47158/184884/47157/47224/47223/49973/207785/47225/545185/148837,jpg
http://inaturalist-open-data.s3.amazonaws.com/photos/4575975/large.jpeg,Papilio ornythion ornythion,48460/1/47120/372739/47158/184884/47157/47224/47223/49973/207785/47225/545185/148837,jpeg
http://inaturalist-open-data.s3.amazonaws.com/photos/4971051/large.jpeg,Papilio ornythion ornythion,48460/1/47120/372739/47158/184884/47157/47224/47223/49973/207785/47225/545185/148837,jpeg
http://inaturalist-open-data.s3.amazonaws.com/photos/5174629/large.jpeg,Papilio ornythion ornythion,48460/1/47120/372739/47158/184884/47157/47224/47223/49973/207785/47225/545185/148837,jpeg
http://inaturalist-open-data.s3.amazonaws.com/photos/5174271/large.jpeg,Papilio ornythion ornythion,48460/1/47120/372739/47158/184884/47157/47224/47223/49973/207785/47225/545185/148837,jpeg
http://inaturalist-open-data.s3.amazonaws.com/photos/5207349/large.jpeg,Papilio ornythion ornythion,48460/1/47120/372739/47158/184884/47157/47224/47223/49973/207785/47225/545185/148837,jpeg
http://inaturalist-open-data.s3.amazonaws.com/photos/5540962/large.jpeg,Papilio ornythion ornythion,48460/1/47120/372739/47158/184884/47157/47224/47223/49973/207785/47225/545185/148837,jpeg
http://inaturalist-open-data.s3.amazonaws.com/photos/6756980/large.jpeg,Papilio ornythion ornythion,48460/1/47120/372739/47158/184884/47157/47224/47223/49973/207785/47225/545185/148837,jpeg
http://inaturalist-open-data.s3.amazonaws.com/photos/7027917/large.jpeg,Papilio ornythion ornythion,48460/1/47120/372739/47158/184884/47157/47224/47223/49973/207785/47225/545185/148837,jpeg
http://inaturalist-open-data.s3.amazonaws.com/photos/7883410/large.jpg,Papilio ornythion ornythion,48460/1/47120/372739/47158/184884/47157/47224/47223/49973/207785/47225/545185/148837,jpg
http://inaturalist-open-data.s3.amazonaws.com/photos/7883443/large.jpg,Papilio ornythion ornythion,48460/1/47120/372739/47158/184884/47157/47224/47223/49973/207785/47225/545185/148837,jpg
http://inaturalist-open-data.s3.amazonaws.com/photos/7883444/large.jpg,Papilio ornythion ornythion,48460/1/47120/372739/47158/184884/47157/47224/47223/49973/207785/47225/545185/148837,jpg
http://inaturalist-open-data.s3.amazonaws.com/photos/7883445/large.jpg,Papilio ornythion ornythion,48460/1/47120/372739/47158/184884/47157/47224/47223/49973/207785/47225/545185/148837,jpg
http://inaturalist-open-data.s3.amazonaws.com/photos/7983569/large.jpg,Papilio ornythion ornythion,48460/1/47120/372739/47158/184884/47157/47224/47223/49973/207785/47225/545185/148837,jpg
http://inaturalist-open-data.s3.amazonaws.com/photos/7983566/large.jpg,Papilio ornythion ornythion,48460/1/47120/372739/47158/184884/47157/47224/47223/49973/207785/47225/545185/148837,jpg
http://inaturalist-open-data.s3.amazonaws.com/photos/7983565/large.jpg,Papilio ornythion ornythion,48460/1/47120/372739/47158/184884/47157/47224/47223/49973/207785/47225/545185/148837,jpg
http://inaturalist-open-data.s3.amazonaws.com/photos/8168475/large.jpeg,Papilio ornythion ornythion,48460/1/47120/372739/47158/184884/47157/47224/47223/49973/207785/47225/545185/148837,jpeg
http://inaturalist-open-data.s3.amazonaws.com/photos/8168453/large.jpeg,Papilio ornythion ornythion,48460/1/47120/372739/47158/184884/47157/47224/47223/49973/207785/47225/545185/148837,jpeg
http://inaturalist-open-data.s3.amazonaws.com/photos/8468902/large.jpg,Papilio ornythion ornythion,48460/1/47120/372739/47158/184884/47157/47224/47223/49973/207785/47225/545185/148837,jpg
http://inaturalist-open-data.s3.amazonaws.com/photos/8468904/large.jpg,Papilio ornythion ornythion,48460/1/47120/372739/47158/184884/47157/47224/47223/49973/207785/47225/545185/148837,jpg
http://inaturalist-open-data.s3.amazonaws.com/photos/8674287/large.jpeg,Papilio ornythion ornythion,48460/1/47120/372739/47158/184884/47157/47224/47223/49973/207785/47225/545185/148837,jpeg
http://inaturalist-open-data.s3.amazonaws.com/photos/8727323/large.jpg,Papilio ornythion ornythion,48460/1/47120/372739/47158/184884/47157/47224/47223/49973/207785/47225/545185/148837,jpg
http://inaturalist-open-data.s3.amazonaws.com/photos/8727322/large.jpg,Papilio ornythion ornythion,48460/1/47120/372739/47158/184884/47157/47224/47223/49973/207785/47225/545185/148837,jpg
http://inaturalist-open-data.s3.amazonaws.com/photos/9590676/large.jpeg,Papilio ornythion ornythion,48460/1/47120/372739/47158/184884/47157/47224/47223/49973/207785/47225/545185/148837,jpeg
http://inaturalist-open-data.s3.amazonaws.com/photos/9891848/large.jpeg,Papilio ornythion ornythion,48460/1/47120/372739/47158/184884/47157/47224/47223/49973/207785/47225/545185/148837,jpeg
http://inaturalist-open-data.s3.amazonaws.com/photos/10015478/large.jpg,Papilio ornythion ornythion,48460/1/47120/372739/47158/184884/47157/47224/47223/49973/207785/47225/545185/148837,jpg
http://inaturalist-open-data.s3.amazonaws.com/photos/10015479/large.jpg,Papilio ornythion ornythion,48460/1/47120/372739/47158/184884/47157/47224/47223/49973/207785/47225/545185/148837,jpg
http://inaturalist-open-data.s3.amazonaws.com/photos/10054379/large.jpeg,Papilio ornythion ornythion,48460/1/47120/372739/47158/184884/47157/47224/47223/49973/207785/47225/545185/148837,jpeg
http://inaturalist-open-data.s3.amazonaws.com/photos/10082981/large.jpeg,Papilio ornythion ornythion,48460/1/47120/372739/47158/184884/47157/47224/47223/49973/207785/47225/545185/148837,jpeg
http://inaturalist-open-data.s3.amazonaws.com/photos/17601973/large.jpeg,Papilio ornythion ornythion,48460/1/47120/372739/47158/184884/47157/47224/47223/49973/207785/47225/545185/148837,jpeg
http://inaturalist-open-data.s3.amazonaws.com/photos/20052622/large.jpeg,Papilio ornythion ornythion,48460/1/47120/372739/47158/184884/47157/47224/47223/49973/207785/47225/545185/148837,jpeg
http://inaturalist-open-data.s3.amazonaws.com/photos/20053598/large.jpeg,Papilio ornythion ornythion,48460/1/47120/372739/47158/184884/47157/47224/47223/49973/207785/47225/545185/148837,jpeg
http://inaturalist-open-data.s3.amazonaws.com/photos/20053617/large.jpeg,Papilio ornythion ornythion,48460/1/47120/372739/47158/184884/47157/47224/47223/49973/207785/47225/545185/148837,jpeg
http://inaturalist-open-data.s3.amazonaws.com/photos/20053634/large.jpeg,Papilio ornythion ornythion,48460/1/47120/372739/47158/184884/47157/47224/47223/49973/207785/47225/545185/148837,jpeg
http://inaturalist-open-data.s3.amazonaws.com/photos/20053651/large.jpeg,Papilio ornythion ornythion,48460/1/47120/372739/47158/184884/47157/47224/47223/49973/207785/47225/545185/148837,jpeg
http://inaturalist-open-data.s3.amazonaws.com/photos/20053643/large.jpeg,Papilio ornythion ornythion,48460/1/47120/372739/47158/184884/47157/47224/47223/49973/207785/47225/545185/148837,jpeg
http://inaturalist-open-data.s3.amazonaws.com/photos/20053654/large.jpeg,Papilio ornythion ornythion,48460/1/47120/372739/47158/184884/47157/47224/47223/49973/207785/47225/545185/148837,jpeg
http://inaturalist-open-data.s3.amazonaws.com/photos/20053661/large.jpeg,Papilio ornythion ornythion,48460/1/47120/372739/47158/184884/47157/47224/47223/49973/207785/47225/545185/148837,jpeg
http://inaturalist-open-data.s3.amazonaws.com/photos/21976104/large.jpg,Papilio ornythion ornythion,48460/1/47120/372739/47158/184884/47157/47224/47223/49973/207785/47225/545185/148837,jpg
http://inaturalist-open-data.s3.amazonaws.com/photos/22096902/large.jpg,Papilio ornythion ornythion,48460/1/47120/372739/47158/184884/47157/47224/47223/49973/207785/47225/545185/148837,jpg
http://inaturalist-open-data.s3.amazonaws.com/photos/22721736/large.jpg,Papilio ornythion ornythion,48460/1/47120/372739/47158/184884/47157/47224/47223/49973/207785/47225/545185/148837,jpg
http://inaturalist-open-data.s3.amazonaws.com/photos/22721741/large.jpg,Papilio ornythion ornythion,48460/1/47120/372739/47158/184884/47157/47224/47223/49973/207785/47225/545185/148837,jpg
http://inaturalist-open-data.s3.amazonaws.com/photos/22721739/large.jpg,Papilio ornythion ornythion,48460/1/47120/372739/47158/184884/47157/47224/47223/49973/207785/47225/545185/148837,jpg
http://inaturalist-open-data.s3.amazonaws.com/photos/22721744/large.jpg,Papilio ornythion ornythion,48460/1/47120/372739/47158/184884/47157/47224/47223/49973/207785/47225/545185/148837,jpg
http://inaturalist-open-data.s3.amazonaws.com/photos/22721743/large.jpg,Papilio ornythion ornythion,48460/1/47120/372739/47158/184884/47157/47224/47223/49973/207785/47225/545185/148837,jpg
http://inaturalist-open-data.s3.amazonaws.com/photos/22721746/large.jpg,Papilio ornythion ornythion,48460/1/47120/372739/47158/184884/47157/47224/47223/49973/207785/47225/545185/148837,jpg
http://inaturalist-open-data.s3.amazonaws.com/photos/22721745/large.jpg,Papilio ornythion ornythion,48460/1/47120/372739/47158/184884/47157/47224/47223/49973/207785/47225/545185/148837,jpg
http://inaturalist-open-data.s3.amazonaws.com/photos/24967292/large.jpeg,Papilio ornythion ornythion,48460/1/47120/372739/47158/184884/47157/47224/47223/49973/207785/47225/545185/148837,jpeg
http://inaturalist-open-data.s3.amazonaws.com/photos/24966632/large.jpeg,Papilio ornythion ornythion,48460/1/47120/372739/47158/184884/47157/47224/47223/49973/207785/47225/545185/148837,jpeg
http://inaturalist-open-data.s3.amazonaws.com/photos/24966645/large.jpeg,Papilio ornythion ornythion,48460/1/47120/372739/47158/184884/47157/47224/47223/49973/207785/47225/545185/148837,jpeg
http://inaturalist-open-data.s3.amazonaws.com/photos/24966676/large.jpeg,Papilio ornythion ornythion,48460/1/47120/372739/47158/184884/47157/47224/47223/49973/207785/47225/545185/148837,jpeg
http://inaturalist-open-data.s3.amazonaws.com/photos/24966703/large.jpeg,Papilio ornythion ornythion,48460/1/47120/372739/47158/184884/47157/47224/47223/49973/207785/47225/545185/148837,jpeg
http://inaturalist-open-data.s3.amazonaws.com/photos/24966709/large.jpeg,Papilio ornythion ornythion,48460/1/47120/372739/47158/184884/47157/47224/47223/49973/207785/47225/545185/148837,jpeg
http://inaturalist-open-data.s3.amazonaws.com/photos/24966774/large.jpeg,Papilio ornythion ornythion,48460/1/47120/372739/47158/184884/47157/47224/47223/49973/207785/47225/545185/148837,jpeg
http://inaturalist-open-data.s3.amazonaws.com/photos/24966781/large.jpeg,Papilio ornythion ornythion,48460/1/47120/372739/47158/184884/47157/47224/47223/49973/207785/47225/545185/148837,jpeg
http://inaturalist-open-data.s3.amazonaws.com/photos/24966858/large.jpeg,Papilio ornythion ornythion,48460/1/47120/372739/47158/184884/47157/47224/47223/49973/207785/47225/545185/148837,jpeg
http://inaturalist-open-data.s3.amazonaws.com/photos/24966859/large.jpeg,Papilio ornythion ornythion,48460/1/47120/372739/47158/184884/47157/47224/47223/49973/207785/47225/545185/148837,jpeg
http://inaturalist-open-data.s3.amazonaws.com/photos/24966864/large.jpeg,Papilio ornythion ornythion,48460/1/47120/372739/47158/184884/47157/47224/47223/49973/207785/47225/545185/148837,jpeg
http://inaturalist-open-data.s3.amazonaws.com/photos/24966875/large.jpeg,Papilio ornythion ornythion,48460/1/47120/372739/47158/184884/47157/47224/47223/49973/207785/47225/545185/148837,jpeg
http://inaturalist-open-data.s3.amazonaws.com/photos/24967285/large.jpeg,Papilio ornythion ornythion,48460/1/47120/372739/47158/184884/47157/47224/47223/49973/207785/47225/545185/148837,jpeg
http://inaturalist-open-data.s3.amazonaws.com/photos/24967301/large.jpeg,Papilio ornythion ornythion,48460/1/47120/372739/47158/184884/47157/47224/47223/49973/207785/47225/545185/148837,jpeg
http://inaturalist-open-data.s3.amazonaws.com/photos/24967324/large.jpeg,Papilio ornythion ornythion,48460/1/47120/372739/47158/184884/47157/47224/47223/49973/207785/47225/545185/148837,jpeg
http://inaturalist-open-data.s3.amazonaws.com/photos/29922972/large.jpg,Papilio ornythion ornythion,48460/1/47120/372739/47158/184884/47157/47224/47223/49973/207785/47225/545185/148837,jpg
http://inaturalist-open-data.s3.amazonaws.com/photos/29922976/large.jpg,Papilio ornythion ornythion,48460/1/47120/372739/47158/184884/47157/47224/47223/49973/207785/47225/545185/148837,jpg
http://inaturalist-open-data.s3.amazonaws.com/photos/34376413/large.jpeg,Papilio ornythion ornythion,48460/1/47120/372739/47158/184884/47157/47224/47223/49973/207785/47225/545185/148837,jpeg
http://inaturalist-open-data.s3.amazonaws.com/photos/36732526/large.jpeg,Papilio ornythion ornythion,48460/1/47120/372739/47158/184884/47157/47224/47223/49973/207785/47225/545185/148837,jpeg
http://inaturalist-open-data.s3.amazonaws.com/photos/37839324/large.jpeg,Papilio ornythion ornythion,48460/1/47120/372739/47158/184884/47157/47224/47223/49973/207785/47225/545185/148837,jpeg
http://inaturalist-open-data.s3.amazonaws.com/photos/37957576/large.jpg,Papilio ornythion ornythion,48460/1/47120/372739/47158/184884/47157/47224/47223/49973/207785/47225/545185/148837,jpg
http://inaturalist-open-data.s3.amazonaws.com/photos/37957628/large.jpg,Papilio ornythion ornythion,48460/1/47120/372739/47158/184884/47157/47224/47223/49973/207785/47225/545185/148837,jpg
http://inaturalist-open-data.s3.amazonaws.com/photos/39139671/large.jpg,Papilio ornythion ornythion,48460/1/47120/372739/47158/184884/47157/47224/47223/49973/207785/47225/545185/148837,jpg
http://inaturalist-open-data.s3.amazonaws.com/photos/55699980/large.jpg,Papilio ornythion ornythion,48460/1/47120/372739/47158/184884/47157/47224/47223/49973/207785/47225/545185/148837,jpg
http://inaturalist-open-data.s3.amazonaws.com/photos/39451729/large.jpg,Papilio ornythion ornythion,48460/1/47120/372739/47158/184884/47157/47224/47223/49973/207785/47225/545185/148837,jpg
http://inaturalist-open-data.s3.amazonaws.com/photos/55699983/large.jpg,Papilio ornythion ornythion,48460/1/47120/372739/47158/184884/47157/47224/47223/49973/207785/47225/545185/148837,jpg
http://inaturalist-open-data.s3.amazonaws.com/photos/55699985/large.jpg,Papilio ornythion ornythion,48460/1/47120/372739/47158/184884/47157/47224/47223/49973/207785/47225/545185/148837,jpg
http://inaturalist-open-data.s3.amazonaws.com/photos/55699988/large.jpg,Papilio ornythion ornythion,48460/1/47120/372739/47158/184884/47157/47224/47223/49973/207785/47225/545185/148837,jpg
http://inaturalist-open-data.s3.amazonaws.com/photos/55699986/large.jpg,Papilio ornythion ornythion,48460/1/47120/372739/47158/184884/47157/47224/47223/49973/207785/47225/545185/148837,jpg
http://inaturalist-open-data.s3.amazonaws.com/photos/55699981/large.jpg,Papilio ornythion ornythion,48460/1/47120/372739/47158/184884/47157/47224/47223/49973/207785/47225/545185/148837,jpg
http://inaturalist-open-data.s3.amazonaws.com/photos/40838009/large.jpeg,Papilio ornythion ornythion,48460/1/47120/372739/47158/184884/47157/47224/47223/49973/207785/47225/545185/148837,jpeg
http://inaturalist-open-data.s3.amazonaws.com/photos/41768655/large.jpeg,Papilio ornythion ornythion,48460/1/47120/372739/47158/184884/47157/47224/47223/49973/207785/47225/545185/148837,jpeg
http://inaturalist-open-data.s3.amazonaws.com/photos/41769013/large.jpeg,Papilio ornythion ornythion,48460/1/47120/372739/47158/184884/47157/47224/47223/49973/207785/47225/545185/148837,jpeg
http://inaturalist-open-data.s3.amazonaws.com/photos/46630717/large.jpeg,Papilio ornythion ornythion,48460/1/47120/372739/47158/184884/47157/47224/47223/49973/207785/47225/545185/148837,jpeg
http://inaturalist-open-data.s3.amazonaws.com/photos/47588815/large.jpg,Papilio ornythion ornythion,48460/1/47120/372739/47158/184884/47157/47224/47223/49973/207785/47225/545185/148837,jpg
http://inaturalist-open-data.s3.amazonaws.com/photos/47588830/large.jpg,Papilio ornythion ornythion,48460/1/47120/372739/47158/184884/47157/47224/47223/49973/207785/47225/545185/148837,jpg
http://inaturalist-open-data.s3.amazonaws.com/photos/49636504/large.jpg,Papilio ornythion ornythion,48460/1/47120/372739/47158/184884/47157/47224/47223/49973/207785/47225/545185/148837,jpg
http://inaturalist-open-data.s3.amazonaws.com/photos/49636669/large.jpg,Papilio ornythion ornythion,48460/1/47120/372739/47158/184884/47157/47224/47223/49973/207785/47225/545185/148837,jpg
http://inaturalist-open-data.s3.amazonaws.com/photos/51786306/large.jpg,Papilio ornythion ornythion,48460/1/47120/372739/47158/184884/47157/47224/47223/49973/207785/47225/545185/148837,jpg
http://inaturalist-open-data.s3.amazonaws.com/photos/54117679/large.jpeg,Papilio ornythion ornythion,48460/1/47120/372739/47158/184884/47157/47224/47223/49973/207785/47225/545185/148837,jpeg
http://inaturalist-open-data.s3.amazonaws.com/photos/54198187/large.jpeg,Papilio ornythion ornythion,48460/1/47120/372739/47158/184884/47157/47224/47223/49973/207785/47225/545185/148837,jpeg
http://inaturalist-open-data.s3.amazonaws.com/photos/54342873/large.jpg,Papilio ornythion ornythion,48460/1/47120/372739/47158/184884/47157/47224/47223/49973/207785/47225/545185/148837,jpg
http://inaturalist-open-data.s3.amazonaws.com/photos/55072200/large.jpg,Papilio ornythion ornythion,48460/1/47120/372739/47158/184884/47157/47224/47223/49973/207785/47225/545185/148837,jpg
http://inaturalist-open-data.s3.amazonaws.com/photos/55602798/large.jpg,Papilio ornythion ornythion,48460/1/47120/372739/47158/184884/47157/47224/47223/49973/207785/47225/545185/148837,jpg
http://inaturalist-open-data.s3.amazonaws.com/photos/57099770/large.jpg,Papilio ornythion ornythion,48460/1/47120/372739/47158/184884/47157/47224/47223/49973/207785/47225/545185/148837,jpg
http://inaturalist-open-data.s3.amazonaws.com/photos/57099772/large.jpg,Papilio ornythion ornythion,48460/1/47120/372739/47158/184884/47157/47224/47223/49973/207785/47225/545185/148837,jpg
http://inaturalist-open-data.s3.amazonaws.com/photos/58674899/large.jpeg,Papilio ornythion ornythion,48460/1/47120/372739/47158/184884/47157/47224/47223/49973/207785/47225/545185/148837,jpeg
http://inaturalist-open-data.s3.amazonaws.com/photos/58674902/large.jpeg,Papilio ornythion ornythion,48460/1/47120/372739/47158/184884/47157/47224/47223/49973/207785/47225/545185/148837,jpeg
http://inaturalist-open-data.s3.amazonaws.com/photos/58674914/large.jpeg,Papilio ornythion ornythion,48460/1/47120/372739/47158/184884/47157/47224/47223/49973/207785/47225/545185/148837,jpeg
http://inaturalist-open-data.s3.amazonaws.com/photos/58674941/large.jpeg,Papilio ornythion ornythion,48460/1/47120/372739/47158/184884/47157/47224/47223/49973/207785/47225/545185/148837,jpeg
http://inaturalist-open-data.s3.amazonaws.com/photos/58674955/large.jpeg,Papilio ornythion ornythion,48460/1/47120/372739/47158/184884/47157/47224/47223/49973/207785/47225/545185/148837,jpeg
http://inaturalist-open-data.s3.amazonaws.com/photos/59351279/large.jpeg,Papilio ornythion ornythion,48460/1/47120/372739/47158/184884/47157/47224/47223/49973/207785/47225/545185/148837,jpeg
http://inaturalist-open-data.s3.amazonaws.com/photos/64477343/large.jpeg,Papilio ornythion ornythion,48460/1/47120/372739/47158/184884/47157/47224/47223/49973/207785/47225/545185/148837,jpeg
http://inaturalist-open-data.s3.amazonaws.com/photos/64477357/large.jpeg,Papilio ornythion ornythion,48460/1/47120/372739/47158/184884/47157/47224/47223/49973/207785/47225/545185/148837,jpeg
http://inaturalist-open-data.s3.amazonaws.com/photos/67551203/large.jpg,Papilio ornythion ornythion,48460/1/47120/372739/47158/184884/47157/47224/47223/49973/207785/47225/545185/148837,jpg
http://inaturalist-open-data.s3.amazonaws.com/photos/75419611/large.jpg,Papilio ornythion ornythion,48460/1/47120/372739/47158/184884/47157/47224/47223/49973/207785/47225/545185/148837,jpg
http://inaturalist-open-data.s3.amazonaws.com/photos/78735567/large.jpg,Papilio ornythion ornythion,48460/1/47120/372739/47158/184884/47157/47224/47223/49973/207785/47225/545185/148837,jpg
http://inaturalist-open-data.s3.amazonaws.com/photos/78987668/large.jpg,Papilio ornythion ornythion,48460/1/47120/372739/47158/184884/47157/47224/47223/49973/207785/47225/545185/148837,jpg
http://inaturalist-open-data.s3.amazonaws.com/photos/88538041/large.jpeg,Papilio ornythion ornythion,48460/1/47120/372739/47158/184884/47157/47224/47223/49973/207785/47225/545185/148837,jpeg
http://inaturalist-open-data.s3.amazonaws.com/photos/88544950/large.jpeg,Papilio ornythion ornythion,48460/1/47120/372739/47158/184884/47157/47224/47223/49973/207785/47225/545185/148837,jpeg
http://inaturalist-open-data.s3.amazonaws.com/photos/89507664/large.jpeg,Papilio ornythion ornythion,48460/1/47120/372739/47158/184884/47157/47224/47223/49973/207785/47225/545185/148837,jpeg
http://inaturalist-open-data.s3.amazonaws.com/photos/89507512/large.jpeg,Papilio ornythion ornythion,48460/1/47120/372739/47158/184884/47157/47224/47223/49973/207785/47225/545185/148837,jpeg
http://inaturalist-open-data.s3.amazonaws.com/photos/89507814/large.jpeg,Papilio ornythion ornythion,48460/1/47120/372739/47158/184884/47157/47224/47223/49973/207785/47225/545185/148837,jpeg
http://inaturalist-open-data.s3.amazonaws.com/photos/90645081/large.jpg,Papilio ornythion ornythion,48460/1/47120/372739/47158/184884/47157/47224/47223/49973/207785/47225/545185/148837,jpg
http://inaturalist-open-data.s3.amazonaws.com/photos/90638553/large.jpeg,Papilio ornythion ornythion,48460/1/47120/372739/47158/184884/47157/47224/47223/49973/207785/47225/545185/148837,jpeg
http://inaturalist-open-data.s3.amazonaws.com/photos/93492787/large.jpeg,Papilio ornythion ornythion,48460/1/47120/372739/47158/184884/47157/47224/47223/49973/207785/47225/545185/148837,jpeg
http://inaturalist-open-data.s3.amazonaws.com/photos/93492819/large.jpeg,Papilio ornythion ornythion,48460/1/47120/372739/47158/184884/47157/47224/47223/49973/207785/47225/545185/148837,jpeg
http://inaturalist-open-data.s3.amazonaws.com/photos/94105849/large.jpg,Papilio ornythion ornythion,48460/1/47120/372739/47158/184884/47157/47224/47223/49973/207785/47225/545185/148837,jpg
http://inaturalist-open-data.s3.amazonaws.com/photos/95141012/large.jpeg,Papilio ornythion ornythion,48460/1/47120/372739/47158/184884/47157/47224/47223/49973/207785/47225/545185/148837,jpeg
http://inaturalist-open-data.s3.amazonaws.com/photos/112038402/large.jpg,Papilio ornythion ornythion,48460/1/47120/372739/47158/184884/47157/47224/47223/49973/207785/47225/545185/148837,jpg
http://inaturalist-open-data.s3.amazonaws.com/photos/112038323/large.jpg,Papilio ornythion ornythion,48460/1/47120/372739/47158/184884/47157/47224/47223/49973/207785/47225/545185/148837,jpg
http://inaturalist-open-data.s3.amazonaws.com/photos/112038398/large.jpg,Papilio ornythion ornythion,48460/1/47120/372739/47158/184884/47157/47224/47223/49973/207785/47225/545185/148837,jpg
http://inaturalist-open-data.s3.amazonaws.com/photos/126701477/large.jpeg,Papilio ornythion ornythion,48460/1/47120/372739/47158/184884/47157/47224/47223/49973/207785/47225/545185/148837,jpeg
http://inaturalist-open-data.s3.amazonaws.com/photos/129228937/large.jpg,Papilio ornythion ornythion,48460/1/47120/372739/47158/184884/47157/47224/47223/49973/207785/47225/545185/148837,jpg
http://inaturalist-open-data.s3.amazonaws.com/photos/141565184/large.jpg,Papilio ornythion ornythion,48460/1/47120/372739/47158/184884/47157/47224/47223/49973/207785/47225/545185/148837,jpg
http://inaturalist-open-data.s3.amazonaws.com/photos/146743915/large.jpg,Papilio ornythion ornythion,48460/1/47120/372739/47158/184884/47157/47224/47223/49973/207785/47225/545185/148837,jpg
http://inaturalist-open-data.s3.amazonaws.com/photos/151555532/large.jpeg,Papilio ornythion ornythion,48460/1/47120/372739/47158/184884/47157/47224/47223/49973/207785/47225/545185/148837,jpeg
