photo_url_large,taxon_name,ancestry,extension
http://inaturalist-open-data.s3.amazonaws.com/photos/875355/large.jpg,Papilio dardanus tibullus,48460/1/47120/372739/47158/184884/47157/47224/47223/49973/207785/47225/884946/68468,jpg
http://inaturalist-open-data.s3.amazonaws.com/photos/1780272/large.JPG,Papilio dardanus tibullus,48460/1/47120/372739/47158/184884/47157/47224/47223/49973/207785/47225/884946/68468,JPG
http://inaturalist-open-data.s3.amazonaws.com/photos/2553640/large.jpg,Papilio dardanus tibullus,48460/1/47120/372739/47158/184884/47157/47224/47223/49973/207785/47225/884946/68468,jpg
http://inaturalist-open-data.s3.amazonaws.com/photos/5354241/large.jpg,Papilio dardanus tibullus,48460/1/47120/372739/47158/184884/47157/47224/47223/49973/207785/47225/884946/68468,jpg
http://inaturalist-open-data.s3.amazonaws.com/photos/5355272/large.jpg,Papilio dardanus tibullus,48460/1/47120/372739/47158/184884/47157/47224/47223/49973/207785/47225/884946/68468,jpg
http://inaturalist-open-data.s3.amazonaws.com/photos/5759862/large.jpg,Papilio dardanus tibullus,48460/1/47120/372739/47158/184884/47157/47224/47223/49973/207785/47225/884946/68468,jpg
http://inaturalist-open-data.s3.amazonaws.com/photos/9217176/large.jpg,Papilio dardanus tibullus,48460/1/47120/372739/47158/184884/47157/47224/47223/49973/207785/47225/884946/68468,jpg
http://inaturalist-open-data.s3.amazonaws.com/photos/9217884/large.jpg,Papilio dardanus tibullus,48460/1/47120/372739/47158/184884/47157/47224/47223/49973/207785/47225/884946/68468,jpg
http://inaturalist-open-data.s3.amazonaws.com/photos/9217883/large.jpg,Papilio dardanus tibullus,48460/1/47120/372739/47158/184884/47157/47224/47223/49973/207785/47225/884946/68468,jpg
http://inaturalist-open-data.s3.amazonaws.com/photos/9221618/large.jpg,Papilio dardanus tibullus,48460/1/47120/372739/47158/184884/47157/47224/47223/49973/207785/47225/884946/68468,jpg
http://inaturalist-open-data.s3.amazonaws.com/photos/11373828/large.jpeg,Papilio dardanus tibullus,48460/1/47120/372739/47158/184884/47157/47224/47223/49973/207785/47225/884946/68468,jpeg
http://inaturalist-open-data.s3.amazonaws.com/photos/11373830/large.jpeg,Papilio dardanus tibullus,48460/1/47120/372739/47158/184884/47157/47224/47223/49973/207785/47225/884946/68468,jpeg
http://inaturalist-open-data.s3.amazonaws.com/photos/11373821/large.jpeg,Papilio dardanus tibullus,48460/1/47120/372739/47158/184884/47157/47224/47223/49973/207785/47225/884946/68468,jpeg
http://inaturalist-open-data.s3.amazonaws.com/photos/11373754/large.png,Papilio dardanus tibullus,48460/1/47120/372739/47158/184884/47157/47224/47223/49973/207785/47225/884946/68468,png
http://inaturalist-open-data.s3.amazonaws.com/photos/14320727/large.jpeg,Papilio dardanus tibullus,48460/1/47120/372739/47158/184884/47157/47224/47223/49973/207785/47225/884946/68468,jpeg
http://inaturalist-open-data.s3.amazonaws.com/photos/20017121/large.jpg,Papilio dardanus tibullus,48460/1/47120/372739/47158/184884/47157/47224/47223/49973/207785/47225/884946/68468,jpg
http://inaturalist-open-data.s3.amazonaws.com/photos/20017131/large.jpg,Papilio dardanus tibullus,48460/1/47120/372739/47158/184884/47157/47224/47223/49973/207785/47225/884946/68468,jpg
http://inaturalist-open-data.s3.amazonaws.com/photos/22496007/large.jpeg,Papilio dardanus tibullus,48460/1/47120/372739/47158/184884/47157/47224/47223/49973/207785/47225/884946/68468,jpeg
http://inaturalist-open-data.s3.amazonaws.com/photos/25016923/large.jpeg,Papilio dardanus tibullus,48460/1/47120/372739/47158/184884/47157/47224/47223/49973/207785/47225/884946/68468,jpeg
http://inaturalist-open-data.s3.amazonaws.com/photos/25016206/large.jpeg,Papilio dardanus tibullus,48460/1/47120/372739/47158/184884/47157/47224/47223/49973/207785/47225/884946/68468,jpeg
http://inaturalist-open-data.s3.amazonaws.com/photos/35367509/large.jpg,Papilio dardanus tibullus,48460/1/47120/372739/47158/184884/47157/47224/47223/49973/207785/47225/884946/68468,jpg
http://inaturalist-open-data.s3.amazonaws.com/photos/54210094/large.jpeg,Papilio dardanus tibullus,48460/1/47120/372739/47158/184884/47157/47224/47223/49973/207785/47225/884946/68468,jpeg
http://inaturalist-open-data.s3.amazonaws.com/photos/54934361/large.jpg,Papilio dardanus tibullus,48460/1/47120/372739/47158/184884/47157/47224/47223/49973/207785/47225/884946/68468,jpg
http://inaturalist-open-data.s3.amazonaws.com/photos/58319196/large.jpg,Papilio dardanus tibullus,48460/1/47120/372739/47158/184884/47157/47224/47223/49973/207785/47225/884946/68468,jpg
http://inaturalist-open-data.s3.amazonaws.com/photos/79433082/large.jpeg,Papilio dardanus tibullus,48460/1/47120/372739/47158/184884/47157/47224/47223/49973/207785/47225/884946/68468,jpeg
http://inaturalist-open-data.s3.amazonaws.com/photos/82133936/large.jpeg,Papilio dardanus tibullus,48460/1/47120/372739/47158/184884/47157/47224/47223/49973/207785/47225/884946/68468,jpeg
http://inaturalist-open-data.s3.amazonaws.com/photos/89716176/large.jpeg,Papilio dardanus tibullus,48460/1/47120/372739/47158/184884/47157/47224/47223/49973/207785/47225/884946/68468,jpeg
