photo_url_large,taxon_name,ancestry,extension
http://inaturalist-open-data.s3.amazonaws.com/photos/714407/large.JPG,Papilio demoleus malayanus,48460/1/47120/372739/47158/184884/47157/47224/47223/49973/207785/47225/884946/51583,JPG
http://inaturalist-open-data.s3.amazonaws.com/photos/807535/large.JPG,Papilio demoleus malayanus,48460/1/47120/372739/47158/184884/47157/47224/47223/49973/207785/47225/884946/51583,JPG
http://inaturalist-open-data.s3.amazonaws.com/photos/809455/large.JPG,Papilio demoleus malayanus,48460/1/47120/372739/47158/184884/47157/47224/47223/49973/207785/47225/884946/51583,JPG
http://inaturalist-open-data.s3.amazonaws.com/photos/897173/large.JPG,Papilio demoleus malayanus,48460/1/47120/372739/47158/184884/47157/47224/47223/49973/207785/47225/884946/51583,JPG
http://inaturalist-open-data.s3.amazonaws.com/photos/1312242/large.JPG,Papilio demoleus malayanus,48460/1/47120/372739/47158/184884/47157/47224/47223/49973/207785/47225/884946/51583,JPG
http://inaturalist-open-data.s3.amazonaws.com/photos/3953912/large.jpg,Papilio demoleus malayanus,48460/1/47120/372739/47158/184884/47157/47224/47223/49973/207785/47225/884946/51583,jpg
http://inaturalist-open-data.s3.amazonaws.com/photos/6129455/large.jpg,Papilio demoleus malayanus,48460/1/47120/372739/47158/184884/47157/47224/47223/49973/207785/47225/884946/51583,jpg
http://inaturalist-open-data.s3.amazonaws.com/photos/6129454/large.jpg,Papilio demoleus malayanus,48460/1/47120/372739/47158/184884/47157/47224/47223/49973/207785/47225/884946/51583,jpg
http://inaturalist-open-data.s3.amazonaws.com/photos/6129458/large.jpg,Papilio demoleus malayanus,48460/1/47120/372739/47158/184884/47157/47224/47223/49973/207785/47225/884946/51583,jpg
http://inaturalist-open-data.s3.amazonaws.com/photos/7367176/large.jpeg,Papilio demoleus malayanus,48460/1/47120/372739/47158/184884/47157/47224/47223/49973/207785/47225/884946/51583,jpeg
http://inaturalist-open-data.s3.amazonaws.com/photos/8296195/large.jpg,Papilio demoleus malayanus,48460/1/47120/372739/47158/184884/47157/47224/47223/49973/207785/47225/884946/51583,jpg
http://inaturalist-open-data.s3.amazonaws.com/photos/8481752/large.jpeg,Papilio demoleus malayanus,48460/1/47120/372739/47158/184884/47157/47224/47223/49973/207785/47225/884946/51583,jpeg
http://inaturalist-open-data.s3.amazonaws.com/photos/8481753/large.jpeg,Papilio demoleus malayanus,48460/1/47120/372739/47158/184884/47157/47224/47223/49973/207785/47225/884946/51583,jpeg
http://inaturalist-open-data.s3.amazonaws.com/photos/8481785/large.jpeg,Papilio demoleus malayanus,48460/1/47120/372739/47158/184884/47157/47224/47223/49973/207785/47225/884946/51583,jpeg
http://inaturalist-open-data.s3.amazonaws.com/photos/8481786/large.jpeg,Papilio demoleus malayanus,48460/1/47120/372739/47158/184884/47157/47224/47223/49973/207785/47225/884946/51583,jpeg
http://inaturalist-open-data.s3.amazonaws.com/photos/8660272/large.jpg,Papilio demoleus malayanus,48460/1/47120/372739/47158/184884/47157/47224/47223/49973/207785/47225/884946/51583,jpg
http://inaturalist-open-data.s3.amazonaws.com/photos/8758567/large.jpg,Papilio demoleus malayanus,48460/1/47120/372739/47158/184884/47157/47224/47223/49973/207785/47225/884946/51583,jpg
http://inaturalist-open-data.s3.amazonaws.com/photos/9104198/large.jpg,Papilio demoleus malayanus,48460/1/47120/372739/47158/184884/47157/47224/47223/49973/207785/47225/884946/51583,jpg
http://inaturalist-open-data.s3.amazonaws.com/photos/9104808/large.jpg,Papilio demoleus malayanus,48460/1/47120/372739/47158/184884/47157/47224/47223/49973/207785/47225/884946/51583,jpg
http://inaturalist-open-data.s3.amazonaws.com/photos/9211094/large.jpeg,Papilio demoleus malayanus,48460/1/47120/372739/47158/184884/47157/47224/47223/49973/207785/47225/884946/51583,jpeg
http://inaturalist-open-data.s3.amazonaws.com/photos/9432751/large.jpg,Papilio demoleus malayanus,48460/1/47120/372739/47158/184884/47157/47224/47223/49973/207785/47225/884946/51583,jpg
http://inaturalist-open-data.s3.amazonaws.com/photos/9452866/large.jpg,Papilio demoleus malayanus,48460/1/47120/372739/47158/184884/47157/47224/47223/49973/207785/47225/884946/51583,jpg
http://inaturalist-open-data.s3.amazonaws.com/photos/9752330/large.jpg,Papilio demoleus malayanus,48460/1/47120/372739/47158/184884/47157/47224/47223/49973/207785/47225/884946/51583,jpg
http://inaturalist-open-data.s3.amazonaws.com/photos/9837217/large.jpg,Papilio demoleus malayanus,48460/1/47120/372739/47158/184884/47157/47224/47223/49973/207785/47225/884946/51583,jpg
http://inaturalist-open-data.s3.amazonaws.com/photos/9952900/large.jpg,Papilio demoleus malayanus,48460/1/47120/372739/47158/184884/47157/47224/47223/49973/207785/47225/884946/51583,jpg
http://inaturalist-open-data.s3.amazonaws.com/photos/10093732/large.jpeg,Papilio demoleus malayanus,48460/1/47120/372739/47158/184884/47157/47224/47223/49973/207785/47225/884946/51583,jpeg
http://inaturalist-open-data.s3.amazonaws.com/photos/10093647/large.jpeg,Papilio demoleus malayanus,48460/1/47120/372739/47158/184884/47157/47224/47223/49973/207785/47225/884946/51583,jpeg
http://inaturalist-open-data.s3.amazonaws.com/photos/10215852/large.jpg,Papilio demoleus malayanus,48460/1/47120/372739/47158/184884/47157/47224/47223/49973/207785/47225/884946/51583,jpg
http://inaturalist-open-data.s3.amazonaws.com/photos/10442346/large.jpg,Papilio demoleus malayanus,48460/1/47120/372739/47158/184884/47157/47224/47223/49973/207785/47225/884946/51583,jpg
http://inaturalist-open-data.s3.amazonaws.com/photos/10596380/large.jpg,Papilio demoleus malayanus,48460/1/47120/372739/47158/184884/47157/47224/47223/49973/207785/47225/884946/51583,jpg
http://inaturalist-open-data.s3.amazonaws.com/photos/10720692/large.jpg,Papilio demoleus malayanus,48460/1/47120/372739/47158/184884/47157/47224/47223/49973/207785/47225/884946/51583,jpg
http://inaturalist-open-data.s3.amazonaws.com/photos/10766130/large.jpg,Papilio demoleus malayanus,48460/1/47120/372739/47158/184884/47157/47224/47223/49973/207785/47225/884946/51583,jpg
http://inaturalist-open-data.s3.amazonaws.com/photos/10813537/large.jpg,Papilio demoleus malayanus,48460/1/47120/372739/47158/184884/47157/47224/47223/49973/207785/47225/884946/51583,jpg
http://inaturalist-open-data.s3.amazonaws.com/photos/10889449/large.jpg,Papilio demoleus malayanus,48460/1/47120/372739/47158/184884/47157/47224/47223/49973/207785/47225/884946/51583,jpg
http://inaturalist-open-data.s3.amazonaws.com/photos/10915179/large.jpg,Papilio demoleus malayanus,48460/1/47120/372739/47158/184884/47157/47224/47223/49973/207785/47225/884946/51583,jpg
http://inaturalist-open-data.s3.amazonaws.com/photos/10962047/large.jpg,Papilio demoleus malayanus,48460/1/47120/372739/47158/184884/47157/47224/47223/49973/207785/47225/884946/51583,jpg
http://inaturalist-open-data.s3.amazonaws.com/photos/11149389/large.jpg,Papilio demoleus malayanus,48460/1/47120/372739/47158/184884/47157/47224/47223/49973/207785/47225/884946/51583,jpg
http://inaturalist-open-data.s3.amazonaws.com/photos/11149419/large.jpg,Papilio demoleus malayanus,48460/1/47120/372739/47158/184884/47157/47224/47223/49973/207785/47225/884946/51583,jpg
http://inaturalist-open-data.s3.amazonaws.com/photos/11149422/large.jpg,Papilio demoleus malayanus,48460/1/47120/372739/47158/184884/47157/47224/47223/49973/207785/47225/884946/51583,jpg
http://inaturalist-open-data.s3.amazonaws.com/photos/11625391/large.jpg,Papilio demoleus malayanus,48460/1/47120/372739/47158/184884/47157/47224/47223/49973/207785/47225/884946/51583,jpg
http://inaturalist-open-data.s3.amazonaws.com/photos/11673928/large.jpg,Papilio demoleus malayanus,48460/1/47120/372739/47158/184884/47157/47224/47223/49973/207785/47225/884946/51583,jpg
http://inaturalist-open-data.s3.amazonaws.com/photos/11724710/large.jpg,Papilio demoleus malayanus,48460/1/47120/372739/47158/184884/47157/47224/47223/49973/207785/47225/884946/51583,jpg
http://inaturalist-open-data.s3.amazonaws.com/photos/11743144/large.jpg,Papilio demoleus malayanus,48460/1/47120/372739/47158/184884/47157/47224/47223/49973/207785/47225/884946/51583,jpg
http://inaturalist-open-data.s3.amazonaws.com/photos/11928248/large.jpg,Papilio demoleus malayanus,48460/1/47120/372739/47158/184884/47157/47224/47223/49973/207785/47225/884946/51583,jpg
http://inaturalist-open-data.s3.amazonaws.com/photos/12414193/large.jpg,Papilio demoleus malayanus,48460/1/47120/372739/47158/184884/47157/47224/47223/49973/207785/47225/884946/51583,jpg
http://inaturalist-open-data.s3.amazonaws.com/photos/12414191/large.jpg,Papilio demoleus malayanus,48460/1/47120/372739/47158/184884/47157/47224/47223/49973/207785/47225/884946/51583,jpg
http://inaturalist-open-data.s3.amazonaws.com/photos/12414194/large.jpg,Papilio demoleus malayanus,48460/1/47120/372739/47158/184884/47157/47224/47223/49973/207785/47225/884946/51583,jpg
http://inaturalist-open-data.s3.amazonaws.com/photos/12414190/large.jpg,Papilio demoleus malayanus,48460/1/47120/372739/47158/184884/47157/47224/47223/49973/207785/47225/884946/51583,jpg
http://inaturalist-open-data.s3.amazonaws.com/photos/12414180/large.jpg,Papilio demoleus malayanus,48460/1/47120/372739/47158/184884/47157/47224/47223/49973/207785/47225/884946/51583,jpg
http://inaturalist-open-data.s3.amazonaws.com/photos/12414192/large.jpg,Papilio demoleus malayanus,48460/1/47120/372739/47158/184884/47157/47224/47223/49973/207785/47225/884946/51583,jpg
http://inaturalist-open-data.s3.amazonaws.com/photos/12574959/large.jpg,Papilio demoleus malayanus,48460/1/47120/372739/47158/184884/47157/47224/47223/49973/207785/47225/884946/51583,jpg
http://inaturalist-open-data.s3.amazonaws.com/photos/13349478/large.jpg,Papilio demoleus malayanus,48460/1/47120/372739/47158/184884/47157/47224/47223/49973/207785/47225/884946/51583,jpg
http://inaturalist-open-data.s3.amazonaws.com/photos/13623110/large.jpg,Papilio demoleus malayanus,48460/1/47120/372739/47158/184884/47157/47224/47223/49973/207785/47225/884946/51583,jpg
http://inaturalist-open-data.s3.amazonaws.com/photos/13623119/large.jpg,Papilio demoleus malayanus,48460/1/47120/372739/47158/184884/47157/47224/47223/49973/207785/47225/884946/51583,jpg
http://inaturalist-open-data.s3.amazonaws.com/photos/13775074/large.jpeg,Papilio demoleus malayanus,48460/1/47120/372739/47158/184884/47157/47224/47223/49973/207785/47225/884946/51583,jpeg
http://inaturalist-open-data.s3.amazonaws.com/photos/14986131/large.jpeg,Papilio demoleus malayanus,48460/1/47120/372739/47158/184884/47157/47224/47223/49973/207785/47225/884946/51583,jpeg
http://inaturalist-open-data.s3.amazonaws.com/photos/14986165/large.jpeg,Papilio demoleus malayanus,48460/1/47120/372739/47158/184884/47157/47224/47223/49973/207785/47225/884946/51583,jpeg
http://inaturalist-open-data.s3.amazonaws.com/photos/14986068/large.jpeg,Papilio demoleus malayanus,48460/1/47120/372739/47158/184884/47157/47224/47223/49973/207785/47225/884946/51583,jpeg
http://inaturalist-open-data.s3.amazonaws.com/photos/14986213/large.jpeg,Papilio demoleus malayanus,48460/1/47120/372739/47158/184884/47157/47224/47223/49973/207785/47225/884946/51583,jpeg
http://inaturalist-open-data.s3.amazonaws.com/photos/15795467/large.jpeg,Papilio demoleus malayanus,48460/1/47120/372739/47158/184884/47157/47224/47223/49973/207785/47225/884946/51583,jpeg
http://inaturalist-open-data.s3.amazonaws.com/photos/15796002/large.jpeg,Papilio demoleus malayanus,48460/1/47120/372739/47158/184884/47157/47224/47223/49973/207785/47225/884946/51583,jpeg
http://inaturalist-open-data.s3.amazonaws.com/photos/17332226/large.jpeg,Papilio demoleus malayanus,48460/1/47120/372739/47158/184884/47157/47224/47223/49973/207785/47225/884946/51583,jpeg
http://inaturalist-open-data.s3.amazonaws.com/photos/109301043/large.jpeg,Papilio demoleus malayanus,48460/1/47120/372739/47158/184884/47157/47224/47223/49973/207785/47225/884946/51583,jpeg
http://inaturalist-open-data.s3.amazonaws.com/photos/109301044/large.jpeg,Papilio demoleus malayanus,48460/1/47120/372739/47158/184884/47157/47224/47223/49973/207785/47225/884946/51583,jpeg
http://inaturalist-open-data.s3.amazonaws.com/photos/17676385/large.jpg,Papilio demoleus malayanus,48460/1/47120/372739/47158/184884/47157/47224/47223/49973/207785/47225/884946/51583,jpg
http://inaturalist-open-data.s3.amazonaws.com/photos/18000496/large.jpg,Papilio demoleus malayanus,48460/1/47120/372739/47158/184884/47157/47224/47223/49973/207785/47225/884946/51583,jpg
http://inaturalist-open-data.s3.amazonaws.com/photos/18000533/large.jpg,Papilio demoleus malayanus,48460/1/47120/372739/47158/184884/47157/47224/47223/49973/207785/47225/884946/51583,jpg
http://inaturalist-open-data.s3.amazonaws.com/photos/18059481/large.jpg,Papilio demoleus malayanus,48460/1/47120/372739/47158/184884/47157/47224/47223/49973/207785/47225/884946/51583,jpg
http://inaturalist-open-data.s3.amazonaws.com/photos/19521503/large.jpeg,Papilio demoleus malayanus,48460/1/47120/372739/47158/184884/47157/47224/47223/49973/207785/47225/884946/51583,jpeg
http://inaturalist-open-data.s3.amazonaws.com/photos/19521514/large.jpeg,Papilio demoleus malayanus,48460/1/47120/372739/47158/184884/47157/47224/47223/49973/207785/47225/884946/51583,jpeg
http://inaturalist-open-data.s3.amazonaws.com/photos/19521522/large.jpeg,Papilio demoleus malayanus,48460/1/47120/372739/47158/184884/47157/47224/47223/49973/207785/47225/884946/51583,jpeg
http://inaturalist-open-data.s3.amazonaws.com/photos/19527338/large.jpeg,Papilio demoleus malayanus,48460/1/47120/372739/47158/184884/47157/47224/47223/49973/207785/47225/884946/51583,jpeg
http://inaturalist-open-data.s3.amazonaws.com/photos/19636542/large.jpeg,Papilio demoleus malayanus,48460/1/47120/372739/47158/184884/47157/47224/47223/49973/207785/47225/884946/51583,jpeg
http://inaturalist-open-data.s3.amazonaws.com/photos/19636638/large.jpg,Papilio demoleus malayanus,48460/1/47120/372739/47158/184884/47157/47224/47223/49973/207785/47225/884946/51583,jpg
http://inaturalist-open-data.s3.amazonaws.com/photos/20064169/large.jpg,Papilio demoleus malayanus,48460/1/47120/372739/47158/184884/47157/47224/47223/49973/207785/47225/884946/51583,jpg
http://inaturalist-open-data.s3.amazonaws.com/photos/20064336/large.jpg,Papilio demoleus malayanus,48460/1/47120/372739/47158/184884/47157/47224/47223/49973/207785/47225/884946/51583,jpg
http://inaturalist-open-data.s3.amazonaws.com/photos/20064337/large.jpg,Papilio demoleus malayanus,48460/1/47120/372739/47158/184884/47157/47224/47223/49973/207785/47225/884946/51583,jpg
http://inaturalist-open-data.s3.amazonaws.com/photos/20295321/large.jpg,Papilio demoleus malayanus,48460/1/47120/372739/47158/184884/47157/47224/47223/49973/207785/47225/884946/51583,jpg
http://inaturalist-open-data.s3.amazonaws.com/photos/20295223/large.jpg,Papilio demoleus malayanus,48460/1/47120/372739/47158/184884/47157/47224/47223/49973/207785/47225/884946/51583,jpg
http://inaturalist-open-data.s3.amazonaws.com/photos/20295322/large.jpg,Papilio demoleus malayanus,48460/1/47120/372739/47158/184884/47157/47224/47223/49973/207785/47225/884946/51583,jpg
http://inaturalist-open-data.s3.amazonaws.com/photos/20347041/large.jpg,Papilio demoleus malayanus,48460/1/47120/372739/47158/184884/47157/47224/47223/49973/207785/47225/884946/51583,jpg
http://inaturalist-open-data.s3.amazonaws.com/photos/20821814/large.jpeg,Papilio demoleus malayanus,48460/1/47120/372739/47158/184884/47157/47224/47223/49973/207785/47225/884946/51583,jpeg
http://inaturalist-open-data.s3.amazonaws.com/photos/20821820/large.jpeg,Papilio demoleus malayanus,48460/1/47120/372739/47158/184884/47157/47224/47223/49973/207785/47225/884946/51583,jpeg
http://inaturalist-open-data.s3.amazonaws.com/photos/20821822/large.jpeg,Papilio demoleus malayanus,48460/1/47120/372739/47158/184884/47157/47224/47223/49973/207785/47225/884946/51583,jpeg
http://inaturalist-open-data.s3.amazonaws.com/photos/20989945/large.jpeg,Papilio demoleus malayanus,48460/1/47120/372739/47158/184884/47157/47224/47223/49973/207785/47225/884946/51583,jpeg
http://inaturalist-open-data.s3.amazonaws.com/photos/21039801/large.jpg,Papilio demoleus malayanus,48460/1/47120/372739/47158/184884/47157/47224/47223/49973/207785/47225/884946/51583,jpg
http://inaturalist-open-data.s3.amazonaws.com/photos/21597604/large.jpg,Papilio demoleus malayanus,48460/1/47120/372739/47158/184884/47157/47224/47223/49973/207785/47225/884946/51583,jpg
http://inaturalist-open-data.s3.amazonaws.com/photos/21597663/large.jpg,Papilio demoleus malayanus,48460/1/47120/372739/47158/184884/47157/47224/47223/49973/207785/47225/884946/51583,jpg
http://inaturalist-open-data.s3.amazonaws.com/photos/21598705/large.jpeg,Papilio demoleus malayanus,48460/1/47120/372739/47158/184884/47157/47224/47223/49973/207785/47225/884946/51583,jpeg
http://inaturalist-open-data.s3.amazonaws.com/photos/21598706/large.jpeg,Papilio demoleus malayanus,48460/1/47120/372739/47158/184884/47157/47224/47223/49973/207785/47225/884946/51583,jpeg
http://inaturalist-open-data.s3.amazonaws.com/photos/21598657/large.jpeg,Papilio demoleus malayanus,48460/1/47120/372739/47158/184884/47157/47224/47223/49973/207785/47225/884946/51583,jpeg
http://inaturalist-open-data.s3.amazonaws.com/photos/21598632/large.jpeg,Papilio demoleus malayanus,48460/1/47120/372739/47158/184884/47157/47224/47223/49973/207785/47225/884946/51583,jpeg
http://inaturalist-open-data.s3.amazonaws.com/photos/21653157/large.jpg,Papilio demoleus malayanus,48460/1/47120/372739/47158/184884/47157/47224/47223/49973/207785/47225/884946/51583,jpg
http://inaturalist-open-data.s3.amazonaws.com/photos/21653164/large.jpg,Papilio demoleus malayanus,48460/1/47120/372739/47158/184884/47157/47224/47223/49973/207785/47225/884946/51583,jpg
http://inaturalist-open-data.s3.amazonaws.com/photos/21653167/large.jpg,Papilio demoleus malayanus,48460/1/47120/372739/47158/184884/47157/47224/47223/49973/207785/47225/884946/51583,jpg
http://inaturalist-open-data.s3.amazonaws.com/photos/22056827/large.jpg,Papilio demoleus malayanus,48460/1/47120/372739/47158/184884/47157/47224/47223/49973/207785/47225/884946/51583,jpg
http://inaturalist-open-data.s3.amazonaws.com/photos/22500707/large.jpeg,Papilio demoleus malayanus,48460/1/47120/372739/47158/184884/47157/47224/47223/49973/207785/47225/884946/51583,jpeg
http://inaturalist-open-data.s3.amazonaws.com/photos/23169141/large.jpg,Papilio demoleus malayanus,48460/1/47120/372739/47158/184884/47157/47224/47223/49973/207785/47225/884946/51583,jpg
http://inaturalist-open-data.s3.amazonaws.com/photos/23727825/large.jpeg,Papilio demoleus malayanus,48460/1/47120/372739/47158/184884/47157/47224/47223/49973/207785/47225/884946/51583,jpeg
http://inaturalist-open-data.s3.amazonaws.com/photos/28894160/large.jpeg,Papilio demoleus malayanus,48460/1/47120/372739/47158/184884/47157/47224/47223/49973/207785/47225/884946/51583,jpeg
http://inaturalist-open-data.s3.amazonaws.com/photos/28894186/large.jpeg,Papilio demoleus malayanus,48460/1/47120/372739/47158/184884/47157/47224/47223/49973/207785/47225/884946/51583,jpeg
http://inaturalist-open-data.s3.amazonaws.com/photos/28895940/large.jpeg,Papilio demoleus malayanus,48460/1/47120/372739/47158/184884/47157/47224/47223/49973/207785/47225/884946/51583,jpeg
http://inaturalist-open-data.s3.amazonaws.com/photos/28895580/large.jpeg,Papilio demoleus malayanus,48460/1/47120/372739/47158/184884/47157/47224/47223/49973/207785/47225/884946/51583,jpeg
http://inaturalist-open-data.s3.amazonaws.com/photos/28895722/large.jpeg,Papilio demoleus malayanus,48460/1/47120/372739/47158/184884/47157/47224/47223/49973/207785/47225/884946/51583,jpeg
http://inaturalist-open-data.s3.amazonaws.com/photos/28895657/large.jpeg,Papilio demoleus malayanus,48460/1/47120/372739/47158/184884/47157/47224/47223/49973/207785/47225/884946/51583,jpeg
http://inaturalist-open-data.s3.amazonaws.com/photos/29032497/large.jpeg,Papilio demoleus malayanus,48460/1/47120/372739/47158/184884/47157/47224/47223/49973/207785/47225/884946/51583,jpeg
http://inaturalist-open-data.s3.amazonaws.com/photos/29245744/large.jpeg,Papilio demoleus malayanus,48460/1/47120/372739/47158/184884/47157/47224/47223/49973/207785/47225/884946/51583,jpeg
http://inaturalist-open-data.s3.amazonaws.com/photos/29436175/large.jpg,Papilio demoleus malayanus,48460/1/47120/372739/47158/184884/47157/47224/47223/49973/207785/47225/884946/51583,jpg
http://inaturalist-open-data.s3.amazonaws.com/photos/29677336/large.jpeg,Papilio demoleus malayanus,48460/1/47120/372739/47158/184884/47157/47224/47223/49973/207785/47225/884946/51583,jpeg
http://inaturalist-open-data.s3.amazonaws.com/photos/29722979/large.jpeg,Papilio demoleus malayanus,48460/1/47120/372739/47158/184884/47157/47224/47223/49973/207785/47225/884946/51583,jpeg
http://inaturalist-open-data.s3.amazonaws.com/photos/29721428/large.jpeg,Papilio demoleus malayanus,48460/1/47120/372739/47158/184884/47157/47224/47223/49973/207785/47225/884946/51583,jpeg
http://inaturalist-open-data.s3.amazonaws.com/photos/29755137/large.jpeg,Papilio demoleus malayanus,48460/1/47120/372739/47158/184884/47157/47224/47223/49973/207785/47225/884946/51583,jpeg
http://inaturalist-open-data.s3.amazonaws.com/photos/31725200/large.jpeg,Papilio demoleus malayanus,48460/1/47120/372739/47158/184884/47157/47224/47223/49973/207785/47225/884946/51583,jpeg
http://inaturalist-open-data.s3.amazonaws.com/photos/31725203/large.jpeg,Papilio demoleus malayanus,48460/1/47120/372739/47158/184884/47157/47224/47223/49973/207785/47225/884946/51583,jpeg
http://inaturalist-open-data.s3.amazonaws.com/photos/31725207/large.jpeg,Papilio demoleus malayanus,48460/1/47120/372739/47158/184884/47157/47224/47223/49973/207785/47225/884946/51583,jpeg
http://inaturalist-open-data.s3.amazonaws.com/photos/31958057/large.jpeg,Papilio demoleus malayanus,48460/1/47120/372739/47158/184884/47157/47224/47223/49973/207785/47225/884946/51583,jpeg
http://inaturalist-open-data.s3.amazonaws.com/photos/34186053/large.jpeg,Papilio demoleus malayanus,48460/1/47120/372739/47158/184884/47157/47224/47223/49973/207785/47225/884946/51583,jpeg
http://inaturalist-open-data.s3.amazonaws.com/photos/34186573/large.jpg,Papilio demoleus malayanus,48460/1/47120/372739/47158/184884/47157/47224/47223/49973/207785/47225/884946/51583,jpg
http://inaturalist-open-data.s3.amazonaws.com/photos/34186574/large.jpg,Papilio demoleus malayanus,48460/1/47120/372739/47158/184884/47157/47224/47223/49973/207785/47225/884946/51583,jpg
http://inaturalist-open-data.s3.amazonaws.com/photos/34186575/large.jpg,Papilio demoleus malayanus,48460/1/47120/372739/47158/184884/47157/47224/47223/49973/207785/47225/884946/51583,jpg
http://inaturalist-open-data.s3.amazonaws.com/photos/34656717/large.jpg,Papilio demoleus malayanus,48460/1/47120/372739/47158/184884/47157/47224/47223/49973/207785/47225/884946/51583,jpg
http://inaturalist-open-data.s3.amazonaws.com/photos/34656713/large.jpg,Papilio demoleus malayanus,48460/1/47120/372739/47158/184884/47157/47224/47223/49973/207785/47225/884946/51583,jpg
http://inaturalist-open-data.s3.amazonaws.com/photos/34656720/large.jpg,Papilio demoleus malayanus,48460/1/47120/372739/47158/184884/47157/47224/47223/49973/207785/47225/884946/51583,jpg
http://inaturalist-open-data.s3.amazonaws.com/photos/37867253/large.jpg,Papilio demoleus malayanus,48460/1/47120/372739/47158/184884/47157/47224/47223/49973/207785/47225/884946/51583,jpg
http://inaturalist-open-data.s3.amazonaws.com/photos/37867259/large.jpg,Papilio demoleus malayanus,48460/1/47120/372739/47158/184884/47157/47224/47223/49973/207785/47225/884946/51583,jpg
http://inaturalist-open-data.s3.amazonaws.com/photos/41306981/large.jpeg,Papilio demoleus malayanus,48460/1/47120/372739/47158/184884/47157/47224/47223/49973/207785/47225/884946/51583,jpeg
http://inaturalist-open-data.s3.amazonaws.com/photos/41981179/large.jpeg,Papilio demoleus malayanus,48460/1/47120/372739/47158/184884/47157/47224/47223/49973/207785/47225/884946/51583,jpeg
http://inaturalist-open-data.s3.amazonaws.com/photos/42098696/large.jpeg,Papilio demoleus malayanus,48460/1/47120/372739/47158/184884/47157/47224/47223/49973/207785/47225/884946/51583,jpeg
http://inaturalist-open-data.s3.amazonaws.com/photos/42098709/large.jpeg,Papilio demoleus malayanus,48460/1/47120/372739/47158/184884/47157/47224/47223/49973/207785/47225/884946/51583,jpeg
http://inaturalist-open-data.s3.amazonaws.com/photos/44412369/large.jpg,Papilio demoleus malayanus,48460/1/47120/372739/47158/184884/47157/47224/47223/49973/207785/47225/884946/51583,jpg
http://inaturalist-open-data.s3.amazonaws.com/photos/44499193/large.jpg,Papilio demoleus malayanus,48460/1/47120/372739/47158/184884/47157/47224/47223/49973/207785/47225/884946/51583,jpg
http://inaturalist-open-data.s3.amazonaws.com/photos/45228109/large.jpg,Papilio demoleus malayanus,48460/1/47120/372739/47158/184884/47157/47224/47223/49973/207785/47225/884946/51583,jpg
http://inaturalist-open-data.s3.amazonaws.com/photos/45228103/large.jpg,Papilio demoleus malayanus,48460/1/47120/372739/47158/184884/47157/47224/47223/49973/207785/47225/884946/51583,jpg
http://inaturalist-open-data.s3.amazonaws.com/photos/46039763/large.jpeg,Papilio demoleus malayanus,48460/1/47120/372739/47158/184884/47157/47224/47223/49973/207785/47225/884946/51583,jpeg
http://inaturalist-open-data.s3.amazonaws.com/photos/46039766/large.jpeg,Papilio demoleus malayanus,48460/1/47120/372739/47158/184884/47157/47224/47223/49973/207785/47225/884946/51583,jpeg
http://inaturalist-open-data.s3.amazonaws.com/photos/47944524/large.jpg,Papilio demoleus malayanus,48460/1/47120/372739/47158/184884/47157/47224/47223/49973/207785/47225/884946/51583,jpg
http://inaturalist-open-data.s3.amazonaws.com/photos/47944526/large.jpg,Papilio demoleus malayanus,48460/1/47120/372739/47158/184884/47157/47224/47223/49973/207785/47225/884946/51583,jpg
http://inaturalist-open-data.s3.amazonaws.com/photos/47944529/large.jpg,Papilio demoleus malayanus,48460/1/47120/372739/47158/184884/47157/47224/47223/49973/207785/47225/884946/51583,jpg
http://inaturalist-open-data.s3.amazonaws.com/photos/47944530/large.jpg,Papilio demoleus malayanus,48460/1/47120/372739/47158/184884/47157/47224/47223/49973/207785/47225/884946/51583,jpg
http://inaturalist-open-data.s3.amazonaws.com/photos/48563226/large.jpg,Papilio demoleus malayanus,48460/1/47120/372739/47158/184884/47157/47224/47223/49973/207785/47225/884946/51583,jpg
http://inaturalist-open-data.s3.amazonaws.com/photos/48650454/large.jpg,Papilio demoleus malayanus,48460/1/47120/372739/47158/184884/47157/47224/47223/49973/207785/47225/884946/51583,jpg
http://inaturalist-open-data.s3.amazonaws.com/photos/48726765/large.jpeg,Papilio demoleus malayanus,48460/1/47120/372739/47158/184884/47157/47224/47223/49973/207785/47225/884946/51583,jpeg
http://inaturalist-open-data.s3.amazonaws.com/photos/48726766/large.jpeg,Papilio demoleus malayanus,48460/1/47120/372739/47158/184884/47157/47224/47223/49973/207785/47225/884946/51583,jpeg
http://inaturalist-open-data.s3.amazonaws.com/photos/48726769/large.jpeg,Papilio demoleus malayanus,48460/1/47120/372739/47158/184884/47157/47224/47223/49973/207785/47225/884946/51583,jpeg
http://inaturalist-open-data.s3.amazonaws.com/photos/48726774/large.jpeg,Papilio demoleus malayanus,48460/1/47120/372739/47158/184884/47157/47224/47223/49973/207785/47225/884946/51583,jpeg
http://inaturalist-open-data.s3.amazonaws.com/photos/48726779/large.jpeg,Papilio demoleus malayanus,48460/1/47120/372739/47158/184884/47157/47224/47223/49973/207785/47225/884946/51583,jpeg
http://inaturalist-open-data.s3.amazonaws.com/photos/48726783/large.jpeg,Papilio demoleus malayanus,48460/1/47120/372739/47158/184884/47157/47224/47223/49973/207785/47225/884946/51583,jpeg
http://inaturalist-open-data.s3.amazonaws.com/photos/50910338/large.jpg,Papilio demoleus malayanus,48460/1/47120/372739/47158/184884/47157/47224/47223/49973/207785/47225/884946/51583,jpg
http://inaturalist-open-data.s3.amazonaws.com/photos/51972942/large.jpeg,Papilio demoleus malayanus,48460/1/47120/372739/47158/184884/47157/47224/47223/49973/207785/47225/884946/51583,jpeg
http://inaturalist-open-data.s3.amazonaws.com/photos/51972949/large.jpeg,Papilio demoleus malayanus,48460/1/47120/372739/47158/184884/47157/47224/47223/49973/207785/47225/884946/51583,jpeg
http://inaturalist-open-data.s3.amazonaws.com/photos/51972929/large.jpeg,Papilio demoleus malayanus,48460/1/47120/372739/47158/184884/47157/47224/47223/49973/207785/47225/884946/51583,jpeg
http://inaturalist-open-data.s3.amazonaws.com/photos/52407989/large.jpg,Papilio demoleus malayanus,48460/1/47120/372739/47158/184884/47157/47224/47223/49973/207785/47225/884946/51583,jpg
http://inaturalist-open-data.s3.amazonaws.com/photos/52468287/large.jpg,Papilio demoleus malayanus,48460/1/47120/372739/47158/184884/47157/47224/47223/49973/207785/47225/884946/51583,jpg
http://inaturalist-open-data.s3.amazonaws.com/photos/52581688/large.jpg,Papilio demoleus malayanus,48460/1/47120/372739/47158/184884/47157/47224/47223/49973/207785/47225/884946/51583,jpg
http://inaturalist-open-data.s3.amazonaws.com/photos/52581691/large.jpg,Papilio demoleus malayanus,48460/1/47120/372739/47158/184884/47157/47224/47223/49973/207785/47225/884946/51583,jpg
http://inaturalist-open-data.s3.amazonaws.com/photos/57396971/large.jpeg,Papilio demoleus malayanus,48460/1/47120/372739/47158/184884/47157/47224/47223/49973/207785/47225/884946/51583,jpeg
http://inaturalist-open-data.s3.amazonaws.com/photos/57396981/large.jpeg,Papilio demoleus malayanus,48460/1/47120/372739/47158/184884/47157/47224/47223/49973/207785/47225/884946/51583,jpeg
http://inaturalist-open-data.s3.amazonaws.com/photos/57396992/large.jpeg,Papilio demoleus malayanus,48460/1/47120/372739/47158/184884/47157/47224/47223/49973/207785/47225/884946/51583,jpeg
http://inaturalist-open-data.s3.amazonaws.com/photos/59659146/large.jpg,Papilio demoleus malayanus,48460/1/47120/372739/47158/184884/47157/47224/47223/49973/207785/47225/884946/51583,jpg
http://inaturalist-open-data.s3.amazonaws.com/photos/59659147/large.jpg,Papilio demoleus malayanus,48460/1/47120/372739/47158/184884/47157/47224/47223/49973/207785/47225/884946/51583,jpg
http://inaturalist-open-data.s3.amazonaws.com/photos/60282731/large.jpg,Papilio demoleus malayanus,48460/1/47120/372739/47158/184884/47157/47224/47223/49973/207785/47225/884946/51583,jpg
http://inaturalist-open-data.s3.amazonaws.com/photos/60282823/large.jpg,Papilio demoleus malayanus,48460/1/47120/372739/47158/184884/47157/47224/47223/49973/207785/47225/884946/51583,jpg
http://inaturalist-open-data.s3.amazonaws.com/photos/61890037/large.jpg,Papilio demoleus malayanus,48460/1/47120/372739/47158/184884/47157/47224/47223/49973/207785/47225/884946/51583,jpg
http://inaturalist-open-data.s3.amazonaws.com/photos/61949587/large.jpg,Papilio demoleus malayanus,48460/1/47120/372739/47158/184884/47157/47224/47223/49973/207785/47225/884946/51583,jpg
http://inaturalist-open-data.s3.amazonaws.com/photos/61949582/large.jpg,Papilio demoleus malayanus,48460/1/47120/372739/47158/184884/47157/47224/47223/49973/207785/47225/884946/51583,jpg
http://inaturalist-open-data.s3.amazonaws.com/photos/61949580/large.jpg,Papilio demoleus malayanus,48460/1/47120/372739/47158/184884/47157/47224/47223/49973/207785/47225/884946/51583,jpg
http://inaturalist-open-data.s3.amazonaws.com/photos/62300045/large.jpg,Papilio demoleus malayanus,48460/1/47120/372739/47158/184884/47157/47224/47223/49973/207785/47225/884946/51583,jpg
http://inaturalist-open-data.s3.amazonaws.com/photos/62300046/large.jpg,Papilio demoleus malayanus,48460/1/47120/372739/47158/184884/47157/47224/47223/49973/207785/47225/884946/51583,jpg
http://inaturalist-open-data.s3.amazonaws.com/photos/62331289/large.jpg,Papilio demoleus malayanus,48460/1/47120/372739/47158/184884/47157/47224/47223/49973/207785/47225/884946/51583,jpg
http://inaturalist-open-data.s3.amazonaws.com/photos/62331280/large.jpg,Papilio demoleus malayanus,48460/1/47120/372739/47158/184884/47157/47224/47223/49973/207785/47225/884946/51583,jpg
http://inaturalist-open-data.s3.amazonaws.com/photos/62331270/large.jpg,Papilio demoleus malayanus,48460/1/47120/372739/47158/184884/47157/47224/47223/49973/207785/47225/884946/51583,jpg
http://inaturalist-open-data.s3.amazonaws.com/photos/64512567/large.jpeg,Papilio demoleus malayanus,48460/1/47120/372739/47158/184884/47157/47224/47223/49973/207785/47225/884946/51583,jpeg
http://inaturalist-open-data.s3.amazonaws.com/photos/64512743/large.jpeg,Papilio demoleus malayanus,48460/1/47120/372739/47158/184884/47157/47224/47223/49973/207785/47225/884946/51583,jpeg
http://inaturalist-open-data.s3.amazonaws.com/photos/64512830/large.jpeg,Papilio demoleus malayanus,48460/1/47120/372739/47158/184884/47157/47224/47223/49973/207785/47225/884946/51583,jpeg
http://inaturalist-open-data.s3.amazonaws.com/photos/64928701/large.jpg,Papilio demoleus malayanus,48460/1/47120/372739/47158/184884/47157/47224/47223/49973/207785/47225/884946/51583,jpg
http://inaturalist-open-data.s3.amazonaws.com/photos/65075765/large.jpg,Papilio demoleus malayanus,48460/1/47120/372739/47158/184884/47157/47224/47223/49973/207785/47225/884946/51583,jpg
http://inaturalist-open-data.s3.amazonaws.com/photos/65075809/large.jpg,Papilio demoleus malayanus,48460/1/47120/372739/47158/184884/47157/47224/47223/49973/207785/47225/884946/51583,jpg
http://inaturalist-open-data.s3.amazonaws.com/photos/65619427/large.jpg,Papilio demoleus malayanus,48460/1/47120/372739/47158/184884/47157/47224/47223/49973/207785/47225/884946/51583,jpg
http://inaturalist-open-data.s3.amazonaws.com/photos/65984900/large.jpg,Papilio demoleus malayanus,48460/1/47120/372739/47158/184884/47157/47224/47223/49973/207785/47225/884946/51583,jpg
http://inaturalist-open-data.s3.amazonaws.com/photos/66350895/large.jpg,Papilio demoleus malayanus,48460/1/47120/372739/47158/184884/47157/47224/47223/49973/207785/47225/884946/51583,jpg
http://inaturalist-open-data.s3.amazonaws.com/photos/66350889/large.jpg,Papilio demoleus malayanus,48460/1/47120/372739/47158/184884/47157/47224/47223/49973/207785/47225/884946/51583,jpg
http://inaturalist-open-data.s3.amazonaws.com/photos/66350905/large.jpg,Papilio demoleus malayanus,48460/1/47120/372739/47158/184884/47157/47224/47223/49973/207785/47225/884946/51583,jpg
http://inaturalist-open-data.s3.amazonaws.com/photos/66350906/large.jpg,Papilio demoleus malayanus,48460/1/47120/372739/47158/184884/47157/47224/47223/49973/207785/47225/884946/51583,jpg
http://inaturalist-open-data.s3.amazonaws.com/photos/66351138/large.jpg,Papilio demoleus malayanus,48460/1/47120/372739/47158/184884/47157/47224/47223/49973/207785/47225/884946/51583,jpg
http://inaturalist-open-data.s3.amazonaws.com/photos/66351123/large.jpg,Papilio demoleus malayanus,48460/1/47120/372739/47158/184884/47157/47224/47223/49973/207785/47225/884946/51583,jpg
http://inaturalist-open-data.s3.amazonaws.com/photos/66351132/large.jpg,Papilio demoleus malayanus,48460/1/47120/372739/47158/184884/47157/47224/47223/49973/207785/47225/884946/51583,jpg
http://inaturalist-open-data.s3.amazonaws.com/photos/67734111/large.jpg,Papilio demoleus malayanus,48460/1/47120/372739/47158/184884/47157/47224/47223/49973/207785/47225/884946/51583,jpg
http://inaturalist-open-data.s3.amazonaws.com/photos/67734121/large.jpg,Papilio demoleus malayanus,48460/1/47120/372739/47158/184884/47157/47224/47223/49973/207785/47225/884946/51583,jpg
http://inaturalist-open-data.s3.amazonaws.com/photos/67734123/large.jpg,Papilio demoleus malayanus,48460/1/47120/372739/47158/184884/47157/47224/47223/49973/207785/47225/884946/51583,jpg
http://inaturalist-open-data.s3.amazonaws.com/photos/67734127/large.jpg,Papilio demoleus malayanus,48460/1/47120/372739/47158/184884/47157/47224/47223/49973/207785/47225/884946/51583,jpg
http://inaturalist-open-data.s3.amazonaws.com/photos/67734133/large.jpg,Papilio demoleus malayanus,48460/1/47120/372739/47158/184884/47157/47224/47223/49973/207785/47225/884946/51583,jpg
http://inaturalist-open-data.s3.amazonaws.com/photos/67734142/large.jpg,Papilio demoleus malayanus,48460/1/47120/372739/47158/184884/47157/47224/47223/49973/207785/47225/884946/51583,jpg
http://inaturalist-open-data.s3.amazonaws.com/photos/67734165/large.jpg,Papilio demoleus malayanus,48460/1/47120/372739/47158/184884/47157/47224/47223/49973/207785/47225/884946/51583,jpg
http://inaturalist-open-data.s3.amazonaws.com/photos/67734182/large.jpg,Papilio demoleus malayanus,48460/1/47120/372739/47158/184884/47157/47224/47223/49973/207785/47225/884946/51583,jpg
http://inaturalist-open-data.s3.amazonaws.com/photos/67734199/large.jpg,Papilio demoleus malayanus,48460/1/47120/372739/47158/184884/47157/47224/47223/49973/207785/47225/884946/51583,jpg
http://inaturalist-open-data.s3.amazonaws.com/photos/67734203/large.jpg,Papilio demoleus malayanus,48460/1/47120/372739/47158/184884/47157/47224/47223/49973/207785/47225/884946/51583,jpg
http://inaturalist-open-data.s3.amazonaws.com/photos/67734213/large.jpg,Papilio demoleus malayanus,48460/1/47120/372739/47158/184884/47157/47224/47223/49973/207785/47225/884946/51583,jpg
http://inaturalist-open-data.s3.amazonaws.com/photos/67734221/large.jpg,Papilio demoleus malayanus,48460/1/47120/372739/47158/184884/47157/47224/47223/49973/207785/47225/884946/51583,jpg
http://inaturalist-open-data.s3.amazonaws.com/photos/67734227/large.jpg,Papilio demoleus malayanus,48460/1/47120/372739/47158/184884/47157/47224/47223/49973/207785/47225/884946/51583,jpg
http://inaturalist-open-data.s3.amazonaws.com/photos/67734235/large.jpg,Papilio demoleus malayanus,48460/1/47120/372739/47158/184884/47157/47224/47223/49973/207785/47225/884946/51583,jpg
http://inaturalist-open-data.s3.amazonaws.com/photos/67734252/large.jpg,Papilio demoleus malayanus,48460/1/47120/372739/47158/184884/47157/47224/47223/49973/207785/47225/884946/51583,jpg
http://inaturalist-open-data.s3.amazonaws.com/photos/67734265/large.jpg,Papilio demoleus malayanus,48460/1/47120/372739/47158/184884/47157/47224/47223/49973/207785/47225/884946/51583,jpg
http://inaturalist-open-data.s3.amazonaws.com/photos/67734282/large.jpg,Papilio demoleus malayanus,48460/1/47120/372739/47158/184884/47157/47224/47223/49973/207785/47225/884946/51583,jpg
http://inaturalist-open-data.s3.amazonaws.com/photos/67734301/large.jpg,Papilio demoleus malayanus,48460/1/47120/372739/47158/184884/47157/47224/47223/49973/207785/47225/884946/51583,jpg
http://inaturalist-open-data.s3.amazonaws.com/photos/67734314/large.jpg,Papilio demoleus malayanus,48460/1/47120/372739/47158/184884/47157/47224/47223/49973/207785/47225/884946/51583,jpg
http://inaturalist-open-data.s3.amazonaws.com/photos/67734107/large.jpg,Papilio demoleus malayanus,48460/1/47120/372739/47158/184884/47157/47224/47223/49973/207785/47225/884946/51583,jpg
http://inaturalist-open-data.s3.amazonaws.com/photos/67734099/large.jpg,Papilio demoleus malayanus,48460/1/47120/372739/47158/184884/47157/47224/47223/49973/207785/47225/884946/51583,jpg
http://inaturalist-open-data.s3.amazonaws.com/photos/67734064/large.jpg,Papilio demoleus malayanus,48460/1/47120/372739/47158/184884/47157/47224/47223/49973/207785/47225/884946/51583,jpg
http://inaturalist-open-data.s3.amazonaws.com/photos/67734292/large.jpg,Papilio demoleus malayanus,48460/1/47120/372739/47158/184884/47157/47224/47223/49973/207785/47225/884946/51583,jpg
http://inaturalist-open-data.s3.amazonaws.com/photos/67734153/large.jpg,Papilio demoleus malayanus,48460/1/47120/372739/47158/184884/47157/47224/47223/49973/207785/47225/884946/51583,jpg
http://inaturalist-open-data.s3.amazonaws.com/photos/70852370/large.jpeg,Papilio demoleus malayanus,48460/1/47120/372739/47158/184884/47157/47224/47223/49973/207785/47225/884946/51583,jpeg
http://inaturalist-open-data.s3.amazonaws.com/photos/70852398/large.jpeg,Papilio demoleus malayanus,48460/1/47120/372739/47158/184884/47157/47224/47223/49973/207785/47225/884946/51583,jpeg
http://inaturalist-open-data.s3.amazonaws.com/photos/71425032/large.jpeg,Papilio demoleus malayanus,48460/1/47120/372739/47158/184884/47157/47224/47223/49973/207785/47225/884946/51583,jpeg
http://inaturalist-open-data.s3.amazonaws.com/photos/75140032/large.jpg,Papilio demoleus malayanus,48460/1/47120/372739/47158/184884/47157/47224/47223/49973/207785/47225/884946/51583,jpg
http://inaturalist-open-data.s3.amazonaws.com/photos/77726087/large.jpg,Papilio demoleus malayanus,48460/1/47120/372739/47158/184884/47157/47224/47223/49973/207785/47225/884946/51583,jpg
http://inaturalist-open-data.s3.amazonaws.com/photos/79613061/large.jpg,Papilio demoleus malayanus,48460/1/47120/372739/47158/184884/47157/47224/47223/49973/207785/47225/884946/51583,jpg
http://inaturalist-open-data.s3.amazonaws.com/photos/80993456/large.jpeg,Papilio demoleus malayanus,48460/1/47120/372739/47158/184884/47157/47224/47223/49973/207785/47225/884946/51583,jpeg
http://inaturalist-open-data.s3.amazonaws.com/photos/80993473/large.jpeg,Papilio demoleus malayanus,48460/1/47120/372739/47158/184884/47157/47224/47223/49973/207785/47225/884946/51583,jpeg
http://inaturalist-open-data.s3.amazonaws.com/photos/80993483/large.jpeg,Papilio demoleus malayanus,48460/1/47120/372739/47158/184884/47157/47224/47223/49973/207785/47225/884946/51583,jpeg
http://inaturalist-open-data.s3.amazonaws.com/photos/80993495/large.jpeg,Papilio demoleus malayanus,48460/1/47120/372739/47158/184884/47157/47224/47223/49973/207785/47225/884946/51583,jpeg
http://inaturalist-open-data.s3.amazonaws.com/photos/81306180/large.jpg,Papilio demoleus malayanus,48460/1/47120/372739/47158/184884/47157/47224/47223/49973/207785/47225/884946/51583,jpg
http://inaturalist-open-data.s3.amazonaws.com/photos/81502165/large.jpg,Papilio demoleus malayanus,48460/1/47120/372739/47158/184884/47157/47224/47223/49973/207785/47225/884946/51583,jpg
http://inaturalist-open-data.s3.amazonaws.com/photos/81542428/large.jpg,Papilio demoleus malayanus,48460/1/47120/372739/47158/184884/47157/47224/47223/49973/207785/47225/884946/51583,jpg
http://inaturalist-open-data.s3.amazonaws.com/photos/82694745/large.jpeg,Papilio demoleus malayanus,48460/1/47120/372739/47158/184884/47157/47224/47223/49973/207785/47225/884946/51583,jpeg
http://inaturalist-open-data.s3.amazonaws.com/photos/82694744/large.jpeg,Papilio demoleus malayanus,48460/1/47120/372739/47158/184884/47157/47224/47223/49973/207785/47225/884946/51583,jpeg
http://inaturalist-open-data.s3.amazonaws.com/photos/82694099/large.jpeg,Papilio demoleus malayanus,48460/1/47120/372739/47158/184884/47157/47224/47223/49973/207785/47225/884946/51583,jpeg
http://inaturalist-open-data.s3.amazonaws.com/photos/83701991/large.jpg,Papilio demoleus malayanus,48460/1/47120/372739/47158/184884/47157/47224/47223/49973/207785/47225/884946/51583,jpg
http://inaturalist-open-data.s3.amazonaws.com/photos/83701999/large.jpg,Papilio demoleus malayanus,48460/1/47120/372739/47158/184884/47157/47224/47223/49973/207785/47225/884946/51583,jpg
http://inaturalist-open-data.s3.amazonaws.com/photos/83929880/large.jpg,Papilio demoleus malayanus,48460/1/47120/372739/47158/184884/47157/47224/47223/49973/207785/47225/884946/51583,jpg
http://inaturalist-open-data.s3.amazonaws.com/photos/85228756/large.jpg,Papilio demoleus malayanus,48460/1/47120/372739/47158/184884/47157/47224/47223/49973/207785/47225/884946/51583,jpg
http://inaturalist-open-data.s3.amazonaws.com/photos/85228771/large.jpg,Papilio demoleus malayanus,48460/1/47120/372739/47158/184884/47157/47224/47223/49973/207785/47225/884946/51583,jpg
http://inaturalist-open-data.s3.amazonaws.com/photos/85777342/large.jpg,Papilio demoleus malayanus,48460/1/47120/372739/47158/184884/47157/47224/47223/49973/207785/47225/884946/51583,jpg
http://inaturalist-open-data.s3.amazonaws.com/photos/86553257/large.png,Papilio demoleus malayanus,48460/1/47120/372739/47158/184884/47157/47224/47223/49973/207785/47225/884946/51583,png
http://inaturalist-open-data.s3.amazonaws.com/photos/86914066/large.jpeg,Papilio demoleus malayanus,48460/1/47120/372739/47158/184884/47157/47224/47223/49973/207785/47225/884946/51583,jpeg
http://inaturalist-open-data.s3.amazonaws.com/photos/86934764/large.jpeg,Papilio demoleus malayanus,48460/1/47120/372739/47158/184884/47157/47224/47223/49973/207785/47225/884946/51583,jpeg
http://inaturalist-open-data.s3.amazonaws.com/photos/87087312/large.jpg,Papilio demoleus malayanus,48460/1/47120/372739/47158/184884/47157/47224/47223/49973/207785/47225/884946/51583,jpg
http://inaturalist-open-data.s3.amazonaws.com/photos/87087319/large.jpg,Papilio demoleus malayanus,48460/1/47120/372739/47158/184884/47157/47224/47223/49973/207785/47225/884946/51583,jpg
http://inaturalist-open-data.s3.amazonaws.com/photos/87087326/large.jpg,Papilio demoleus malayanus,48460/1/47120/372739/47158/184884/47157/47224/47223/49973/207785/47225/884946/51583,jpg
http://inaturalist-open-data.s3.amazonaws.com/photos/87087333/large.jpg,Papilio demoleus malayanus,48460/1/47120/372739/47158/184884/47157/47224/47223/49973/207785/47225/884946/51583,jpg
http://inaturalist-open-data.s3.amazonaws.com/photos/87258669/large.jpeg,Papilio demoleus malayanus,48460/1/47120/372739/47158/184884/47157/47224/47223/49973/207785/47225/884946/51583,jpeg
http://inaturalist-open-data.s3.amazonaws.com/photos/87258680/large.jpeg,Papilio demoleus malayanus,48460/1/47120/372739/47158/184884/47157/47224/47223/49973/207785/47225/884946/51583,jpeg
http://inaturalist-open-data.s3.amazonaws.com/photos/87393092/large.jpg,Papilio demoleus malayanus,48460/1/47120/372739/47158/184884/47157/47224/47223/49973/207785/47225/884946/51583,jpg
http://inaturalist-open-data.s3.amazonaws.com/photos/88162256/large.jpg,Papilio demoleus malayanus,48460/1/47120/372739/47158/184884/47157/47224/47223/49973/207785/47225/884946/51583,jpg
http://inaturalist-open-data.s3.amazonaws.com/photos/88162265/large.jpg,Papilio demoleus malayanus,48460/1/47120/372739/47158/184884/47157/47224/47223/49973/207785/47225/884946/51583,jpg
http://inaturalist-open-data.s3.amazonaws.com/photos/88162250/large.jpg,Papilio demoleus malayanus,48460/1/47120/372739/47158/184884/47157/47224/47223/49973/207785/47225/884946/51583,jpg
http://inaturalist-open-data.s3.amazonaws.com/photos/88823318/large.jpg,Papilio demoleus malayanus,48460/1/47120/372739/47158/184884/47157/47224/47223/49973/207785/47225/884946/51583,jpg
http://inaturalist-open-data.s3.amazonaws.com/photos/88823310/large.jpg,Papilio demoleus malayanus,48460/1/47120/372739/47158/184884/47157/47224/47223/49973/207785/47225/884946/51583,jpg
http://inaturalist-open-data.s3.amazonaws.com/photos/89196375/large.jpg,Papilio demoleus malayanus,48460/1/47120/372739/47158/184884/47157/47224/47223/49973/207785/47225/884946/51583,jpg
http://inaturalist-open-data.s3.amazonaws.com/photos/89728728/large.jpeg,Papilio demoleus malayanus,48460/1/47120/372739/47158/184884/47157/47224/47223/49973/207785/47225/884946/51583,jpeg
http://inaturalist-open-data.s3.amazonaws.com/photos/90402091/large.jpg,Papilio demoleus malayanus,48460/1/47120/372739/47158/184884/47157/47224/47223/49973/207785/47225/884946/51583,jpg
http://inaturalist-open-data.s3.amazonaws.com/photos/90422567/large.jpeg,Papilio demoleus malayanus,48460/1/47120/372739/47158/184884/47157/47224/47223/49973/207785/47225/884946/51583,jpeg
http://inaturalist-open-data.s3.amazonaws.com/photos/90769875/large.jpeg,Papilio demoleus malayanus,48460/1/47120/372739/47158/184884/47157/47224/47223/49973/207785/47225/884946/51583,jpeg
http://inaturalist-open-data.s3.amazonaws.com/photos/91068039/large.jpg,Papilio demoleus malayanus,48460/1/47120/372739/47158/184884/47157/47224/47223/49973/207785/47225/884946/51583,jpg
http://inaturalist-open-data.s3.amazonaws.com/photos/91068045/large.jpg,Papilio demoleus malayanus,48460/1/47120/372739/47158/184884/47157/47224/47223/49973/207785/47225/884946/51583,jpg
http://inaturalist-open-data.s3.amazonaws.com/photos/91592545/large.jpg,Papilio demoleus malayanus,48460/1/47120/372739/47158/184884/47157/47224/47223/49973/207785/47225/884946/51583,jpg
http://inaturalist-open-data.s3.amazonaws.com/photos/91592570/large.jpg,Papilio demoleus malayanus,48460/1/47120/372739/47158/184884/47157/47224/47223/49973/207785/47225/884946/51583,jpg
http://inaturalist-open-data.s3.amazonaws.com/photos/91605831/large.jpeg,Papilio demoleus malayanus,48460/1/47120/372739/47158/184884/47157/47224/47223/49973/207785/47225/884946/51583,jpeg
http://inaturalist-open-data.s3.amazonaws.com/photos/91605837/large.jpeg,Papilio demoleus malayanus,48460/1/47120/372739/47158/184884/47157/47224/47223/49973/207785/47225/884946/51583,jpeg
http://inaturalist-open-data.s3.amazonaws.com/photos/92778173/large.jpg,Papilio demoleus malayanus,48460/1/47120/372739/47158/184884/47157/47224/47223/49973/207785/47225/884946/51583,jpg
http://inaturalist-open-data.s3.amazonaws.com/photos/95682276/large.jpeg,Papilio demoleus malayanus,48460/1/47120/372739/47158/184884/47157/47224/47223/49973/207785/47225/884946/51583,jpeg
http://inaturalist-open-data.s3.amazonaws.com/photos/97927002/large.jpeg,Papilio demoleus malayanus,48460/1/47120/372739/47158/184884/47157/47224/47223/49973/207785/47225/884946/51583,jpeg
http://inaturalist-open-data.s3.amazonaws.com/photos/96734153/large.jpeg,Papilio demoleus malayanus,48460/1/47120/372739/47158/184884/47157/47224/47223/49973/207785/47225/884946/51583,jpeg
http://inaturalist-open-data.s3.amazonaws.com/photos/97927016/large.jpeg,Papilio demoleus malayanus,48460/1/47120/372739/47158/184884/47157/47224/47223/49973/207785/47225/884946/51583,jpeg
http://inaturalist-open-data.s3.amazonaws.com/photos/97698420/large.jpeg,Papilio demoleus malayanus,48460/1/47120/372739/47158/184884/47157/47224/47223/49973/207785/47225/884946/51583,jpeg
http://inaturalist-open-data.s3.amazonaws.com/photos/97699092/large.jpeg,Papilio demoleus malayanus,48460/1/47120/372739/47158/184884/47157/47224/47223/49973/207785/47225/884946/51583,jpeg
http://inaturalist-open-data.s3.amazonaws.com/photos/97715991/large.jpg,Papilio demoleus malayanus,48460/1/47120/372739/47158/184884/47157/47224/47223/49973/207785/47225/884946/51583,jpg
http://inaturalist-open-data.s3.amazonaws.com/photos/98221826/large.jpg,Papilio demoleus malayanus,48460/1/47120/372739/47158/184884/47157/47224/47223/49973/207785/47225/884946/51583,jpg
http://inaturalist-open-data.s3.amazonaws.com/photos/98486388/large.jpg,Papilio demoleus malayanus,48460/1/47120/372739/47158/184884/47157/47224/47223/49973/207785/47225/884946/51583,jpg
http://inaturalist-open-data.s3.amazonaws.com/photos/98486396/large.jpg,Papilio demoleus malayanus,48460/1/47120/372739/47158/184884/47157/47224/47223/49973/207785/47225/884946/51583,jpg
http://inaturalist-open-data.s3.amazonaws.com/photos/100381488/large.jpg,Papilio demoleus malayanus,48460/1/47120/372739/47158/184884/47157/47224/47223/49973/207785/47225/884946/51583,jpg
http://inaturalist-open-data.s3.amazonaws.com/photos/100381474/large.jpg,Papilio demoleus malayanus,48460/1/47120/372739/47158/184884/47157/47224/47223/49973/207785/47225/884946/51583,jpg
http://inaturalist-open-data.s3.amazonaws.com/photos/100381505/large.jpg,Papilio demoleus malayanus,48460/1/47120/372739/47158/184884/47157/47224/47223/49973/207785/47225/884946/51583,jpg
http://inaturalist-open-data.s3.amazonaws.com/photos/100381516/large.jpg,Papilio demoleus malayanus,48460/1/47120/372739/47158/184884/47157/47224/47223/49973/207785/47225/884946/51583,jpg
http://inaturalist-open-data.s3.amazonaws.com/photos/100381521/large.jpg,Papilio demoleus malayanus,48460/1/47120/372739/47158/184884/47157/47224/47223/49973/207785/47225/884946/51583,jpg
http://inaturalist-open-data.s3.amazonaws.com/photos/100381551/large.jpg,Papilio demoleus malayanus,48460/1/47120/372739/47158/184884/47157/47224/47223/49973/207785/47225/884946/51583,jpg
http://inaturalist-open-data.s3.amazonaws.com/photos/100381529/large.jpg,Papilio demoleus malayanus,48460/1/47120/372739/47158/184884/47157/47224/47223/49973/207785/47225/884946/51583,jpg
http://inaturalist-open-data.s3.amazonaws.com/photos/100381561/large.jpg,Papilio demoleus malayanus,48460/1/47120/372739/47158/184884/47157/47224/47223/49973/207785/47225/884946/51583,jpg
http://inaturalist-open-data.s3.amazonaws.com/photos/100381574/large.jpg,Papilio demoleus malayanus,48460/1/47120/372739/47158/184884/47157/47224/47223/49973/207785/47225/884946/51583,jpg
http://inaturalist-open-data.s3.amazonaws.com/photos/100381581/large.jpg,Papilio demoleus malayanus,48460/1/47120/372739/47158/184884/47157/47224/47223/49973/207785/47225/884946/51583,jpg
http://inaturalist-open-data.s3.amazonaws.com/photos/100381598/large.jpg,Papilio demoleus malayanus,48460/1/47120/372739/47158/184884/47157/47224/47223/49973/207785/47225/884946/51583,jpg
http://inaturalist-open-data.s3.amazonaws.com/photos/100381590/large.jpg,Papilio demoleus malayanus,48460/1/47120/372739/47158/184884/47157/47224/47223/49973/207785/47225/884946/51583,jpg
http://inaturalist-open-data.s3.amazonaws.com/photos/100381616/large.jpg,Papilio demoleus malayanus,48460/1/47120/372739/47158/184884/47157/47224/47223/49973/207785/47225/884946/51583,jpg
http://inaturalist-open-data.s3.amazonaws.com/photos/100503080/large.jpeg,Papilio demoleus malayanus,48460/1/47120/372739/47158/184884/47157/47224/47223/49973/207785/47225/884946/51583,jpeg
http://inaturalist-open-data.s3.amazonaws.com/photos/101293257/large.jpeg,Papilio demoleus malayanus,48460/1/47120/372739/47158/184884/47157/47224/47223/49973/207785/47225/884946/51583,jpeg
http://inaturalist-open-data.s3.amazonaws.com/photos/102037376/large.jpeg,Papilio demoleus malayanus,48460/1/47120/372739/47158/184884/47157/47224/47223/49973/207785/47225/884946/51583,jpeg
http://inaturalist-open-data.s3.amazonaws.com/photos/102158937/large.jpeg,Papilio demoleus malayanus,48460/1/47120/372739/47158/184884/47157/47224/47223/49973/207785/47225/884946/51583,jpeg
http://inaturalist-open-data.s3.amazonaws.com/photos/102472942/large.jpg,Papilio demoleus malayanus,48460/1/47120/372739/47158/184884/47157/47224/47223/49973/207785/47225/884946/51583,jpg
http://inaturalist-open-data.s3.amazonaws.com/photos/102472960/large.jpg,Papilio demoleus malayanus,48460/1/47120/372739/47158/184884/47157/47224/47223/49973/207785/47225/884946/51583,jpg
http://inaturalist-open-data.s3.amazonaws.com/photos/104313699/large.jpg,Papilio demoleus malayanus,48460/1/47120/372739/47158/184884/47157/47224/47223/49973/207785/47225/884946/51583,jpg
http://inaturalist-open-data.s3.amazonaws.com/photos/104616126/large.jpeg,Papilio demoleus malayanus,48460/1/47120/372739/47158/184884/47157/47224/47223/49973/207785/47225/884946/51583,jpeg
http://inaturalist-open-data.s3.amazonaws.com/photos/105654221/large.jpg,Papilio demoleus malayanus,48460/1/47120/372739/47158/184884/47157/47224/47223/49973/207785/47225/884946/51583,jpg
http://inaturalist-open-data.s3.amazonaws.com/photos/106163960/large.jpg,Papilio demoleus malayanus,48460/1/47120/372739/47158/184884/47157/47224/47223/49973/207785/47225/884946/51583,jpg
http://inaturalist-open-data.s3.amazonaws.com/photos/107047850/large.jpg,Papilio demoleus malayanus,48460/1/47120/372739/47158/184884/47157/47224/47223/49973/207785/47225/884946/51583,jpg
http://inaturalist-open-data.s3.amazonaws.com/photos/107047855/large.jpg,Papilio demoleus malayanus,48460/1/47120/372739/47158/184884/47157/47224/47223/49973/207785/47225/884946/51583,jpg
http://inaturalist-open-data.s3.amazonaws.com/photos/107047857/large.jpg,Papilio demoleus malayanus,48460/1/47120/372739/47158/184884/47157/47224/47223/49973/207785/47225/884946/51583,jpg
http://inaturalist-open-data.s3.amazonaws.com/photos/107047862/large.jpg,Papilio demoleus malayanus,48460/1/47120/372739/47158/184884/47157/47224/47223/49973/207785/47225/884946/51583,jpg
http://inaturalist-open-data.s3.amazonaws.com/photos/107059887/large.jpeg,Papilio demoleus malayanus,48460/1/47120/372739/47158/184884/47157/47224/47223/49973/207785/47225/884946/51583,jpeg
http://inaturalist-open-data.s3.amazonaws.com/photos/107546588/large.jpeg,Papilio demoleus malayanus,48460/1/47120/372739/47158/184884/47157/47224/47223/49973/207785/47225/884946/51583,jpeg
http://inaturalist-open-data.s3.amazonaws.com/photos/107649135/large.jpeg,Papilio demoleus malayanus,48460/1/47120/372739/47158/184884/47157/47224/47223/49973/207785/47225/884946/51583,jpeg
http://inaturalist-open-data.s3.amazonaws.com/photos/108157618/large.jpeg,Papilio demoleus malayanus,48460/1/47120/372739/47158/184884/47157/47224/47223/49973/207785/47225/884946/51583,jpeg
http://inaturalist-open-data.s3.amazonaws.com/photos/108597697/large.jpeg,Papilio demoleus malayanus,48460/1/47120/372739/47158/184884/47157/47224/47223/49973/207785/47225/884946/51583,jpeg
http://inaturalist-open-data.s3.amazonaws.com/photos/108878424/large.jpeg,Papilio demoleus malayanus,48460/1/47120/372739/47158/184884/47157/47224/47223/49973/207785/47225/884946/51583,jpeg
http://inaturalist-open-data.s3.amazonaws.com/photos/110392475/large.jpg,Papilio demoleus malayanus,48460/1/47120/372739/47158/184884/47157/47224/47223/49973/207785/47225/884946/51583,jpg
http://inaturalist-open-data.s3.amazonaws.com/photos/111251568/large.jpg,Papilio demoleus malayanus,48460/1/47120/372739/47158/184884/47157/47224/47223/49973/207785/47225/884946/51583,jpg
http://inaturalist-open-data.s3.amazonaws.com/photos/111314636/large.jpeg,Papilio demoleus malayanus,48460/1/47120/372739/47158/184884/47157/47224/47223/49973/207785/47225/884946/51583,jpeg
http://inaturalist-open-data.s3.amazonaws.com/photos/111462818/large.jpeg,Papilio demoleus malayanus,48460/1/47120/372739/47158/184884/47157/47224/47223/49973/207785/47225/884946/51583,jpeg
http://inaturalist-open-data.s3.amazonaws.com/photos/111488021/large.jpeg,Papilio demoleus malayanus,48460/1/47120/372739/47158/184884/47157/47224/47223/49973/207785/47225/884946/51583,jpeg
http://inaturalist-open-data.s3.amazonaws.com/photos/111775140/large.jpeg,Papilio demoleus malayanus,48460/1/47120/372739/47158/184884/47157/47224/47223/49973/207785/47225/884946/51583,jpeg
http://inaturalist-open-data.s3.amazonaws.com/photos/112621244/large.jpeg,Papilio demoleus malayanus,48460/1/47120/372739/47158/184884/47157/47224/47223/49973/207785/47225/884946/51583,jpeg
http://inaturalist-open-data.s3.amazonaws.com/photos/114043747/large.jpeg,Papilio demoleus malayanus,48460/1/47120/372739/47158/184884/47157/47224/47223/49973/207785/47225/884946/51583,jpeg
http://inaturalist-open-data.s3.amazonaws.com/photos/114163855/large.jpeg,Papilio demoleus malayanus,48460/1/47120/372739/47158/184884/47157/47224/47223/49973/207785/47225/884946/51583,jpeg
http://inaturalist-open-data.s3.amazonaws.com/photos/114780257/large.jpg,Papilio demoleus malayanus,48460/1/47120/372739/47158/184884/47157/47224/47223/49973/207785/47225/884946/51583,jpg
http://inaturalist-open-data.s3.amazonaws.com/photos/114904057/large.jpeg,Papilio demoleus malayanus,48460/1/47120/372739/47158/184884/47157/47224/47223/49973/207785/47225/884946/51583,jpeg
http://inaturalist-open-data.s3.amazonaws.com/photos/114919670/large.jpeg,Papilio demoleus malayanus,48460/1/47120/372739/47158/184884/47157/47224/47223/49973/207785/47225/884946/51583,jpeg
http://inaturalist-open-data.s3.amazonaws.com/photos/115052969/large.jpeg,Papilio demoleus malayanus,48460/1/47120/372739/47158/184884/47157/47224/47223/49973/207785/47225/884946/51583,jpeg
http://inaturalist-open-data.s3.amazonaws.com/photos/115617556/large.jpeg,Papilio demoleus malayanus,48460/1/47120/372739/47158/184884/47157/47224/47223/49973/207785/47225/884946/51583,jpeg
http://inaturalist-open-data.s3.amazonaws.com/photos/115618854/large.jpeg,Papilio demoleus malayanus,48460/1/47120/372739/47158/184884/47157/47224/47223/49973/207785/47225/884946/51583,jpeg
http://inaturalist-open-data.s3.amazonaws.com/photos/115842737/large.jpeg,Papilio demoleus malayanus,48460/1/47120/372739/47158/184884/47157/47224/47223/49973/207785/47225/884946/51583,jpeg
http://inaturalist-open-data.s3.amazonaws.com/photos/115842734/large.jpeg,Papilio demoleus malayanus,48460/1/47120/372739/47158/184884/47157/47224/47223/49973/207785/47225/884946/51583,jpeg
http://inaturalist-open-data.s3.amazonaws.com/photos/115842746/large.jpeg,Papilio demoleus malayanus,48460/1/47120/372739/47158/184884/47157/47224/47223/49973/207785/47225/884946/51583,jpeg
http://inaturalist-open-data.s3.amazonaws.com/photos/119607156/large.jpeg,Papilio demoleus malayanus,48460/1/47120/372739/47158/184884/47157/47224/47223/49973/207785/47225/884946/51583,jpeg
http://inaturalist-open-data.s3.amazonaws.com/photos/120187978/large.jpeg,Papilio demoleus malayanus,48460/1/47120/372739/47158/184884/47157/47224/47223/49973/207785/47225/884946/51583,jpeg
http://inaturalist-open-data.s3.amazonaws.com/photos/120191406/large.jpeg,Papilio demoleus malayanus,48460/1/47120/372739/47158/184884/47157/47224/47223/49973/207785/47225/884946/51583,jpeg
http://inaturalist-open-data.s3.amazonaws.com/photos/120201494/large.jpeg,Papilio demoleus malayanus,48460/1/47120/372739/47158/184884/47157/47224/47223/49973/207785/47225/884946/51583,jpeg
http://inaturalist-open-data.s3.amazonaws.com/photos/120206879/large.jpeg,Papilio demoleus malayanus,48460/1/47120/372739/47158/184884/47157/47224/47223/49973/207785/47225/884946/51583,jpeg
http://inaturalist-open-data.s3.amazonaws.com/photos/121729371/large.jpeg,Papilio demoleus malayanus,48460/1/47120/372739/47158/184884/47157/47224/47223/49973/207785/47225/884946/51583,jpeg
http://inaturalist-open-data.s3.amazonaws.com/photos/123154905/large.jpeg,Papilio demoleus malayanus,48460/1/47120/372739/47158/184884/47157/47224/47223/49973/207785/47225/884946/51583,jpeg
http://inaturalist-open-data.s3.amazonaws.com/photos/123154909/large.jpeg,Papilio demoleus malayanus,48460/1/47120/372739/47158/184884/47157/47224/47223/49973/207785/47225/884946/51583,jpeg
http://inaturalist-open-data.s3.amazonaws.com/photos/123154915/large.jpeg,Papilio demoleus malayanus,48460/1/47120/372739/47158/184884/47157/47224/47223/49973/207785/47225/884946/51583,jpeg
http://inaturalist-open-data.s3.amazonaws.com/photos/123587939/large.jpeg,Papilio demoleus malayanus,48460/1/47120/372739/47158/184884/47157/47224/47223/49973/207785/47225/884946/51583,jpeg
http://inaturalist-open-data.s3.amazonaws.com/photos/123587951/large.jpeg,Papilio demoleus malayanus,48460/1/47120/372739/47158/184884/47157/47224/47223/49973/207785/47225/884946/51583,jpeg
http://inaturalist-open-data.s3.amazonaws.com/photos/123758899/large.jpeg,Papilio demoleus malayanus,48460/1/47120/372739/47158/184884/47157/47224/47223/49973/207785/47225/884946/51583,jpeg
http://inaturalist-open-data.s3.amazonaws.com/photos/123759377/large.jpeg,Papilio demoleus malayanus,48460/1/47120/372739/47158/184884/47157/47224/47223/49973/207785/47225/884946/51583,jpeg
http://inaturalist-open-data.s3.amazonaws.com/photos/125162288/large.jpeg,Papilio demoleus malayanus,48460/1/47120/372739/47158/184884/47157/47224/47223/49973/207785/47225/884946/51583,jpeg
http://inaturalist-open-data.s3.amazonaws.com/photos/126600069/large.jpg,Papilio demoleus malayanus,48460/1/47120/372739/47158/184884/47157/47224/47223/49973/207785/47225/884946/51583,jpg
http://inaturalist-open-data.s3.amazonaws.com/photos/126600078/large.jpg,Papilio demoleus malayanus,48460/1/47120/372739/47158/184884/47157/47224/47223/49973/207785/47225/884946/51583,jpg
http://inaturalist-open-data.s3.amazonaws.com/photos/126600088/large.jpg,Papilio demoleus malayanus,48460/1/47120/372739/47158/184884/47157/47224/47223/49973/207785/47225/884946/51583,jpg
http://inaturalist-open-data.s3.amazonaws.com/photos/128784928/large.jpeg,Papilio demoleus malayanus,48460/1/47120/372739/47158/184884/47157/47224/47223/49973/207785/47225/884946/51583,jpeg
http://inaturalist-open-data.s3.amazonaws.com/photos/128784970/large.jpeg,Papilio demoleus malayanus,48460/1/47120/372739/47158/184884/47157/47224/47223/49973/207785/47225/884946/51583,jpeg
http://inaturalist-open-data.s3.amazonaws.com/photos/131910608/large.jpg,Papilio demoleus malayanus,48460/1/47120/372739/47158/184884/47157/47224/47223/49973/207785/47225/884946/51583,jpg
http://inaturalist-open-data.s3.amazonaws.com/photos/131910625/large.jpg,Papilio demoleus malayanus,48460/1/47120/372739/47158/184884/47157/47224/47223/49973/207785/47225/884946/51583,jpg
http://inaturalist-open-data.s3.amazonaws.com/photos/136241464/large.jpeg,Papilio demoleus malayanus,48460/1/47120/372739/47158/184884/47157/47224/47223/49973/207785/47225/884946/51583,jpeg
http://inaturalist-open-data.s3.amazonaws.com/photos/139426894/large.jpeg,Papilio demoleus malayanus,48460/1/47120/372739/47158/184884/47157/47224/47223/49973/207785/47225/884946/51583,jpeg
http://inaturalist-open-data.s3.amazonaws.com/photos/142839703/large.jpeg,Papilio demoleus malayanus,48460/1/47120/372739/47158/184884/47157/47224/47223/49973/207785/47225/884946/51583,jpeg
http://inaturalist-open-data.s3.amazonaws.com/photos/142839710/large.jpeg,Papilio demoleus malayanus,48460/1/47120/372739/47158/184884/47157/47224/47223/49973/207785/47225/884946/51583,jpeg
http://inaturalist-open-data.s3.amazonaws.com/photos/144278239/large.jpg,Papilio demoleus malayanus,48460/1/47120/372739/47158/184884/47157/47224/47223/49973/207785/47225/884946/51583,jpg
http://inaturalist-open-data.s3.amazonaws.com/photos/144278249/large.jpg,Papilio demoleus malayanus,48460/1/47120/372739/47158/184884/47157/47224/47223/49973/207785/47225/884946/51583,jpg
http://inaturalist-open-data.s3.amazonaws.com/photos/144278266/large.jpg,Papilio demoleus malayanus,48460/1/47120/372739/47158/184884/47157/47224/47223/49973/207785/47225/884946/51583,jpg
http://inaturalist-open-data.s3.amazonaws.com/photos/144278282/large.jpg,Papilio demoleus malayanus,48460/1/47120/372739/47158/184884/47157/47224/47223/49973/207785/47225/884946/51583,jpg
http://inaturalist-open-data.s3.amazonaws.com/photos/146831441/large.jpeg,Papilio demoleus malayanus,48460/1/47120/372739/47158/184884/47157/47224/47223/49973/207785/47225/884946/51583,jpeg
http://inaturalist-open-data.s3.amazonaws.com/photos/146837493/large.jpeg,Papilio demoleus malayanus,48460/1/47120/372739/47158/184884/47157/47224/47223/49973/207785/47225/884946/51583,jpeg
http://inaturalist-open-data.s3.amazonaws.com/photos/146837540/large.jpeg,Papilio demoleus malayanus,48460/1/47120/372739/47158/184884/47157/47224/47223/49973/207785/47225/884946/51583,jpeg
http://inaturalist-open-data.s3.amazonaws.com/photos/151211803/large.jpeg,Papilio demoleus malayanus,48460/1/47120/372739/47158/184884/47157/47224/47223/49973/207785/47225/884946/51583,jpeg
http://inaturalist-open-data.s3.amazonaws.com/photos/151409977/large.jpeg,Papilio demoleus malayanus,48460/1/47120/372739/47158/184884/47157/47224/47223/49973/207785/47225/884946/51583,jpeg
http://inaturalist-open-data.s3.amazonaws.com/photos/153671470/large.jpeg,Papilio demoleus malayanus,48460/1/47120/372739/47158/184884/47157/47224/47223/49973/207785/47225/884946/51583,jpeg
http://inaturalist-open-data.s3.amazonaws.com/photos/153671324/large.jpeg,Papilio demoleus malayanus,48460/1/47120/372739/47158/184884/47157/47224/47223/49973/207785/47225/884946/51583,jpeg
http://inaturalist-open-data.s3.amazonaws.com/photos/156079461/large.jpeg,Papilio demoleus malayanus,48460/1/47120/372739/47158/184884/47157/47224/47223/49973/207785/47225/884946/51583,jpeg
http://inaturalist-open-data.s3.amazonaws.com/photos/157108258/large.jpeg,Papilio demoleus malayanus,48460/1/47120/372739/47158/184884/47157/47224/47223/49973/207785/47225/884946/51583,jpeg
http://inaturalist-open-data.s3.amazonaws.com/photos/157108264/large.jpeg,Papilio demoleus malayanus,48460/1/47120/372739/47158/184884/47157/47224/47223/49973/207785/47225/884946/51583,jpeg
http://inaturalist-open-data.s3.amazonaws.com/photos/157491568/large.jpeg,Papilio demoleus malayanus,48460/1/47120/372739/47158/184884/47157/47224/47223/49973/207785/47225/884946/51583,jpeg
http://inaturalist-open-data.s3.amazonaws.com/photos/160434037/large.jpg,Papilio demoleus malayanus,48460/1/47120/372739/47158/184884/47157/47224/47223/49973/207785/47225/884946/51583,jpg
http://inaturalist-open-data.s3.amazonaws.com/photos/160451676/large.jpeg,Papilio demoleus malayanus,48460/1/47120/372739/47158/184884/47157/47224/47223/49973/207785/47225/884946/51583,jpeg
http://inaturalist-open-data.s3.amazonaws.com/photos/162851374/large.jpeg,Papilio demoleus malayanus,48460/1/47120/372739/47158/184884/47157/47224/47223/49973/207785/47225/884946/51583,jpeg
http://inaturalist-open-data.s3.amazonaws.com/photos/165598570/large.jpeg,Papilio demoleus malayanus,48460/1/47120/372739/47158/184884/47157/47224/47223/49973/207785/47225/884946/51583,jpeg
http://inaturalist-open-data.s3.amazonaws.com/photos/165598577/large.jpeg,Papilio demoleus malayanus,48460/1/47120/372739/47158/184884/47157/47224/47223/49973/207785/47225/884946/51583,jpeg
http://inaturalist-open-data.s3.amazonaws.com/photos/169051827/large.jpeg,Papilio demoleus malayanus,48460/1/47120/372739/47158/184884/47157/47224/47223/49973/207785/47225/884946/51583,jpeg
http://inaturalist-open-data.s3.amazonaws.com/photos/169440377/large.jpeg,Papilio demoleus malayanus,48460/1/47120/372739/47158/184884/47157/47224/47223/49973/207785/47225/884946/51583,jpeg
http://inaturalist-open-data.s3.amazonaws.com/photos/169440388/large.jpeg,Papilio demoleus malayanus,48460/1/47120/372739/47158/184884/47157/47224/47223/49973/207785/47225/884946/51583,jpeg
http://inaturalist-open-data.s3.amazonaws.com/photos/171737282/large.jpeg,Papilio demoleus malayanus,48460/1/47120/372739/47158/184884/47157/47224/47223/49973/207785/47225/884946/51583,jpeg
http://inaturalist-open-data.s3.amazonaws.com/photos/172298402/large.jpeg,Papilio demoleus malayanus,48460/1/47120/372739/47158/184884/47157/47224/47223/49973/207785/47225/884946/51583,jpeg
http://inaturalist-open-data.s3.amazonaws.com/photos/174105671/large.jpeg,Papilio demoleus malayanus,48460/1/47120/372739/47158/184884/47157/47224/47223/49973/207785/47225/884946/51583,jpeg
http://inaturalist-open-data.s3.amazonaws.com/photos/174559071/large.jpg,Papilio demoleus malayanus,48460/1/47120/372739/47158/184884/47157/47224/47223/49973/207785/47225/884946/51583,jpg
http://inaturalist-open-data.s3.amazonaws.com/photos/175013483/large.jpg,Papilio demoleus malayanus,48460/1/47120/372739/47158/184884/47157/47224/47223/49973/207785/47225/884946/51583,jpg
http://inaturalist-open-data.s3.amazonaws.com/photos/175013477/large.jpg,Papilio demoleus malayanus,48460/1/47120/372739/47158/184884/47157/47224/47223/49973/207785/47225/884946/51583,jpg
http://inaturalist-open-data.s3.amazonaws.com/photos/176109381/large.jpg,Papilio demoleus malayanus,48460/1/47120/372739/47158/184884/47157/47224/47223/49973/207785/47225/884946/51583,jpg
http://inaturalist-open-data.s3.amazonaws.com/photos/176109794/large.jpg,Papilio demoleus malayanus,48460/1/47120/372739/47158/184884/47157/47224/47223/49973/207785/47225/884946/51583,jpg
http://inaturalist-open-data.s3.amazonaws.com/photos/176109803/large.jpg,Papilio demoleus malayanus,48460/1/47120/372739/47158/184884/47157/47224/47223/49973/207785/47225/884946/51583,jpg
http://inaturalist-open-data.s3.amazonaws.com/photos/176109798/large.jpg,Papilio demoleus malayanus,48460/1/47120/372739/47158/184884/47157/47224/47223/49973/207785/47225/884946/51583,jpg
