photo_url_large,taxon_name,ancestry,extension
http://inaturalist-open-data.s3.amazonaws.com/photos/102478382/large.jpg,Papilio machaon ladakensis,48460/1/47120/372739/47158/184884/47157/47224/47223/49973/207785/47225/545183/56529,jpg
http://inaturalist-open-data.s3.amazonaws.com/photos/102478436/large.jpg,Papilio machaon ladakensis,48460/1/47120/372739/47158/184884/47157/47224/47223/49973/207785/47225/545183/56529,jpg
http://inaturalist-open-data.s3.amazonaws.com/photos/102478386/large.jpg,Papilio machaon ladakensis,48460/1/47120/372739/47158/184884/47157/47224/47223/49973/207785/47225/545183/56529,jpg
http://inaturalist-open-data.s3.amazonaws.com/photos/102478384/large.jpg,Papilio machaon ladakensis,48460/1/47120/372739/47158/184884/47157/47224/47223/49973/207785/47225/545183/56529,jpg
http://inaturalist-open-data.s3.amazonaws.com/photos/102478431/large.jpg,Papilio machaon ladakensis,48460/1/47120/372739/47158/184884/47157/47224/47223/49973/207785/47225/545183/56529,jpg
http://inaturalist-open-data.s3.amazonaws.com/photos/102478387/large.jpg,Papilio machaon ladakensis,48460/1/47120/372739/47158/184884/47157/47224/47223/49973/207785/47225/545183/56529,jpg
http://inaturalist-open-data.s3.amazonaws.com/photos/102478391/large.jpg,Papilio machaon ladakensis,48460/1/47120/372739/47158/184884/47157/47224/47223/49973/207785/47225/545183/56529,jpg
http://inaturalist-open-data.s3.amazonaws.com/photos/102478392/large.jpg,Papilio machaon ladakensis,48460/1/47120/372739/47158/184884/47157/47224/47223/49973/207785/47225/545183/56529,jpg
http://inaturalist-open-data.s3.amazonaws.com/photos/102478396/large.jpg,Papilio machaon ladakensis,48460/1/47120/372739/47158/184884/47157/47224/47223/49973/207785/47225/545183/56529,jpg
http://inaturalist-open-data.s3.amazonaws.com/photos/102478394/large.jpg,Papilio machaon ladakensis,48460/1/47120/372739/47158/184884/47157/47224/47223/49973/207785/47225/545183/56529,jpg
http://inaturalist-open-data.s3.amazonaws.com/photos/102478398/large.jpg,Papilio machaon ladakensis,48460/1/47120/372739/47158/184884/47157/47224/47223/49973/207785/47225/545183/56529,jpg
http://inaturalist-open-data.s3.amazonaws.com/photos/102478428/large.jpg,Papilio machaon ladakensis,48460/1/47120/372739/47158/184884/47157/47224/47223/49973/207785/47225/545183/56529,jpg
http://inaturalist-open-data.s3.amazonaws.com/photos/102478402/large.jpg,Papilio machaon ladakensis,48460/1/47120/372739/47158/184884/47157/47224/47223/49973/207785/47225/545183/56529,jpg
http://inaturalist-open-data.s3.amazonaws.com/photos/102478400/large.jpg,Papilio machaon ladakensis,48460/1/47120/372739/47158/184884/47157/47224/47223/49973/207785/47225/545183/56529,jpg
http://inaturalist-open-data.s3.amazonaws.com/photos/102478403/large.jpg,Papilio machaon ladakensis,48460/1/47120/372739/47158/184884/47157/47224/47223/49973/207785/47225/545183/56529,jpg
http://inaturalist-open-data.s3.amazonaws.com/photos/102478423/large.jpg,Papilio machaon ladakensis,48460/1/47120/372739/47158/184884/47157/47224/47223/49973/207785/47225/545183/56529,jpg
http://inaturalist-open-data.s3.amazonaws.com/photos/102478406/large.jpg,Papilio machaon ladakensis,48460/1/47120/372739/47158/184884/47157/47224/47223/49973/207785/47225/545183/56529,jpg
http://inaturalist-open-data.s3.amazonaws.com/photos/102478381/large.jpg,Papilio machaon ladakensis,48460/1/47120/372739/47158/184884/47157/47224/47223/49973/207785/47225/545183/56529,jpg
http://inaturalist-open-data.s3.amazonaws.com/photos/102478407/large.jpg,Papilio machaon ladakensis,48460/1/47120/372739/47158/184884/47157/47224/47223/49973/207785/47225/545183/56529,jpg
http://inaturalist-open-data.s3.amazonaws.com/photos/102478409/large.jpg,Papilio machaon ladakensis,48460/1/47120/372739/47158/184884/47157/47224/47223/49973/207785/47225/545183/56529,jpg
http://inaturalist-open-data.s3.amazonaws.com/photos/102478411/large.jpg,Papilio machaon ladakensis,48460/1/47120/372739/47158/184884/47157/47224/47223/49973/207785/47225/545183/56529,jpg
http://inaturalist-open-data.s3.amazonaws.com/photos/102478413/large.jpg,Papilio machaon ladakensis,48460/1/47120/372739/47158/184884/47157/47224/47223/49973/207785/47225/545183/56529,jpg
http://inaturalist-open-data.s3.amazonaws.com/photos/102478405/large.jpg,Papilio machaon ladakensis,48460/1/47120/372739/47158/184884/47157/47224/47223/49973/207785/47225/545183/56529,jpg
http://inaturalist-open-data.s3.amazonaws.com/photos/102478418/large.jpg,Papilio machaon ladakensis,48460/1/47120/372739/47158/184884/47157/47224/47223/49973/207785/47225/545183/56529,jpg
http://inaturalist-open-data.s3.amazonaws.com/photos/102478415/large.jpg,Papilio machaon ladakensis,48460/1/47120/372739/47158/184884/47157/47224/47223/49973/207785/47225/545183/56529,jpg
http://inaturalist-open-data.s3.amazonaws.com/photos/102478424/large.jpg,Papilio machaon ladakensis,48460/1/47120/372739/47158/184884/47157/47224/47223/49973/207785/47225/545183/56529,jpg
