photo_url_large,taxon_name,ancestry,extension
http://inaturalist-open-data.s3.amazonaws.com/photos/73525916/large.jpeg,Paranthrene tabaniformis synagriformis,48460/1/47120/372739/47158/184884/47157/122746/51573/456401/456426/178274/227054,jpeg
http://inaturalist-open-data.s3.amazonaws.com/photos/73526072/large.jpeg,Paranthrene tabaniformis synagriformis,48460/1/47120/372739/47158/184884/47157/122746/51573/456401/456426/178274/227054,jpeg
http://inaturalist-open-data.s3.amazonaws.com/photos/73526190/large.jpeg,Paranthrene tabaniformis synagriformis,48460/1/47120/372739/47158/184884/47157/122746/51573/456401/456426/178274/227054,jpeg
http://inaturalist-open-data.s3.amazonaws.com/photos/73597819/large.jpeg,Paranthrene tabaniformis synagriformis,48460/1/47120/372739/47158/184884/47157/122746/51573/456401/456426/178274/227054,jpeg
http://inaturalist-open-data.s3.amazonaws.com/photos/73695106/large.jpeg,Paranthrene tabaniformis synagriformis,48460/1/47120/372739/47158/184884/47157/122746/51573/456401/456426/178274/227054,jpeg
http://inaturalist-open-data.s3.amazonaws.com/photos/73695115/large.jpeg,Paranthrene tabaniformis synagriformis,48460/1/47120/372739/47158/184884/47157/122746/51573/456401/456426/178274/227054,jpeg
http://inaturalist-open-data.s3.amazonaws.com/photos/73695122/large.jpeg,Paranthrene tabaniformis synagriformis,48460/1/47120/372739/47158/184884/47157/122746/51573/456401/456426/178274/227054,jpeg
http://inaturalist-open-data.s3.amazonaws.com/photos/73695129/large.jpeg,Paranthrene tabaniformis synagriformis,48460/1/47120/372739/47158/184884/47157/122746/51573/456401/456426/178274/227054,jpeg
http://inaturalist-open-data.s3.amazonaws.com/photos/73695135/large.jpeg,Paranthrene tabaniformis synagriformis,48460/1/47120/372739/47158/184884/47157/122746/51573/456401/456426/178274/227054,jpeg
http://inaturalist-open-data.s3.amazonaws.com/photos/73695139/large.jpeg,Paranthrene tabaniformis synagriformis,48460/1/47120/372739/47158/184884/47157/122746/51573/456401/456426/178274/227054,jpeg
http://inaturalist-open-data.s3.amazonaws.com/photos/73695147/large.jpeg,Paranthrene tabaniformis synagriformis,48460/1/47120/372739/47158/184884/47157/122746/51573/456401/456426/178274/227054,jpeg
http://inaturalist-open-data.s3.amazonaws.com/photos/73695154/large.jpeg,Paranthrene tabaniformis synagriformis,48460/1/47120/372739/47158/184884/47157/122746/51573/456401/456426/178274/227054,jpeg
http://inaturalist-open-data.s3.amazonaws.com/photos/73695163/large.jpeg,Paranthrene tabaniformis synagriformis,48460/1/47120/372739/47158/184884/47157/122746/51573/456401/456426/178274/227054,jpeg
http://inaturalist-open-data.s3.amazonaws.com/photos/73695169/large.jpeg,Paranthrene tabaniformis synagriformis,48460/1/47120/372739/47158/184884/47157/122746/51573/456401/456426/178274/227054,jpeg
http://inaturalist-open-data.s3.amazonaws.com/photos/73695172/large.jpeg,Paranthrene tabaniformis synagriformis,48460/1/47120/372739/47158/184884/47157/122746/51573/456401/456426/178274/227054,jpeg
http://inaturalist-open-data.s3.amazonaws.com/photos/107357652/large.jpeg,Paranthrene tabaniformis synagriformis,48460/1/47120/372739/47158/184884/47157/122746/51573/456401/456426/178274/227054,jpeg
http://inaturalist-open-data.s3.amazonaws.com/photos/107357656/large.jpeg,Paranthrene tabaniformis synagriformis,48460/1/47120/372739/47158/184884/47157/122746/51573/456401/456426/178274/227054,jpeg
http://inaturalist-open-data.s3.amazonaws.com/photos/73883816/large.jpeg,Paranthrene tabaniformis synagriformis,48460/1/47120/372739/47158/184884/47157/122746/51573/456401/456426/178274/227054,jpeg
http://inaturalist-open-data.s3.amazonaws.com/photos/73883657/large.jpeg,Paranthrene tabaniformis synagriformis,48460/1/47120/372739/47158/184884/47157/122746/51573/456401/456426/178274/227054,jpeg
http://inaturalist-open-data.s3.amazonaws.com/photos/139777294/large.jpg,Paranthrene tabaniformis synagriformis,48460/1/47120/372739/47158/184884/47157/122746/51573/456401/456426/178274/227054,jpg
http://inaturalist-open-data.s3.amazonaws.com/photos/139777316/large.jpg,Paranthrene tabaniformis synagriformis,48460/1/47120/372739/47158/184884/47157/122746/51573/456401/456426/178274/227054,jpg
http://inaturalist-open-data.s3.amazonaws.com/photos/139958692/large.jpg,Paranthrene tabaniformis synagriformis,48460/1/47120/372739/47158/184884/47157/122746/51573/456401/456426/178274/227054,jpg
http://inaturalist-open-data.s3.amazonaws.com/photos/150340420/large.jpeg,Paranthrene tabaniformis synagriformis,48460/1/47120/372739/47158/184884/47157/122746/51573/456401/456426/178274/227054,jpeg
