photo_url_large,taxon_name,ancestry,extension
http://inaturalist-open-data.s3.amazonaws.com/photos/51061163/large.jpeg,Paranomala undulata peruviana,48460/1/47120/372739/47158/184884/47208/71130/702480/48202/48201/48857/425997/465276/868061,jpeg
http://inaturalist-open-data.s3.amazonaws.com/photos/51061169/large.jpeg,Paranomala undulata peruviana,48460/1/47120/372739/47158/184884/47208/71130/702480/48202/48201/48857/425997/465276/868061,jpeg
http://inaturalist-open-data.s3.amazonaws.com/photos/67920140/large.png,Paranomala undulata peruviana,48460/1/47120/372739/47158/184884/47208/71130/702480/48202/48201/48857/425997/465276/868061,png
http://inaturalist-open-data.s3.amazonaws.com/photos/67920174/large.jpeg,Paranomala undulata peruviana,48460/1/47120/372739/47158/184884/47208/71130/702480/48202/48201/48857/425997/465276/868061,jpeg
http://inaturalist-open-data.s3.amazonaws.com/photos/69084901/large.jpg,Paranomala undulata peruviana,48460/1/47120/372739/47158/184884/47208/71130/702480/48202/48201/48857/425997/465276/868061,jpg
http://inaturalist-open-data.s3.amazonaws.com/photos/91972064/large.jpeg,Paranomala undulata peruviana,48460/1/47120/372739/47158/184884/47208/71130/702480/48202/48201/48857/425997/465276/868061,jpeg
