photo_url_large,taxon_name,ancestry,extension
http://inaturalist-open-data.s3.amazonaws.com/photos/717607/large.JPG,Pediculus humanus capitis,48460/1/47120/372739/47158/184884/83187/372873/714496/152843/85502/47438/47437/321532,JPG
http://inaturalist-open-data.s3.amazonaws.com/photos/2521788/large.jpg,Pediculus humanus capitis,48460/1/47120/372739/47158/184884/83187/372873/714496/152843/85502/47438/47437/321532,jpg
http://inaturalist-open-data.s3.amazonaws.com/photos/2521797/large.jpg,Pediculus humanus capitis,48460/1/47120/372739/47158/184884/83187/372873/714496/152843/85502/47438/47437/321532,jpg
http://inaturalist-open-data.s3.amazonaws.com/photos/2521798/large.jpg,Pediculus humanus capitis,48460/1/47120/372739/47158/184884/83187/372873/714496/152843/85502/47438/47437/321532,jpg
http://inaturalist-open-data.s3.amazonaws.com/photos/2521799/large.jpg,Pediculus humanus capitis,48460/1/47120/372739/47158/184884/83187/372873/714496/152843/85502/47438/47437/321532,jpg
http://inaturalist-open-data.s3.amazonaws.com/photos/2521800/large.jpg,Pediculus humanus capitis,48460/1/47120/372739/47158/184884/83187/372873/714496/152843/85502/47438/47437/321532,jpg
http://inaturalist-open-data.s3.amazonaws.com/photos/2521801/large.jpg,Pediculus humanus capitis,48460/1/47120/372739/47158/184884/83187/372873/714496/152843/85502/47438/47437/321532,jpg
http://inaturalist-open-data.s3.amazonaws.com/photos/4269467/large.jpg,Pediculus humanus capitis,48460/1/47120/372739/47158/184884/83187/372873/714496/152843/85502/47438/47437/321532,jpg
http://inaturalist-open-data.s3.amazonaws.com/photos/4269465/large.jpg,Pediculus humanus capitis,48460/1/47120/372739/47158/184884/83187/372873/714496/152843/85502/47438/47437/321532,jpg
http://inaturalist-open-data.s3.amazonaws.com/photos/5618839/large.jpg,Pediculus humanus capitis,48460/1/47120/372739/47158/184884/83187/372873/714496/152843/85502/47438/47437/321532,jpg
http://inaturalist-open-data.s3.amazonaws.com/photos/6319642/large.jpg,Pediculus humanus capitis,48460/1/47120/372739/47158/184884/83187/372873/714496/152843/85502/47438/47437/321532,jpg
http://inaturalist-open-data.s3.amazonaws.com/photos/12608405/large.jpeg,Pediculus humanus capitis,48460/1/47120/372739/47158/184884/83187/372873/714496/152843/85502/47438/47437/321532,jpeg
http://inaturalist-open-data.s3.amazonaws.com/photos/15371650/large.jpg,Pediculus humanus capitis,48460/1/47120/372739/47158/184884/83187/372873/714496/152843/85502/47438/47437/321532,jpg
http://inaturalist-open-data.s3.amazonaws.com/photos/21183127/large.jpg,Pediculus humanus capitis,48460/1/47120/372739/47158/184884/83187/372873/714496/152843/85502/47438/47437/321532,jpg
http://inaturalist-open-data.s3.amazonaws.com/photos/26708395/large.jpg,Pediculus humanus capitis,48460/1/47120/372739/47158/184884/83187/372873/714496/152843/85502/47438/47437/321532,jpg
http://inaturalist-open-data.s3.amazonaws.com/photos/37089134/large.jpg,Pediculus humanus capitis,48460/1/47120/372739/47158/184884/83187/372873/714496/152843/85502/47438/47437/321532,jpg
http://inaturalist-open-data.s3.amazonaws.com/photos/37089174/large.jpg,Pediculus humanus capitis,48460/1/47120/372739/47158/184884/83187/372873/714496/152843/85502/47438/47437/321532,jpg
http://inaturalist-open-data.s3.amazonaws.com/photos/37089203/large.jpg,Pediculus humanus capitis,48460/1/47120/372739/47158/184884/83187/372873/714496/152843/85502/47438/47437/321532,jpg
http://inaturalist-open-data.s3.amazonaws.com/photos/37089239/large.jpg,Pediculus humanus capitis,48460/1/47120/372739/47158/184884/83187/372873/714496/152843/85502/47438/47437/321532,jpg
http://inaturalist-open-data.s3.amazonaws.com/photos/37622370/large.jpg,Pediculus humanus capitis,48460/1/47120/372739/47158/184884/83187/372873/714496/152843/85502/47438/47437/321532,jpg
http://inaturalist-open-data.s3.amazonaws.com/photos/38599468/large.jpeg,Pediculus humanus capitis,48460/1/47120/372739/47158/184884/83187/372873/714496/152843/85502/47438/47437/321532,jpeg
http://inaturalist-open-data.s3.amazonaws.com/photos/39151260/large.jpg,Pediculus humanus capitis,48460/1/47120/372739/47158/184884/83187/372873/714496/152843/85502/47438/47437/321532,jpg
http://inaturalist-open-data.s3.amazonaws.com/photos/56717548/large.jpg,Pediculus humanus capitis,48460/1/47120/372739/47158/184884/83187/372873/714496/152843/85502/47438/47437/321532,jpg
http://inaturalist-open-data.s3.amazonaws.com/photos/56717540/large.jpg,Pediculus humanus capitis,48460/1/47120/372739/47158/184884/83187/372873/714496/152843/85502/47438/47437/321532,jpg
http://inaturalist-open-data.s3.amazonaws.com/photos/58797791/large.jpeg,Pediculus humanus capitis,48460/1/47120/372739/47158/184884/83187/372873/714496/152843/85502/47438/47437/321532,jpeg
http://inaturalist-open-data.s3.amazonaws.com/photos/66001761/large.jpg,Pediculus humanus capitis,48460/1/47120/372739/47158/184884/83187/372873/714496/152843/85502/47438/47437/321532,jpg
http://inaturalist-open-data.s3.amazonaws.com/photos/74816337/large.jpeg,Pediculus humanus capitis,48460/1/47120/372739/47158/184884/83187/372873/714496/152843/85502/47438/47437/321532,jpeg
http://inaturalist-open-data.s3.amazonaws.com/photos/81527883/large.jpeg,Pediculus humanus capitis,48460/1/47120/372739/47158/184884/83187/372873/714496/152843/85502/47438/47437/321532,jpeg
http://inaturalist-open-data.s3.amazonaws.com/photos/91936960/large.jpeg,Pediculus humanus capitis,48460/1/47120/372739/47158/184884/83187/372873/714496/152843/85502/47438/47437/321532,jpeg
http://inaturalist-open-data.s3.amazonaws.com/photos/108654525/large.jpeg,Pediculus humanus capitis,48460/1/47120/372739/47158/184884/83187/372873/714496/152843/85502/47438/47437/321532,jpeg
