photo_url_large,taxon_name,ancestry,extension
http://inaturalist-open-data.s3.amazonaws.com/photos/11500370/large.jpg,Pelopidas conjuncta conjuncta,48460/1/47120/372739/47158/184884/47157/47224/47653/122493/320583/141724/335272,jpg
http://inaturalist-open-data.s3.amazonaws.com/photos/107076264/large.jpg,Pelopidas conjuncta conjuncta,48460/1/47120/372739/47158/184884/47157/47224/47653/122493/320583/141724/335272,jpg
http://inaturalist-open-data.s3.amazonaws.com/photos/107076255/large.jpg,Pelopidas conjuncta conjuncta,48460/1/47120/372739/47158/184884/47157/47224/47653/122493/320583/141724/335272,jpg
http://inaturalist-open-data.s3.amazonaws.com/photos/107076276/large.jpg,Pelopidas conjuncta conjuncta,48460/1/47120/372739/47158/184884/47157/47224/47653/122493/320583/141724/335272,jpg
