photo_url_large,taxon_name,ancestry,extension
http://inaturalist-open-data.s3.amazonaws.com/photos/15936460/large.jpg,Pelopidas mathias mathias,48460/1/47120/372739/47158/184884/47157/47224/47653/122493/320583/141724/322520,jpg
http://inaturalist-open-data.s3.amazonaws.com/photos/15936464/large.jpg,Pelopidas mathias mathias,48460/1/47120/372739/47158/184884/47157/47224/47653/122493/320583/141724/322520,jpg
http://inaturalist-open-data.s3.amazonaws.com/photos/15936466/large.jpg,Pelopidas mathias mathias,48460/1/47120/372739/47158/184884/47157/47224/47653/122493/320583/141724/322520,jpg
http://inaturalist-open-data.s3.amazonaws.com/photos/28929183/large.jpeg,Pelopidas mathias mathias,48460/1/47120/372739/47158/184884/47157/47224/47653/122493/320583/141724/322520,jpeg
http://inaturalist-open-data.s3.amazonaws.com/photos/29028291/large.jpeg,Pelopidas mathias mathias,48460/1/47120/372739/47158/184884/47157/47224/47653/122493/320583/141724/322520,jpeg
http://inaturalist-open-data.s3.amazonaws.com/photos/29028801/large.jpeg,Pelopidas mathias mathias,48460/1/47120/372739/47158/184884/47157/47224/47653/122493/320583/141724/322520,jpeg
http://inaturalist-open-data.s3.amazonaws.com/photos/29034690/large.jpeg,Pelopidas mathias mathias,48460/1/47120/372739/47158/184884/47157/47224/47653/122493/320583/141724/322520,jpeg
http://inaturalist-open-data.s3.amazonaws.com/photos/29129077/large.jpeg,Pelopidas mathias mathias,48460/1/47120/372739/47158/184884/47157/47224/47653/122493/320583/141724/322520,jpeg
http://inaturalist-open-data.s3.amazonaws.com/photos/30957438/large.jpeg,Pelopidas mathias mathias,48460/1/47120/372739/47158/184884/47157/47224/47653/122493/320583/141724/322520,jpeg
http://inaturalist-open-data.s3.amazonaws.com/photos/33722964/large.jpeg,Pelopidas mathias mathias,48460/1/47120/372739/47158/184884/47157/47224/47653/122493/320583/141724/322520,jpeg
http://inaturalist-open-data.s3.amazonaws.com/photos/33722973/large.jpg,Pelopidas mathias mathias,48460/1/47120/372739/47158/184884/47157/47224/47653/122493/320583/141724/322520,jpg
http://inaturalist-open-data.s3.amazonaws.com/photos/33722977/large.jpg,Pelopidas mathias mathias,48460/1/47120/372739/47158/184884/47157/47224/47653/122493/320583/141724/322520,jpg
http://inaturalist-open-data.s3.amazonaws.com/photos/35167278/large.jpeg,Pelopidas mathias mathias,48460/1/47120/372739/47158/184884/47157/47224/47653/122493/320583/141724/322520,jpeg
http://inaturalist-open-data.s3.amazonaws.com/photos/35323759/large.jpg,Pelopidas mathias mathias,48460/1/47120/372739/47158/184884/47157/47224/47653/122493/320583/141724/322520,jpg
http://inaturalist-open-data.s3.amazonaws.com/photos/38003653/large.jpeg,Pelopidas mathias mathias,48460/1/47120/372739/47158/184884/47157/47224/47653/122493/320583/141724/322520,jpeg
http://inaturalist-open-data.s3.amazonaws.com/photos/44306175/large.jpeg,Pelopidas mathias mathias,48460/1/47120/372739/47158/184884/47157/47224/47653/122493/320583/141724/322520,jpeg
http://inaturalist-open-data.s3.amazonaws.com/photos/44306201/large.jpeg,Pelopidas mathias mathias,48460/1/47120/372739/47158/184884/47157/47224/47653/122493/320583/141724/322520,jpeg
http://inaturalist-open-data.s3.amazonaws.com/photos/44306190/large.jpeg,Pelopidas mathias mathias,48460/1/47120/372739/47158/184884/47157/47224/47653/122493/320583/141724/322520,jpeg
http://inaturalist-open-data.s3.amazonaws.com/photos/44306244/large.jpeg,Pelopidas mathias mathias,48460/1/47120/372739/47158/184884/47157/47224/47653/122493/320583/141724/322520,jpeg
http://inaturalist-open-data.s3.amazonaws.com/photos/46993127/large.jpeg,Pelopidas mathias mathias,48460/1/47120/372739/47158/184884/47157/47224/47653/122493/320583/141724/322520,jpeg
http://inaturalist-open-data.s3.amazonaws.com/photos/47287881/large.jpeg,Pelopidas mathias mathias,48460/1/47120/372739/47158/184884/47157/47224/47653/122493/320583/141724/322520,jpeg
http://inaturalist-open-data.s3.amazonaws.com/photos/58309398/large.jpeg,Pelopidas mathias mathias,48460/1/47120/372739/47158/184884/47157/47224/47653/122493/320583/141724/322520,jpeg
http://inaturalist-open-data.s3.amazonaws.com/photos/58309408/large.jpeg,Pelopidas mathias mathias,48460/1/47120/372739/47158/184884/47157/47224/47653/122493/320583/141724/322520,jpeg
http://inaturalist-open-data.s3.amazonaws.com/photos/58309414/large.jpeg,Pelopidas mathias mathias,48460/1/47120/372739/47158/184884/47157/47224/47653/122493/320583/141724/322520,jpeg
http://inaturalist-open-data.s3.amazonaws.com/photos/58309419/large.jpeg,Pelopidas mathias mathias,48460/1/47120/372739/47158/184884/47157/47224/47653/122493/320583/141724/322520,jpeg
http://inaturalist-open-data.s3.amazonaws.com/photos/63256024/large.jpeg,Pelopidas mathias mathias,48460/1/47120/372739/47158/184884/47157/47224/47653/122493/320583/141724/322520,jpeg
http://inaturalist-open-data.s3.amazonaws.com/photos/63256017/large.jpeg,Pelopidas mathias mathias,48460/1/47120/372739/47158/184884/47157/47224/47653/122493/320583/141724/322520,jpeg
http://inaturalist-open-data.s3.amazonaws.com/photos/64495464/large.jpeg,Pelopidas mathias mathias,48460/1/47120/372739/47158/184884/47157/47224/47653/122493/320583/141724/322520,jpeg
http://inaturalist-open-data.s3.amazonaws.com/photos/67139309/large.jpeg,Pelopidas mathias mathias,48460/1/47120/372739/47158/184884/47157/47224/47653/122493/320583/141724/322520,jpeg
http://inaturalist-open-data.s3.amazonaws.com/photos/67139327/large.jpeg,Pelopidas mathias mathias,48460/1/47120/372739/47158/184884/47157/47224/47653/122493/320583/141724/322520,jpeg
http://inaturalist-open-data.s3.amazonaws.com/photos/67139289/large.jpeg,Pelopidas mathias mathias,48460/1/47120/372739/47158/184884/47157/47224/47653/122493/320583/141724/322520,jpeg
http://inaturalist-open-data.s3.amazonaws.com/photos/76479045/large.jpg,Pelopidas mathias mathias,48460/1/47120/372739/47158/184884/47157/47224/47653/122493/320583/141724/322520,jpg
http://inaturalist-open-data.s3.amazonaws.com/photos/77163929/large.jpg,Pelopidas mathias mathias,48460/1/47120/372739/47158/184884/47157/47224/47653/122493/320583/141724/322520,jpg
http://inaturalist-open-data.s3.amazonaws.com/photos/79654620/large.jpg,Pelopidas mathias mathias,48460/1/47120/372739/47158/184884/47157/47224/47653/122493/320583/141724/322520,jpg
http://inaturalist-open-data.s3.amazonaws.com/photos/79655085/large.jpg,Pelopidas mathias mathias,48460/1/47120/372739/47158/184884/47157/47224/47653/122493/320583/141724/322520,jpg
http://inaturalist-open-data.s3.amazonaws.com/photos/89409995/large.jpeg,Pelopidas mathias mathias,48460/1/47120/372739/47158/184884/47157/47224/47653/122493/320583/141724/322520,jpeg
http://inaturalist-open-data.s3.amazonaws.com/photos/95685888/large.jpg,Pelopidas mathias mathias,48460/1/47120/372739/47158/184884/47157/47224/47653/122493/320583/141724/322520,jpg
http://inaturalist-open-data.s3.amazonaws.com/photos/99987796/large.jpg,Pelopidas mathias mathias,48460/1/47120/372739/47158/184884/47157/47224/47653/122493/320583/141724/322520,jpg
http://inaturalist-open-data.s3.amazonaws.com/photos/99987809/large.jpg,Pelopidas mathias mathias,48460/1/47120/372739/47158/184884/47157/47224/47653/122493/320583/141724/322520,jpg
http://inaturalist-open-data.s3.amazonaws.com/photos/103898958/large.jpg,Pelopidas mathias mathias,48460/1/47120/372739/47158/184884/47157/47224/47653/122493/320583/141724/322520,jpg
http://inaturalist-open-data.s3.amazonaws.com/photos/103898949/large.jpg,Pelopidas mathias mathias,48460/1/47120/372739/47158/184884/47157/47224/47653/122493/320583/141724/322520,jpg
http://inaturalist-open-data.s3.amazonaws.com/photos/103898931/large.jpg,Pelopidas mathias mathias,48460/1/47120/372739/47158/184884/47157/47224/47653/122493/320583/141724/322520,jpg
http://inaturalist-open-data.s3.amazonaws.com/photos/107503643/large.jpg,Pelopidas mathias mathias,48460/1/47120/372739/47158/184884/47157/47224/47653/122493/320583/141724/322520,jpg
http://inaturalist-open-data.s3.amazonaws.com/photos/107503634/large.jpg,Pelopidas mathias mathias,48460/1/47120/372739/47158/184884/47157/47224/47653/122493/320583/141724/322520,jpg
http://inaturalist-open-data.s3.amazonaws.com/photos/107503638/large.jpg,Pelopidas mathias mathias,48460/1/47120/372739/47158/184884/47157/47224/47653/122493/320583/141724/322520,jpg
http://inaturalist-open-data.s3.amazonaws.com/photos/111958756/large.jpeg,Pelopidas mathias mathias,48460/1/47120/372739/47158/184884/47157/47224/47653/122493/320583/141724/322520,jpeg
http://inaturalist-open-data.s3.amazonaws.com/photos/111958596/large.jpeg,Pelopidas mathias mathias,48460/1/47120/372739/47158/184884/47157/47224/47653/122493/320583/141724/322520,jpeg
http://inaturalist-open-data.s3.amazonaws.com/photos/121508090/large.jpg,Pelopidas mathias mathias,48460/1/47120/372739/47158/184884/47157/47224/47653/122493/320583/141724/322520,jpg
http://inaturalist-open-data.s3.amazonaws.com/photos/123582048/large.jpg,Pelopidas mathias mathias,48460/1/47120/372739/47158/184884/47157/47224/47653/122493/320583/141724/322520,jpg
http://inaturalist-open-data.s3.amazonaws.com/photos/134882727/large.jpeg,Pelopidas mathias mathias,48460/1/47120/372739/47158/184884/47157/47224/47653/122493/320583/141724/322520,jpeg
