photo_url_large,taxon_name,ancestry,extension
http://inaturalist-open-data.s3.amazonaws.com/photos/2685888/large.jpg,Pereute charops leonilae,48460/1/47120/372739/47158/184884/47157/47224/48508/209720/321384/247824/258185,jpg
http://inaturalist-open-data.s3.amazonaws.com/photos/6148190/large.jpg,Pereute charops leonilae,48460/1/47120/372739/47158/184884/47157/47224/48508/209720/321384/247824/258185,jpg
http://inaturalist-open-data.s3.amazonaws.com/photos/6236724/large.jpeg,Pereute charops leonilae,48460/1/47120/372739/47158/184884/47157/47224/48508/209720/321384/247824/258185,jpeg
http://inaturalist-open-data.s3.amazonaws.com/photos/12034795/large.jpg,Pereute charops leonilae,48460/1/47120/372739/47158/184884/47157/47224/48508/209720/321384/247824/258185,jpg
http://inaturalist-open-data.s3.amazonaws.com/photos/12034883/large.jpg,Pereute charops leonilae,48460/1/47120/372739/47158/184884/47157/47224/48508/209720/321384/247824/258185,jpg
http://inaturalist-open-data.s3.amazonaws.com/photos/28310177/large.jpeg,Pereute charops leonilae,48460/1/47120/372739/47158/184884/47157/47224/48508/209720/321384/247824/258185,jpeg
http://inaturalist-open-data.s3.amazonaws.com/photos/56618833/large.jpg,Pereute charops leonilae,48460/1/47120/372739/47158/184884/47157/47224/48508/209720/321384/247824/258185,jpg
http://inaturalist-open-data.s3.amazonaws.com/photos/63996811/large.jpg,Pereute charops leonilae,48460/1/47120/372739/47158/184884/47157/47224/48508/209720/321384/247824/258185,jpg
