photo_url_large,taxon_name,ancestry,extension
http://inaturalist-open-data.s3.amazonaws.com/photos/9739719/large.jpeg,Periplacis menander purpurata,48460/1/47120/372739/47158/184884/47157/47224/59166/522808/522806/522807/247825/1266445,jpeg
http://inaturalist-open-data.s3.amazonaws.com/photos/20262750/large.jpeg,Periplacis menander purpurata,48460/1/47120/372739/47158/184884/47157/47224/59166/522808/522806/522807/247825/1266445,jpeg
http://inaturalist-open-data.s3.amazonaws.com/photos/21816942/large.jpg,Periplacis menander purpurata,48460/1/47120/372739/47158/184884/47157/47224/59166/522808/522806/522807/247825/1266445,jpg
http://inaturalist-open-data.s3.amazonaws.com/photos/21816947/large.jpg,Periplacis menander purpurata,48460/1/47120/372739/47158/184884/47157/47224/59166/522808/522806/522807/247825/1266445,jpg
http://inaturalist-open-data.s3.amazonaws.com/photos/84811250/large.png,Periplacis menander purpurata,48460/1/47120/372739/47158/184884/47157/47224/59166/522808/522806/522807/247825/1266445,png
http://inaturalist-open-data.s3.amazonaws.com/photos/95012280/large.jpeg,Periplacis menander purpurata,48460/1/47120/372739/47158/184884/47157/47224/59166/522808/522806/522807/247825/1266445,jpeg
http://inaturalist-open-data.s3.amazonaws.com/photos/95012393/large.jpeg,Periplacis menander purpurata,48460/1/47120/372739/47158/184884/47157/47224/59166/522808/522806/522807/247825/1266445,jpeg
http://inaturalist-open-data.s3.amazonaws.com/photos/95859959/large.jpeg,Periplacis menander purpurata,48460/1/47120/372739/47158/184884/47157/47224/59166/522808/522806/522807/247825/1266445,jpeg
http://inaturalist-open-data.s3.amazonaws.com/photos/161170606/large.jpeg,Periplacis menander purpurata,48460/1/47120/372739/47158/184884/47157/47224/59166/522808/522806/522807/247825/1266445,jpeg
http://inaturalist-open-data.s3.amazonaws.com/photos/161170655/large.jpeg,Periplacis menander purpurata,48460/1/47120/372739/47158/184884/47157/47224/59166/522808/522806/522807/247825/1266445,jpeg
http://inaturalist-open-data.s3.amazonaws.com/photos/161170762/large.jpeg,Periplacis menander purpurata,48460/1/47120/372739/47158/184884/47157/47224/59166/522808/522806/522807/247825/1266445,jpeg
