photo_url_large,taxon_name,ancestry,extension
http://inaturalist-open-data.s3.amazonaws.com/photos/11952482/large.jpg,Philanthus triangulum diadema,48460/1/47120/372739/47158/184884/47201/124417/326777/47222/51955/119289/575005/575003/56893/143529,jpg
http://inaturalist-open-data.s3.amazonaws.com/photos/11952555/large.jpg,Philanthus triangulum diadema,48460/1/47120/372739/47158/184884/47201/124417/326777/47222/51955/119289/575005/575003/56893/143529,jpg
http://inaturalist-open-data.s3.amazonaws.com/photos/11952556/large.jpg,Philanthus triangulum diadema,48460/1/47120/372739/47158/184884/47201/124417/326777/47222/51955/119289/575005/575003/56893/143529,jpg
http://inaturalist-open-data.s3.amazonaws.com/photos/11952558/large.jpg,Philanthus triangulum diadema,48460/1/47120/372739/47158/184884/47201/124417/326777/47222/51955/119289/575005/575003/56893/143529,jpg
http://inaturalist-open-data.s3.amazonaws.com/photos/12598140/large.jpeg,Philanthus triangulum diadema,48460/1/47120/372739/47158/184884/47201/124417/326777/47222/51955/119289/575005/575003/56893/143529,jpeg
http://inaturalist-open-data.s3.amazonaws.com/photos/12598141/large.jpeg,Philanthus triangulum diadema,48460/1/47120/372739/47158/184884/47201/124417/326777/47222/51955/119289/575005/575003/56893/143529,jpeg
http://inaturalist-open-data.s3.amazonaws.com/photos/12598143/large.jpeg,Philanthus triangulum diadema,48460/1/47120/372739/47158/184884/47201/124417/326777/47222/51955/119289/575005/575003/56893/143529,jpeg
http://inaturalist-open-data.s3.amazonaws.com/photos/12598144/large.jpeg,Philanthus triangulum diadema,48460/1/47120/372739/47158/184884/47201/124417/326777/47222/51955/119289/575005/575003/56893/143529,jpeg
http://inaturalist-open-data.s3.amazonaws.com/photos/12598145/large.jpeg,Philanthus triangulum diadema,48460/1/47120/372739/47158/184884/47201/124417/326777/47222/51955/119289/575005/575003/56893/143529,jpeg
http://inaturalist-open-data.s3.amazonaws.com/photos/12598146/large.jpeg,Philanthus triangulum diadema,48460/1/47120/372739/47158/184884/47201/124417/326777/47222/51955/119289/575005/575003/56893/143529,jpeg
http://inaturalist-open-data.s3.amazonaws.com/photos/12598147/large.jpeg,Philanthus triangulum diadema,48460/1/47120/372739/47158/184884/47201/124417/326777/47222/51955/119289/575005/575003/56893/143529,jpeg
http://inaturalist-open-data.s3.amazonaws.com/photos/12598148/large.jpeg,Philanthus triangulum diadema,48460/1/47120/372739/47158/184884/47201/124417/326777/47222/51955/119289/575005/575003/56893/143529,jpeg
http://inaturalist-open-data.s3.amazonaws.com/photos/15959762/large.jpg,Philanthus triangulum diadema,48460/1/47120/372739/47158/184884/47201/124417/326777/47222/51955/119289/575005/575003/56893/143529,jpg
http://inaturalist-open-data.s3.amazonaws.com/photos/15959765/large.jpg,Philanthus triangulum diadema,48460/1/47120/372739/47158/184884/47201/124417/326777/47222/51955/119289/575005/575003/56893/143529,jpg
http://inaturalist-open-data.s3.amazonaws.com/photos/15959768/large.jpg,Philanthus triangulum diadema,48460/1/47120/372739/47158/184884/47201/124417/326777/47222/51955/119289/575005/575003/56893/143529,jpg
http://inaturalist-open-data.s3.amazonaws.com/photos/18710704/large.jpg,Philanthus triangulum diadema,48460/1/47120/372739/47158/184884/47201/124417/326777/47222/51955/119289/575005/575003/56893/143529,jpg
http://inaturalist-open-data.s3.amazonaws.com/photos/18710705/large.jpg,Philanthus triangulum diadema,48460/1/47120/372739/47158/184884/47201/124417/326777/47222/51955/119289/575005/575003/56893/143529,jpg
http://inaturalist-open-data.s3.amazonaws.com/photos/18710722/large.jpg,Philanthus triangulum diadema,48460/1/47120/372739/47158/184884/47201/124417/326777/47222/51955/119289/575005/575003/56893/143529,jpg
http://inaturalist-open-data.s3.amazonaws.com/photos/18710721/large.jpg,Philanthus triangulum diadema,48460/1/47120/372739/47158/184884/47201/124417/326777/47222/51955/119289/575005/575003/56893/143529,jpg
http://inaturalist-open-data.s3.amazonaws.com/photos/19104464/large.jpg,Philanthus triangulum diadema,48460/1/47120/372739/47158/184884/47201/124417/326777/47222/51955/119289/575005/575003/56893/143529,jpg
http://inaturalist-open-data.s3.amazonaws.com/photos/19104083/large.jpg,Philanthus triangulum diadema,48460/1/47120/372739/47158/184884/47201/124417/326777/47222/51955/119289/575005/575003/56893/143529,jpg
http://inaturalist-open-data.s3.amazonaws.com/photos/19104477/large.jpg,Philanthus triangulum diadema,48460/1/47120/372739/47158/184884/47201/124417/326777/47222/51955/119289/575005/575003/56893/143529,jpg
http://inaturalist-open-data.s3.amazonaws.com/photos/19104468/large.jpg,Philanthus triangulum diadema,48460/1/47120/372739/47158/184884/47201/124417/326777/47222/51955/119289/575005/575003/56893/143529,jpg
http://inaturalist-open-data.s3.amazonaws.com/photos/19104463/large.jpg,Philanthus triangulum diadema,48460/1/47120/372739/47158/184884/47201/124417/326777/47222/51955/119289/575005/575003/56893/143529,jpg
http://inaturalist-open-data.s3.amazonaws.com/photos/19104473/large.jpg,Philanthus triangulum diadema,48460/1/47120/372739/47158/184884/47201/124417/326777/47222/51955/119289/575005/575003/56893/143529,jpg
http://inaturalist-open-data.s3.amazonaws.com/photos/19104474/large.jpg,Philanthus triangulum diadema,48460/1/47120/372739/47158/184884/47201/124417/326777/47222/51955/119289/575005/575003/56893/143529,jpg
http://inaturalist-open-data.s3.amazonaws.com/photos/23402782/large.jpg,Philanthus triangulum diadema,48460/1/47120/372739/47158/184884/47201/124417/326777/47222/51955/119289/575005/575003/56893/143529,jpg
http://inaturalist-open-data.s3.amazonaws.com/photos/23402762/large.jpg,Philanthus triangulum diadema,48460/1/47120/372739/47158/184884/47201/124417/326777/47222/51955/119289/575005/575003/56893/143529,jpg
http://inaturalist-open-data.s3.amazonaws.com/photos/23402791/large.jpg,Philanthus triangulum diadema,48460/1/47120/372739/47158/184884/47201/124417/326777/47222/51955/119289/575005/575003/56893/143529,jpg
http://inaturalist-open-data.s3.amazonaws.com/photos/23402826/large.jpg,Philanthus triangulum diadema,48460/1/47120/372739/47158/184884/47201/124417/326777/47222/51955/119289/575005/575003/56893/143529,jpg
http://inaturalist-open-data.s3.amazonaws.com/photos/29408161/large.jpg,Philanthus triangulum diadema,48460/1/47120/372739/47158/184884/47201/124417/326777/47222/51955/119289/575005/575003/56893/143529,jpg
http://inaturalist-open-data.s3.amazonaws.com/photos/58851030/large.jpeg,Philanthus triangulum diadema,48460/1/47120/372739/47158/184884/47201/124417/326777/47222/51955/119289/575005/575003/56893/143529,jpeg
http://inaturalist-open-data.s3.amazonaws.com/photos/58851034/large.jpeg,Philanthus triangulum diadema,48460/1/47120/372739/47158/184884/47201/124417/326777/47222/51955/119289/575005/575003/56893/143529,jpeg
http://inaturalist-open-data.s3.amazonaws.com/photos/58851036/large.jpeg,Philanthus triangulum diadema,48460/1/47120/372739/47158/184884/47201/124417/326777/47222/51955/119289/575005/575003/56893/143529,jpeg
http://inaturalist-open-data.s3.amazonaws.com/photos/58853650/large.jpeg,Philanthus triangulum diadema,48460/1/47120/372739/47158/184884/47201/124417/326777/47222/51955/119289/575005/575003/56893/143529,jpeg
http://inaturalist-open-data.s3.amazonaws.com/photos/61315470/large.jpeg,Philanthus triangulum diadema,48460/1/47120/372739/47158/184884/47201/124417/326777/47222/51955/119289/575005/575003/56893/143529,jpeg
http://inaturalist-open-data.s3.amazonaws.com/photos/61390222/large.jpeg,Philanthus triangulum diadema,48460/1/47120/372739/47158/184884/47201/124417/326777/47222/51955/119289/575005/575003/56893/143529,jpeg
http://inaturalist-open-data.s3.amazonaws.com/photos/61390247/large.jpeg,Philanthus triangulum diadema,48460/1/47120/372739/47158/184884/47201/124417/326777/47222/51955/119289/575005/575003/56893/143529,jpeg
http://inaturalist-open-data.s3.amazonaws.com/photos/63098527/large.jpg,Philanthus triangulum diadema,48460/1/47120/372739/47158/184884/47201/124417/326777/47222/51955/119289/575005/575003/56893/143529,jpg
http://inaturalist-open-data.s3.amazonaws.com/photos/67319300/large.jpeg,Philanthus triangulum diadema,48460/1/47120/372739/47158/184884/47201/124417/326777/47222/51955/119289/575005/575003/56893/143529,jpeg
http://inaturalist-open-data.s3.amazonaws.com/photos/67294416/large.jpeg,Philanthus triangulum diadema,48460/1/47120/372739/47158/184884/47201/124417/326777/47222/51955/119289/575005/575003/56893/143529,jpeg
http://inaturalist-open-data.s3.amazonaws.com/photos/70209261/large.jpg,Philanthus triangulum diadema,48460/1/47120/372739/47158/184884/47201/124417/326777/47222/51955/119289/575005/575003/56893/143529,jpg
http://inaturalist-open-data.s3.amazonaws.com/photos/70893139/large.jpg,Philanthus triangulum diadema,48460/1/47120/372739/47158/184884/47201/124417/326777/47222/51955/119289/575005/575003/56893/143529,jpg
http://inaturalist-open-data.s3.amazonaws.com/photos/70893198/large.jpg,Philanthus triangulum diadema,48460/1/47120/372739/47158/184884/47201/124417/326777/47222/51955/119289/575005/575003/56893/143529,jpg
http://inaturalist-open-data.s3.amazonaws.com/photos/70893055/large.jpg,Philanthus triangulum diadema,48460/1/47120/372739/47158/184884/47201/124417/326777/47222/51955/119289/575005/575003/56893/143529,jpg
http://inaturalist-open-data.s3.amazonaws.com/photos/106757078/large.jpeg,Philanthus triangulum diadema,48460/1/47120/372739/47158/184884/47201/124417/326777/47222/51955/119289/575005/575003/56893/143529,jpeg
http://inaturalist-open-data.s3.amazonaws.com/photos/107331268/large.jpeg,Philanthus triangulum diadema,48460/1/47120/372739/47158/184884/47201/124417/326777/47222/51955/119289/575005/575003/56893/143529,jpeg
http://inaturalist-open-data.s3.amazonaws.com/photos/107331279/large.jpeg,Philanthus triangulum diadema,48460/1/47120/372739/47158/184884/47201/124417/326777/47222/51955/119289/575005/575003/56893/143529,jpeg
http://inaturalist-open-data.s3.amazonaws.com/photos/107348123/large.jpeg,Philanthus triangulum diadema,48460/1/47120/372739/47158/184884/47201/124417/326777/47222/51955/119289/575005/575003/56893/143529,jpeg
http://inaturalist-open-data.s3.amazonaws.com/photos/107348034/large.jpeg,Philanthus triangulum diadema,48460/1/47120/372739/47158/184884/47201/124417/326777/47222/51955/119289/575005/575003/56893/143529,jpeg
http://inaturalist-open-data.s3.amazonaws.com/photos/110117232/large.jpg,Philanthus triangulum diadema,48460/1/47120/372739/47158/184884/47201/124417/326777/47222/51955/119289/575005/575003/56893/143529,jpg
http://inaturalist-open-data.s3.amazonaws.com/photos/112139199/large.jpg,Philanthus triangulum diadema,48460/1/47120/372739/47158/184884/47201/124417/326777/47222/51955/119289/575005/575003/56893/143529,jpg
http://inaturalist-open-data.s3.amazonaws.com/photos/112139205/large.jpg,Philanthus triangulum diadema,48460/1/47120/372739/47158/184884/47201/124417/326777/47222/51955/119289/575005/575003/56893/143529,jpg
http://inaturalist-open-data.s3.amazonaws.com/photos/112139216/large.jpg,Philanthus triangulum diadema,48460/1/47120/372739/47158/184884/47201/124417/326777/47222/51955/119289/575005/575003/56893/143529,jpg
http://inaturalist-open-data.s3.amazonaws.com/photos/112139219/large.jpg,Philanthus triangulum diadema,48460/1/47120/372739/47158/184884/47201/124417/326777/47222/51955/119289/575005/575003/56893/143529,jpg
http://inaturalist-open-data.s3.amazonaws.com/photos/112556839/large.jpg,Philanthus triangulum diadema,48460/1/47120/372739/47158/184884/47201/124417/326777/47222/51955/119289/575005/575003/56893/143529,jpg
http://inaturalist-open-data.s3.amazonaws.com/photos/112557225/large.jpg,Philanthus triangulum diadema,48460/1/47120/372739/47158/184884/47201/124417/326777/47222/51955/119289/575005/575003/56893/143529,jpg
http://inaturalist-open-data.s3.amazonaws.com/photos/124241715/large.jpg,Philanthus triangulum diadema,48460/1/47120/372739/47158/184884/47201/124417/326777/47222/51955/119289/575005/575003/56893/143529,jpg
http://inaturalist-open-data.s3.amazonaws.com/photos/135102572/large.jpg,Philanthus triangulum diadema,48460/1/47120/372739/47158/184884/47201/124417/326777/47222/51955/119289/575005/575003/56893/143529,jpg
http://inaturalist-open-data.s3.amazonaws.com/photos/148483807/large.jpg,Philanthus triangulum diadema,48460/1/47120/372739/47158/184884/47201/124417/326777/47222/51955/119289/575005/575003/56893/143529,jpg
http://inaturalist-open-data.s3.amazonaws.com/photos/154681951/large.jpeg,Philanthus triangulum diadema,48460/1/47120/372739/47158/184884/47201/124417/326777/47222/51955/119289/575005/575003/56893/143529,jpeg
http://inaturalist-open-data.s3.amazonaws.com/photos/154681945/large.jpeg,Philanthus triangulum diadema,48460/1/47120/372739/47158/184884/47201/124417/326777/47222/51955/119289/575005/575003/56893/143529,jpeg
http://inaturalist-open-data.s3.amazonaws.com/photos/154681948/large.jpeg,Philanthus triangulum diadema,48460/1/47120/372739/47158/184884/47201/124417/326777/47222/51955/119289/575005/575003/56893/143529,jpeg
http://inaturalist-open-data.s3.amazonaws.com/photos/162694364/large.jpg,Philanthus triangulum diadema,48460/1/47120/372739/47158/184884/47201/124417/326777/47222/51955/119289/575005/575003/56893/143529,jpg
http://inaturalist-open-data.s3.amazonaws.com/photos/162694255/large.jpg,Philanthus triangulum diadema,48460/1/47120/372739/47158/184884/47201/124417/326777/47222/51955/119289/575005/575003/56893/143529,jpg
http://inaturalist-open-data.s3.amazonaws.com/photos/162694335/large.jpg,Philanthus triangulum diadema,48460/1/47120/372739/47158/184884/47201/124417/326777/47222/51955/119289/575005/575003/56893/143529,jpg
http://inaturalist-open-data.s3.amazonaws.com/photos/162694396/large.jpg,Philanthus triangulum diadema,48460/1/47120/372739/47158/184884/47201/124417/326777/47222/51955/119289/575005/575003/56893/143529,jpg
http://inaturalist-open-data.s3.amazonaws.com/photos/165761041/large.jpeg,Philanthus triangulum diadema,48460/1/47120/372739/47158/184884/47201/124417/326777/47222/51955/119289/575005/575003/56893/143529,jpeg
http://inaturalist-open-data.s3.amazonaws.com/photos/167962084/large.jpg,Philanthus triangulum diadema,48460/1/47120/372739/47158/184884/47201/124417/326777/47222/51955/119289/575005/575003/56893/143529,jpg
http://inaturalist-open-data.s3.amazonaws.com/photos/170197499/large.jpeg,Philanthus triangulum diadema,48460/1/47120/372739/47158/184884/47201/124417/326777/47222/51955/119289/575005/575003/56893/143529,jpeg
http://inaturalist-open-data.s3.amazonaws.com/photos/170197508/large.jpeg,Philanthus triangulum diadema,48460/1/47120/372739/47158/184884/47201/124417/326777/47222/51955/119289/575005/575003/56893/143529,jpeg
http://inaturalist-open-data.s3.amazonaws.com/photos/170197515/large.jpeg,Philanthus triangulum diadema,48460/1/47120/372739/47158/184884/47201/124417/326777/47222/51955/119289/575005/575003/56893/143529,jpeg
http://inaturalist-open-data.s3.amazonaws.com/photos/170197525/large.jpeg,Philanthus triangulum diadema,48460/1/47120/372739/47158/184884/47201/124417/326777/47222/51955/119289/575005/575003/56893/143529,jpeg
http://inaturalist-open-data.s3.amazonaws.com/photos/170197537/large.jpeg,Philanthus triangulum diadema,48460/1/47120/372739/47158/184884/47201/124417/326777/47222/51955/119289/575005/575003/56893/143529,jpeg
http://inaturalist-open-data.s3.amazonaws.com/photos/170197547/large.jpeg,Philanthus triangulum diadema,48460/1/47120/372739/47158/184884/47201/124417/326777/47222/51955/119289/575005/575003/56893/143529,jpeg
http://inaturalist-open-data.s3.amazonaws.com/photos/170197563/large.jpeg,Philanthus triangulum diadema,48460/1/47120/372739/47158/184884/47201/124417/326777/47222/51955/119289/575005/575003/56893/143529,jpeg
http://inaturalist-open-data.s3.amazonaws.com/photos/171284698/large.jpeg,Philanthus triangulum diadema,48460/1/47120/372739/47158/184884/47201/124417/326777/47222/51955/119289/575005/575003/56893/143529,jpeg
http://inaturalist-open-data.s3.amazonaws.com/photos/171284702/large.jpeg,Philanthus triangulum diadema,48460/1/47120/372739/47158/184884/47201/124417/326777/47222/51955/119289/575005/575003/56893/143529,jpeg
http://inaturalist-open-data.s3.amazonaws.com/photos/172973514/large.jpeg,Philanthus triangulum diadema,48460/1/47120/372739/47158/184884/47201/124417/326777/47222/51955/119289/575005/575003/56893/143529,jpeg
http://inaturalist-open-data.s3.amazonaws.com/photos/172976889/large.jpeg,Philanthus triangulum diadema,48460/1/47120/372739/47158/184884/47201/124417/326777/47222/51955/119289/575005/575003/56893/143529,jpeg
