photo_url_large,taxon_name,ancestry,extension
http://inaturalist-open-data.s3.amazonaws.com/photos/3928872/large.jpg,Pholidoptera littoralis insubrica,48460/1/47120/372739/47158/184884/47651/132694/488701/48125/48124/82546/523128/55360/464097,jpg
http://inaturalist-open-data.s3.amazonaws.com/photos/3929021/large.jpg,Pholidoptera littoralis insubrica,48460/1/47120/372739/47158/184884/47651/132694/488701/48125/48124/82546/523128/55360/464097,jpg
http://inaturalist-open-data.s3.amazonaws.com/photos/30376738/large.jpg,Pholidoptera littoralis insubrica,48460/1/47120/372739/47158/184884/47651/132694/488701/48125/48124/82546/523128/55360/464097,jpg
http://inaturalist-open-data.s3.amazonaws.com/photos/147552354/large.jpeg,Pholidoptera littoralis insubrica,48460/1/47120/372739/47158/184884/47651/132694/488701/48125/48124/82546/523128/55360/464097,jpeg
