photo_url_large,taxon_name,ancestry,extension
http://inaturalist-open-data.s3.amazonaws.com/photos/59927142/large.jpeg,Phragmatobia fuliginosa rubricosa,48460/1/47120/372739/47158/184884/47157/47607/121850/47606/82089/123834/143116/143114,jpeg
http://inaturalist-open-data.s3.amazonaws.com/photos/59927227/large.jpeg,Phragmatobia fuliginosa rubricosa,48460/1/47120/372739/47158/184884/47157/47607/121850/47606/82089/123834/143116/143114,jpeg
http://inaturalist-open-data.s3.amazonaws.com/photos/59927640/large.jpeg,Phragmatobia fuliginosa rubricosa,48460/1/47120/372739/47158/184884/47157/47607/121850/47606/82089/123834/143116/143114,jpeg
http://inaturalist-open-data.s3.amazonaws.com/photos/101180794/large.jpeg,Phragmatobia fuliginosa rubricosa,48460/1/47120/372739/47158/184884/47157/47607/121850/47606/82089/123834/143116/143114,jpeg
http://inaturalist-open-data.s3.amazonaws.com/photos/116301011/large.jpg,Phragmatobia fuliginosa rubricosa,48460/1/47120/372739/47158/184884/47157/47607/121850/47606/82089/123834/143116/143114,jpg
