photo_url_large,taxon_name,ancestry,extension
http://inaturalist-open-data.s3.amazonaws.com/photos/4137305/large.jpg,Phyciodes cocyta selenis,48460/1/47120/372739/47158/184884/47157/47224/47922/202067/130316/52924/58576,jpg
http://inaturalist-open-data.s3.amazonaws.com/photos/176075862/large.jpg,Phyciodes cocyta selenis,48460/1/47120/372739/47158/184884/47157/47224/47922/202067/130316/52924/58576,jpg
http://inaturalist-open-data.s3.amazonaws.com/photos/176075870/large.jpg,Phyciodes cocyta selenis,48460/1/47120/372739/47158/184884/47157/47224/47922/202067/130316/52924/58576,jpg
http://inaturalist-open-data.s3.amazonaws.com/photos/176076304/large.jpg,Phyciodes cocyta selenis,48460/1/47120/372739/47158/184884/47157/47224/47922/202067/130316/52924/58576,jpg
http://inaturalist-open-data.s3.amazonaws.com/photos/176076310/large.jpg,Phyciodes cocyta selenis,48460/1/47120/372739/47158/184884/47157/47224/47922/202067/130316/52924/58576,jpg
