photo_url_large,taxon_name,ancestry,extension
http://inaturalist-open-data.s3.amazonaws.com/photos/29426086/large.jpeg,Phyciodes mylitta mexicana,48460/1/47120/372739/47158/184884/47157/47224/47922/202067/130316/52924/59176,jpeg
http://inaturalist-open-data.s3.amazonaws.com/photos/29427134/large.jpeg,Phyciodes mylitta mexicana,48460/1/47120/372739/47158/184884/47157/47224/47922/202067/130316/52924/59176,jpeg
http://inaturalist-open-data.s3.amazonaws.com/photos/56894443/large.jpeg,Phyciodes mylitta mexicana,48460/1/47120/372739/47158/184884/47157/47224/47922/202067/130316/52924/59176,jpeg
http://inaturalist-open-data.s3.amazonaws.com/photos/62325202/large.jpeg,Phyciodes mylitta mexicana,48460/1/47120/372739/47158/184884/47157/47224/47922/202067/130316/52924/59176,jpeg
http://inaturalist-open-data.s3.amazonaws.com/photos/93164244/large.jpeg,Phyciodes mylitta mexicana,48460/1/47120/372739/47158/184884/47157/47224/47922/202067/130316/52924/59176,jpeg
http://inaturalist-open-data.s3.amazonaws.com/photos/93164265/large.jpeg,Phyciodes mylitta mexicana,48460/1/47120/372739/47158/184884/47157/47224/47922/202067/130316/52924/59176,jpeg
http://inaturalist-open-data.s3.amazonaws.com/photos/113520702/large.jpg,Phyciodes mylitta mexicana,48460/1/47120/372739/47158/184884/47157/47224/47922/202067/130316/52924/59176,jpg
http://inaturalist-open-data.s3.amazonaws.com/photos/113520664/large.jpg,Phyciodes mylitta mexicana,48460/1/47120/372739/47158/184884/47157/47224/47922/202067/130316/52924/59176,jpg
