photo_url_large,taxon_name,ancestry,extension
http://inaturalist-open-data.s3.amazonaws.com/photos/2186026/large.PNG,Phymata americana americana,48460/1/47120/372739/47158/184884/47744/61267/372850/133754/48959/133753/1194574/119535/119533,PNG
http://inaturalist-open-data.s3.amazonaws.com/photos/4642620/large.jpg,Phymata americana americana,48460/1/47120/372739/47158/184884/47744/61267/372850/133754/48959/133753/1194574/119535/119533,jpg
http://inaturalist-open-data.s3.amazonaws.com/photos/5889158/large.jpg,Phymata americana americana,48460/1/47120/372739/47158/184884/47744/61267/372850/133754/48959/133753/1194574/119535/119533,jpg
http://inaturalist-open-data.s3.amazonaws.com/photos/5987224/large.jpeg,Phymata americana americana,48460/1/47120/372739/47158/184884/47744/61267/372850/133754/48959/133753/1194574/119535/119533,jpeg
http://inaturalist-open-data.s3.amazonaws.com/photos/18847709/large.jpg,Phymata americana americana,48460/1/47120/372739/47158/184884/47744/61267/372850/133754/48959/133753/1194574/119535/119533,jpg
http://inaturalist-open-data.s3.amazonaws.com/photos/18847717/large.jpg,Phymata americana americana,48460/1/47120/372739/47158/184884/47744/61267/372850/133754/48959/133753/1194574/119535/119533,jpg
http://inaturalist-open-data.s3.amazonaws.com/photos/18847728/large.jpg,Phymata americana americana,48460/1/47120/372739/47158/184884/47744/61267/372850/133754/48959/133753/1194574/119535/119533,jpg
http://inaturalist-open-data.s3.amazonaws.com/photos/18848102/large.jpg,Phymata americana americana,48460/1/47120/372739/47158/184884/47744/61267/372850/133754/48959/133753/1194574/119535/119533,jpg
http://inaturalist-open-data.s3.amazonaws.com/photos/18848131/large.jpg,Phymata americana americana,48460/1/47120/372739/47158/184884/47744/61267/372850/133754/48959/133753/1194574/119535/119533,jpg
http://inaturalist-open-data.s3.amazonaws.com/photos/18848147/large.jpg,Phymata americana americana,48460/1/47120/372739/47158/184884/47744/61267/372850/133754/48959/133753/1194574/119535/119533,jpg
http://inaturalist-open-data.s3.amazonaws.com/photos/22389907/large.jpeg,Phymata americana americana,48460/1/47120/372739/47158/184884/47744/61267/372850/133754/48959/133753/1194574/119535/119533,jpeg
http://inaturalist-open-data.s3.amazonaws.com/photos/22415792/large.jpg,Phymata americana americana,48460/1/47120/372739/47158/184884/47744/61267/372850/133754/48959/133753/1194574/119535/119533,jpg
http://inaturalist-open-data.s3.amazonaws.com/photos/22464429/large.jpg,Phymata americana americana,48460/1/47120/372739/47158/184884/47744/61267/372850/133754/48959/133753/1194574/119535/119533,jpg
http://inaturalist-open-data.s3.amazonaws.com/photos/25603907/large.jpg,Phymata americana americana,48460/1/47120/372739/47158/184884/47744/61267/372850/133754/48959/133753/1194574/119535/119533,jpg
http://inaturalist-open-data.s3.amazonaws.com/photos/27172262/large.jpeg,Phymata americana americana,48460/1/47120/372739/47158/184884/47744/61267/372850/133754/48959/133753/1194574/119535/119533,jpeg
http://inaturalist-open-data.s3.amazonaws.com/photos/46874185/large.jpeg,Phymata americana americana,48460/1/47120/372739/47158/184884/47744/61267/372850/133754/48959/133753/1194574/119535/119533,jpeg
http://inaturalist-open-data.s3.amazonaws.com/photos/48481638/large.jpeg,Phymata americana americana,48460/1/47120/372739/47158/184884/47744/61267/372850/133754/48959/133753/1194574/119535/119533,jpeg
http://inaturalist-open-data.s3.amazonaws.com/photos/48481764/large.jpeg,Phymata americana americana,48460/1/47120/372739/47158/184884/47744/61267/372850/133754/48959/133753/1194574/119535/119533,jpeg
http://inaturalist-open-data.s3.amazonaws.com/photos/48481859/large.jpeg,Phymata americana americana,48460/1/47120/372739/47158/184884/47744/61267/372850/133754/48959/133753/1194574/119535/119533,jpeg
http://inaturalist-open-data.s3.amazonaws.com/photos/50781377/large.jpg,Phymata americana americana,48460/1/47120/372739/47158/184884/47744/61267/372850/133754/48959/133753/1194574/119535/119533,jpg
http://inaturalist-open-data.s3.amazonaws.com/photos/122173779/large.jpg,Phymata americana americana,48460/1/47120/372739/47158/184884/47744/61267/372850/133754/48959/133753/1194574/119535/119533,jpg
