photo_url_large,taxon_name,ancestry,extension
http://inaturalist-open-data.s3.amazonaws.com/photos/2672265/large.jpg,Phymata fasciata mystica,48460/1/47120/372739/47158/184884/47744/61267/372850/133754/48959/133753/1194574/119535/145582,jpg
http://inaturalist-open-data.s3.amazonaws.com/photos/2672267/large.jpg,Phymata fasciata mystica,48460/1/47120/372739/47158/184884/47744/61267/372850/133754/48959/133753/1194574/119535/145582,jpg
http://inaturalist-open-data.s3.amazonaws.com/photos/2672266/large.jpg,Phymata fasciata mystica,48460/1/47120/372739/47158/184884/47744/61267/372850/133754/48959/133753/1194574/119535/145582,jpg
http://inaturalist-open-data.s3.amazonaws.com/photos/6273227/large.jpg,Phymata fasciata mystica,48460/1/47120/372739/47158/184884/47744/61267/372850/133754/48959/133753/1194574/119535/145582,jpg
http://inaturalist-open-data.s3.amazonaws.com/photos/12259746/large.jpeg,Phymata fasciata mystica,48460/1/47120/372739/47158/184884/47744/61267/372850/133754/48959/133753/1194574/119535/145582,jpeg
http://inaturalist-open-data.s3.amazonaws.com/photos/12403257/large.jpg,Phymata fasciata mystica,48460/1/47120/372739/47158/184884/47744/61267/372850/133754/48959/133753/1194574/119535/145582,jpg
http://inaturalist-open-data.s3.amazonaws.com/photos/20743554/large.jpeg,Phymata fasciata mystica,48460/1/47120/372739/47158/184884/47744/61267/372850/133754/48959/133753/1194574/119535/145582,jpeg
http://inaturalist-open-data.s3.amazonaws.com/photos/20743577/large.jpeg,Phymata fasciata mystica,48460/1/47120/372739/47158/184884/47744/61267/372850/133754/48959/133753/1194574/119535/145582,jpeg
http://inaturalist-open-data.s3.amazonaws.com/photos/20743521/large.jpeg,Phymata fasciata mystica,48460/1/47120/372739/47158/184884/47744/61267/372850/133754/48959/133753/1194574/119535/145582,jpeg
http://inaturalist-open-data.s3.amazonaws.com/photos/20743488/large.jpeg,Phymata fasciata mystica,48460/1/47120/372739/47158/184884/47744/61267/372850/133754/48959/133753/1194574/119535/145582,jpeg
http://inaturalist-open-data.s3.amazonaws.com/photos/21727796/large.jpg,Phymata fasciata mystica,48460/1/47120/372739/47158/184884/47744/61267/372850/133754/48959/133753/1194574/119535/145582,jpg
http://inaturalist-open-data.s3.amazonaws.com/photos/21727812/large.jpg,Phymata fasciata mystica,48460/1/47120/372739/47158/184884/47744/61267/372850/133754/48959/133753/1194574/119535/145582,jpg
http://inaturalist-open-data.s3.amazonaws.com/photos/21727771/large.jpg,Phymata fasciata mystica,48460/1/47120/372739/47158/184884/47744/61267/372850/133754/48959/133753/1194574/119535/145582,jpg
http://inaturalist-open-data.s3.amazonaws.com/photos/25340056/large.jpeg,Phymata fasciata mystica,48460/1/47120/372739/47158/184884/47744/61267/372850/133754/48959/133753/1194574/119535/145582,jpeg
http://inaturalist-open-data.s3.amazonaws.com/photos/27380161/large.jpg,Phymata fasciata mystica,48460/1/47120/372739/47158/184884/47744/61267/372850/133754/48959/133753/1194574/119535/145582,jpg
http://inaturalist-open-data.s3.amazonaws.com/photos/28258779/large.jpeg,Phymata fasciata mystica,48460/1/47120/372739/47158/184884/47744/61267/372850/133754/48959/133753/1194574/119535/145582,jpeg
http://inaturalist-open-data.s3.amazonaws.com/photos/28344793/large.jpg,Phymata fasciata mystica,48460/1/47120/372739/47158/184884/47744/61267/372850/133754/48959/133753/1194574/119535/145582,jpg
http://inaturalist-open-data.s3.amazonaws.com/photos/28810985/large.jpg,Phymata fasciata mystica,48460/1/47120/372739/47158/184884/47744/61267/372850/133754/48959/133753/1194574/119535/145582,jpg
http://inaturalist-open-data.s3.amazonaws.com/photos/28810988/large.jpg,Phymata fasciata mystica,48460/1/47120/372739/47158/184884/47744/61267/372850/133754/48959/133753/1194574/119535/145582,jpg
http://inaturalist-open-data.s3.amazonaws.com/photos/28916704/large.jpg,Phymata fasciata mystica,48460/1/47120/372739/47158/184884/47744/61267/372850/133754/48959/133753/1194574/119535/145582,jpg
http://inaturalist-open-data.s3.amazonaws.com/photos/30974794/large.jpeg,Phymata fasciata mystica,48460/1/47120/372739/47158/184884/47744/61267/372850/133754/48959/133753/1194574/119535/145582,jpeg
http://inaturalist-open-data.s3.amazonaws.com/photos/30974798/large.jpeg,Phymata fasciata mystica,48460/1/47120/372739/47158/184884/47744/61267/372850/133754/48959/133753/1194574/119535/145582,jpeg
http://inaturalist-open-data.s3.amazonaws.com/photos/31333415/large.jpg,Phymata fasciata mystica,48460/1/47120/372739/47158/184884/47744/61267/372850/133754/48959/133753/1194574/119535/145582,jpg
http://inaturalist-open-data.s3.amazonaws.com/photos/35259413/large.jpeg,Phymata fasciata mystica,48460/1/47120/372739/47158/184884/47744/61267/372850/133754/48959/133753/1194574/119535/145582,jpeg
http://inaturalist-open-data.s3.amazonaws.com/photos/35259417/large.jpeg,Phymata fasciata mystica,48460/1/47120/372739/47158/184884/47744/61267/372850/133754/48959/133753/1194574/119535/145582,jpeg
http://inaturalist-open-data.s3.amazonaws.com/photos/42926305/large.jpg,Phymata fasciata mystica,48460/1/47120/372739/47158/184884/47744/61267/372850/133754/48959/133753/1194574/119535/145582,jpg
http://inaturalist-open-data.s3.amazonaws.com/photos/42926306/large.jpg,Phymata fasciata mystica,48460/1/47120/372739/47158/184884/47744/61267/372850/133754/48959/133753/1194574/119535/145582,jpg
http://inaturalist-open-data.s3.amazonaws.com/photos/51752910/large.jpeg,Phymata fasciata mystica,48460/1/47120/372739/47158/184884/47744/61267/372850/133754/48959/133753/1194574/119535/145582,jpeg
http://inaturalist-open-data.s3.amazonaws.com/photos/51752927/large.jpeg,Phymata fasciata mystica,48460/1/47120/372739/47158/184884/47744/61267/372850/133754/48959/133753/1194574/119535/145582,jpeg
http://inaturalist-open-data.s3.amazonaws.com/photos/51752932/large.jpeg,Phymata fasciata mystica,48460/1/47120/372739/47158/184884/47744/61267/372850/133754/48959/133753/1194574/119535/145582,jpeg
http://inaturalist-open-data.s3.amazonaws.com/photos/51752947/large.jpeg,Phymata fasciata mystica,48460/1/47120/372739/47158/184884/47744/61267/372850/133754/48959/133753/1194574/119535/145582,jpeg
http://inaturalist-open-data.s3.amazonaws.com/photos/51752960/large.jpeg,Phymata fasciata mystica,48460/1/47120/372739/47158/184884/47744/61267/372850/133754/48959/133753/1194574/119535/145582,jpeg
http://inaturalist-open-data.s3.amazonaws.com/photos/51753009/large.jpeg,Phymata fasciata mystica,48460/1/47120/372739/47158/184884/47744/61267/372850/133754/48959/133753/1194574/119535/145582,jpeg
http://inaturalist-open-data.s3.amazonaws.com/photos/61016876/large.jpg,Phymata fasciata mystica,48460/1/47120/372739/47158/184884/47744/61267/372850/133754/48959/133753/1194574/119535/145582,jpg
http://inaturalist-open-data.s3.amazonaws.com/photos/61016887/large.jpg,Phymata fasciata mystica,48460/1/47120/372739/47158/184884/47744/61267/372850/133754/48959/133753/1194574/119535/145582,jpg
http://inaturalist-open-data.s3.amazonaws.com/photos/86941830/large.jpg,Phymata fasciata mystica,48460/1/47120/372739/47158/184884/47744/61267/372850/133754/48959/133753/1194574/119535/145582,jpg
http://inaturalist-open-data.s3.amazonaws.com/photos/90956449/large.jpg,Phymata fasciata mystica,48460/1/47120/372739/47158/184884/47744/61267/372850/133754/48959/133753/1194574/119535/145582,jpg
http://inaturalist-open-data.s3.amazonaws.com/photos/90956235/large.jpg,Phymata fasciata mystica,48460/1/47120/372739/47158/184884/47744/61267/372850/133754/48959/133753/1194574/119535/145582,jpg
http://inaturalist-open-data.s3.amazonaws.com/photos/90957027/large.jpg,Phymata fasciata mystica,48460/1/47120/372739/47158/184884/47744/61267/372850/133754/48959/133753/1194574/119535/145582,jpg
http://inaturalist-open-data.s3.amazonaws.com/photos/93679847/large.jpg,Phymata fasciata mystica,48460/1/47120/372739/47158/184884/47744/61267/372850/133754/48959/133753/1194574/119535/145582,jpg
http://inaturalist-open-data.s3.amazonaws.com/photos/93679915/large.jpg,Phymata fasciata mystica,48460/1/47120/372739/47158/184884/47744/61267/372850/133754/48959/133753/1194574/119535/145582,jpg
http://inaturalist-open-data.s3.amazonaws.com/photos/95290501/large.jpg,Phymata fasciata mystica,48460/1/47120/372739/47158/184884/47744/61267/372850/133754/48959/133753/1194574/119535/145582,jpg
http://inaturalist-open-data.s3.amazonaws.com/photos/97426002/large.jpg,Phymata fasciata mystica,48460/1/47120/372739/47158/184884/47744/61267/372850/133754/48959/133753/1194574/119535/145582,jpg
http://inaturalist-open-data.s3.amazonaws.com/photos/97426035/large.jpg,Phymata fasciata mystica,48460/1/47120/372739/47158/184884/47744/61267/372850/133754/48959/133753/1194574/119535/145582,jpg
