photo_url_large,taxon_name,ancestry,extension
http://inaturalist-open-data.s3.amazonaws.com/photos/3547326/large.jpg,Pierella luna luna,48460/1/47120/372739/47158/184884/47157/47224/47922/58597/205406/61260/142959,jpg
http://inaturalist-open-data.s3.amazonaws.com/photos/11935318/large.jpg,Pierella luna luna,48460/1/47120/372739/47158/184884/47157/47224/47922/58597/205406/61260/142959,jpg
http://inaturalist-open-data.s3.amazonaws.com/photos/12721524/large.jpg,Pierella luna luna,48460/1/47120/372739/47158/184884/47157/47224/47922/58597/205406/61260/142959,jpg
http://inaturalist-open-data.s3.amazonaws.com/photos/14060882/large.jpg,Pierella luna luna,48460/1/47120/372739/47158/184884/47157/47224/47922/58597/205406/61260/142959,jpg
http://inaturalist-open-data.s3.amazonaws.com/photos/22893211/large.jpeg,Pierella luna luna,48460/1/47120/372739/47158/184884/47157/47224/47922/58597/205406/61260/142959,jpeg
http://inaturalist-open-data.s3.amazonaws.com/photos/27747249/large.jpg,Pierella luna luna,48460/1/47120/372739/47158/184884/47157/47224/47922/58597/205406/61260/142959,jpg
http://inaturalist-open-data.s3.amazonaws.com/photos/27956057/large.jpeg,Pierella luna luna,48460/1/47120/372739/47158/184884/47157/47224/47922/58597/205406/61260/142959,jpeg
http://inaturalist-open-data.s3.amazonaws.com/photos/27956062/large.jpeg,Pierella luna luna,48460/1/47120/372739/47158/184884/47157/47224/47922/58597/205406/61260/142959,jpeg
http://inaturalist-open-data.s3.amazonaws.com/photos/28027109/large.jpeg,Pierella luna luna,48460/1/47120/372739/47158/184884/47157/47224/47922/58597/205406/61260/142959,jpeg
http://inaturalist-open-data.s3.amazonaws.com/photos/33369844/large.jpg,Pierella luna luna,48460/1/47120/372739/47158/184884/47157/47224/47922/58597/205406/61260/142959,jpg
http://inaturalist-open-data.s3.amazonaws.com/photos/33369847/large.jpg,Pierella luna luna,48460/1/47120/372739/47158/184884/47157/47224/47922/58597/205406/61260/142959,jpg
http://inaturalist-open-data.s3.amazonaws.com/photos/34113104/large.jpg,Pierella luna luna,48460/1/47120/372739/47158/184884/47157/47224/47922/58597/205406/61260/142959,jpg
http://inaturalist-open-data.s3.amazonaws.com/photos/34113123/large.jpg,Pierella luna luna,48460/1/47120/372739/47158/184884/47157/47224/47922/58597/205406/61260/142959,jpg
http://inaturalist-open-data.s3.amazonaws.com/photos/34113113/large.jpg,Pierella luna luna,48460/1/47120/372739/47158/184884/47157/47224/47922/58597/205406/61260/142959,jpg
http://inaturalist-open-data.s3.amazonaws.com/photos/34113137/large.jpg,Pierella luna luna,48460/1/47120/372739/47158/184884/47157/47224/47922/58597/205406/61260/142959,jpg
http://inaturalist-open-data.s3.amazonaws.com/photos/39458582/large.jpg,Pierella luna luna,48460/1/47120/372739/47158/184884/47157/47224/47922/58597/205406/61260/142959,jpg
http://inaturalist-open-data.s3.amazonaws.com/photos/55633447/large.jpg,Pierella luna luna,48460/1/47120/372739/47158/184884/47157/47224/47922/58597/205406/61260/142959,jpg
http://inaturalist-open-data.s3.amazonaws.com/photos/59227042/large.jpg,Pierella luna luna,48460/1/47120/372739/47158/184884/47157/47224/47922/58597/205406/61260/142959,jpg
http://inaturalist-open-data.s3.amazonaws.com/photos/59242158/large.jpeg,Pierella luna luna,48460/1/47120/372739/47158/184884/47157/47224/47922/58597/205406/61260/142959,jpeg
http://inaturalist-open-data.s3.amazonaws.com/photos/59242154/large.jpeg,Pierella luna luna,48460/1/47120/372739/47158/184884/47157/47224/47922/58597/205406/61260/142959,jpeg
http://inaturalist-open-data.s3.amazonaws.com/photos/62072409/large.jpg,Pierella luna luna,48460/1/47120/372739/47158/184884/47157/47224/47922/58597/205406/61260/142959,jpg
http://inaturalist-open-data.s3.amazonaws.com/photos/62905293/large.jpg,Pierella luna luna,48460/1/47120/372739/47158/184884/47157/47224/47922/58597/205406/61260/142959,jpg
http://inaturalist-open-data.s3.amazonaws.com/photos/63497552/large.jpeg,Pierella luna luna,48460/1/47120/372739/47158/184884/47157/47224/47922/58597/205406/61260/142959,jpeg
http://inaturalist-open-data.s3.amazonaws.com/photos/63869435/large.jpg,Pierella luna luna,48460/1/47120/372739/47158/184884/47157/47224/47922/58597/205406/61260/142959,jpg
http://inaturalist-open-data.s3.amazonaws.com/photos/63937149/large.jpg,Pierella luna luna,48460/1/47120/372739/47158/184884/47157/47224/47922/58597/205406/61260/142959,jpg
http://inaturalist-open-data.s3.amazonaws.com/photos/63937142/large.jpg,Pierella luna luna,48460/1/47120/372739/47158/184884/47157/47224/47922/58597/205406/61260/142959,jpg
http://inaturalist-open-data.s3.amazonaws.com/photos/66383316/large.jpeg,Pierella luna luna,48460/1/47120/372739/47158/184884/47157/47224/47922/58597/205406/61260/142959,jpeg
http://inaturalist-open-data.s3.amazonaws.com/photos/67917493/large.jpg,Pierella luna luna,48460/1/47120/372739/47158/184884/47157/47224/47922/58597/205406/61260/142959,jpg
http://inaturalist-open-data.s3.amazonaws.com/photos/69720612/large.jpeg,Pierella luna luna,48460/1/47120/372739/47158/184884/47157/47224/47922/58597/205406/61260/142959,jpeg
http://inaturalist-open-data.s3.amazonaws.com/photos/69794073/large.jpeg,Pierella luna luna,48460/1/47120/372739/47158/184884/47157/47224/47922/58597/205406/61260/142959,jpeg
http://inaturalist-open-data.s3.amazonaws.com/photos/69794130/large.jpeg,Pierella luna luna,48460/1/47120/372739/47158/184884/47157/47224/47922/58597/205406/61260/142959,jpeg
http://inaturalist-open-data.s3.amazonaws.com/photos/71974005/large.jpeg,Pierella luna luna,48460/1/47120/372739/47158/184884/47157/47224/47922/58597/205406/61260/142959,jpeg
http://inaturalist-open-data.s3.amazonaws.com/photos/72588582/large.jpg,Pierella luna luna,48460/1/47120/372739/47158/184884/47157/47224/47922/58597/205406/61260/142959,jpg
http://inaturalist-open-data.s3.amazonaws.com/photos/72952508/large.jpeg,Pierella luna luna,48460/1/47120/372739/47158/184884/47157/47224/47922/58597/205406/61260/142959,jpeg
http://inaturalist-open-data.s3.amazonaws.com/photos/72953647/large.jpeg,Pierella luna luna,48460/1/47120/372739/47158/184884/47157/47224/47922/58597/205406/61260/142959,jpeg
http://inaturalist-open-data.s3.amazonaws.com/photos/72953657/large.jpeg,Pierella luna luna,48460/1/47120/372739/47158/184884/47157/47224/47922/58597/205406/61260/142959,jpeg
http://inaturalist-open-data.s3.amazonaws.com/photos/72953648/large.jpeg,Pierella luna luna,48460/1/47120/372739/47158/184884/47157/47224/47922/58597/205406/61260/142959,jpeg
http://inaturalist-open-data.s3.amazonaws.com/photos/84466197/large.jpeg,Pierella luna luna,48460/1/47120/372739/47158/184884/47157/47224/47922/58597/205406/61260/142959,jpeg
http://inaturalist-open-data.s3.amazonaws.com/photos/90808115/large.jpg,Pierella luna luna,48460/1/47120/372739/47158/184884/47157/47224/47922/58597/205406/61260/142959,jpg
http://inaturalist-open-data.s3.amazonaws.com/photos/90808084/large.jpg,Pierella luna luna,48460/1/47120/372739/47158/184884/47157/47224/47922/58597/205406/61260/142959,jpg
http://inaturalist-open-data.s3.amazonaws.com/photos/95333156/large.jpeg,Pierella luna luna,48460/1/47120/372739/47158/184884/47157/47224/47922/58597/205406/61260/142959,jpeg
http://inaturalist-open-data.s3.amazonaws.com/photos/108773707/large.jpeg,Pierella luna luna,48460/1/47120/372739/47158/184884/47157/47224/47922/58597/205406/61260/142959,jpeg
http://inaturalist-open-data.s3.amazonaws.com/photos/108773976/large.jpeg,Pierella luna luna,48460/1/47120/372739/47158/184884/47157/47224/47922/58597/205406/61260/142959,jpeg
http://inaturalist-open-data.s3.amazonaws.com/photos/108774257/large.jpeg,Pierella luna luna,48460/1/47120/372739/47158/184884/47157/47224/47922/58597/205406/61260/142959,jpeg
http://inaturalist-open-data.s3.amazonaws.com/photos/108774259/large.jpeg,Pierella luna luna,48460/1/47120/372739/47158/184884/47157/47224/47922/58597/205406/61260/142959,jpeg
http://inaturalist-open-data.s3.amazonaws.com/photos/108941518/large.jpeg,Pierella luna luna,48460/1/47120/372739/47158/184884/47157/47224/47922/58597/205406/61260/142959,jpeg
http://inaturalist-open-data.s3.amazonaws.com/photos/109159675/large.jpeg,Pierella luna luna,48460/1/47120/372739/47158/184884/47157/47224/47922/58597/205406/61260/142959,jpeg
http://inaturalist-open-data.s3.amazonaws.com/photos/109754941/large.jpeg,Pierella luna luna,48460/1/47120/372739/47158/184884/47157/47224/47922/58597/205406/61260/142959,jpeg
http://inaturalist-open-data.s3.amazonaws.com/photos/109754902/large.jpeg,Pierella luna luna,48460/1/47120/372739/47158/184884/47157/47224/47922/58597/205406/61260/142959,jpeg
http://inaturalist-open-data.s3.amazonaws.com/photos/109754961/large.jpeg,Pierella luna luna,48460/1/47120/372739/47158/184884/47157/47224/47922/58597/205406/61260/142959,jpeg
http://inaturalist-open-data.s3.amazonaws.com/photos/114474031/large.jpg,Pierella luna luna,48460/1/47120/372739/47158/184884/47157/47224/47922/58597/205406/61260/142959,jpg
http://inaturalist-open-data.s3.amazonaws.com/photos/119329884/large.jpg,Pierella luna luna,48460/1/47120/372739/47158/184884/47157/47224/47922/58597/205406/61260/142959,jpg
http://inaturalist-open-data.s3.amazonaws.com/photos/119330132/large.jpg,Pierella luna luna,48460/1/47120/372739/47158/184884/47157/47224/47922/58597/205406/61260/142959,jpg
http://inaturalist-open-data.s3.amazonaws.com/photos/128126040/large.jpeg,Pierella luna luna,48460/1/47120/372739/47158/184884/47157/47224/47922/58597/205406/61260/142959,jpeg
http://inaturalist-open-data.s3.amazonaws.com/photos/128854644/large.jpeg,Pierella luna luna,48460/1/47120/372739/47158/184884/47157/47224/47922/58597/205406/61260/142959,jpeg
http://inaturalist-open-data.s3.amazonaws.com/photos/129112156/large.jpeg,Pierella luna luna,48460/1/47120/372739/47158/184884/47157/47224/47922/58597/205406/61260/142959,jpeg
http://inaturalist-open-data.s3.amazonaws.com/photos/165475076/large.jpeg,Pierella luna luna,48460/1/47120/372739/47158/184884/47157/47224/47922/58597/205406/61260/142959,jpeg
http://inaturalist-open-data.s3.amazonaws.com/photos/165753770/large.jpg,Pierella luna luna,48460/1/47120/372739/47158/184884/47157/47224/47922/58597/205406/61260/142959,jpg
