photo_url_large,taxon_name,ancestry,extension
http://inaturalist-open-data.s3.amazonaws.com/photos/127461459/large.jpeg,Pimelia bipunctata papii,48460/1/47120/372739/47158/184884/47208/71130/372852/47593/53816/373517/510281/326475/1167501/343482,jpeg
http://inaturalist-open-data.s3.amazonaws.com/photos/129571292/large.jpeg,Pimelia bipunctata papii,48460/1/47120/372739/47158/184884/47208/71130/372852/47593/53816/373517/510281/326475/1167501/343482,jpeg
http://inaturalist-open-data.s3.amazonaws.com/photos/135981094/large.jpeg,Pimelia bipunctata papii,48460/1/47120/372739/47158/184884/47208/71130/372852/47593/53816/373517/510281/326475/1167501/343482,jpeg
http://inaturalist-open-data.s3.amazonaws.com/photos/146043891/large.jpeg,Pimelia bipunctata papii,48460/1/47120/372739/47158/184884/47208/71130/372852/47593/53816/373517/510281/326475/1167501/343482,jpeg
http://inaturalist-open-data.s3.amazonaws.com/photos/146043898/large.jpeg,Pimelia bipunctata papii,48460/1/47120/372739/47158/184884/47208/71130/372852/47593/53816/373517/510281/326475/1167501/343482,jpeg
http://inaturalist-open-data.s3.amazonaws.com/photos/146043907/large.jpeg,Pimelia bipunctata papii,48460/1/47120/372739/47158/184884/47208/71130/372852/47593/53816/373517/510281/326475/1167501/343482,jpeg
http://inaturalist-open-data.s3.amazonaws.com/photos/146771419/large.jpg,Pimelia bipunctata papii,48460/1/47120/372739/47158/184884/47208/71130/372852/47593/53816/373517/510281/326475/1167501/343482,jpg
http://inaturalist-open-data.s3.amazonaws.com/photos/154434562/large.jpg,Pimelia bipunctata papii,48460/1/47120/372739/47158/184884/47208/71130/372852/47593/53816/373517/510281/326475/1167501/343482,jpg
