photo_url_large,taxon_name,ancestry,extension
http://inaturalist-open-data.s3.amazonaws.com/photos/6383141/large.jpg,Pleocoma rubiginosa rubiginosa,48460/1/47120/372739/47158/184884/47208/71130/702480/48202/176066/176065/516390,jpg
http://inaturalist-open-data.s3.amazonaws.com/photos/6383094/large.jpg,Pleocoma rubiginosa rubiginosa,48460/1/47120/372739/47158/184884/47208/71130/702480/48202/176066/176065/516390,jpg
http://inaturalist-open-data.s3.amazonaws.com/photos/6383123/large.jpg,Pleocoma rubiginosa rubiginosa,48460/1/47120/372739/47158/184884/47208/71130/702480/48202/176066/176065/516390,jpg
http://inaturalist-open-data.s3.amazonaws.com/photos/6383129/large.jpg,Pleocoma rubiginosa rubiginosa,48460/1/47120/372739/47158/184884/47208/71130/702480/48202/176066/176065/516390,jpg
http://inaturalist-open-data.s3.amazonaws.com/photos/6494082/large.jpg,Pleocoma rubiginosa rubiginosa,48460/1/47120/372739/47158/184884/47208/71130/702480/48202/176066/176065/516390,jpg
http://inaturalist-open-data.s3.amazonaws.com/photos/6494073/large.jpg,Pleocoma rubiginosa rubiginosa,48460/1/47120/372739/47158/184884/47208/71130/702480/48202/176066/176065/516390,jpg
http://inaturalist-open-data.s3.amazonaws.com/photos/6545382/large.jpeg,Pleocoma rubiginosa rubiginosa,48460/1/47120/372739/47158/184884/47208/71130/702480/48202/176066/176065/516390,jpeg
http://inaturalist-open-data.s3.amazonaws.com/photos/6545369/large.jpeg,Pleocoma rubiginosa rubiginosa,48460/1/47120/372739/47158/184884/47208/71130/702480/48202/176066/176065/516390,jpeg
http://inaturalist-open-data.s3.amazonaws.com/photos/6545257/large.jpeg,Pleocoma rubiginosa rubiginosa,48460/1/47120/372739/47158/184884/47208/71130/702480/48202/176066/176065/516390,jpeg
http://inaturalist-open-data.s3.amazonaws.com/photos/6545336/large.jpeg,Pleocoma rubiginosa rubiginosa,48460/1/47120/372739/47158/184884/47208/71130/702480/48202/176066/176065/516390,jpeg
http://inaturalist-open-data.s3.amazonaws.com/photos/6545583/large.jpeg,Pleocoma rubiginosa rubiginosa,48460/1/47120/372739/47158/184884/47208/71130/702480/48202/176066/176065/516390,jpeg
