photo_url_large,taxon_name,ancestry,extension
http://inaturalist-open-data.s3.amazonaws.com/photos/656582/large.JPG,Podalonia tydei suspiciosa,48460/1/47120/372739/47158/184884/47201/124417/326777/47222/48742/334320/370786/154665/395390,JPG
http://inaturalist-open-data.s3.amazonaws.com/photos/1339291/large.jpg,Podalonia tydei suspiciosa,48460/1/47120/372739/47158/184884/47201/124417/326777/47222/48742/334320/370786/154665/395390,jpg
http://inaturalist-open-data.s3.amazonaws.com/photos/1366345/large.jpeg,Podalonia tydei suspiciosa,48460/1/47120/372739/47158/184884/47201/124417/326777/47222/48742/334320/370786/154665/395390,jpeg
http://inaturalist-open-data.s3.amazonaws.com/photos/3269762/large.jpg,Podalonia tydei suspiciosa,48460/1/47120/372739/47158/184884/47201/124417/326777/47222/48742/334320/370786/154665/395390,jpg
http://inaturalist-open-data.s3.amazonaws.com/photos/19850179/large.jpg,Podalonia tydei suspiciosa,48460/1/47120/372739/47158/184884/47201/124417/326777/47222/48742/334320/370786/154665/395390,jpg
http://inaturalist-open-data.s3.amazonaws.com/photos/19850182/large.jpg,Podalonia tydei suspiciosa,48460/1/47120/372739/47158/184884/47201/124417/326777/47222/48742/334320/370786/154665/395390,jpg
http://inaturalist-open-data.s3.amazonaws.com/photos/19850183/large.jpg,Podalonia tydei suspiciosa,48460/1/47120/372739/47158/184884/47201/124417/326777/47222/48742/334320/370786/154665/395390,jpg
http://inaturalist-open-data.s3.amazonaws.com/photos/19850185/large.jpg,Podalonia tydei suspiciosa,48460/1/47120/372739/47158/184884/47201/124417/326777/47222/48742/334320/370786/154665/395390,jpg
http://inaturalist-open-data.s3.amazonaws.com/photos/19850186/large.jpg,Podalonia tydei suspiciosa,48460/1/47120/372739/47158/184884/47201/124417/326777/47222/48742/334320/370786/154665/395390,jpg
http://inaturalist-open-data.s3.amazonaws.com/photos/6094373/large.jpeg,Podalonia tydei suspiciosa,48460/1/47120/372739/47158/184884/47201/124417/326777/47222/48742/334320/370786/154665/395390,jpeg
http://inaturalist-open-data.s3.amazonaws.com/photos/6094393/large.jpeg,Podalonia tydei suspiciosa,48460/1/47120/372739/47158/184884/47201/124417/326777/47222/48742/334320/370786/154665/395390,jpeg
http://inaturalist-open-data.s3.amazonaws.com/photos/6094397/large.jpeg,Podalonia tydei suspiciosa,48460/1/47120/372739/47158/184884/47201/124417/326777/47222/48742/334320/370786/154665/395390,jpeg
http://inaturalist-open-data.s3.amazonaws.com/photos/6094409/large.jpeg,Podalonia tydei suspiciosa,48460/1/47120/372739/47158/184884/47201/124417/326777/47222/48742/334320/370786/154665/395390,jpeg
http://inaturalist-open-data.s3.amazonaws.com/photos/6094422/large.jpeg,Podalonia tydei suspiciosa,48460/1/47120/372739/47158/184884/47201/124417/326777/47222/48742/334320/370786/154665/395390,jpeg
http://inaturalist-open-data.s3.amazonaws.com/photos/6391760/large.jpeg,Podalonia tydei suspiciosa,48460/1/47120/372739/47158/184884/47201/124417/326777/47222/48742/334320/370786/154665/395390,jpeg
http://inaturalist-open-data.s3.amazonaws.com/photos/6391763/large.jpeg,Podalonia tydei suspiciosa,48460/1/47120/372739/47158/184884/47201/124417/326777/47222/48742/334320/370786/154665/395390,jpeg
http://inaturalist-open-data.s3.amazonaws.com/photos/6391734/large.jpeg,Podalonia tydei suspiciosa,48460/1/47120/372739/47158/184884/47201/124417/326777/47222/48742/334320/370786/154665/395390,jpeg
http://inaturalist-open-data.s3.amazonaws.com/photos/6391756/large.jpeg,Podalonia tydei suspiciosa,48460/1/47120/372739/47158/184884/47201/124417/326777/47222/48742/334320/370786/154665/395390,jpeg
http://inaturalist-open-data.s3.amazonaws.com/photos/6391745/large.jpeg,Podalonia tydei suspiciosa,48460/1/47120/372739/47158/184884/47201/124417/326777/47222/48742/334320/370786/154665/395390,jpeg
http://inaturalist-open-data.s3.amazonaws.com/photos/6391749/large.jpeg,Podalonia tydei suspiciosa,48460/1/47120/372739/47158/184884/47201/124417/326777/47222/48742/334320/370786/154665/395390,jpeg
http://inaturalist-open-data.s3.amazonaws.com/photos/10503570/large.jpeg,Podalonia tydei suspiciosa,48460/1/47120/372739/47158/184884/47201/124417/326777/47222/48742/334320/370786/154665/395390,jpeg
http://inaturalist-open-data.s3.amazonaws.com/photos/10503659/large.jpeg,Podalonia tydei suspiciosa,48460/1/47120/372739/47158/184884/47201/124417/326777/47222/48742/334320/370786/154665/395390,jpeg
http://inaturalist-open-data.s3.amazonaws.com/photos/10503661/large.jpeg,Podalonia tydei suspiciosa,48460/1/47120/372739/47158/184884/47201/124417/326777/47222/48742/334320/370786/154665/395390,jpeg
http://inaturalist-open-data.s3.amazonaws.com/photos/12503439/large.jpeg,Podalonia tydei suspiciosa,48460/1/47120/372739/47158/184884/47201/124417/326777/47222/48742/334320/370786/154665/395390,jpeg
http://inaturalist-open-data.s3.amazonaws.com/photos/12503462/large.jpeg,Podalonia tydei suspiciosa,48460/1/47120/372739/47158/184884/47201/124417/326777/47222/48742/334320/370786/154665/395390,jpeg
http://inaturalist-open-data.s3.amazonaws.com/photos/12503466/large.jpeg,Podalonia tydei suspiciosa,48460/1/47120/372739/47158/184884/47201/124417/326777/47222/48742/334320/370786/154665/395390,jpeg
http://inaturalist-open-data.s3.amazonaws.com/photos/12580011/large.jpeg,Podalonia tydei suspiciosa,48460/1/47120/372739/47158/184884/47201/124417/326777/47222/48742/334320/370786/154665/395390,jpeg
http://inaturalist-open-data.s3.amazonaws.com/photos/12579989/large.jpeg,Podalonia tydei suspiciosa,48460/1/47120/372739/47158/184884/47201/124417/326777/47222/48742/334320/370786/154665/395390,jpeg
http://inaturalist-open-data.s3.amazonaws.com/photos/12580021/large.jpeg,Podalonia tydei suspiciosa,48460/1/47120/372739/47158/184884/47201/124417/326777/47222/48742/334320/370786/154665/395390,jpeg
http://inaturalist-open-data.s3.amazonaws.com/photos/12580024/large.jpeg,Podalonia tydei suspiciosa,48460/1/47120/372739/47158/184884/47201/124417/326777/47222/48742/334320/370786/154665/395390,jpeg
http://inaturalist-open-data.s3.amazonaws.com/photos/13157999/large.jpeg,Podalonia tydei suspiciosa,48460/1/47120/372739/47158/184884/47201/124417/326777/47222/48742/334320/370786/154665/395390,jpeg
http://inaturalist-open-data.s3.amazonaws.com/photos/13157868/large.jpeg,Podalonia tydei suspiciosa,48460/1/47120/372739/47158/184884/47201/124417/326777/47222/48742/334320/370786/154665/395390,jpeg
http://inaturalist-open-data.s3.amazonaws.com/photos/13157997/large.jpeg,Podalonia tydei suspiciosa,48460/1/47120/372739/47158/184884/47201/124417/326777/47222/48742/334320/370786/154665/395390,jpeg
http://inaturalist-open-data.s3.amazonaws.com/photos/13157998/large.jpeg,Podalonia tydei suspiciosa,48460/1/47120/372739/47158/184884/47201/124417/326777/47222/48742/334320/370786/154665/395390,jpeg
http://inaturalist-open-data.s3.amazonaws.com/photos/14643793/large.jpeg,Podalonia tydei suspiciosa,48460/1/47120/372739/47158/184884/47201/124417/326777/47222/48742/334320/370786/154665/395390,jpeg
http://inaturalist-open-data.s3.amazonaws.com/photos/14643765/large.jpeg,Podalonia tydei suspiciosa,48460/1/47120/372739/47158/184884/47201/124417/326777/47222/48742/334320/370786/154665/395390,jpeg
http://inaturalist-open-data.s3.amazonaws.com/photos/14643792/large.jpeg,Podalonia tydei suspiciosa,48460/1/47120/372739/47158/184884/47201/124417/326777/47222/48742/334320/370786/154665/395390,jpeg
http://inaturalist-open-data.s3.amazonaws.com/photos/19423666/large.jpeg,Podalonia tydei suspiciosa,48460/1/47120/372739/47158/184884/47201/124417/326777/47222/48742/334320/370786/154665/395390,jpeg
http://inaturalist-open-data.s3.amazonaws.com/photos/19423792/large.jpeg,Podalonia tydei suspiciosa,48460/1/47120/372739/47158/184884/47201/124417/326777/47222/48742/334320/370786/154665/395390,jpeg
http://inaturalist-open-data.s3.amazonaws.com/photos/19423796/large.jpeg,Podalonia tydei suspiciosa,48460/1/47120/372739/47158/184884/47201/124417/326777/47222/48742/334320/370786/154665/395390,jpeg
http://inaturalist-open-data.s3.amazonaws.com/photos/20599865/large.jpeg,Podalonia tydei suspiciosa,48460/1/47120/372739/47158/184884/47201/124417/326777/47222/48742/334320/370786/154665/395390,jpeg
http://inaturalist-open-data.s3.amazonaws.com/photos/20599900/large.jpeg,Podalonia tydei suspiciosa,48460/1/47120/372739/47158/184884/47201/124417/326777/47222/48742/334320/370786/154665/395390,jpeg
http://inaturalist-open-data.s3.amazonaws.com/photos/20599901/large.jpeg,Podalonia tydei suspiciosa,48460/1/47120/372739/47158/184884/47201/124417/326777/47222/48742/334320/370786/154665/395390,jpeg
http://inaturalist-open-data.s3.amazonaws.com/photos/30087639/large.jpeg,Podalonia tydei suspiciosa,48460/1/47120/372739/47158/184884/47201/124417/326777/47222/48742/334320/370786/154665/395390,jpeg
http://inaturalist-open-data.s3.amazonaws.com/photos/30087640/large.jpeg,Podalonia tydei suspiciosa,48460/1/47120/372739/47158/184884/47201/124417/326777/47222/48742/334320/370786/154665/395390,jpeg
http://inaturalist-open-data.s3.amazonaws.com/photos/32255046/large.jpeg,Podalonia tydei suspiciosa,48460/1/47120/372739/47158/184884/47201/124417/326777/47222/48742/334320/370786/154665/395390,jpeg
http://inaturalist-open-data.s3.amazonaws.com/photos/32255042/large.jpeg,Podalonia tydei suspiciosa,48460/1/47120/372739/47158/184884/47201/124417/326777/47222/48742/334320/370786/154665/395390,jpeg
http://inaturalist-open-data.s3.amazonaws.com/photos/39094820/large.jpeg,Podalonia tydei suspiciosa,48460/1/47120/372739/47158/184884/47201/124417/326777/47222/48742/334320/370786/154665/395390,jpeg
http://inaturalist-open-data.s3.amazonaws.com/photos/40376296/large.jpeg,Podalonia tydei suspiciosa,48460/1/47120/372739/47158/184884/47201/124417/326777/47222/48742/334320/370786/154665/395390,jpeg
http://inaturalist-open-data.s3.amazonaws.com/photos/40930670/large.jpeg,Podalonia tydei suspiciosa,48460/1/47120/372739/47158/184884/47201/124417/326777/47222/48742/334320/370786/154665/395390,jpeg
http://inaturalist-open-data.s3.amazonaws.com/photos/45215977/large.jpeg,Podalonia tydei suspiciosa,48460/1/47120/372739/47158/184884/47201/124417/326777/47222/48742/334320/370786/154665/395390,jpeg
http://inaturalist-open-data.s3.amazonaws.com/photos/54029574/large.jpeg,Podalonia tydei suspiciosa,48460/1/47120/372739/47158/184884/47201/124417/326777/47222/48742/334320/370786/154665/395390,jpeg
http://inaturalist-open-data.s3.amazonaws.com/photos/54204008/large.jpeg,Podalonia tydei suspiciosa,48460/1/47120/372739/47158/184884/47201/124417/326777/47222/48742/334320/370786/154665/395390,jpeg
http://inaturalist-open-data.s3.amazonaws.com/photos/56312882/large.jpeg,Podalonia tydei suspiciosa,48460/1/47120/372739/47158/184884/47201/124417/326777/47222/48742/334320/370786/154665/395390,jpeg
http://inaturalist-open-data.s3.amazonaws.com/photos/56517630/large.jpg,Podalonia tydei suspiciosa,48460/1/47120/372739/47158/184884/47201/124417/326777/47222/48742/334320/370786/154665/395390,jpg
http://inaturalist-open-data.s3.amazonaws.com/photos/56517624/large.jpg,Podalonia tydei suspiciosa,48460/1/47120/372739/47158/184884/47201/124417/326777/47222/48742/334320/370786/154665/395390,jpg
http://inaturalist-open-data.s3.amazonaws.com/photos/56942721/large.jpg,Podalonia tydei suspiciosa,48460/1/47120/372739/47158/184884/47201/124417/326777/47222/48742/334320/370786/154665/395390,jpg
http://inaturalist-open-data.s3.amazonaws.com/photos/57097063/large.jpeg,Podalonia tydei suspiciosa,48460/1/47120/372739/47158/184884/47201/124417/326777/47222/48742/334320/370786/154665/395390,jpeg
http://inaturalist-open-data.s3.amazonaws.com/photos/57097146/large.jpeg,Podalonia tydei suspiciosa,48460/1/47120/372739/47158/184884/47201/124417/326777/47222/48742/334320/370786/154665/395390,jpeg
http://inaturalist-open-data.s3.amazonaws.com/photos/58404024/large.jpeg,Podalonia tydei suspiciosa,48460/1/47120/372739/47158/184884/47201/124417/326777/47222/48742/334320/370786/154665/395390,jpeg
http://inaturalist-open-data.s3.amazonaws.com/photos/58463360/large.jpg,Podalonia tydei suspiciosa,48460/1/47120/372739/47158/184884/47201/124417/326777/47222/48742/334320/370786/154665/395390,jpg
http://inaturalist-open-data.s3.amazonaws.com/photos/58841784/large.jpg,Podalonia tydei suspiciosa,48460/1/47120/372739/47158/184884/47201/124417/326777/47222/48742/334320/370786/154665/395390,jpg
http://inaturalist-open-data.s3.amazonaws.com/photos/58841792/large.jpg,Podalonia tydei suspiciosa,48460/1/47120/372739/47158/184884/47201/124417/326777/47222/48742/334320/370786/154665/395390,jpg
http://inaturalist-open-data.s3.amazonaws.com/photos/59032638/large.jpeg,Podalonia tydei suspiciosa,48460/1/47120/372739/47158/184884/47201/124417/326777/47222/48742/334320/370786/154665/395390,jpeg
http://inaturalist-open-data.s3.amazonaws.com/photos/59032633/large.jpeg,Podalonia tydei suspiciosa,48460/1/47120/372739/47158/184884/47201/124417/326777/47222/48742/334320/370786/154665/395390,jpeg
http://inaturalist-open-data.s3.amazonaws.com/photos/59032634/large.jpeg,Podalonia tydei suspiciosa,48460/1/47120/372739/47158/184884/47201/124417/326777/47222/48742/334320/370786/154665/395390,jpeg
http://inaturalist-open-data.s3.amazonaws.com/photos/60369130/large.jpg,Podalonia tydei suspiciosa,48460/1/47120/372739/47158/184884/47201/124417/326777/47222/48742/334320/370786/154665/395390,jpg
http://inaturalist-open-data.s3.amazonaws.com/photos/60369154/large.jpg,Podalonia tydei suspiciosa,48460/1/47120/372739/47158/184884/47201/124417/326777/47222/48742/334320/370786/154665/395390,jpg
http://inaturalist-open-data.s3.amazonaws.com/photos/61111071/large.jpeg,Podalonia tydei suspiciosa,48460/1/47120/372739/47158/184884/47201/124417/326777/47222/48742/334320/370786/154665/395390,jpeg
http://inaturalist-open-data.s3.amazonaws.com/photos/61116018/large.jpeg,Podalonia tydei suspiciosa,48460/1/47120/372739/47158/184884/47201/124417/326777/47222/48742/334320/370786/154665/395390,jpeg
http://inaturalist-open-data.s3.amazonaws.com/photos/66420290/large.jpeg,Podalonia tydei suspiciosa,48460/1/47120/372739/47158/184884/47201/124417/326777/47222/48742/334320/370786/154665/395390,jpeg
http://inaturalist-open-data.s3.amazonaws.com/photos/67287189/large.jpeg,Podalonia tydei suspiciosa,48460/1/47120/372739/47158/184884/47201/124417/326777/47222/48742/334320/370786/154665/395390,jpeg
http://inaturalist-open-data.s3.amazonaws.com/photos/67875491/large.jpg,Podalonia tydei suspiciosa,48460/1/47120/372739/47158/184884/47201/124417/326777/47222/48742/334320/370786/154665/395390,jpg
http://inaturalist-open-data.s3.amazonaws.com/photos/67875488/large.jpg,Podalonia tydei suspiciosa,48460/1/47120/372739/47158/184884/47201/124417/326777/47222/48742/334320/370786/154665/395390,jpg
http://inaturalist-open-data.s3.amazonaws.com/photos/67875498/large.jpg,Podalonia tydei suspiciosa,48460/1/47120/372739/47158/184884/47201/124417/326777/47222/48742/334320/370786/154665/395390,jpg
http://inaturalist-open-data.s3.amazonaws.com/photos/70283904/large.jpg,Podalonia tydei suspiciosa,48460/1/47120/372739/47158/184884/47201/124417/326777/47222/48742/334320/370786/154665/395390,jpg
http://inaturalist-open-data.s3.amazonaws.com/photos/70283899/large.jpg,Podalonia tydei suspiciosa,48460/1/47120/372739/47158/184884/47201/124417/326777/47222/48742/334320/370786/154665/395390,jpg
http://inaturalist-open-data.s3.amazonaws.com/photos/70283682/large.jpg,Podalonia tydei suspiciosa,48460/1/47120/372739/47158/184884/47201/124417/326777/47222/48742/334320/370786/154665/395390,jpg
http://inaturalist-open-data.s3.amazonaws.com/photos/70283917/large.jpg,Podalonia tydei suspiciosa,48460/1/47120/372739/47158/184884/47201/124417/326777/47222/48742/334320/370786/154665/395390,jpg
http://inaturalist-open-data.s3.amazonaws.com/photos/73035764/large.jpeg,Podalonia tydei suspiciosa,48460/1/47120/372739/47158/184884/47201/124417/326777/47222/48742/334320/370786/154665/395390,jpeg
http://inaturalist-open-data.s3.amazonaws.com/photos/73291120/large.jpeg,Podalonia tydei suspiciosa,48460/1/47120/372739/47158/184884/47201/124417/326777/47222/48742/334320/370786/154665/395390,jpeg
http://inaturalist-open-data.s3.amazonaws.com/photos/75839419/large.jpeg,Podalonia tydei suspiciosa,48460/1/47120/372739/47158/184884/47201/124417/326777/47222/48742/334320/370786/154665/395390,jpeg
http://inaturalist-open-data.s3.amazonaws.com/photos/75934127/large.jpeg,Podalonia tydei suspiciosa,48460/1/47120/372739/47158/184884/47201/124417/326777/47222/48742/334320/370786/154665/395390,jpeg
http://inaturalist-open-data.s3.amazonaws.com/photos/75934133/large.jpeg,Podalonia tydei suspiciosa,48460/1/47120/372739/47158/184884/47201/124417/326777/47222/48742/334320/370786/154665/395390,jpeg
http://inaturalist-open-data.s3.amazonaws.com/photos/76676337/large.jpeg,Podalonia tydei suspiciosa,48460/1/47120/372739/47158/184884/47201/124417/326777/47222/48742/334320/370786/154665/395390,jpeg
http://inaturalist-open-data.s3.amazonaws.com/photos/76676321/large.jpeg,Podalonia tydei suspiciosa,48460/1/47120/372739/47158/184884/47201/124417/326777/47222/48742/334320/370786/154665/395390,jpeg
http://inaturalist-open-data.s3.amazonaws.com/photos/76676326/large.jpeg,Podalonia tydei suspiciosa,48460/1/47120/372739/47158/184884/47201/124417/326777/47222/48742/334320/370786/154665/395390,jpeg
http://inaturalist-open-data.s3.amazonaws.com/photos/77336204/large.jpeg,Podalonia tydei suspiciosa,48460/1/47120/372739/47158/184884/47201/124417/326777/47222/48742/334320/370786/154665/395390,jpeg
http://inaturalist-open-data.s3.amazonaws.com/photos/97031829/large.jpg,Podalonia tydei suspiciosa,48460/1/47120/372739/47158/184884/47201/124417/326777/47222/48742/334320/370786/154665/395390,jpg
http://inaturalist-open-data.s3.amazonaws.com/photos/97031790/large.jpg,Podalonia tydei suspiciosa,48460/1/47120/372739/47158/184884/47201/124417/326777/47222/48742/334320/370786/154665/395390,jpg
http://inaturalist-open-data.s3.amazonaws.com/photos/97031811/large.jpg,Podalonia tydei suspiciosa,48460/1/47120/372739/47158/184884/47201/124417/326777/47222/48742/334320/370786/154665/395390,jpg
http://inaturalist-open-data.s3.amazonaws.com/photos/105958015/large.jpg,Podalonia tydei suspiciosa,48460/1/47120/372739/47158/184884/47201/124417/326777/47222/48742/334320/370786/154665/395390,jpg
http://inaturalist-open-data.s3.amazonaws.com/photos/105957965/large.jpg,Podalonia tydei suspiciosa,48460/1/47120/372739/47158/184884/47201/124417/326777/47222/48742/334320/370786/154665/395390,jpg
http://inaturalist-open-data.s3.amazonaws.com/photos/107400565/large.jpg,Podalonia tydei suspiciosa,48460/1/47120/372739/47158/184884/47201/124417/326777/47222/48742/334320/370786/154665/395390,jpg
http://inaturalist-open-data.s3.amazonaws.com/photos/107400622/large.jpg,Podalonia tydei suspiciosa,48460/1/47120/372739/47158/184884/47201/124417/326777/47222/48742/334320/370786/154665/395390,jpg
http://inaturalist-open-data.s3.amazonaws.com/photos/107400621/large.jpg,Podalonia tydei suspiciosa,48460/1/47120/372739/47158/184884/47201/124417/326777/47222/48742/334320/370786/154665/395390,jpg
http://inaturalist-open-data.s3.amazonaws.com/photos/110751562/large.jpg,Podalonia tydei suspiciosa,48460/1/47120/372739/47158/184884/47201/124417/326777/47222/48742/334320/370786/154665/395390,jpg
http://inaturalist-open-data.s3.amazonaws.com/photos/110751564/large.jpg,Podalonia tydei suspiciosa,48460/1/47120/372739/47158/184884/47201/124417/326777/47222/48742/334320/370786/154665/395390,jpg
http://inaturalist-open-data.s3.amazonaws.com/photos/111357304/large.jpeg,Podalonia tydei suspiciosa,48460/1/47120/372739/47158/184884/47201/124417/326777/47222/48742/334320/370786/154665/395390,jpeg
http://inaturalist-open-data.s3.amazonaws.com/photos/116342360/large.jpg,Podalonia tydei suspiciosa,48460/1/47120/372739/47158/184884/47201/124417/326777/47222/48742/334320/370786/154665/395390,jpg
http://inaturalist-open-data.s3.amazonaws.com/photos/116342386/large.jpg,Podalonia tydei suspiciosa,48460/1/47120/372739/47158/184884/47201/124417/326777/47222/48742/334320/370786/154665/395390,jpg
http://inaturalist-open-data.s3.amazonaws.com/photos/116342371/large.jpg,Podalonia tydei suspiciosa,48460/1/47120/372739/47158/184884/47201/124417/326777/47222/48742/334320/370786/154665/395390,jpg
http://inaturalist-open-data.s3.amazonaws.com/photos/120744033/large.jpeg,Podalonia tydei suspiciosa,48460/1/47120/372739/47158/184884/47201/124417/326777/47222/48742/334320/370786/154665/395390,jpeg
http://inaturalist-open-data.s3.amazonaws.com/photos/120743978/large.jpeg,Podalonia tydei suspiciosa,48460/1/47120/372739/47158/184884/47201/124417/326777/47222/48742/334320/370786/154665/395390,jpeg
http://inaturalist-open-data.s3.amazonaws.com/photos/120743984/large.jpeg,Podalonia tydei suspiciosa,48460/1/47120/372739/47158/184884/47201/124417/326777/47222/48742/334320/370786/154665/395390,jpeg
http://inaturalist-open-data.s3.amazonaws.com/photos/120743993/large.jpeg,Podalonia tydei suspiciosa,48460/1/47120/372739/47158/184884/47201/124417/326777/47222/48742/334320/370786/154665/395390,jpeg
http://inaturalist-open-data.s3.amazonaws.com/photos/120744032/large.jpeg,Podalonia tydei suspiciosa,48460/1/47120/372739/47158/184884/47201/124417/326777/47222/48742/334320/370786/154665/395390,jpeg
http://inaturalist-open-data.s3.amazonaws.com/photos/133969233/large.jpeg,Podalonia tydei suspiciosa,48460/1/47120/372739/47158/184884/47201/124417/326777/47222/48742/334320/370786/154665/395390,jpeg
http://inaturalist-open-data.s3.amazonaws.com/photos/149583607/large.jpg,Podalonia tydei suspiciosa,48460/1/47120/372739/47158/184884/47201/124417/326777/47222/48742/334320/370786/154665/395390,jpg
http://inaturalist-open-data.s3.amazonaws.com/photos/149583641/large.jpg,Podalonia tydei suspiciosa,48460/1/47120/372739/47158/184884/47201/124417/326777/47222/48742/334320/370786/154665/395390,jpg
http://inaturalist-open-data.s3.amazonaws.com/photos/149583658/large.jpg,Podalonia tydei suspiciosa,48460/1/47120/372739/47158/184884/47201/124417/326777/47222/48742/334320/370786/154665/395390,jpg
http://inaturalist-open-data.s3.amazonaws.com/photos/149583672/large.jpg,Podalonia tydei suspiciosa,48460/1/47120/372739/47158/184884/47201/124417/326777/47222/48742/334320/370786/154665/395390,jpg
http://inaturalist-open-data.s3.amazonaws.com/photos/174810295/large.jpeg,Podalonia tydei suspiciosa,48460/1/47120/372739/47158/184884/47201/124417/326777/47222/48742/334320/370786/154665/395390,jpeg
http://inaturalist-open-data.s3.amazonaws.com/photos/174810303/large.jpeg,Podalonia tydei suspiciosa,48460/1/47120/372739/47158/184884/47201/124417/326777/47222/48742/334320/370786/154665/395390,jpeg
http://inaturalist-open-data.s3.amazonaws.com/photos/174810306/large.jpeg,Podalonia tydei suspiciosa,48460/1/47120/372739/47158/184884/47201/124417/326777/47222/48742/334320/370786/154665/395390,jpeg
http://inaturalist-open-data.s3.amazonaws.com/photos/174810313/large.jpeg,Podalonia tydei suspiciosa,48460/1/47120/372739/47158/184884/47201/124417/326777/47222/48742/334320/370786/154665/395390,jpeg
http://inaturalist-open-data.s3.amazonaws.com/photos/174810321/large.jpeg,Podalonia tydei suspiciosa,48460/1/47120/372739/47158/184884/47201/124417/326777/47222/48742/334320/370786/154665/395390,jpeg
http://inaturalist-open-data.s3.amazonaws.com/photos/174810356/large.jpeg,Podalonia tydei suspiciosa,48460/1/47120/372739/47158/184884/47201/124417/326777/47222/48742/334320/370786/154665/395390,jpeg
http://inaturalist-open-data.s3.amazonaws.com/photos/176837813/large.jpg,Podalonia tydei suspiciosa,48460/1/47120/372739/47158/184884/47201/124417/326777/47222/48742/334320/370786/154665/395390,jpg
http://inaturalist-open-data.s3.amazonaws.com/photos/176837827/large.jpg,Podalonia tydei suspiciosa,48460/1/47120/372739/47158/184884/47201/124417/326777/47222/48742/334320/370786/154665/395390,jpg
