photo_url_large,taxon_name,ancestry,extension
http://inaturalist-open-data.s3.amazonaws.com/photos/48120675/large.jpg,Podotricha judith caucana,48460/1/47120/372739/47158/184884/47157/47224/47922/60854/134173/450692/622612,jpg
http://inaturalist-open-data.s3.amazonaws.com/photos/60121025/large.jpg,Podotricha judith caucana,48460/1/47120/372739/47158/184884/47157/47224/47922/60854/134173/450692/622612,jpg
http://inaturalist-open-data.s3.amazonaws.com/photos/62905279/large.jpg,Podotricha judith caucana,48460/1/47120/372739/47158/184884/47157/47224/47922/60854/134173/450692/622612,jpg
http://inaturalist-open-data.s3.amazonaws.com/photos/91386720/large.jpg,Podotricha judith caucana,48460/1/47120/372739/47158/184884/47157/47224/47922/60854/134173/450692/622612,jpg
http://inaturalist-open-data.s3.amazonaws.com/photos/91386689/large.jpg,Podotricha judith caucana,48460/1/47120/372739/47158/184884/47157/47224/47922/60854/134173/450692/622612,jpg
http://inaturalist-open-data.s3.amazonaws.com/photos/94893444/large.jpeg,Podotricha judith caucana,48460/1/47120/372739/47158/184884/47157/47224/47922/60854/134173/450692/622612,jpeg
http://inaturalist-open-data.s3.amazonaws.com/photos/94893555/large.jpeg,Podotricha judith caucana,48460/1/47120/372739/47158/184884/47157/47224/47922/60854/134173/450692/622612,jpeg
http://inaturalist-open-data.s3.amazonaws.com/photos/94893731/large.jpeg,Podotricha judith caucana,48460/1/47120/372739/47158/184884/47157/47224/47922/60854/134173/450692/622612,jpeg
http://inaturalist-open-data.s3.amazonaws.com/photos/115455528/large.jpg,Podotricha judith caucana,48460/1/47120/372739/47158/184884/47157/47224/47922/60854/134173/450692/622612,jpg
http://inaturalist-open-data.s3.amazonaws.com/photos/115454971/large.jpeg,Podotricha judith caucana,48460/1/47120/372739/47158/184884/47157/47224/47922/60854/134173/450692/622612,jpeg
