photo_url_large,taxon_name,ancestry,extension
http://inaturalist-open-data.s3.amazonaws.com/photos/45723468/large.jpg,Polites sonora utahensis,48460/1/47120/372739/47158/184884/47157/47224/47653/122493/320552/58504/117376,jpg
http://inaturalist-open-data.s3.amazonaws.com/photos/108515077/large.jpg,Polites sonora utahensis,48460/1/47120/372739/47158/184884/47157/47224/47653/122493/320552/58504/117376,jpg
http://inaturalist-open-data.s3.amazonaws.com/photos/108515079/large.jpg,Polites sonora utahensis,48460/1/47120/372739/47158/184884/47157/47224/47653/122493/320552/58504/117376,jpg
http://inaturalist-open-data.s3.amazonaws.com/photos/108515175/large.jpg,Polites sonora utahensis,48460/1/47120/372739/47158/184884/47157/47224/47653/122493/320552/58504/117376,jpg
http://inaturalist-open-data.s3.amazonaws.com/photos/108515180/large.jpg,Polites sonora utahensis,48460/1/47120/372739/47158/184884/47157/47224/47653/122493/320552/58504/117376,jpg
