photo_url_large,taxon_name,ancestry,extension
http://inaturalist-open-data.s3.amazonaws.com/photos/40271632/large.jpg,Polites sabuleti sabuleti,48460/1/47120/372739/47158/184884/47157/47224/47653/122493/320552/58504/59192,jpg
http://inaturalist-open-data.s3.amazonaws.com/photos/40271599/large.jpg,Polites sabuleti sabuleti,48460/1/47120/372739/47158/184884/47157/47224/47653/122493/320552/58504/59192,jpg
http://inaturalist-open-data.s3.amazonaws.com/photos/40271607/large.jpg,Polites sabuleti sabuleti,48460/1/47120/372739/47158/184884/47157/47224/47653/122493/320552/58504/59192,jpg
http://inaturalist-open-data.s3.amazonaws.com/photos/40271643/large.jpg,Polites sabuleti sabuleti,48460/1/47120/372739/47158/184884/47157/47224/47653/122493/320552/58504/59192,jpg
http://inaturalist-open-data.s3.amazonaws.com/photos/40271985/large.jpg,Polites sabuleti sabuleti,48460/1/47120/372739/47158/184884/47157/47224/47653/122493/320552/58504/59192,jpg
http://inaturalist-open-data.s3.amazonaws.com/photos/40272174/large.jpg,Polites sabuleti sabuleti,48460/1/47120/372739/47158/184884/47157/47224/47653/122493/320552/58504/59192,jpg
http://inaturalist-open-data.s3.amazonaws.com/photos/46445258/large.jpg,Polites sabuleti sabuleti,48460/1/47120/372739/47158/184884/47157/47224/47653/122493/320552/58504/59192,jpg
