photo_url_large,taxon_name,ancestry,extension
http://inaturalist-open-data.s3.amazonaws.com/photos/606395/large.JPG,Polygonus leo arizonensis,48460/1/47120/372739/47158/184884/47157/47224/47653/320509/1070950/69866/69863,JPG
http://inaturalist-open-data.s3.amazonaws.com/photos/1059846/large.JPG,Polygonus leo arizonensis,48460/1/47120/372739/47158/184884/47157/47224/47653/320509/1070950/69866/69863,JPG
http://inaturalist-open-data.s3.amazonaws.com/photos/1149322/large.JPG,Polygonus leo arizonensis,48460/1/47120/372739/47158/184884/47157/47224/47653/320509/1070950/69866/69863,JPG
http://inaturalist-open-data.s3.amazonaws.com/photos/2004096/large.jpg,Polygonus leo arizonensis,48460/1/47120/372739/47158/184884/47157/47224/47653/320509/1070950/69866/69863,jpg
http://inaturalist-open-data.s3.amazonaws.com/photos/2254873/large.JPG,Polygonus leo arizonensis,48460/1/47120/372739/47158/184884/47157/47224/47653/320509/1070950/69866/69863,JPG
http://inaturalist-open-data.s3.amazonaws.com/photos/4506725/large.jpeg,Polygonus leo arizonensis,48460/1/47120/372739/47158/184884/47157/47224/47653/320509/1070950/69866/69863,jpeg
http://inaturalist-open-data.s3.amazonaws.com/photos/4549589/large.jpeg,Polygonus leo arizonensis,48460/1/47120/372739/47158/184884/47157/47224/47653/320509/1070950/69866/69863,jpeg
http://inaturalist-open-data.s3.amazonaws.com/photos/4614268/large.jpeg,Polygonus leo arizonensis,48460/1/47120/372739/47158/184884/47157/47224/47653/320509/1070950/69866/69863,jpeg
http://inaturalist-open-data.s3.amazonaws.com/photos/5715866/large.jpeg,Polygonus leo arizonensis,48460/1/47120/372739/47158/184884/47157/47224/47653/320509/1070950/69866/69863,jpeg
http://inaturalist-open-data.s3.amazonaws.com/photos/5800980/large.jpeg,Polygonus leo arizonensis,48460/1/47120/372739/47158/184884/47157/47224/47653/320509/1070950/69866/69863,jpeg
http://inaturalist-open-data.s3.amazonaws.com/photos/9017439/large.jpeg,Polygonus leo arizonensis,48460/1/47120/372739/47158/184884/47157/47224/47653/320509/1070950/69866/69863,jpeg
http://inaturalist-open-data.s3.amazonaws.com/photos/9817879/large.jpeg,Polygonus leo arizonensis,48460/1/47120/372739/47158/184884/47157/47224/47653/320509/1070950/69866/69863,jpeg
http://inaturalist-open-data.s3.amazonaws.com/photos/9817884/large.jpeg,Polygonus leo arizonensis,48460/1/47120/372739/47158/184884/47157/47224/47653/320509/1070950/69866/69863,jpeg
http://inaturalist-open-data.s3.amazonaws.com/photos/13750969/large.jpg,Polygonus leo arizonensis,48460/1/47120/372739/47158/184884/47157/47224/47653/320509/1070950/69866/69863,jpg
http://inaturalist-open-data.s3.amazonaws.com/photos/22966739/large.jpeg,Polygonus leo arizonensis,48460/1/47120/372739/47158/184884/47157/47224/47653/320509/1070950/69866/69863,jpeg
http://inaturalist-open-data.s3.amazonaws.com/photos/25389936/large.jpg,Polygonus leo arizonensis,48460/1/47120/372739/47158/184884/47157/47224/47653/320509/1070950/69866/69863,jpg
http://inaturalist-open-data.s3.amazonaws.com/photos/25453516/large.jpg,Polygonus leo arizonensis,48460/1/47120/372739/47158/184884/47157/47224/47653/320509/1070950/69866/69863,jpg
http://inaturalist-open-data.s3.amazonaws.com/photos/26703779/large.jpeg,Polygonus leo arizonensis,48460/1/47120/372739/47158/184884/47157/47224/47653/320509/1070950/69866/69863,jpeg
http://inaturalist-open-data.s3.amazonaws.com/photos/26703784/large.jpeg,Polygonus leo arizonensis,48460/1/47120/372739/47158/184884/47157/47224/47653/320509/1070950/69866/69863,jpeg
http://inaturalist-open-data.s3.amazonaws.com/photos/27040152/large.jpeg,Polygonus leo arizonensis,48460/1/47120/372739/47158/184884/47157/47224/47653/320509/1070950/69866/69863,jpeg
http://inaturalist-open-data.s3.amazonaws.com/photos/28609521/large.jpeg,Polygonus leo arizonensis,48460/1/47120/372739/47158/184884/47157/47224/47653/320509/1070950/69866/69863,jpeg
http://inaturalist-open-data.s3.amazonaws.com/photos/28609527/large.jpeg,Polygonus leo arizonensis,48460/1/47120/372739/47158/184884/47157/47224/47653/320509/1070950/69866/69863,jpeg
http://inaturalist-open-data.s3.amazonaws.com/photos/47799354/large.jpeg,Polygonus leo arizonensis,48460/1/47120/372739/47158/184884/47157/47224/47653/320509/1070950/69866/69863,jpeg
http://inaturalist-open-data.s3.amazonaws.com/photos/48889150/large.jpg,Polygonus leo arizonensis,48460/1/47120/372739/47158/184884/47157/47224/47653/320509/1070950/69866/69863,jpg
http://inaturalist-open-data.s3.amazonaws.com/photos/48889119/large.jpg,Polygonus leo arizonensis,48460/1/47120/372739/47158/184884/47157/47224/47653/320509/1070950/69866/69863,jpg
http://inaturalist-open-data.s3.amazonaws.com/photos/49001219/large.jpeg,Polygonus leo arizonensis,48460/1/47120/372739/47158/184884/47157/47224/47653/320509/1070950/69866/69863,jpeg
http://inaturalist-open-data.s3.amazonaws.com/photos/49001224/large.jpeg,Polygonus leo arizonensis,48460/1/47120/372739/47158/184884/47157/47224/47653/320509/1070950/69866/69863,jpeg
http://inaturalist-open-data.s3.amazonaws.com/photos/54980041/large.jpg,Polygonus leo arizonensis,48460/1/47120/372739/47158/184884/47157/47224/47653/320509/1070950/69866/69863,jpg
http://inaturalist-open-data.s3.amazonaws.com/photos/54979905/large.jpg,Polygonus leo arizonensis,48460/1/47120/372739/47158/184884/47157/47224/47653/320509/1070950/69866/69863,jpg
http://inaturalist-open-data.s3.amazonaws.com/photos/58253531/large.jpg,Polygonus leo arizonensis,48460/1/47120/372739/47158/184884/47157/47224/47653/320509/1070950/69866/69863,jpg
http://inaturalist-open-data.s3.amazonaws.com/photos/59068165/large.jpeg,Polygonus leo arizonensis,48460/1/47120/372739/47158/184884/47157/47224/47653/320509/1070950/69866/69863,jpeg
http://inaturalist-open-data.s3.amazonaws.com/photos/59634747/large.jpeg,Polygonus leo arizonensis,48460/1/47120/372739/47158/184884/47157/47224/47653/320509/1070950/69866/69863,jpeg
http://inaturalist-open-data.s3.amazonaws.com/photos/60250520/large.jpg,Polygonus leo arizonensis,48460/1/47120/372739/47158/184884/47157/47224/47653/320509/1070950/69866/69863,jpg
http://inaturalist-open-data.s3.amazonaws.com/photos/60517112/large.jpg,Polygonus leo arizonensis,48460/1/47120/372739/47158/184884/47157/47224/47653/320509/1070950/69866/69863,jpg
http://inaturalist-open-data.s3.amazonaws.com/photos/65605982/large.jpeg,Polygonus leo arizonensis,48460/1/47120/372739/47158/184884/47157/47224/47653/320509/1070950/69866/69863,jpeg
http://inaturalist-open-data.s3.amazonaws.com/photos/72238909/large.jpeg,Polygonus leo arizonensis,48460/1/47120/372739/47158/184884/47157/47224/47653/320509/1070950/69866/69863,jpeg
http://inaturalist-open-data.s3.amazonaws.com/photos/78149254/large.jpeg,Polygonus leo arizonensis,48460/1/47120/372739/47158/184884/47157/47224/47653/320509/1070950/69866/69863,jpeg
http://inaturalist-open-data.s3.amazonaws.com/photos/78149228/large.jpeg,Polygonus leo arizonensis,48460/1/47120/372739/47158/184884/47157/47224/47653/320509/1070950/69866/69863,jpeg
http://inaturalist-open-data.s3.amazonaws.com/photos/84267685/large.jpeg,Polygonus leo arizonensis,48460/1/47120/372739/47158/184884/47157/47224/47653/320509/1070950/69866/69863,jpeg
http://inaturalist-open-data.s3.amazonaws.com/photos/84267724/large.jpeg,Polygonus leo arizonensis,48460/1/47120/372739/47158/184884/47157/47224/47653/320509/1070950/69866/69863,jpeg
http://inaturalist-open-data.s3.amazonaws.com/photos/87425376/large.jpg,Polygonus leo arizonensis,48460/1/47120/372739/47158/184884/47157/47224/47653/320509/1070950/69866/69863,jpg
http://inaturalist-open-data.s3.amazonaws.com/photos/87503671/large.jpeg,Polygonus leo arizonensis,48460/1/47120/372739/47158/184884/47157/47224/47653/320509/1070950/69866/69863,jpeg
http://inaturalist-open-data.s3.amazonaws.com/photos/87503637/large.jpeg,Polygonus leo arizonensis,48460/1/47120/372739/47158/184884/47157/47224/47653/320509/1070950/69866/69863,jpeg
http://inaturalist-open-data.s3.amazonaws.com/photos/87503645/large.jpeg,Polygonus leo arizonensis,48460/1/47120/372739/47158/184884/47157/47224/47653/320509/1070950/69866/69863,jpeg
http://inaturalist-open-data.s3.amazonaws.com/photos/87503659/large.jpeg,Polygonus leo arizonensis,48460/1/47120/372739/47158/184884/47157/47224/47653/320509/1070950/69866/69863,jpeg
http://inaturalist-open-data.s3.amazonaws.com/photos/87503679/large.jpeg,Polygonus leo arizonensis,48460/1/47120/372739/47158/184884/47157/47224/47653/320509/1070950/69866/69863,jpeg
http://inaturalist-open-data.s3.amazonaws.com/photos/88978520/large.jpeg,Polygonus leo arizonensis,48460/1/47120/372739/47158/184884/47157/47224/47653/320509/1070950/69866/69863,jpeg
http://inaturalist-open-data.s3.amazonaws.com/photos/90350372/large.jpg,Polygonus leo arizonensis,48460/1/47120/372739/47158/184884/47157/47224/47653/320509/1070950/69866/69863,jpg
http://inaturalist-open-data.s3.amazonaws.com/photos/90350400/large.jpg,Polygonus leo arizonensis,48460/1/47120/372739/47158/184884/47157/47224/47653/320509/1070950/69866/69863,jpg
http://inaturalist-open-data.s3.amazonaws.com/photos/91180134/large.jpeg,Polygonus leo arizonensis,48460/1/47120/372739/47158/184884/47157/47224/47653/320509/1070950/69866/69863,jpeg
http://inaturalist-open-data.s3.amazonaws.com/photos/91180181/large.jpeg,Polygonus leo arizonensis,48460/1/47120/372739/47158/184884/47157/47224/47653/320509/1070950/69866/69863,jpeg
http://inaturalist-open-data.s3.amazonaws.com/photos/93056891/large.jpeg,Polygonus leo arizonensis,48460/1/47120/372739/47158/184884/47157/47224/47653/320509/1070950/69866/69863,jpeg
http://inaturalist-open-data.s3.amazonaws.com/photos/93056904/large.jpeg,Polygonus leo arizonensis,48460/1/47120/372739/47158/184884/47157/47224/47653/320509/1070950/69866/69863,jpeg
http://inaturalist-open-data.s3.amazonaws.com/photos/94010715/large.jpeg,Polygonus leo arizonensis,48460/1/47120/372739/47158/184884/47157/47224/47653/320509/1070950/69866/69863,jpeg
http://inaturalist-open-data.s3.amazonaws.com/photos/94010730/large.jpeg,Polygonus leo arizonensis,48460/1/47120/372739/47158/184884/47157/47224/47653/320509/1070950/69866/69863,jpeg
http://inaturalist-open-data.s3.amazonaws.com/photos/94010763/large.jpeg,Polygonus leo arizonensis,48460/1/47120/372739/47158/184884/47157/47224/47653/320509/1070950/69866/69863,jpeg
http://inaturalist-open-data.s3.amazonaws.com/photos/94010779/large.jpeg,Polygonus leo arizonensis,48460/1/47120/372739/47158/184884/47157/47224/47653/320509/1070950/69866/69863,jpeg
http://inaturalist-open-data.s3.amazonaws.com/photos/94010787/large.jpeg,Polygonus leo arizonensis,48460/1/47120/372739/47158/184884/47157/47224/47653/320509/1070950/69866/69863,jpeg
http://inaturalist-open-data.s3.amazonaws.com/photos/94919788/large.jpeg,Polygonus leo arizonensis,48460/1/47120/372739/47158/184884/47157/47224/47653/320509/1070950/69866/69863,jpeg
http://inaturalist-open-data.s3.amazonaws.com/photos/105152449/large.jpeg,Polygonus leo arizonensis,48460/1/47120/372739/47158/184884/47157/47224/47653/320509/1070950/69866/69863,jpeg
http://inaturalist-open-data.s3.amazonaws.com/photos/105152466/large.jpeg,Polygonus leo arizonensis,48460/1/47120/372739/47158/184884/47157/47224/47653/320509/1070950/69866/69863,jpeg
http://inaturalist-open-data.s3.amazonaws.com/photos/108669201/large.jpg,Polygonus leo arizonensis,48460/1/47120/372739/47158/184884/47157/47224/47653/320509/1070950/69866/69863,jpg
http://inaturalist-open-data.s3.amazonaws.com/photos/115389781/large.jpeg,Polygonus leo arizonensis,48460/1/47120/372739/47158/184884/47157/47224/47653/320509/1070950/69866/69863,jpeg
http://inaturalist-open-data.s3.amazonaws.com/photos/115389744/large.jpeg,Polygonus leo arizonensis,48460/1/47120/372739/47158/184884/47157/47224/47653/320509/1070950/69866/69863,jpeg
http://inaturalist-open-data.s3.amazonaws.com/photos/115483209/large.jpg,Polygonus leo arizonensis,48460/1/47120/372739/47158/184884/47157/47224/47653/320509/1070950/69866/69863,jpg
http://inaturalist-open-data.s3.amazonaws.com/photos/115483221/large.jpg,Polygonus leo arizonensis,48460/1/47120/372739/47158/184884/47157/47224/47653/320509/1070950/69866/69863,jpg
http://inaturalist-open-data.s3.amazonaws.com/photos/127341950/large.jpeg,Polygonus leo arizonensis,48460/1/47120/372739/47158/184884/47157/47224/47653/320509/1070950/69866/69863,jpeg
http://inaturalist-open-data.s3.amazonaws.com/photos/127341963/large.jpeg,Polygonus leo arizonensis,48460/1/47120/372739/47158/184884/47157/47224/47653/320509/1070950/69866/69863,jpeg
http://inaturalist-open-data.s3.amazonaws.com/photos/127341933/large.jpeg,Polygonus leo arizonensis,48460/1/47120/372739/47158/184884/47157/47224/47653/320509/1070950/69866/69863,jpeg
http://inaturalist-open-data.s3.amazonaws.com/photos/127341903/large.jpeg,Polygonus leo arizonensis,48460/1/47120/372739/47158/184884/47157/47224/47653/320509/1070950/69866/69863,jpeg
http://inaturalist-open-data.s3.amazonaws.com/photos/127341915/large.jpeg,Polygonus leo arizonensis,48460/1/47120/372739/47158/184884/47157/47224/47653/320509/1070950/69866/69863,jpeg
http://inaturalist-open-data.s3.amazonaws.com/photos/127341972/large.jpeg,Polygonus leo arizonensis,48460/1/47120/372739/47158/184884/47157/47224/47653/320509/1070950/69866/69863,jpeg
http://inaturalist-open-data.s3.amazonaws.com/photos/127341990/large.jpeg,Polygonus leo arizonensis,48460/1/47120/372739/47158/184884/47157/47224/47653/320509/1070950/69866/69863,jpeg
http://inaturalist-open-data.s3.amazonaws.com/photos/127342008/large.jpeg,Polygonus leo arizonensis,48460/1/47120/372739/47158/184884/47157/47224/47653/320509/1070950/69866/69863,jpeg
http://inaturalist-open-data.s3.amazonaws.com/photos/127342037/large.jpeg,Polygonus leo arizonensis,48460/1/47120/372739/47158/184884/47157/47224/47653/320509/1070950/69866/69863,jpeg
http://inaturalist-open-data.s3.amazonaws.com/photos/127342070/large.jpeg,Polygonus leo arizonensis,48460/1/47120/372739/47158/184884/47157/47224/47653/320509/1070950/69866/69863,jpeg
http://inaturalist-open-data.s3.amazonaws.com/photos/127341864/large.jpeg,Polygonus leo arizonensis,48460/1/47120/372739/47158/184884/47157/47224/47653/320509/1070950/69866/69863,jpeg
http://inaturalist-open-data.s3.amazonaws.com/photos/127341876/large.jpeg,Polygonus leo arizonensis,48460/1/47120/372739/47158/184884/47157/47224/47653/320509/1070950/69866/69863,jpeg
http://inaturalist-open-data.s3.amazonaws.com/photos/127341894/large.jpeg,Polygonus leo arizonensis,48460/1/47120/372739/47158/184884/47157/47224/47653/320509/1070950/69866/69863,jpeg
http://inaturalist-open-data.s3.amazonaws.com/photos/134024942/large.jpg,Polygonus leo arizonensis,48460/1/47120/372739/47158/184884/47157/47224/47653/320509/1070950/69866/69863,jpg
http://inaturalist-open-data.s3.amazonaws.com/photos/134024967/large.jpg,Polygonus leo arizonensis,48460/1/47120/372739/47158/184884/47157/47224/47653/320509/1070950/69866/69863,jpg
http://inaturalist-open-data.s3.amazonaws.com/photos/134025000/large.jpg,Polygonus leo arizonensis,48460/1/47120/372739/47158/184884/47157/47224/47653/320509/1070950/69866/69863,jpg
http://inaturalist-open-data.s3.amazonaws.com/photos/134389758/large.jpeg,Polygonus leo arizonensis,48460/1/47120/372739/47158/184884/47157/47224/47653/320509/1070950/69866/69863,jpeg
http://inaturalist-open-data.s3.amazonaws.com/photos/134689676/large.jpeg,Polygonus leo arizonensis,48460/1/47120/372739/47158/184884/47157/47224/47653/320509/1070950/69866/69863,jpeg
