photo_url_large,taxon_name,ancestry,extension
http://inaturalist-open-data.s3.amazonaws.com/photos/99170215/large.jpg,Polyura jalysus jalysus,48460/1/47120/372739/47158/184884/47157/47224/47922/128814/208714/125647/371601,jpg
http://inaturalist-open-data.s3.amazonaws.com/photos/99170234/large.jpg,Polyura jalysus jalysus,48460/1/47120/372739/47158/184884/47157/47224/47922/128814/208714/125647/371601,jpg
http://inaturalist-open-data.s3.amazonaws.com/photos/99170227/large.jpg,Polyura jalysus jalysus,48460/1/47120/372739/47158/184884/47157/47224/47922/128814/208714/125647/371601,jpg
http://inaturalist-open-data.s3.amazonaws.com/photos/99170250/large.jpg,Polyura jalysus jalysus,48460/1/47120/372739/47158/184884/47157/47224/47922/128814/208714/125647/371601,jpg
http://inaturalist-open-data.s3.amazonaws.com/photos/99170281/large.jpg,Polyura jalysus jalysus,48460/1/47120/372739/47158/184884/47157/47224/47922/128814/208714/125647/371601,jpg
http://inaturalist-open-data.s3.amazonaws.com/photos/99170266/large.jpg,Polyura jalysus jalysus,48460/1/47120/372739/47158/184884/47157/47224/47922/128814/208714/125647/371601,jpg
http://inaturalist-open-data.s3.amazonaws.com/photos/99170293/large.jpg,Polyura jalysus jalysus,48460/1/47120/372739/47158/184884/47157/47224/47922/128814/208714/125647/371601,jpg
http://inaturalist-open-data.s3.amazonaws.com/photos/99170304/large.jpg,Polyura jalysus jalysus,48460/1/47120/372739/47158/184884/47157/47224/47922/128814/208714/125647/371601,jpg
http://inaturalist-open-data.s3.amazonaws.com/photos/99170322/large.jpg,Polyura jalysus jalysus,48460/1/47120/372739/47158/184884/47157/47224/47922/128814/208714/125647/371601,jpg
