photo_url_large,taxon_name,ancestry,extension
http://inaturalist-open-data.s3.amazonaws.com/photos/28073753/large.jpg,Polyura eudamippus formosana,48460/1/47120/372739/47158/184884/47157/47224/47922/128814/208714/125647/358942,jpg
http://inaturalist-open-data.s3.amazonaws.com/photos/30241120/large.jpeg,Polyura eudamippus formosana,48460/1/47120/372739/47158/184884/47157/47224/47922/128814/208714/125647/358942,jpeg
http://inaturalist-open-data.s3.amazonaws.com/photos/30776411/large.jpg,Polyura eudamippus formosana,48460/1/47120/372739/47158/184884/47157/47224/47922/128814/208714/125647/358942,jpg
http://inaturalist-open-data.s3.amazonaws.com/photos/30776413/large.jpg,Polyura eudamippus formosana,48460/1/47120/372739/47158/184884/47157/47224/47922/128814/208714/125647/358942,jpg
http://inaturalist-open-data.s3.amazonaws.com/photos/34492112/large.jpg,Polyura eudamippus formosana,48460/1/47120/372739/47158/184884/47157/47224/47922/128814/208714/125647/358942,jpg
http://inaturalist-open-data.s3.amazonaws.com/photos/42122740/large.jpeg,Polyura eudamippus formosana,48460/1/47120/372739/47158/184884/47157/47224/47922/128814/208714/125647/358942,jpeg
http://inaturalist-open-data.s3.amazonaws.com/photos/44191821/large.jpg,Polyura eudamippus formosana,48460/1/47120/372739/47158/184884/47157/47224/47922/128814/208714/125647/358942,jpg
http://inaturalist-open-data.s3.amazonaws.com/photos/44191825/large.jpg,Polyura eudamippus formosana,48460/1/47120/372739/47158/184884/47157/47224/47922/128814/208714/125647/358942,jpg
http://inaturalist-open-data.s3.amazonaws.com/photos/44191832/large.jpg,Polyura eudamippus formosana,48460/1/47120/372739/47158/184884/47157/47224/47922/128814/208714/125647/358942,jpg
http://inaturalist-open-data.s3.amazonaws.com/photos/45107389/large.jpg,Polyura eudamippus formosana,48460/1/47120/372739/47158/184884/47157/47224/47922/128814/208714/125647/358942,jpg
http://inaturalist-open-data.s3.amazonaws.com/photos/46052605/large.jpg,Polyura eudamippus formosana,48460/1/47120/372739/47158/184884/47157/47224/47922/128814/208714/125647/358942,jpg
http://inaturalist-open-data.s3.amazonaws.com/photos/52288125/large.jpeg,Polyura eudamippus formosana,48460/1/47120/372739/47158/184884/47157/47224/47922/128814/208714/125647/358942,jpeg
http://inaturalist-open-data.s3.amazonaws.com/photos/53646116/large.jpg,Polyura eudamippus formosana,48460/1/47120/372739/47158/184884/47157/47224/47922/128814/208714/125647/358942,jpg
http://inaturalist-open-data.s3.amazonaws.com/photos/55661322/large.jpg,Polyura eudamippus formosana,48460/1/47120/372739/47158/184884/47157/47224/47922/128814/208714/125647/358942,jpg
http://inaturalist-open-data.s3.amazonaws.com/photos/55661320/large.jpg,Polyura eudamippus formosana,48460/1/47120/372739/47158/184884/47157/47224/47922/128814/208714/125647/358942,jpg
http://inaturalist-open-data.s3.amazonaws.com/photos/55676060/large.jpg,Polyura eudamippus formosana,48460/1/47120/372739/47158/184884/47157/47224/47922/128814/208714/125647/358942,jpg
http://inaturalist-open-data.s3.amazonaws.com/photos/55676064/large.jpg,Polyura eudamippus formosana,48460/1/47120/372739/47158/184884/47157/47224/47922/128814/208714/125647/358942,jpg
http://inaturalist-open-data.s3.amazonaws.com/photos/71414182/large.jpeg,Polyura eudamippus formosana,48460/1/47120/372739/47158/184884/47157/47224/47922/128814/208714/125647/358942,jpeg
http://inaturalist-open-data.s3.amazonaws.com/photos/71414194/large.jpeg,Polyura eudamippus formosana,48460/1/47120/372739/47158/184884/47157/47224/47922/128814/208714/125647/358942,jpeg
http://inaturalist-open-data.s3.amazonaws.com/photos/73262346/large.jpeg,Polyura eudamippus formosana,48460/1/47120/372739/47158/184884/47157/47224/47922/128814/208714/125647/358942,jpeg
http://inaturalist-open-data.s3.amazonaws.com/photos/78929178/large.jpeg,Polyura eudamippus formosana,48460/1/47120/372739/47158/184884/47157/47224/47922/128814/208714/125647/358942,jpeg
http://inaturalist-open-data.s3.amazonaws.com/photos/92430610/large.jpeg,Polyura eudamippus formosana,48460/1/47120/372739/47158/184884/47157/47224/47922/128814/208714/125647/358942,jpeg
http://inaturalist-open-data.s3.amazonaws.com/photos/92430666/large.jpeg,Polyura eudamippus formosana,48460/1/47120/372739/47158/184884/47157/47224/47922/128814/208714/125647/358942,jpeg
http://inaturalist-open-data.s3.amazonaws.com/photos/92563982/large.jpg,Polyura eudamippus formosana,48460/1/47120/372739/47158/184884/47157/47224/47922/128814/208714/125647/358942,jpg
http://inaturalist-open-data.s3.amazonaws.com/photos/92563857/large.jpg,Polyura eudamippus formosana,48460/1/47120/372739/47158/184884/47157/47224/47922/128814/208714/125647/358942,jpg
http://inaturalist-open-data.s3.amazonaws.com/photos/92564006/large.jpg,Polyura eudamippus formosana,48460/1/47120/372739/47158/184884/47157/47224/47922/128814/208714/125647/358942,jpg
http://inaturalist-open-data.s3.amazonaws.com/photos/92563994/large.jpg,Polyura eudamippus formosana,48460/1/47120/372739/47158/184884/47157/47224/47922/128814/208714/125647/358942,jpg
http://inaturalist-open-data.s3.amazonaws.com/photos/93542077/large.jpg,Polyura eudamippus formosana,48460/1/47120/372739/47158/184884/47157/47224/47922/128814/208714/125647/358942,jpg
http://inaturalist-open-data.s3.amazonaws.com/photos/93542090/large.jpg,Polyura eudamippus formosana,48460/1/47120/372739/47158/184884/47157/47224/47922/128814/208714/125647/358942,jpg
http://inaturalist-open-data.s3.amazonaws.com/photos/93542046/large.jpg,Polyura eudamippus formosana,48460/1/47120/372739/47158/184884/47157/47224/47922/128814/208714/125647/358942,jpg
http://inaturalist-open-data.s3.amazonaws.com/photos/93542063/large.jpg,Polyura eudamippus formosana,48460/1/47120/372739/47158/184884/47157/47224/47922/128814/208714/125647/358942,jpg
http://inaturalist-open-data.s3.amazonaws.com/photos/103855056/large.jpg,Polyura eudamippus formosana,48460/1/47120/372739/47158/184884/47157/47224/47922/128814/208714/125647/358942,jpg
http://inaturalist-open-data.s3.amazonaws.com/photos/121531391/large.jpg,Polyura eudamippus formosana,48460/1/47120/372739/47158/184884/47157/47224/47922/128814/208714/125647/358942,jpg
http://inaturalist-open-data.s3.amazonaws.com/photos/134214740/large.jpg,Polyura eudamippus formosana,48460/1/47120/372739/47158/184884/47157/47224/47922/128814/208714/125647/358942,jpg
http://inaturalist-open-data.s3.amazonaws.com/photos/139921215/large.jpeg,Polyura eudamippus formosana,48460/1/47120/372739/47158/184884/47157/47224/47922/128814/208714/125647/358942,jpeg
http://inaturalist-open-data.s3.amazonaws.com/photos/139921208/large.jpeg,Polyura eudamippus formosana,48460/1/47120/372739/47158/184884/47157/47224/47922/128814/208714/125647/358942,jpeg
http://inaturalist-open-data.s3.amazonaws.com/photos/160813531/large.jpeg,Polyura eudamippus formosana,48460/1/47120/372739/47158/184884/47157/47224/47922/128814/208714/125647/358942,jpeg
