photo_url_large,taxon_name,ancestry,extension
http://inaturalist-open-data.s3.amazonaws.com/photos/23736149/large.jpg,Popa spurca crassa,48460/1/47120/372739/47158/184884/48112/1097011/1097013/1097016/1097042/1097053/1097071/539088/539089,jpg
http://inaturalist-open-data.s3.amazonaws.com/photos/23736171/large.jpeg,Popa spurca crassa,48460/1/47120/372739/47158/184884/48112/1097011/1097013/1097016/1097042/1097053/1097071/539088/539089,jpeg
http://inaturalist-open-data.s3.amazonaws.com/photos/23736187/large.jpeg,Popa spurca crassa,48460/1/47120/372739/47158/184884/48112/1097011/1097013/1097016/1097042/1097053/1097071/539088/539089,jpeg
http://inaturalist-open-data.s3.amazonaws.com/photos/23736240/large.jpeg,Popa spurca crassa,48460/1/47120/372739/47158/184884/48112/1097011/1097013/1097016/1097042/1097053/1097071/539088/539089,jpeg
http://inaturalist-open-data.s3.amazonaws.com/photos/24005610/large.jpeg,Popa spurca crassa,48460/1/47120/372739/47158/184884/48112/1097011/1097013/1097016/1097042/1097053/1097071/539088/539089,jpeg
