photo_url_large,taxon_name,ancestry,extension
http://inaturalist-open-data.s3.amazonaws.com/photos/86306965/large.jpg,Prionus insularis tetanicus,48460/1/47120/372739/47158/184884/47208/71130/372852/963992/47961/319102/528665/59893/739037/363885,jpg
http://inaturalist-open-data.s3.amazonaws.com/photos/86306968/large.jpg,Prionus insularis tetanicus,48460/1/47120/372739/47158/184884/47208/71130/372852/963992/47961/319102/528665/59893/739037/363885,jpg
http://inaturalist-open-data.s3.amazonaws.com/photos/86306975/large.jpg,Prionus insularis tetanicus,48460/1/47120/372739/47158/184884/47208/71130/372852/963992/47961/319102/528665/59893/739037/363885,jpg
http://inaturalist-open-data.s3.amazonaws.com/photos/86306981/large.jpg,Prionus insularis tetanicus,48460/1/47120/372739/47158/184884/47208/71130/372852/963992/47961/319102/528665/59893/739037/363885,jpg
