photo_url_large,taxon_name,ancestry,extension
http://inaturalist-open-data.s3.amazonaws.com/photos/135514300/large.jpeg,Protaetia cuprea hieroglyphica,48460/1/47120/372739/47158/184884/47208/71130/702480/48202/48201/127588/245840/909579/91347/765258/360024,jpeg
http://inaturalist-open-data.s3.amazonaws.com/photos/135514430/large.jpeg,Protaetia cuprea hieroglyphica,48460/1/47120/372739/47158/184884/47208/71130/702480/48202/48201/127588/245840/909579/91347/765258/360024,jpeg
http://inaturalist-open-data.s3.amazonaws.com/photos/135514590/large.jpeg,Protaetia cuprea hieroglyphica,48460/1/47120/372739/47158/184884/47208/71130/702480/48202/48201/127588/245840/909579/91347/765258/360024,jpeg
http://inaturalist-open-data.s3.amazonaws.com/photos/135514755/large.jpeg,Protaetia cuprea hieroglyphica,48460/1/47120/372739/47158/184884/47208/71130/702480/48202/48201/127588/245840/909579/91347/765258/360024,jpeg
http://inaturalist-open-data.s3.amazonaws.com/photos/135516136/large.jpeg,Protaetia cuprea hieroglyphica,48460/1/47120/372739/47158/184884/47208/71130/702480/48202/48201/127588/245840/909579/91347/765258/360024,jpeg
http://inaturalist-open-data.s3.amazonaws.com/photos/135515647/large.jpeg,Protaetia cuprea hieroglyphica,48460/1/47120/372739/47158/184884/47208/71130/702480/48202/48201/127588/245840/909579/91347/765258/360024,jpeg
http://inaturalist-open-data.s3.amazonaws.com/photos/135515966/large.jpeg,Protaetia cuprea hieroglyphica,48460/1/47120/372739/47158/184884/47208/71130/702480/48202/48201/127588/245840/909579/91347/765258/360024,jpeg
http://inaturalist-open-data.s3.amazonaws.com/photos/135515808/large.jpeg,Protaetia cuprea hieroglyphica,48460/1/47120/372739/47158/184884/47208/71130/702480/48202/48201/127588/245840/909579/91347/765258/360024,jpeg
http://inaturalist-open-data.s3.amazonaws.com/photos/135516781/large.jpeg,Protaetia cuprea hieroglyphica,48460/1/47120/372739/47158/184884/47208/71130/702480/48202/48201/127588/245840/909579/91347/765258/360024,jpeg
http://inaturalist-open-data.s3.amazonaws.com/photos/135516923/large.jpeg,Protaetia cuprea hieroglyphica,48460/1/47120/372739/47158/184884/47208/71130/702480/48202/48201/127588/245840/909579/91347/765258/360024,jpeg
http://inaturalist-open-data.s3.amazonaws.com/photos/135517080/large.jpeg,Protaetia cuprea hieroglyphica,48460/1/47120/372739/47158/184884/47208/71130/702480/48202/48201/127588/245840/909579/91347/765258/360024,jpeg
http://inaturalist-open-data.s3.amazonaws.com/photos/135516467/large.jpeg,Protaetia cuprea hieroglyphica,48460/1/47120/372739/47158/184884/47208/71130/702480/48202/48201/127588/245840/909579/91347/765258/360024,jpeg
http://inaturalist-open-data.s3.amazonaws.com/photos/135516282/large.jpeg,Protaetia cuprea hieroglyphica,48460/1/47120/372739/47158/184884/47208/71130/702480/48202/48201/127588/245840/909579/91347/765258/360024,jpeg
http://inaturalist-open-data.s3.amazonaws.com/photos/135516632/large.jpeg,Protaetia cuprea hieroglyphica,48460/1/47120/372739/47158/184884/47208/71130/702480/48202/48201/127588/245840/909579/91347/765258/360024,jpeg
http://inaturalist-open-data.s3.amazonaws.com/photos/153255797/large.jpeg,Protaetia cuprea hieroglyphica,48460/1/47120/372739/47158/184884/47208/71130/702480/48202/48201/127588/245840/909579/91347/765258/360024,jpeg
http://inaturalist-open-data.s3.amazonaws.com/photos/153255801/large.jpeg,Protaetia cuprea hieroglyphica,48460/1/47120/372739/47158/184884/47208/71130/702480/48202/48201/127588/245840/909579/91347/765258/360024,jpeg
http://inaturalist-open-data.s3.amazonaws.com/photos/153255806/large.jpeg,Protaetia cuprea hieroglyphica,48460/1/47120/372739/47158/184884/47208/71130/702480/48202/48201/127588/245840/909579/91347/765258/360024,jpeg
http://inaturalist-open-data.s3.amazonaws.com/photos/153255812/large.jpeg,Protaetia cuprea hieroglyphica,48460/1/47120/372739/47158/184884/47208/71130/702480/48202/48201/127588/245840/909579/91347/765258/360024,jpeg
http://inaturalist-open-data.s3.amazonaws.com/photos/156405912/large.jpeg,Protaetia cuprea hieroglyphica,48460/1/47120/372739/47158/184884/47208/71130/702480/48202/48201/127588/245840/909579/91347/765258/360024,jpeg
http://inaturalist-open-data.s3.amazonaws.com/photos/166233929/large.jpg,Protaetia cuprea hieroglyphica,48460/1/47120/372739/47158/184884/47208/71130/702480/48202/48201/127588/245840/909579/91347/765258/360024,jpg
