photo_url_large,taxon_name,ancestry,extension
http://inaturalist-open-data.s3.amazonaws.com/photos/15366318/large.jpg,Pseudacraea lucretia tarquinea,48460/1/47120/372739/47158/184884/47157/47224/47922/134171/134175/348768/348776,jpg
http://inaturalist-open-data.s3.amazonaws.com/photos/15366319/large.jpg,Pseudacraea lucretia tarquinea,48460/1/47120/372739/47158/184884/47157/47224/47922/134171/134175/348768/348776,jpg
http://inaturalist-open-data.s3.amazonaws.com/photos/42336652/large.jpg,Pseudacraea lucretia tarquinea,48460/1/47120/372739/47158/184884/47157/47224/47922/134171/134175/348768/348776,jpg
http://inaturalist-open-data.s3.amazonaws.com/photos/65161697/large.jpg,Pseudacraea lucretia tarquinea,48460/1/47120/372739/47158/184884/47157/47224/47922/134171/134175/348768/348776,jpg
http://inaturalist-open-data.s3.amazonaws.com/photos/67424649/large.jpeg,Pseudacraea lucretia tarquinea,48460/1/47120/372739/47158/184884/47157/47224/47922/134171/134175/348768/348776,jpeg
http://inaturalist-open-data.s3.amazonaws.com/photos/69960359/large.jpeg,Pseudacraea lucretia tarquinea,48460/1/47120/372739/47158/184884/47157/47224/47922/134171/134175/348768/348776,jpeg
http://inaturalist-open-data.s3.amazonaws.com/photos/69877658/large.jpeg,Pseudacraea lucretia tarquinea,48460/1/47120/372739/47158/184884/47157/47224/47922/134171/134175/348768/348776,jpeg
http://inaturalist-open-data.s3.amazonaws.com/photos/70396481/large.jpeg,Pseudacraea lucretia tarquinea,48460/1/47120/372739/47158/184884/47157/47224/47922/134171/134175/348768/348776,jpeg
http://inaturalist-open-data.s3.amazonaws.com/photos/69877984/large.jpeg,Pseudacraea lucretia tarquinea,48460/1/47120/372739/47158/184884/47157/47224/47922/134171/134175/348768/348776,jpeg
http://inaturalist-open-data.s3.amazonaws.com/photos/69877644/large.jpeg,Pseudacraea lucretia tarquinea,48460/1/47120/372739/47158/184884/47157/47224/47922/134171/134175/348768/348776,jpeg
http://inaturalist-open-data.s3.amazonaws.com/photos/69877958/large.jpeg,Pseudacraea lucretia tarquinea,48460/1/47120/372739/47158/184884/47157/47224/47922/134171/134175/348768/348776,jpeg
http://inaturalist-open-data.s3.amazonaws.com/photos/69877848/large.jpeg,Pseudacraea lucretia tarquinea,48460/1/47120/372739/47158/184884/47157/47224/47922/134171/134175/348768/348776,jpeg
http://inaturalist-open-data.s3.amazonaws.com/photos/71417742/large.jpeg,Pseudacraea lucretia tarquinea,48460/1/47120/372739/47158/184884/47157/47224/47922/134171/134175/348768/348776,jpeg
http://inaturalist-open-data.s3.amazonaws.com/photos/71416247/large.jpeg,Pseudacraea lucretia tarquinea,48460/1/47120/372739/47158/184884/47157/47224/47922/134171/134175/348768/348776,jpeg
http://inaturalist-open-data.s3.amazonaws.com/photos/71416250/large.jpeg,Pseudacraea lucretia tarquinea,48460/1/47120/372739/47158/184884/47157/47224/47922/134171/134175/348768/348776,jpeg
http://inaturalist-open-data.s3.amazonaws.com/photos/72611111/large.jpeg,Pseudacraea lucretia tarquinea,48460/1/47120/372739/47158/184884/47157/47224/47922/134171/134175/348768/348776,jpeg
http://inaturalist-open-data.s3.amazonaws.com/photos/74270537/large.jpeg,Pseudacraea lucretia tarquinea,48460/1/47120/372739/47158/184884/47157/47224/47922/134171/134175/348768/348776,jpeg
http://inaturalist-open-data.s3.amazonaws.com/photos/74270452/large.jpeg,Pseudacraea lucretia tarquinea,48460/1/47120/372739/47158/184884/47157/47224/47922/134171/134175/348768/348776,jpeg
http://inaturalist-open-data.s3.amazonaws.com/photos/74270513/large.jpeg,Pseudacraea lucretia tarquinea,48460/1/47120/372739/47158/184884/47157/47224/47922/134171/134175/348768/348776,jpeg
http://inaturalist-open-data.s3.amazonaws.com/photos/74270576/large.jpeg,Pseudacraea lucretia tarquinea,48460/1/47120/372739/47158/184884/47157/47224/47922/134171/134175/348768/348776,jpeg
http://inaturalist-open-data.s3.amazonaws.com/photos/74270609/large.jpeg,Pseudacraea lucretia tarquinea,48460/1/47120/372739/47158/184884/47157/47224/47922/134171/134175/348768/348776,jpeg
http://inaturalist-open-data.s3.amazonaws.com/photos/74270654/large.jpeg,Pseudacraea lucretia tarquinea,48460/1/47120/372739/47158/184884/47157/47224/47922/134171/134175/348768/348776,jpeg
http://inaturalist-open-data.s3.amazonaws.com/photos/77634821/large.jpeg,Pseudacraea lucretia tarquinea,48460/1/47120/372739/47158/184884/47157/47224/47922/134171/134175/348768/348776,jpeg
http://inaturalist-open-data.s3.amazonaws.com/photos/77633879/large.jpeg,Pseudacraea lucretia tarquinea,48460/1/47120/372739/47158/184884/47157/47224/47922/134171/134175/348768/348776,jpeg
http://inaturalist-open-data.s3.amazonaws.com/photos/79294866/large.jpeg,Pseudacraea lucretia tarquinea,48460/1/47120/372739/47158/184884/47157/47224/47922/134171/134175/348768/348776,jpeg
http://inaturalist-open-data.s3.amazonaws.com/photos/79294875/large.jpeg,Pseudacraea lucretia tarquinea,48460/1/47120/372739/47158/184884/47157/47224/47922/134171/134175/348768/348776,jpeg
http://inaturalist-open-data.s3.amazonaws.com/photos/79294899/large.jpeg,Pseudacraea lucretia tarquinea,48460/1/47120/372739/47158/184884/47157/47224/47922/134171/134175/348768/348776,jpeg
http://inaturalist-open-data.s3.amazonaws.com/photos/85031401/large.jpeg,Pseudacraea lucretia tarquinea,48460/1/47120/372739/47158/184884/47157/47224/47922/134171/134175/348768/348776,jpeg
http://inaturalist-open-data.s3.amazonaws.com/photos/114171670/large.jpg,Pseudacraea lucretia tarquinea,48460/1/47120/372739/47158/184884/47157/47224/47922/134171/134175/348768/348776,jpg
http://inaturalist-open-data.s3.amazonaws.com/photos/150101673/large.jpg,Pseudacraea lucretia tarquinea,48460/1/47120/372739/47158/184884/47157/47224/47922/134171/134175/348768/348776,jpg
http://inaturalist-open-data.s3.amazonaws.com/photos/150101631/large.jpg,Pseudacraea lucretia tarquinea,48460/1/47120/372739/47158/184884/47157/47224/47922/134171/134175/348768/348776,jpg
http://inaturalist-open-data.s3.amazonaws.com/photos/150101599/large.jpg,Pseudacraea lucretia tarquinea,48460/1/47120/372739/47158/184884/47157/47224/47922/134171/134175/348768/348776,jpg
http://inaturalist-open-data.s3.amazonaws.com/photos/150101578/large.jpg,Pseudacraea lucretia tarquinea,48460/1/47120/372739/47158/184884/47157/47224/47922/134171/134175/348768/348776,jpg
