photo_url_large,taxon_name,ancestry,extension
http://inaturalist-open-data.s3.amazonaws.com/photos/40826725/large.jpeg,Psychonotis caelius taygetus,48460/1/47120/372739/47158/184884/47157/47224/47923/58558/125833/1265007/460861/460860,jpeg
http://inaturalist-open-data.s3.amazonaws.com/photos/72997891/large.jpg,Psychonotis caelius taygetus,48460/1/47120/372739/47158/184884/47157/47224/47923/58558/125833/1265007/460861/460860,jpg
http://inaturalist-open-data.s3.amazonaws.com/photos/75491988/large.jpeg,Psychonotis caelius taygetus,48460/1/47120/372739/47158/184884/47157/47224/47923/58558/125833/1265007/460861/460860,jpeg
http://inaturalist-open-data.s3.amazonaws.com/photos/75491974/large.jpeg,Psychonotis caelius taygetus,48460/1/47120/372739/47158/184884/47157/47224/47923/58558/125833/1265007/460861/460860,jpeg
http://inaturalist-open-data.s3.amazonaws.com/photos/123573985/large.jpeg,Psychonotis caelius taygetus,48460/1/47120/372739/47158/184884/47157/47224/47923/58558/125833/1265007/460861/460860,jpeg
http://inaturalist-open-data.s3.amazonaws.com/photos/123573991/large.jpeg,Psychonotis caelius taygetus,48460/1/47120/372739/47158/184884/47157/47224/47923/58558/125833/1265007/460861/460860,jpeg
http://inaturalist-open-data.s3.amazonaws.com/photos/126308950/large.jpeg,Psychonotis caelius taygetus,48460/1/47120/372739/47158/184884/47157/47224/47923/58558/125833/1265007/460861/460860,jpeg
http://inaturalist-open-data.s3.amazonaws.com/photos/126308968/large.jpeg,Psychonotis caelius taygetus,48460/1/47120/372739/47158/184884/47157/47224/47923/58558/125833/1265007/460861/460860,jpeg
