photo_url_large,taxon_name,ancestry,extension
http://inaturalist-open-data.s3.amazonaws.com/photos/15573858/large.jpg,Pycnopsis brachyptera vicina,48460/1/47120/372739/47158/184884/47208/71130/372852/963992/47961/50265/528635/556851/556850,jpg
http://inaturalist-open-data.s3.amazonaws.com/photos/15573862/large.jpg,Pycnopsis brachyptera vicina,48460/1/47120/372739/47158/184884/47208/71130/372852/963992/47961/50265/528635/556851/556850,jpg
http://inaturalist-open-data.s3.amazonaws.com/photos/15573864/large.jpg,Pycnopsis brachyptera vicina,48460/1/47120/372739/47158/184884/47208/71130/372852/963992/47961/50265/528635/556851/556850,jpg
http://inaturalist-open-data.s3.amazonaws.com/photos/15573865/large.jpg,Pycnopsis brachyptera vicina,48460/1/47120/372739/47158/184884/47208/71130/372852/963992/47961/50265/528635/556851/556850,jpg
http://inaturalist-open-data.s3.amazonaws.com/photos/15573866/large.jpg,Pycnopsis brachyptera vicina,48460/1/47120/372739/47158/184884/47208/71130/372852/963992/47961/50265/528635/556851/556850,jpg
