photo_url_large,taxon_name,ancestry,extension
http://inaturalist-open-data.s3.amazonaws.com/photos/18349690/large.jpeg,Rapala varuna orseis,48460/1/47120/372739/47158/184884/47157/47224/47923/125830/125837/125828/204008,jpeg
http://inaturalist-open-data.s3.amazonaws.com/photos/20448501/large.jpeg,Rapala varuna orseis,48460/1/47120/372739/47158/184884/47157/47224/47923/125830/125837/125828/204008,jpeg
http://inaturalist-open-data.s3.amazonaws.com/photos/20448522/large.jpeg,Rapala varuna orseis,48460/1/47120/372739/47158/184884/47157/47224/47923/125830/125837/125828/204008,jpeg
http://inaturalist-open-data.s3.amazonaws.com/photos/20448529/large.jpeg,Rapala varuna orseis,48460/1/47120/372739/47158/184884/47157/47224/47923/125830/125837/125828/204008,jpeg
http://inaturalist-open-data.s3.amazonaws.com/photos/27763715/large.jpeg,Rapala varuna orseis,48460/1/47120/372739/47158/184884/47157/47224/47923/125830/125837/125828/204008,jpeg
http://inaturalist-open-data.s3.amazonaws.com/photos/27763721/large.jpeg,Rapala varuna orseis,48460/1/47120/372739/47158/184884/47157/47224/47923/125830/125837/125828/204008,jpeg
http://inaturalist-open-data.s3.amazonaws.com/photos/27763727/large.jpeg,Rapala varuna orseis,48460/1/47120/372739/47158/184884/47157/47224/47923/125830/125837/125828/204008,jpeg
http://inaturalist-open-data.s3.amazonaws.com/photos/42770452/large.jpg,Rapala varuna orseis,48460/1/47120/372739/47158/184884/47157/47224/47923/125830/125837/125828/204008,jpg
http://inaturalist-open-data.s3.amazonaws.com/photos/46992061/large.jpeg,Rapala varuna orseis,48460/1/47120/372739/47158/184884/47157/47224/47923/125830/125837/125828/204008,jpeg
http://inaturalist-open-data.s3.amazonaws.com/photos/46992065/large.jpeg,Rapala varuna orseis,48460/1/47120/372739/47158/184884/47157/47224/47923/125830/125837/125828/204008,jpeg
http://inaturalist-open-data.s3.amazonaws.com/photos/67729032/large.jpg,Rapala varuna orseis,48460/1/47120/372739/47158/184884/47157/47224/47923/125830/125837/125828/204008,jpg
http://inaturalist-open-data.s3.amazonaws.com/photos/67729037/large.jpg,Rapala varuna orseis,48460/1/47120/372739/47158/184884/47157/47224/47923/125830/125837/125828/204008,jpg
http://inaturalist-open-data.s3.amazonaws.com/photos/67729018/large.jpg,Rapala varuna orseis,48460/1/47120/372739/47158/184884/47157/47224/47923/125830/125837/125828/204008,jpg
http://inaturalist-open-data.s3.amazonaws.com/photos/109088451/large.jpeg,Rapala varuna orseis,48460/1/47120/372739/47158/184884/47157/47224/47923/125830/125837/125828/204008,jpeg
http://inaturalist-open-data.s3.amazonaws.com/photos/116514616/large.png,Rapala varuna orseis,48460/1/47120/372739/47158/184884/47157/47224/47923/125830/125837/125828/204008,png
