photo_url_large,taxon_name,ancestry,extension
http://inaturalist-open-data.s3.amazonaws.com/photos/105680021/large.jpg,Rapala iarbus sorya,48460/1/47120/372739/47158/184884/47157/47224/47923/125830/125837/125828/202160,jpg
http://inaturalist-open-data.s3.amazonaws.com/photos/134249299/large.jpeg,Rapala iarbus sorya,48460/1/47120/372739/47158/184884/47157/47224/47923/125830/125837/125828/202160,jpeg
http://inaturalist-open-data.s3.amazonaws.com/photos/146789333/large.jpeg,Rapala iarbus sorya,48460/1/47120/372739/47158/184884/47157/47224/47923/125830/125837/125828/202160,jpeg
http://inaturalist-open-data.s3.amazonaws.com/photos/155618108/large.jpg,Rapala iarbus sorya,48460/1/47120/372739/47158/184884/47157/47224/47923/125830/125837/125828/202160,jpg
http://inaturalist-open-data.s3.amazonaws.com/photos/160301598/large.jpeg,Rapala iarbus sorya,48460/1/47120/372739/47158/184884/47157/47224/47923/125830/125837/125828/202160,jpeg
http://inaturalist-open-data.s3.amazonaws.com/photos/160420518/large.jpeg,Rapala iarbus sorya,48460/1/47120/372739/47158/184884/47157/47224/47923/125830/125837/125828/202160,jpeg
