photo_url_large,taxon_name,ancestry,extension
http://inaturalist-open-data.s3.amazonaws.com/photos/38436646/large.jpg,Rhetus periander arthuriana,48460/1/47120/372739/47158/184884/47157/47224/59166/522808/522809/124399/148670,jpg
http://inaturalist-open-data.s3.amazonaws.com/photos/47579447/large.jpeg,Rhetus periander arthuriana,48460/1/47120/372739/47158/184884/47157/47224/59166/522808/522809/124399/148670,jpeg
http://inaturalist-open-data.s3.amazonaws.com/photos/56142899/large.jpeg,Rhetus periander arthuriana,48460/1/47120/372739/47158/184884/47157/47224/59166/522808/522809/124399/148670,jpeg
http://inaturalist-open-data.s3.amazonaws.com/photos/64977173/large.jpg,Rhetus periander arthuriana,48460/1/47120/372739/47158/184884/47157/47224/59166/522808/522809/124399/148670,jpg
http://inaturalist-open-data.s3.amazonaws.com/photos/66981816/large.jpg,Rhetus periander arthuriana,48460/1/47120/372739/47158/184884/47157/47224/59166/522808/522809/124399/148670,jpg
http://inaturalist-open-data.s3.amazonaws.com/photos/66982151/large.jpg,Rhetus periander arthuriana,48460/1/47120/372739/47158/184884/47157/47224/59166/522808/522809/124399/148670,jpg
http://inaturalist-open-data.s3.amazonaws.com/photos/103041730/large.jpeg,Rhetus periander arthuriana,48460/1/47120/372739/47158/184884/47157/47224/59166/522808/522809/124399/148670,jpeg
http://inaturalist-open-data.s3.amazonaws.com/photos/104050718/large.jpeg,Rhetus periander arthuriana,48460/1/47120/372739/47158/184884/47157/47224/59166/522808/522809/124399/148670,jpeg
http://inaturalist-open-data.s3.amazonaws.com/photos/104051137/large.jpeg,Rhetus periander arthuriana,48460/1/47120/372739/47158/184884/47157/47224/59166/522808/522809/124399/148670,jpeg
http://inaturalist-open-data.s3.amazonaws.com/photos/104051152/large.jpeg,Rhetus periander arthuriana,48460/1/47120/372739/47158/184884/47157/47224/59166/522808/522809/124399/148670,jpeg
http://inaturalist-open-data.s3.amazonaws.com/photos/108645854/large.jpg,Rhetus periander arthuriana,48460/1/47120/372739/47158/184884/47157/47224/59166/522808/522809/124399/148670,jpg
http://inaturalist-open-data.s3.amazonaws.com/photos/109113096/large.jpeg,Rhetus periander arthuriana,48460/1/47120/372739/47158/184884/47157/47224/59166/522808/522809/124399/148670,jpeg
http://inaturalist-open-data.s3.amazonaws.com/photos/109108176/large.jpg,Rhetus periander arthuriana,48460/1/47120/372739/47158/184884/47157/47224/59166/522808/522809/124399/148670,jpg
http://inaturalist-open-data.s3.amazonaws.com/photos/109108205/large.jpg,Rhetus periander arthuriana,48460/1/47120/372739/47158/184884/47157/47224/59166/522808/522809/124399/148670,jpg
http://inaturalist-open-data.s3.amazonaws.com/photos/163698112/large.jpeg,Rhetus periander arthuriana,48460/1/47120/372739/47158/184884/47157/47224/59166/522808/522809/124399/148670,jpeg
http://inaturalist-open-data.s3.amazonaws.com/photos/163698122/large.jpeg,Rhetus periander arthuriana,48460/1/47120/372739/47158/184884/47157/47224/59166/522808/522809/124399/148670,jpeg
http://inaturalist-open-data.s3.amazonaws.com/photos/163698131/large.jpeg,Rhetus periander arthuriana,48460/1/47120/372739/47158/184884/47157/47224/59166/522808/522809/124399/148670,jpeg
