photo_url_large,taxon_name,ancestry,extension
http://inaturalist-open-data.s3.amazonaws.com/photos/2104837/large.JPG,Rhetus arcius thia,48460/1/47120/372739/47158/184884/47157/47224/59166/522808/522809/124399/124398,JPG
http://inaturalist-open-data.s3.amazonaws.com/photos/2104836/large.JPG,Rhetus arcius thia,48460/1/47120/372739/47158/184884/47157/47224/59166/522808/522809/124399/124398,JPG
http://inaturalist-open-data.s3.amazonaws.com/photos/2633595/large.JPG,Rhetus arcius thia,48460/1/47120/372739/47158/184884/47157/47224/59166/522808/522809/124399/124398,JPG
http://inaturalist-open-data.s3.amazonaws.com/photos/2633592/large.JPG,Rhetus arcius thia,48460/1/47120/372739/47158/184884/47157/47224/59166/522808/522809/124399/124398,JPG
http://inaturalist-open-data.s3.amazonaws.com/photos/2633594/large.JPG,Rhetus arcius thia,48460/1/47120/372739/47158/184884/47157/47224/59166/522808/522809/124399/124398,JPG
http://inaturalist-open-data.s3.amazonaws.com/photos/2633610/large.JPG,Rhetus arcius thia,48460/1/47120/372739/47158/184884/47157/47224/59166/522808/522809/124399/124398,JPG
http://inaturalist-open-data.s3.amazonaws.com/photos/2929188/large.jpg,Rhetus arcius thia,48460/1/47120/372739/47158/184884/47157/47224/59166/522808/522809/124399/124398,jpg
http://inaturalist-open-data.s3.amazonaws.com/photos/4038201/large.JPG,Rhetus arcius thia,48460/1/47120/372739/47158/184884/47157/47224/59166/522808/522809/124399/124398,JPG
http://inaturalist-open-data.s3.amazonaws.com/photos/4230803/large.jpg,Rhetus arcius thia,48460/1/47120/372739/47158/184884/47157/47224/59166/522808/522809/124399/124398,jpg
http://inaturalist-open-data.s3.amazonaws.com/photos/4584004/large.jpg,Rhetus arcius thia,48460/1/47120/372739/47158/184884/47157/47224/59166/522808/522809/124399/124398,jpg
http://inaturalist-open-data.s3.amazonaws.com/photos/4636972/large.jpg,Rhetus arcius thia,48460/1/47120/372739/47158/184884/47157/47224/59166/522808/522809/124399/124398,jpg
http://inaturalist-open-data.s3.amazonaws.com/photos/7573087/large.jpg,Rhetus arcius thia,48460/1/47120/372739/47158/184884/47157/47224/59166/522808/522809/124399/124398,jpg
http://inaturalist-open-data.s3.amazonaws.com/photos/8187508/large.jpg,Rhetus arcius thia,48460/1/47120/372739/47158/184884/47157/47224/59166/522808/522809/124399/124398,jpg
http://inaturalist-open-data.s3.amazonaws.com/photos/9353798/large.jpeg,Rhetus arcius thia,48460/1/47120/372739/47158/184884/47157/47224/59166/522808/522809/124399/124398,jpeg
http://inaturalist-open-data.s3.amazonaws.com/photos/9379933/large.jpg,Rhetus arcius thia,48460/1/47120/372739/47158/184884/47157/47224/59166/522808/522809/124399/124398,jpg
http://inaturalist-open-data.s3.amazonaws.com/photos/11093464/large.jpeg,Rhetus arcius thia,48460/1/47120/372739/47158/184884/47157/47224/59166/522808/522809/124399/124398,jpeg
http://inaturalist-open-data.s3.amazonaws.com/photos/11395884/large.jpg,Rhetus arcius thia,48460/1/47120/372739/47158/184884/47157/47224/59166/522808/522809/124399/124398,jpg
http://inaturalist-open-data.s3.amazonaws.com/photos/11457752/large.jpeg,Rhetus arcius thia,48460/1/47120/372739/47158/184884/47157/47224/59166/522808/522809/124399/124398,jpeg
http://inaturalist-open-data.s3.amazonaws.com/photos/13983749/large.jpg,Rhetus arcius thia,48460/1/47120/372739/47158/184884/47157/47224/59166/522808/522809/124399/124398,jpg
http://inaturalist-open-data.s3.amazonaws.com/photos/19734257/large.jpeg,Rhetus arcius thia,48460/1/47120/372739/47158/184884/47157/47224/59166/522808/522809/124399/124398,jpeg
http://inaturalist-open-data.s3.amazonaws.com/photos/23285674/large.jpeg,Rhetus arcius thia,48460/1/47120/372739/47158/184884/47157/47224/59166/522808/522809/124399/124398,jpeg
http://inaturalist-open-data.s3.amazonaws.com/photos/23412209/large.jpeg,Rhetus arcius thia,48460/1/47120/372739/47158/184884/47157/47224/59166/522808/522809/124399/124398,jpeg
http://inaturalist-open-data.s3.amazonaws.com/photos/28548835/large.jpeg,Rhetus arcius thia,48460/1/47120/372739/47158/184884/47157/47224/59166/522808/522809/124399/124398,jpeg
http://inaturalist-open-data.s3.amazonaws.com/photos/30071938/large.jpg,Rhetus arcius thia,48460/1/47120/372739/47158/184884/47157/47224/59166/522808/522809/124399/124398,jpg
http://inaturalist-open-data.s3.amazonaws.com/photos/32457810/large.jpg,Rhetus arcius thia,48460/1/47120/372739/47158/184884/47157/47224/59166/522808/522809/124399/124398,jpg
http://inaturalist-open-data.s3.amazonaws.com/photos/33647085/large.jpg,Rhetus arcius thia,48460/1/47120/372739/47158/184884/47157/47224/59166/522808/522809/124399/124398,jpg
http://inaturalist-open-data.s3.amazonaws.com/photos/44449170/large.jpg,Rhetus arcius thia,48460/1/47120/372739/47158/184884/47157/47224/59166/522808/522809/124399/124398,jpg
http://inaturalist-open-data.s3.amazonaws.com/photos/44863043/large.jpg,Rhetus arcius thia,48460/1/47120/372739/47158/184884/47157/47224/59166/522808/522809/124399/124398,jpg
http://inaturalist-open-data.s3.amazonaws.com/photos/46632792/large.jpeg,Rhetus arcius thia,48460/1/47120/372739/47158/184884/47157/47224/59166/522808/522809/124399/124398,jpeg
http://inaturalist-open-data.s3.amazonaws.com/photos/46640871/large.jpeg,Rhetus arcius thia,48460/1/47120/372739/47158/184884/47157/47224/59166/522808/522809/124399/124398,jpeg
http://inaturalist-open-data.s3.amazonaws.com/photos/47804419/large.jpg,Rhetus arcius thia,48460/1/47120/372739/47158/184884/47157/47224/59166/522808/522809/124399/124398,jpg
http://inaturalist-open-data.s3.amazonaws.com/photos/48909363/large.jpg,Rhetus arcius thia,48460/1/47120/372739/47158/184884/47157/47224/59166/522808/522809/124399/124398,jpg
http://inaturalist-open-data.s3.amazonaws.com/photos/48909384/large.jpg,Rhetus arcius thia,48460/1/47120/372739/47158/184884/47157/47224/59166/522808/522809/124399/124398,jpg
http://inaturalist-open-data.s3.amazonaws.com/photos/48909344/large.jpg,Rhetus arcius thia,48460/1/47120/372739/47158/184884/47157/47224/59166/522808/522809/124399/124398,jpg
http://inaturalist-open-data.s3.amazonaws.com/photos/53256527/large.jpeg,Rhetus arcius thia,48460/1/47120/372739/47158/184884/47157/47224/59166/522808/522809/124399/124398,jpeg
http://inaturalist-open-data.s3.amazonaws.com/photos/53703993/large.jpeg,Rhetus arcius thia,48460/1/47120/372739/47158/184884/47157/47224/59166/522808/522809/124399/124398,jpeg
http://inaturalist-open-data.s3.amazonaws.com/photos/53704001/large.jpeg,Rhetus arcius thia,48460/1/47120/372739/47158/184884/47157/47224/59166/522808/522809/124399/124398,jpeg
http://inaturalist-open-data.s3.amazonaws.com/photos/53704005/large.jpeg,Rhetus arcius thia,48460/1/47120/372739/47158/184884/47157/47224/59166/522808/522809/124399/124398,jpeg
http://inaturalist-open-data.s3.amazonaws.com/photos/56307279/large.jpg,Rhetus arcius thia,48460/1/47120/372739/47158/184884/47157/47224/59166/522808/522809/124399/124398,jpg
http://inaturalist-open-data.s3.amazonaws.com/photos/56343438/large.jpeg,Rhetus arcius thia,48460/1/47120/372739/47158/184884/47157/47224/59166/522808/522809/124399/124398,jpeg
http://inaturalist-open-data.s3.amazonaws.com/photos/56931436/large.jpeg,Rhetus arcius thia,48460/1/47120/372739/47158/184884/47157/47224/59166/522808/522809/124399/124398,jpeg
http://inaturalist-open-data.s3.amazonaws.com/photos/56931589/large.jpeg,Rhetus arcius thia,48460/1/47120/372739/47158/184884/47157/47224/59166/522808/522809/124399/124398,jpeg
http://inaturalist-open-data.s3.amazonaws.com/photos/57325256/large.jpg,Rhetus arcius thia,48460/1/47120/372739/47158/184884/47157/47224/59166/522808/522809/124399/124398,jpg
http://inaturalist-open-data.s3.amazonaws.com/photos/57825436/large.jpg,Rhetus arcius thia,48460/1/47120/372739/47158/184884/47157/47224/59166/522808/522809/124399/124398,jpg
http://inaturalist-open-data.s3.amazonaws.com/photos/57825438/large.jpg,Rhetus arcius thia,48460/1/47120/372739/47158/184884/47157/47224/59166/522808/522809/124399/124398,jpg
http://inaturalist-open-data.s3.amazonaws.com/photos/57825446/large.jpg,Rhetus arcius thia,48460/1/47120/372739/47158/184884/47157/47224/59166/522808/522809/124399/124398,jpg
http://inaturalist-open-data.s3.amazonaws.com/photos/59231189/large.jpeg,Rhetus arcius thia,48460/1/47120/372739/47158/184884/47157/47224/59166/522808/522809/124399/124398,jpeg
http://inaturalist-open-data.s3.amazonaws.com/photos/59231194/large.jpeg,Rhetus arcius thia,48460/1/47120/372739/47158/184884/47157/47224/59166/522808/522809/124399/124398,jpeg
http://inaturalist-open-data.s3.amazonaws.com/photos/59231201/large.jpeg,Rhetus arcius thia,48460/1/47120/372739/47158/184884/47157/47224/59166/522808/522809/124399/124398,jpeg
http://inaturalist-open-data.s3.amazonaws.com/photos/59712254/large.jpg,Rhetus arcius thia,48460/1/47120/372739/47158/184884/47157/47224/59166/522808/522809/124399/124398,jpg
http://inaturalist-open-data.s3.amazonaws.com/photos/59712306/large.jpg,Rhetus arcius thia,48460/1/47120/372739/47158/184884/47157/47224/59166/522808/522809/124399/124398,jpg
http://inaturalist-open-data.s3.amazonaws.com/photos/60641429/large.jpg,Rhetus arcius thia,48460/1/47120/372739/47158/184884/47157/47224/59166/522808/522809/124399/124398,jpg
http://inaturalist-open-data.s3.amazonaws.com/photos/62404480/large.jpg,Rhetus arcius thia,48460/1/47120/372739/47158/184884/47157/47224/59166/522808/522809/124399/124398,jpg
http://inaturalist-open-data.s3.amazonaws.com/photos/62884330/large.jpeg,Rhetus arcius thia,48460/1/47120/372739/47158/184884/47157/47224/59166/522808/522809/124399/124398,jpeg
http://inaturalist-open-data.s3.amazonaws.com/photos/63034287/large.jpeg,Rhetus arcius thia,48460/1/47120/372739/47158/184884/47157/47224/59166/522808/522809/124399/124398,jpeg
http://inaturalist-open-data.s3.amazonaws.com/photos/63034302/large.jpeg,Rhetus arcius thia,48460/1/47120/372739/47158/184884/47157/47224/59166/522808/522809/124399/124398,jpeg
http://inaturalist-open-data.s3.amazonaws.com/photos/63034331/large.jpeg,Rhetus arcius thia,48460/1/47120/372739/47158/184884/47157/47224/59166/522808/522809/124399/124398,jpeg
http://inaturalist-open-data.s3.amazonaws.com/photos/63034354/large.jpeg,Rhetus arcius thia,48460/1/47120/372739/47158/184884/47157/47224/59166/522808/522809/124399/124398,jpeg
http://inaturalist-open-data.s3.amazonaws.com/photos/63034376/large.jpeg,Rhetus arcius thia,48460/1/47120/372739/47158/184884/47157/47224/59166/522808/522809/124399/124398,jpeg
http://inaturalist-open-data.s3.amazonaws.com/photos/63091342/large.jpg,Rhetus arcius thia,48460/1/47120/372739/47158/184884/47157/47224/59166/522808/522809/124399/124398,jpg
http://inaturalist-open-data.s3.amazonaws.com/photos/67009902/large.jpg,Rhetus arcius thia,48460/1/47120/372739/47158/184884/47157/47224/59166/522808/522809/124399/124398,jpg
http://inaturalist-open-data.s3.amazonaws.com/photos/67009913/large.jpg,Rhetus arcius thia,48460/1/47120/372739/47158/184884/47157/47224/59166/522808/522809/124399/124398,jpg
http://inaturalist-open-data.s3.amazonaws.com/photos/69055999/large.jpg,Rhetus arcius thia,48460/1/47120/372739/47158/184884/47157/47224/59166/522808/522809/124399/124398,jpg
http://inaturalist-open-data.s3.amazonaws.com/photos/71183204/large.jpg,Rhetus arcius thia,48460/1/47120/372739/47158/184884/47157/47224/59166/522808/522809/124399/124398,jpg
http://inaturalist-open-data.s3.amazonaws.com/photos/71255577/large.jpeg,Rhetus arcius thia,48460/1/47120/372739/47158/184884/47157/47224/59166/522808/522809/124399/124398,jpeg
http://inaturalist-open-data.s3.amazonaws.com/photos/71364925/large.jpeg,Rhetus arcius thia,48460/1/47120/372739/47158/184884/47157/47224/59166/522808/522809/124399/124398,jpeg
http://inaturalist-open-data.s3.amazonaws.com/photos/74038946/large.jpeg,Rhetus arcius thia,48460/1/47120/372739/47158/184884/47157/47224/59166/522808/522809/124399/124398,jpeg
http://inaturalist-open-data.s3.amazonaws.com/photos/77757915/large.jpg,Rhetus arcius thia,48460/1/47120/372739/47158/184884/47157/47224/59166/522808/522809/124399/124398,jpg
http://inaturalist-open-data.s3.amazonaws.com/photos/77757928/large.jpg,Rhetus arcius thia,48460/1/47120/372739/47158/184884/47157/47224/59166/522808/522809/124399/124398,jpg
http://inaturalist-open-data.s3.amazonaws.com/photos/77757833/large.jpg,Rhetus arcius thia,48460/1/47120/372739/47158/184884/47157/47224/59166/522808/522809/124399/124398,jpg
http://inaturalist-open-data.s3.amazonaws.com/photos/82180747/large.jpg,Rhetus arcius thia,48460/1/47120/372739/47158/184884/47157/47224/59166/522808/522809/124399/124398,jpg
http://inaturalist-open-data.s3.amazonaws.com/photos/82180768/large.jpg,Rhetus arcius thia,48460/1/47120/372739/47158/184884/47157/47224/59166/522808/522809/124399/124398,jpg
http://inaturalist-open-data.s3.amazonaws.com/photos/86865640/large.jpg,Rhetus arcius thia,48460/1/47120/372739/47158/184884/47157/47224/59166/522808/522809/124399/124398,jpg
http://inaturalist-open-data.s3.amazonaws.com/photos/87881725/large.jpg,Rhetus arcius thia,48460/1/47120/372739/47158/184884/47157/47224/59166/522808/522809/124399/124398,jpg
http://inaturalist-open-data.s3.amazonaws.com/photos/88300529/large.jpeg,Rhetus arcius thia,48460/1/47120/372739/47158/184884/47157/47224/59166/522808/522809/124399/124398,jpeg
http://inaturalist-open-data.s3.amazonaws.com/photos/88300540/large.jpeg,Rhetus arcius thia,48460/1/47120/372739/47158/184884/47157/47224/59166/522808/522809/124399/124398,jpeg
http://inaturalist-open-data.s3.amazonaws.com/photos/88301663/large.jpeg,Rhetus arcius thia,48460/1/47120/372739/47158/184884/47157/47224/59166/522808/522809/124399/124398,jpeg
http://inaturalist-open-data.s3.amazonaws.com/photos/92827002/large.jpeg,Rhetus arcius thia,48460/1/47120/372739/47158/184884/47157/47224/59166/522808/522809/124399/124398,jpeg
http://inaturalist-open-data.s3.amazonaws.com/photos/92827519/large.jpeg,Rhetus arcius thia,48460/1/47120/372739/47158/184884/47157/47224/59166/522808/522809/124399/124398,jpeg
http://inaturalist-open-data.s3.amazonaws.com/photos/92827534/large.jpeg,Rhetus arcius thia,48460/1/47120/372739/47158/184884/47157/47224/59166/522808/522809/124399/124398,jpeg
http://inaturalist-open-data.s3.amazonaws.com/photos/92827554/large.jpeg,Rhetus arcius thia,48460/1/47120/372739/47158/184884/47157/47224/59166/522808/522809/124399/124398,jpeg
http://inaturalist-open-data.s3.amazonaws.com/photos/92827575/large.jpeg,Rhetus arcius thia,48460/1/47120/372739/47158/184884/47157/47224/59166/522808/522809/124399/124398,jpeg
http://inaturalist-open-data.s3.amazonaws.com/photos/92827606/large.jpeg,Rhetus arcius thia,48460/1/47120/372739/47158/184884/47157/47224/59166/522808/522809/124399/124398,jpeg
http://inaturalist-open-data.s3.amazonaws.com/photos/93360008/large.jpeg,Rhetus arcius thia,48460/1/47120/372739/47158/184884/47157/47224/59166/522808/522809/124399/124398,jpeg
http://inaturalist-open-data.s3.amazonaws.com/photos/94928918/large.jpeg,Rhetus arcius thia,48460/1/47120/372739/47158/184884/47157/47224/59166/522808/522809/124399/124398,jpeg
http://inaturalist-open-data.s3.amazonaws.com/photos/97448366/large.jpeg,Rhetus arcius thia,48460/1/47120/372739/47158/184884/47157/47224/59166/522808/522809/124399/124398,jpeg
http://inaturalist-open-data.s3.amazonaws.com/photos/108536087/large.jpeg,Rhetus arcius thia,48460/1/47120/372739/47158/184884/47157/47224/59166/522808/522809/124399/124398,jpeg
http://inaturalist-open-data.s3.amazonaws.com/photos/108536105/large.jpeg,Rhetus arcius thia,48460/1/47120/372739/47158/184884/47157/47224/59166/522808/522809/124399/124398,jpeg
http://inaturalist-open-data.s3.amazonaws.com/photos/108536125/large.jpeg,Rhetus arcius thia,48460/1/47120/372739/47158/184884/47157/47224/59166/522808/522809/124399/124398,jpeg
http://inaturalist-open-data.s3.amazonaws.com/photos/112299733/large.jpg,Rhetus arcius thia,48460/1/47120/372739/47158/184884/47157/47224/59166/522808/522809/124399/124398,jpg
http://inaturalist-open-data.s3.amazonaws.com/photos/112299745/large.jpg,Rhetus arcius thia,48460/1/47120/372739/47158/184884/47157/47224/59166/522808/522809/124399/124398,jpg
http://inaturalist-open-data.s3.amazonaws.com/photos/112299758/large.jpg,Rhetus arcius thia,48460/1/47120/372739/47158/184884/47157/47224/59166/522808/522809/124399/124398,jpg
http://inaturalist-open-data.s3.amazonaws.com/photos/112721675/large.jpeg,Rhetus arcius thia,48460/1/47120/372739/47158/184884/47157/47224/59166/522808/522809/124399/124398,jpeg
http://inaturalist-open-data.s3.amazonaws.com/photos/116658826/large.jpeg,Rhetus arcius thia,48460/1/47120/372739/47158/184884/47157/47224/59166/522808/522809/124399/124398,jpeg
http://inaturalist-open-data.s3.amazonaws.com/photos/117652329/large.png,Rhetus arcius thia,48460/1/47120/372739/47158/184884/47157/47224/59166/522808/522809/124399/124398,png
http://inaturalist-open-data.s3.amazonaws.com/photos/119722860/large.jpg,Rhetus arcius thia,48460/1/47120/372739/47158/184884/47157/47224/59166/522808/522809/124399/124398,jpg
http://inaturalist-open-data.s3.amazonaws.com/photos/143730862/large.jpeg,Rhetus arcius thia,48460/1/47120/372739/47158/184884/47157/47224/59166/522808/522809/124399/124398,jpeg
http://inaturalist-open-data.s3.amazonaws.com/photos/145536680/large.jpeg,Rhetus arcius thia,48460/1/47120/372739/47158/184884/47157/47224/59166/522808/522809/124399/124398,jpeg
http://inaturalist-open-data.s3.amazonaws.com/photos/148682281/large.jpeg,Rhetus arcius thia,48460/1/47120/372739/47158/184884/47157/47224/59166/522808/522809/124399/124398,jpeg
http://inaturalist-open-data.s3.amazonaws.com/photos/151935365/large.jpeg,Rhetus arcius thia,48460/1/47120/372739/47158/184884/47157/47224/59166/522808/522809/124399/124398,jpeg
http://inaturalist-open-data.s3.amazonaws.com/photos/152129552/large.jpeg,Rhetus arcius thia,48460/1/47120/372739/47158/184884/47157/47224/59166/522808/522809/124399/124398,jpeg
http://inaturalist-open-data.s3.amazonaws.com/photos/164691313/large.png,Rhetus arcius thia,48460/1/47120/372739/47158/184884/47157/47224/59166/522808/522809/124399/124398,png
