photo_url_large,taxon_name,ancestry,extension
http://inaturalist-open-data.s3.amazonaws.com/photos/20723577/large.jpg,Rhinocypha pagenstecheri timorana,48460/1/47120/372739/47158/184884/47792/47928/1317181/85688/91716/551525,jpg
http://inaturalist-open-data.s3.amazonaws.com/photos/22547084/large.jpg,Rhinocypha pagenstecheri timorana,48460/1/47120/372739/47158/184884/47792/47928/1317181/85688/91716/551525,jpg
http://inaturalist-open-data.s3.amazonaws.com/photos/22546992/large.jpg,Rhinocypha pagenstecheri timorana,48460/1/47120/372739/47158/184884/47792/47928/1317181/85688/91716/551525,jpg
http://inaturalist-open-data.s3.amazonaws.com/photos/22547238/large.jpg,Rhinocypha pagenstecheri timorana,48460/1/47120/372739/47158/184884/47792/47928/1317181/85688/91716/551525,jpg
http://inaturalist-open-data.s3.amazonaws.com/photos/22547341/large.jpg,Rhinocypha pagenstecheri timorana,48460/1/47120/372739/47158/184884/47792/47928/1317181/85688/91716/551525,jpg
http://inaturalist-open-data.s3.amazonaws.com/photos/22552506/large.jpg,Rhinocypha pagenstecheri timorana,48460/1/47120/372739/47158/184884/47792/47928/1317181/85688/91716/551525,jpg
http://inaturalist-open-data.s3.amazonaws.com/photos/22552754/large.jpg,Rhinocypha pagenstecheri timorana,48460/1/47120/372739/47158/184884/47792/47928/1317181/85688/91716/551525,jpg
http://inaturalist-open-data.s3.amazonaws.com/photos/22552774/large.jpg,Rhinocypha pagenstecheri timorana,48460/1/47120/372739/47158/184884/47792/47928/1317181/85688/91716/551525,jpg
http://inaturalist-open-data.s3.amazonaws.com/photos/22552813/large.jpg,Rhinocypha pagenstecheri timorana,48460/1/47120/372739/47158/184884/47792/47928/1317181/85688/91716/551525,jpg
http://inaturalist-open-data.s3.amazonaws.com/photos/22552848/large.jpg,Rhinocypha pagenstecheri timorana,48460/1/47120/372739/47158/184884/47792/47928/1317181/85688/91716/551525,jpg
http://inaturalist-open-data.s3.amazonaws.com/photos/22552862/large.jpg,Rhinocypha pagenstecheri timorana,48460/1/47120/372739/47158/184884/47792/47928/1317181/85688/91716/551525,jpg
http://inaturalist-open-data.s3.amazonaws.com/photos/22553861/large.jpg,Rhinocypha pagenstecheri timorana,48460/1/47120/372739/47158/184884/47792/47928/1317181/85688/91716/551525,jpg
http://inaturalist-open-data.s3.amazonaws.com/photos/22773020/large.jpg,Rhinocypha pagenstecheri timorana,48460/1/47120/372739/47158/184884/47792/47928/1317181/85688/91716/551525,jpg
http://inaturalist-open-data.s3.amazonaws.com/photos/24116136/large.jpg,Rhinocypha pagenstecheri timorana,48460/1/47120/372739/47158/184884/47792/47928/1317181/85688/91716/551525,jpg
http://inaturalist-open-data.s3.amazonaws.com/photos/24115326/large.jpg,Rhinocypha pagenstecheri timorana,48460/1/47120/372739/47158/184884/47792/47928/1317181/85688/91716/551525,jpg
http://inaturalist-open-data.s3.amazonaws.com/photos/24116769/large.jpg,Rhinocypha pagenstecheri timorana,48460/1/47120/372739/47158/184884/47792/47928/1317181/85688/91716/551525,jpg
http://inaturalist-open-data.s3.amazonaws.com/photos/24117510/large.jpg,Rhinocypha pagenstecheri timorana,48460/1/47120/372739/47158/184884/47792/47928/1317181/85688/91716/551525,jpg
http://inaturalist-open-data.s3.amazonaws.com/photos/24117750/large.jpg,Rhinocypha pagenstecheri timorana,48460/1/47120/372739/47158/184884/47792/47928/1317181/85688/91716/551525,jpg
http://inaturalist-open-data.s3.amazonaws.com/photos/24117811/large.jpg,Rhinocypha pagenstecheri timorana,48460/1/47120/372739/47158/184884/47792/47928/1317181/85688/91716/551525,jpg
http://inaturalist-open-data.s3.amazonaws.com/photos/24298367/large.jpg,Rhinocypha pagenstecheri timorana,48460/1/47120/372739/47158/184884/47792/47928/1317181/85688/91716/551525,jpg
http://inaturalist-open-data.s3.amazonaws.com/photos/24298235/large.jpg,Rhinocypha pagenstecheri timorana,48460/1/47120/372739/47158/184884/47792/47928/1317181/85688/91716/551525,jpg
http://inaturalist-open-data.s3.amazonaws.com/photos/24298375/large.jpg,Rhinocypha pagenstecheri timorana,48460/1/47120/372739/47158/184884/47792/47928/1317181/85688/91716/551525,jpg
http://inaturalist-open-data.s3.amazonaws.com/photos/24446154/large.jpg,Rhinocypha pagenstecheri timorana,48460/1/47120/372739/47158/184884/47792/47928/1317181/85688/91716/551525,jpg
http://inaturalist-open-data.s3.amazonaws.com/photos/24445951/large.jpg,Rhinocypha pagenstecheri timorana,48460/1/47120/372739/47158/184884/47792/47928/1317181/85688/91716/551525,jpg
http://inaturalist-open-data.s3.amazonaws.com/photos/24446085/large.jpg,Rhinocypha pagenstecheri timorana,48460/1/47120/372739/47158/184884/47792/47928/1317181/85688/91716/551525,jpg
http://inaturalist-open-data.s3.amazonaws.com/photos/24446045/large.jpg,Rhinocypha pagenstecheri timorana,48460/1/47120/372739/47158/184884/47792/47928/1317181/85688/91716/551525,jpg
http://inaturalist-open-data.s3.amazonaws.com/photos/24446054/large.jpg,Rhinocypha pagenstecheri timorana,48460/1/47120/372739/47158/184884/47792/47928/1317181/85688/91716/551525,jpg
http://inaturalist-open-data.s3.amazonaws.com/photos/24446132/large.jpg,Rhinocypha pagenstecheri timorana,48460/1/47120/372739/47158/184884/47792/47928/1317181/85688/91716/551525,jpg
http://inaturalist-open-data.s3.amazonaws.com/photos/24446155/large.jpg,Rhinocypha pagenstecheri timorana,48460/1/47120/372739/47158/184884/47792/47928/1317181/85688/91716/551525,jpg
http://inaturalist-open-data.s3.amazonaws.com/photos/24445950/large.jpg,Rhinocypha pagenstecheri timorana,48460/1/47120/372739/47158/184884/47792/47928/1317181/85688/91716/551525,jpg
http://inaturalist-open-data.s3.amazonaws.com/photos/24445963/large.jpg,Rhinocypha pagenstecheri timorana,48460/1/47120/372739/47158/184884/47792/47928/1317181/85688/91716/551525,jpg
http://inaturalist-open-data.s3.amazonaws.com/photos/25740566/large.jpg,Rhinocypha pagenstecheri timorana,48460/1/47120/372739/47158/184884/47792/47928/1317181/85688/91716/551525,jpg
http://inaturalist-open-data.s3.amazonaws.com/photos/25740904/large.jpg,Rhinocypha pagenstecheri timorana,48460/1/47120/372739/47158/184884/47792/47928/1317181/85688/91716/551525,jpg
http://inaturalist-open-data.s3.amazonaws.com/photos/26089906/large.jpeg,Rhinocypha pagenstecheri timorana,48460/1/47120/372739/47158/184884/47792/47928/1317181/85688/91716/551525,jpeg
http://inaturalist-open-data.s3.amazonaws.com/photos/26089912/large.jpeg,Rhinocypha pagenstecheri timorana,48460/1/47120/372739/47158/184884/47792/47928/1317181/85688/91716/551525,jpeg
http://inaturalist-open-data.s3.amazonaws.com/photos/26089947/large.jpeg,Rhinocypha pagenstecheri timorana,48460/1/47120/372739/47158/184884/47792/47928/1317181/85688/91716/551525,jpeg
http://inaturalist-open-data.s3.amazonaws.com/photos/26090017/large.jpeg,Rhinocypha pagenstecheri timorana,48460/1/47120/372739/47158/184884/47792/47928/1317181/85688/91716/551525,jpeg
http://inaturalist-open-data.s3.amazonaws.com/photos/26090025/large.jpeg,Rhinocypha pagenstecheri timorana,48460/1/47120/372739/47158/184884/47792/47928/1317181/85688/91716/551525,jpeg
http://inaturalist-open-data.s3.amazonaws.com/photos/26090086/large.jpeg,Rhinocypha pagenstecheri timorana,48460/1/47120/372739/47158/184884/47792/47928/1317181/85688/91716/551525,jpeg
http://inaturalist-open-data.s3.amazonaws.com/photos/27322323/large.jpeg,Rhinocypha pagenstecheri timorana,48460/1/47120/372739/47158/184884/47792/47928/1317181/85688/91716/551525,jpeg
http://inaturalist-open-data.s3.amazonaws.com/photos/27322237/large.jpeg,Rhinocypha pagenstecheri timorana,48460/1/47120/372739/47158/184884/47792/47928/1317181/85688/91716/551525,jpeg
http://inaturalist-open-data.s3.amazonaws.com/photos/27322897/large.jpeg,Rhinocypha pagenstecheri timorana,48460/1/47120/372739/47158/184884/47792/47928/1317181/85688/91716/551525,jpeg
http://inaturalist-open-data.s3.amazonaws.com/photos/27323408/large.jpeg,Rhinocypha pagenstecheri timorana,48460/1/47120/372739/47158/184884/47792/47928/1317181/85688/91716/551525,jpeg
http://inaturalist-open-data.s3.amazonaws.com/photos/27604180/large.jpeg,Rhinocypha pagenstecheri timorana,48460/1/47120/372739/47158/184884/47792/47928/1317181/85688/91716/551525,jpeg
http://inaturalist-open-data.s3.amazonaws.com/photos/27604331/large.jpeg,Rhinocypha pagenstecheri timorana,48460/1/47120/372739/47158/184884/47792/47928/1317181/85688/91716/551525,jpeg
http://inaturalist-open-data.s3.amazonaws.com/photos/27604366/large.jpeg,Rhinocypha pagenstecheri timorana,48460/1/47120/372739/47158/184884/47792/47928/1317181/85688/91716/551525,jpeg
http://inaturalist-open-data.s3.amazonaws.com/photos/28063181/large.jpeg,Rhinocypha pagenstecheri timorana,48460/1/47120/372739/47158/184884/47792/47928/1317181/85688/91716/551525,jpeg
http://inaturalist-open-data.s3.amazonaws.com/photos/28063315/large.jpeg,Rhinocypha pagenstecheri timorana,48460/1/47120/372739/47158/184884/47792/47928/1317181/85688/91716/551525,jpeg
http://inaturalist-open-data.s3.amazonaws.com/photos/28063508/large.jpeg,Rhinocypha pagenstecheri timorana,48460/1/47120/372739/47158/184884/47792/47928/1317181/85688/91716/551525,jpeg
http://inaturalist-open-data.s3.amazonaws.com/photos/28618741/large.jpg,Rhinocypha pagenstecheri timorana,48460/1/47120/372739/47158/184884/47792/47928/1317181/85688/91716/551525,jpg
http://inaturalist-open-data.s3.amazonaws.com/photos/28618734/large.jpg,Rhinocypha pagenstecheri timorana,48460/1/47120/372739/47158/184884/47792/47928/1317181/85688/91716/551525,jpg
http://inaturalist-open-data.s3.amazonaws.com/photos/28992533/large.jpeg,Rhinocypha pagenstecheri timorana,48460/1/47120/372739/47158/184884/47792/47928/1317181/85688/91716/551525,jpeg
http://inaturalist-open-data.s3.amazonaws.com/photos/29062701/large.jpeg,Rhinocypha pagenstecheri timorana,48460/1/47120/372739/47158/184884/47792/47928/1317181/85688/91716/551525,jpeg
http://inaturalist-open-data.s3.amazonaws.com/photos/30641715/large.jpeg,Rhinocypha pagenstecheri timorana,48460/1/47120/372739/47158/184884/47792/47928/1317181/85688/91716/551525,jpeg
http://inaturalist-open-data.s3.amazonaws.com/photos/31991924/large.jpeg,Rhinocypha pagenstecheri timorana,48460/1/47120/372739/47158/184884/47792/47928/1317181/85688/91716/551525,jpeg
http://inaturalist-open-data.s3.amazonaws.com/photos/31991927/large.jpeg,Rhinocypha pagenstecheri timorana,48460/1/47120/372739/47158/184884/47792/47928/1317181/85688/91716/551525,jpeg
http://inaturalist-open-data.s3.amazonaws.com/photos/31999878/large.jpeg,Rhinocypha pagenstecheri timorana,48460/1/47120/372739/47158/184884/47792/47928/1317181/85688/91716/551525,jpeg
http://inaturalist-open-data.s3.amazonaws.com/photos/31999879/large.jpeg,Rhinocypha pagenstecheri timorana,48460/1/47120/372739/47158/184884/47792/47928/1317181/85688/91716/551525,jpeg
http://inaturalist-open-data.s3.amazonaws.com/photos/31999885/large.jpeg,Rhinocypha pagenstecheri timorana,48460/1/47120/372739/47158/184884/47792/47928/1317181/85688/91716/551525,jpeg
http://inaturalist-open-data.s3.amazonaws.com/photos/32000016/large.jpeg,Rhinocypha pagenstecheri timorana,48460/1/47120/372739/47158/184884/47792/47928/1317181/85688/91716/551525,jpeg
http://inaturalist-open-data.s3.amazonaws.com/photos/32502820/large.jpeg,Rhinocypha pagenstecheri timorana,48460/1/47120/372739/47158/184884/47792/47928/1317181/85688/91716/551525,jpeg
http://inaturalist-open-data.s3.amazonaws.com/photos/32505871/large.jpeg,Rhinocypha pagenstecheri timorana,48460/1/47120/372739/47158/184884/47792/47928/1317181/85688/91716/551525,jpeg
http://inaturalist-open-data.s3.amazonaws.com/photos/33284451/large.jpeg,Rhinocypha pagenstecheri timorana,48460/1/47120/372739/47158/184884/47792/47928/1317181/85688/91716/551525,jpeg
http://inaturalist-open-data.s3.amazonaws.com/photos/33284508/large.jpeg,Rhinocypha pagenstecheri timorana,48460/1/47120/372739/47158/184884/47792/47928/1317181/85688/91716/551525,jpeg
http://inaturalist-open-data.s3.amazonaws.com/photos/33284544/large.jpeg,Rhinocypha pagenstecheri timorana,48460/1/47120/372739/47158/184884/47792/47928/1317181/85688/91716/551525,jpeg
http://inaturalist-open-data.s3.amazonaws.com/photos/33284740/large.jpeg,Rhinocypha pagenstecheri timorana,48460/1/47120/372739/47158/184884/47792/47928/1317181/85688/91716/551525,jpeg
http://inaturalist-open-data.s3.amazonaws.com/photos/33285095/large.jpeg,Rhinocypha pagenstecheri timorana,48460/1/47120/372739/47158/184884/47792/47928/1317181/85688/91716/551525,jpeg
http://inaturalist-open-data.s3.amazonaws.com/photos/33531863/large.jpeg,Rhinocypha pagenstecheri timorana,48460/1/47120/372739/47158/184884/47792/47928/1317181/85688/91716/551525,jpeg
http://inaturalist-open-data.s3.amazonaws.com/photos/33531879/large.jpeg,Rhinocypha pagenstecheri timorana,48460/1/47120/372739/47158/184884/47792/47928/1317181/85688/91716/551525,jpeg
http://inaturalist-open-data.s3.amazonaws.com/photos/37332492/large.jpeg,Rhinocypha pagenstecheri timorana,48460/1/47120/372739/47158/184884/47792/47928/1317181/85688/91716/551525,jpeg
http://inaturalist-open-data.s3.amazonaws.com/photos/37333833/large.jpeg,Rhinocypha pagenstecheri timorana,48460/1/47120/372739/47158/184884/47792/47928/1317181/85688/91716/551525,jpeg
http://inaturalist-open-data.s3.amazonaws.com/photos/37664801/large.jpeg,Rhinocypha pagenstecheri timorana,48460/1/47120/372739/47158/184884/47792/47928/1317181/85688/91716/551525,jpeg
http://inaturalist-open-data.s3.amazonaws.com/photos/37721439/large.jpeg,Rhinocypha pagenstecheri timorana,48460/1/47120/372739/47158/184884/47792/47928/1317181/85688/91716/551525,jpeg
http://inaturalist-open-data.s3.amazonaws.com/photos/37770243/large.jpeg,Rhinocypha pagenstecheri timorana,48460/1/47120/372739/47158/184884/47792/47928/1317181/85688/91716/551525,jpeg
http://inaturalist-open-data.s3.amazonaws.com/photos/37771754/large.jpeg,Rhinocypha pagenstecheri timorana,48460/1/47120/372739/47158/184884/47792/47928/1317181/85688/91716/551525,jpeg
http://inaturalist-open-data.s3.amazonaws.com/photos/45934412/large.jpeg,Rhinocypha pagenstecheri timorana,48460/1/47120/372739/47158/184884/47792/47928/1317181/85688/91716/551525,jpeg
http://inaturalist-open-data.s3.amazonaws.com/photos/45934415/large.jpeg,Rhinocypha pagenstecheri timorana,48460/1/47120/372739/47158/184884/47792/47928/1317181/85688/91716/551525,jpeg
http://inaturalist-open-data.s3.amazonaws.com/photos/67302522/large.jpg,Rhinocypha pagenstecheri timorana,48460/1/47120/372739/47158/184884/47792/47928/1317181/85688/91716/551525,jpg
http://inaturalist-open-data.s3.amazonaws.com/photos/70628034/large.jpg,Rhinocypha pagenstecheri timorana,48460/1/47120/372739/47158/184884/47792/47928/1317181/85688/91716/551525,jpg
http://inaturalist-open-data.s3.amazonaws.com/photos/70628394/large.jpg,Rhinocypha pagenstecheri timorana,48460/1/47120/372739/47158/184884/47792/47928/1317181/85688/91716/551525,jpg
http://inaturalist-open-data.s3.amazonaws.com/photos/70629779/large.jpg,Rhinocypha pagenstecheri timorana,48460/1/47120/372739/47158/184884/47792/47928/1317181/85688/91716/551525,jpg
http://inaturalist-open-data.s3.amazonaws.com/photos/71067946/large.jpg,Rhinocypha pagenstecheri timorana,48460/1/47120/372739/47158/184884/47792/47928/1317181/85688/91716/551525,jpg
http://inaturalist-open-data.s3.amazonaws.com/photos/71748962/large.jpg,Rhinocypha pagenstecheri timorana,48460/1/47120/372739/47158/184884/47792/47928/1317181/85688/91716/551525,jpg
http://inaturalist-open-data.s3.amazonaws.com/photos/71749341/large.jpg,Rhinocypha pagenstecheri timorana,48460/1/47120/372739/47158/184884/47792/47928/1317181/85688/91716/551525,jpg
http://inaturalist-open-data.s3.amazonaws.com/photos/71749495/large.jpg,Rhinocypha pagenstecheri timorana,48460/1/47120/372739/47158/184884/47792/47928/1317181/85688/91716/551525,jpg
http://inaturalist-open-data.s3.amazonaws.com/photos/107640885/large.jpg,Rhinocypha pagenstecheri timorana,48460/1/47120/372739/47158/184884/47792/47928/1317181/85688/91716/551525,jpg
http://inaturalist-open-data.s3.amazonaws.com/photos/176109348/large.jpeg,Rhinocypha pagenstecheri timorana,48460/1/47120/372739/47158/184884/47792/47928/1317181/85688/91716/551525,jpeg
http://inaturalist-open-data.s3.amazonaws.com/photos/176109360/large.jpeg,Rhinocypha pagenstecheri timorana,48460/1/47120/372739/47158/184884/47792/47928/1317181/85688/91716/551525,jpeg
