photo_url_large,taxon_name,ancestry,extension
http://inaturalist-open-data.s3.amazonaws.com/photos/58917351/large.jpg,Rhyothemis phyllis apicalis,48460/1/47120/372739/47158/184884/47792/47927/1317176/47819/82002/149704,jpg
http://inaturalist-open-data.s3.amazonaws.com/photos/61255403/large.jpg,Rhyothemis phyllis apicalis,48460/1/47120/372739/47158/184884/47792/47927/1317176/47819/82002/149704,jpg
http://inaturalist-open-data.s3.amazonaws.com/photos/61255404/large.jpg,Rhyothemis phyllis apicalis,48460/1/47120/372739/47158/184884/47792/47927/1317176/47819/82002/149704,jpg
http://inaturalist-open-data.s3.amazonaws.com/photos/142057650/large.jpeg,Rhyothemis phyllis apicalis,48460/1/47120/372739/47158/184884/47792/47927/1317176/47819/82002/149704,jpeg
http://inaturalist-open-data.s3.amazonaws.com/photos/142057623/large.jpeg,Rhyothemis phyllis apicalis,48460/1/47120/372739/47158/184884/47792/47927/1317176/47819/82002/149704,jpeg
http://inaturalist-open-data.s3.amazonaws.com/photos/142057644/large.jpeg,Rhyothemis phyllis apicalis,48460/1/47120/372739/47158/184884/47792/47927/1317176/47819/82002/149704,jpeg
http://inaturalist-open-data.s3.amazonaws.com/photos/142057654/large.jpeg,Rhyothemis phyllis apicalis,48460/1/47120/372739/47158/184884/47792/47927/1317176/47819/82002/149704,jpeg
http://inaturalist-open-data.s3.amazonaws.com/photos/153014826/large.jpeg,Rhyothemis phyllis apicalis,48460/1/47120/372739/47158/184884/47792/47927/1317176/47819/82002/149704,jpeg
http://inaturalist-open-data.s3.amazonaws.com/photos/153014891/large.jpeg,Rhyothemis phyllis apicalis,48460/1/47120/372739/47158/184884/47792/47927/1317176/47819/82002/149704,jpeg
http://inaturalist-open-data.s3.amazonaws.com/photos/153014910/large.jpeg,Rhyothemis phyllis apicalis,48460/1/47120/372739/47158/184884/47792/47927/1317176/47819/82002/149704,jpeg
http://inaturalist-open-data.s3.amazonaws.com/photos/153014959/large.jpeg,Rhyothemis phyllis apicalis,48460/1/47120/372739/47158/184884/47792/47927/1317176/47819/82002/149704,jpeg
http://inaturalist-open-data.s3.amazonaws.com/photos/153014980/large.jpeg,Rhyothemis phyllis apicalis,48460/1/47120/372739/47158/184884/47792/47927/1317176/47819/82002/149704,jpeg
http://inaturalist-open-data.s3.amazonaws.com/photos/153015009/large.jpeg,Rhyothemis phyllis apicalis,48460/1/47120/372739/47158/184884/47792/47927/1317176/47819/82002/149704,jpeg
http://inaturalist-open-data.s3.amazonaws.com/photos/171712680/large.jpeg,Rhyothemis phyllis apicalis,48460/1/47120/372739/47158/184884/47792/47927/1317176/47819/82002/149704,jpeg
http://inaturalist-open-data.s3.amazonaws.com/photos/171712958/large.jpeg,Rhyothemis phyllis apicalis,48460/1/47120/372739/47158/184884/47792/47927/1317176/47819/82002/149704,jpeg
http://inaturalist-open-data.s3.amazonaws.com/photos/173123972/large.jpeg,Rhyothemis phyllis apicalis,48460/1/47120/372739/47158/184884/47792/47927/1317176/47819/82002/149704,jpeg
http://inaturalist-open-data.s3.amazonaws.com/photos/173123970/large.jpeg,Rhyothemis phyllis apicalis,48460/1/47120/372739/47158/184884/47792/47927/1317176/47819/82002/149704,jpeg
http://inaturalist-open-data.s3.amazonaws.com/photos/173127738/large.jpeg,Rhyothemis phyllis apicalis,48460/1/47120/372739/47158/184884/47792/47927/1317176/47819/82002/149704,jpeg
http://inaturalist-open-data.s3.amazonaws.com/photos/173127745/large.jpeg,Rhyothemis phyllis apicalis,48460/1/47120/372739/47158/184884/47792/47927/1317176/47819/82002/149704,jpeg
