photo_url_large,taxon_name,ancestry,extension
http://inaturalist-open-data.s3.amazonaws.com/photos/136825206/large.jpg,Rivetina baetica baetica,48460/1/47120/372739/47158/184884/48112/1097011/1097013/1097030/1097047/1097055/570066/537686/566234,jpg
http://inaturalist-open-data.s3.amazonaws.com/photos/147213727/large.jpeg,Rivetina baetica baetica,48460/1/47120/372739/47158/184884/48112/1097011/1097013/1097030/1097047/1097055/570066/537686/566234,jpeg
http://inaturalist-open-data.s3.amazonaws.com/photos/147447462/large.jpg,Rivetina baetica baetica,48460/1/47120/372739/47158/184884/48112/1097011/1097013/1097030/1097047/1097055/570066/537686/566234,jpg
http://inaturalist-open-data.s3.amazonaws.com/photos/147433669/large.jpg,Rivetina baetica baetica,48460/1/47120/372739/47158/184884/48112/1097011/1097013/1097030/1097047/1097055/570066/537686/566234,jpg
