photo_url_large,taxon_name,ancestry,extension
http://inaturalist-open-data.s3.amazonaws.com/photos/14583930/large.jpg,Sarangesa lucidella lucidella,48460/1/47120/372739/47158/184884/47157/47224/47653/51312/243598/143262/696746,jpg
http://inaturalist-open-data.s3.amazonaws.com/photos/18461120/large.jpg,Sarangesa lucidella lucidella,48460/1/47120/372739/47158/184884/47157/47224/47653/51312/243598/143262/696746,jpg
http://inaturalist-open-data.s3.amazonaws.com/photos/40521541/large.jpeg,Sarangesa lucidella lucidella,48460/1/47120/372739/47158/184884/47157/47224/47653/51312/243598/143262/696746,jpeg
http://inaturalist-open-data.s3.amazonaws.com/photos/44424444/large.jpeg,Sarangesa lucidella lucidella,48460/1/47120/372739/47158/184884/47157/47224/47653/51312/243598/143262/696746,jpeg
http://inaturalist-open-data.s3.amazonaws.com/photos/44424453/large.jpeg,Sarangesa lucidella lucidella,48460/1/47120/372739/47158/184884/47157/47224/47653/51312/243598/143262/696746,jpeg
http://inaturalist-open-data.s3.amazonaws.com/photos/63259594/large.jpeg,Sarangesa lucidella lucidella,48460/1/47120/372739/47158/184884/47157/47224/47653/51312/243598/143262/696746,jpeg
http://inaturalist-open-data.s3.amazonaws.com/photos/63259692/large.jpeg,Sarangesa lucidella lucidella,48460/1/47120/372739/47158/184884/47157/47224/47653/51312/243598/143262/696746,jpeg
http://inaturalist-open-data.s3.amazonaws.com/photos/65718196/large.jpeg,Sarangesa lucidella lucidella,48460/1/47120/372739/47158/184884/47157/47224/47653/51312/243598/143262/696746,jpeg
http://inaturalist-open-data.s3.amazonaws.com/photos/77265475/large.jpg,Sarangesa lucidella lucidella,48460/1/47120/372739/47158/184884/47157/47224/47653/51312/243598/143262/696746,jpg
http://inaturalist-open-data.s3.amazonaws.com/photos/90723863/large.jpeg,Sarangesa lucidella lucidella,48460/1/47120/372739/47158/184884/47157/47224/47653/51312/243598/143262/696746,jpeg
