photo_url_large,taxon_name,ancestry,extension
http://inaturalist-open-data.s3.amazonaws.com/photos/111687734/large.jpg,Satyrium semiluna semiluna,48460/1/47120/372739/47158/184884/47157/47224/47923/125830/125836/522886/54135/230445,jpg
http://inaturalist-open-data.s3.amazonaws.com/photos/111687736/large.jpg,Satyrium semiluna semiluna,48460/1/47120/372739/47158/184884/47157/47224/47923/125830/125836/522886/54135/230445,jpg
http://inaturalist-open-data.s3.amazonaws.com/photos/111688023/large.jpg,Satyrium semiluna semiluna,48460/1/47120/372739/47158/184884/47157/47224/47923/125830/125836/522886/54135/230445,jpg
http://inaturalist-open-data.s3.amazonaws.com/photos/111688025/large.jpg,Satyrium semiluna semiluna,48460/1/47120/372739/47158/184884/47157/47224/47923/125830/125836/522886/54135/230445,jpg
