photo_url_large,taxon_name,ancestry,extension
http://inaturalist-open-data.s3.amazonaws.com/photos/112796939/large.jpg,Scaurus puncticollis puncticollis,48460/1/47120/372739/47158/184884/47208/71130/372852/47593/53816/319025/715354/245856/717777,jpg
http://inaturalist-open-data.s3.amazonaws.com/photos/112796950/large.jpg,Scaurus puncticollis puncticollis,48460/1/47120/372739/47158/184884/47208/71130/372852/47593/53816/319025/715354/245856/717777,jpg
http://inaturalist-open-data.s3.amazonaws.com/photos/112796944/large.jpg,Scaurus puncticollis puncticollis,48460/1/47120/372739/47158/184884/47208/71130/372852/47593/53816/319025/715354/245856/717777,jpg
http://inaturalist-open-data.s3.amazonaws.com/photos/112796934/large.jpg,Scaurus puncticollis puncticollis,48460/1/47120/372739/47158/184884/47208/71130/372852/47593/53816/319025/715354/245856/717777,jpg
http://inaturalist-open-data.s3.amazonaws.com/photos/113011939/large.jpg,Scaurus puncticollis puncticollis,48460/1/47120/372739/47158/184884/47208/71130/372852/47593/53816/319025/715354/245856/717777,jpg
http://inaturalist-open-data.s3.amazonaws.com/photos/113011964/large.jpg,Scaurus puncticollis puncticollis,48460/1/47120/372739/47158/184884/47208/71130/372852/47593/53816/319025/715354/245856/717777,jpg
http://inaturalist-open-data.s3.amazonaws.com/photos/113011956/large.jpg,Scaurus puncticollis puncticollis,48460/1/47120/372739/47158/184884/47208/71130/372852/47593/53816/319025/715354/245856/717777,jpg
http://inaturalist-open-data.s3.amazonaws.com/photos/113011945/large.jpg,Scaurus puncticollis puncticollis,48460/1/47120/372739/47158/184884/47208/71130/372852/47593/53816/319025/715354/245856/717777,jpg
