photo_url_large,taxon_name,ancestry,extension
http://inaturalist-open-data.s3.amazonaws.com/photos/113780126/large.png,Sciapteryx costalis soror,48460/1/47120/372739/47158/184884/47201/84643/49452/60628/473423/634829/802466/802470,png
http://inaturalist-open-data.s3.amazonaws.com/photos/113779972/large.png,Sciapteryx costalis soror,48460/1/47120/372739/47158/184884/47201/84643/49452/60628/473423/634829/802466/802470,png
http://inaturalist-open-data.s3.amazonaws.com/photos/113780151/large.png,Sciapteryx costalis soror,48460/1/47120/372739/47158/184884/47201/84643/49452/60628/473423/634829/802466/802470,png
http://inaturalist-open-data.s3.amazonaws.com/photos/116640955/large.jpg,Sciapteryx costalis soror,48460/1/47120/372739/47158/184884/47201/84643/49452/60628/473423/634829/802466/802470,jpg
http://inaturalist-open-data.s3.amazonaws.com/photos/116640768/large.jpg,Sciapteryx costalis soror,48460/1/47120/372739/47158/184884/47201/84643/49452/60628/473423/634829/802466/802470,jpg
http://inaturalist-open-data.s3.amazonaws.com/photos/116640786/large.jpg,Sciapteryx costalis soror,48460/1/47120/372739/47158/184884/47201/84643/49452/60628/473423/634829/802466/802470,jpg
http://inaturalist-open-data.s3.amazonaws.com/photos/116641072/large.jpg,Sciapteryx costalis soror,48460/1/47120/372739/47158/184884/47201/84643/49452/60628/473423/634829/802466/802470,jpg
http://inaturalist-open-data.s3.amazonaws.com/photos/116641249/large.jpg,Sciapteryx costalis soror,48460/1/47120/372739/47158/184884/47201/84643/49452/60628/473423/634829/802466/802470,jpg
http://inaturalist-open-data.s3.amazonaws.com/photos/117370174/large.jpeg,Sciapteryx costalis soror,48460/1/47120/372739/47158/184884/47201/84643/49452/60628/473423/634829/802466/802470,jpeg
http://inaturalist-open-data.s3.amazonaws.com/photos/117370128/large.jpeg,Sciapteryx costalis soror,48460/1/47120/372739/47158/184884/47201/84643/49452/60628/473423/634829/802466/802470,jpeg
http://inaturalist-open-data.s3.amazonaws.com/photos/117370132/large.jpeg,Sciapteryx costalis soror,48460/1/47120/372739/47158/184884/47201/84643/49452/60628/473423/634829/802466/802470,jpeg
http://inaturalist-open-data.s3.amazonaws.com/photos/117370160/large.jpeg,Sciapteryx costalis soror,48460/1/47120/372739/47158/184884/47201/84643/49452/60628/473423/634829/802466/802470,jpeg
http://inaturalist-open-data.s3.amazonaws.com/photos/117370172/large.jpeg,Sciapteryx costalis soror,48460/1/47120/372739/47158/184884/47201/84643/49452/60628/473423/634829/802466/802470,jpeg
http://inaturalist-open-data.s3.amazonaws.com/photos/117370111/large.jpeg,Sciapteryx costalis soror,48460/1/47120/372739/47158/184884/47201/84643/49452/60628/473423/634829/802466/802470,jpeg
http://inaturalist-open-data.s3.amazonaws.com/photos/117370165/large.jpeg,Sciapteryx costalis soror,48460/1/47120/372739/47158/184884/47201/84643/49452/60628/473423/634829/802466/802470,jpeg
