photo_url_large,taxon_name,ancestry,extension
http://inaturalist-open-data.s3.amazonaws.com/photos/58230721/large.jpeg,Serrognathus taurus gypaetus,48460/1/47120/372739/47158/184884/47208/71130/702480/48202/49083/373469/794938/794851/886563,jpeg
http://inaturalist-open-data.s3.amazonaws.com/photos/101001787/large.jpg,Serrognathus taurus gypaetus,48460/1/47120/372739/47158/184884/47208/71130/702480/48202/49083/373469/794938/794851/886563,jpg
http://inaturalist-open-data.s3.amazonaws.com/photos/115259189/large.jpeg,Serrognathus taurus gypaetus,48460/1/47120/372739/47158/184884/47208/71130/702480/48202/49083/373469/794938/794851/886563,jpeg
http://inaturalist-open-data.s3.amazonaws.com/photos/140080481/large.jpeg,Serrognathus taurus gypaetus,48460/1/47120/372739/47158/184884/47208/71130/702480/48202/49083/373469/794938/794851/886563,jpeg
http://inaturalist-open-data.s3.amazonaws.com/photos/140080516/large.jpeg,Serrognathus taurus gypaetus,48460/1/47120/372739/47158/184884/47208/71130/702480/48202/49083/373469/794938/794851/886563,jpeg
