photo_url_large,taxon_name,ancestry,extension
http://inaturalist-open-data.s3.amazonaws.com/photos/80749199/large.jpeg,Serrognathus titanus fafner,48460/1/47120/372739/47158/184884/47208/71130/702480/48202/49083/373469/794938/794851/794859,jpeg
http://inaturalist-open-data.s3.amazonaws.com/photos/80749172/large.jpeg,Serrognathus titanus fafner,48460/1/47120/372739/47158/184884/47208/71130/702480/48202/49083/373469/794938/794851/794859,jpeg
http://inaturalist-open-data.s3.amazonaws.com/photos/80749177/large.jpeg,Serrognathus titanus fafner,48460/1/47120/372739/47158/184884/47208/71130/702480/48202/49083/373469/794938/794851/794859,jpeg
http://inaturalist-open-data.s3.amazonaws.com/photos/80749182/large.jpg,Serrognathus titanus fafner,48460/1/47120/372739/47158/184884/47208/71130/702480/48202/49083/373469/794938/794851/794859,jpg
http://inaturalist-open-data.s3.amazonaws.com/photos/80749184/large.jpg,Serrognathus titanus fafner,48460/1/47120/372739/47158/184884/47208/71130/702480/48202/49083/373469/794938/794851/794859,jpg
http://inaturalist-open-data.s3.amazonaws.com/photos/80749192/large.jpg,Serrognathus titanus fafner,48460/1/47120/372739/47158/184884/47208/71130/702480/48202/49083/373469/794938/794851/794859,jpg
http://inaturalist-open-data.s3.amazonaws.com/photos/80749202/large.jpeg,Serrognathus titanus fafner,48460/1/47120/372739/47158/184884/47208/71130/702480/48202/49083/373469/794938/794851/794859,jpeg
http://inaturalist-open-data.s3.amazonaws.com/photos/80749412/large.jpeg,Serrognathus titanus fafner,48460/1/47120/372739/47158/184884/47208/71130/702480/48202/49083/373469/794938/794851/794859,jpeg
http://inaturalist-open-data.s3.amazonaws.com/photos/80749415/large.jpg,Serrognathus titanus fafner,48460/1/47120/372739/47158/184884/47208/71130/702480/48202/49083/373469/794938/794851/794859,jpg
http://inaturalist-open-data.s3.amazonaws.com/photos/80749417/large.jpg,Serrognathus titanus fafner,48460/1/47120/372739/47158/184884/47208/71130/702480/48202/49083/373469/794938/794851/794859,jpg
http://inaturalist-open-data.s3.amazonaws.com/photos/80749424/large.jpg,Serrognathus titanus fafner,48460/1/47120/372739/47158/184884/47208/71130/702480/48202/49083/373469/794938/794851/794859,jpg
http://inaturalist-open-data.s3.amazonaws.com/photos/80749419/large.jpg,Serrognathus titanus fafner,48460/1/47120/372739/47158/184884/47208/71130/702480/48202/49083/373469/794938/794851/794859,jpg
http://inaturalist-open-data.s3.amazonaws.com/photos/80749403/large.jpeg,Serrognathus titanus fafner,48460/1/47120/372739/47158/184884/47208/71130/702480/48202/49083/373469/794938/794851/794859,jpeg
http://inaturalist-open-data.s3.amazonaws.com/photos/80749408/large.jpeg,Serrognathus titanus fafner,48460/1/47120/372739/47158/184884/47208/71130/702480/48202/49083/373469/794938/794851/794859,jpeg
http://inaturalist-open-data.s3.amazonaws.com/photos/80749409/large.jpeg,Serrognathus titanus fafner,48460/1/47120/372739/47158/184884/47208/71130/702480/48202/49083/373469/794938/794851/794859,jpeg
http://inaturalist-open-data.s3.amazonaws.com/photos/80749550/large.jpeg,Serrognathus titanus fafner,48460/1/47120/372739/47158/184884/47208/71130/702480/48202/49083/373469/794938/794851/794859,jpeg
http://inaturalist-open-data.s3.amazonaws.com/photos/80749554/large.jpeg,Serrognathus titanus fafner,48460/1/47120/372739/47158/184884/47208/71130/702480/48202/49083/373469/794938/794851/794859,jpeg
http://inaturalist-open-data.s3.amazonaws.com/photos/80749556/large.jpg,Serrognathus titanus fafner,48460/1/47120/372739/47158/184884/47208/71130/702480/48202/49083/373469/794938/794851/794859,jpg
http://inaturalist-open-data.s3.amazonaws.com/photos/80749559/large.jpg,Serrognathus titanus fafner,48460/1/47120/372739/47158/184884/47208/71130/702480/48202/49083/373469/794938/794851/794859,jpg
http://inaturalist-open-data.s3.amazonaws.com/photos/80749561/large.jpg,Serrognathus titanus fafner,48460/1/47120/372739/47158/184884/47208/71130/702480/48202/49083/373469/794938/794851/794859,jpg
http://inaturalist-open-data.s3.amazonaws.com/photos/80749714/large.jpeg,Serrognathus titanus fafner,48460/1/47120/372739/47158/184884/47208/71130/702480/48202/49083/373469/794938/794851/794859,jpeg
http://inaturalist-open-data.s3.amazonaws.com/photos/80749718/large.jpeg,Serrognathus titanus fafner,48460/1/47120/372739/47158/184884/47208/71130/702480/48202/49083/373469/794938/794851/794859,jpeg
http://inaturalist-open-data.s3.amazonaws.com/photos/80749724/large.jpeg,Serrognathus titanus fafner,48460/1/47120/372739/47158/184884/47208/71130/702480/48202/49083/373469/794938/794851/794859,jpeg
http://inaturalist-open-data.s3.amazonaws.com/photos/80749727/large.jpeg,Serrognathus titanus fafner,48460/1/47120/372739/47158/184884/47208/71130/702480/48202/49083/373469/794938/794851/794859,jpeg
http://inaturalist-open-data.s3.amazonaws.com/photos/80749731/large.jpg,Serrognathus titanus fafner,48460/1/47120/372739/47158/184884/47208/71130/702480/48202/49083/373469/794938/794851/794859,jpg
http://inaturalist-open-data.s3.amazonaws.com/photos/80749737/large.jpg,Serrognathus titanus fafner,48460/1/47120/372739/47158/184884/47208/71130/702480/48202/49083/373469/794938/794851/794859,jpg
http://inaturalist-open-data.s3.amazonaws.com/photos/80749740/large.jpg,Serrognathus titanus fafner,48460/1/47120/372739/47158/184884/47208/71130/702480/48202/49083/373469/794938/794851/794859,jpg
http://inaturalist-open-data.s3.amazonaws.com/photos/80749954/large.jpg,Serrognathus titanus fafner,48460/1/47120/372739/47158/184884/47208/71130/702480/48202/49083/373469/794938/794851/794859,jpg
http://inaturalist-open-data.s3.amazonaws.com/photos/80749922/large.jpeg,Serrognathus titanus fafner,48460/1/47120/372739/47158/184884/47208/71130/702480/48202/49083/373469/794938/794851/794859,jpeg
http://inaturalist-open-data.s3.amazonaws.com/photos/80749927/large.jpeg,Serrognathus titanus fafner,48460/1/47120/372739/47158/184884/47208/71130/702480/48202/49083/373469/794938/794851/794859,jpeg
http://inaturalist-open-data.s3.amazonaws.com/photos/80749931/large.jpeg,Serrognathus titanus fafner,48460/1/47120/372739/47158/184884/47208/71130/702480/48202/49083/373469/794938/794851/794859,jpeg
http://inaturalist-open-data.s3.amazonaws.com/photos/80749935/large.jpeg,Serrognathus titanus fafner,48460/1/47120/372739/47158/184884/47208/71130/702480/48202/49083/373469/794938/794851/794859,jpeg
http://inaturalist-open-data.s3.amazonaws.com/photos/80749938/large.jpg,Serrognathus titanus fafner,48460/1/47120/372739/47158/184884/47208/71130/702480/48202/49083/373469/794938/794851/794859,jpg
http://inaturalist-open-data.s3.amazonaws.com/photos/80749941/large.jpg,Serrognathus titanus fafner,48460/1/47120/372739/47158/184884/47208/71130/702480/48202/49083/373469/794938/794851/794859,jpg
http://inaturalist-open-data.s3.amazonaws.com/photos/80749944/large.jpg,Serrognathus titanus fafner,48460/1/47120/372739/47158/184884/47208/71130/702480/48202/49083/373469/794938/794851/794859,jpg
http://inaturalist-open-data.s3.amazonaws.com/photos/80750135/large.jpeg,Serrognathus titanus fafner,48460/1/47120/372739/47158/184884/47208/71130/702480/48202/49083/373469/794938/794851/794859,jpeg
http://inaturalist-open-data.s3.amazonaws.com/photos/80750131/large.jpeg,Serrognathus titanus fafner,48460/1/47120/372739/47158/184884/47208/71130/702480/48202/49083/373469/794938/794851/794859,jpeg
http://inaturalist-open-data.s3.amazonaws.com/photos/80750137/large.jpeg,Serrognathus titanus fafner,48460/1/47120/372739/47158/184884/47208/71130/702480/48202/49083/373469/794938/794851/794859,jpeg
http://inaturalist-open-data.s3.amazonaws.com/photos/80750139/large.jpeg,Serrognathus titanus fafner,48460/1/47120/372739/47158/184884/47208/71130/702480/48202/49083/373469/794938/794851/794859,jpeg
http://inaturalist-open-data.s3.amazonaws.com/photos/80750143/large.jpg,Serrognathus titanus fafner,48460/1/47120/372739/47158/184884/47208/71130/702480/48202/49083/373469/794938/794851/794859,jpg
http://inaturalist-open-data.s3.amazonaws.com/photos/80750145/large.jpg,Serrognathus titanus fafner,48460/1/47120/372739/47158/184884/47208/71130/702480/48202/49083/373469/794938/794851/794859,jpg
http://inaturalist-open-data.s3.amazonaws.com/photos/80750148/large.jpg,Serrognathus titanus fafner,48460/1/47120/372739/47158/184884/47208/71130/702480/48202/49083/373469/794938/794851/794859,jpg
http://inaturalist-open-data.s3.amazonaws.com/photos/80750154/large.jpg,Serrognathus titanus fafner,48460/1/47120/372739/47158/184884/47208/71130/702480/48202/49083/373469/794938/794851/794859,jpg
http://inaturalist-open-data.s3.amazonaws.com/photos/80750357/large.jpg,Serrognathus titanus fafner,48460/1/47120/372739/47158/184884/47208/71130/702480/48202/49083/373469/794938/794851/794859,jpg
http://inaturalist-open-data.s3.amazonaws.com/photos/80750359/large.jpg,Serrognathus titanus fafner,48460/1/47120/372739/47158/184884/47208/71130/702480/48202/49083/373469/794938/794851/794859,jpg
http://inaturalist-open-data.s3.amazonaws.com/photos/80750362/large.jpg,Serrognathus titanus fafner,48460/1/47120/372739/47158/184884/47208/71130/702480/48202/49083/373469/794938/794851/794859,jpg
http://inaturalist-open-data.s3.amazonaws.com/photos/80750353/large.jpeg,Serrognathus titanus fafner,48460/1/47120/372739/47158/184884/47208/71130/702480/48202/49083/373469/794938/794851/794859,jpeg
http://inaturalist-open-data.s3.amazonaws.com/photos/80750340/large.jpeg,Serrognathus titanus fafner,48460/1/47120/372739/47158/184884/47208/71130/702480/48202/49083/373469/794938/794851/794859,jpeg
http://inaturalist-open-data.s3.amazonaws.com/photos/80750344/large.jpeg,Serrognathus titanus fafner,48460/1/47120/372739/47158/184884/47208/71130/702480/48202/49083/373469/794938/794851/794859,jpeg
http://inaturalist-open-data.s3.amazonaws.com/photos/80750348/large.jpeg,Serrognathus titanus fafner,48460/1/47120/372739/47158/184884/47208/71130/702480/48202/49083/373469/794938/794851/794859,jpeg
http://inaturalist-open-data.s3.amazonaws.com/photos/80750355/large.jpg,Serrognathus titanus fafner,48460/1/47120/372739/47158/184884/47208/71130/702480/48202/49083/373469/794938/794851/794859,jpg
http://inaturalist-open-data.s3.amazonaws.com/photos/80750585/large.jpg,Serrognathus titanus fafner,48460/1/47120/372739/47158/184884/47208/71130/702480/48202/49083/373469/794938/794851/794859,jpg
http://inaturalist-open-data.s3.amazonaws.com/photos/80750588/large.jpg,Serrognathus titanus fafner,48460/1/47120/372739/47158/184884/47208/71130/702480/48202/49083/373469/794938/794851/794859,jpg
http://inaturalist-open-data.s3.amazonaws.com/photos/80750579/large.jpg,Serrognathus titanus fafner,48460/1/47120/372739/47158/184884/47208/71130/702480/48202/49083/373469/794938/794851/794859,jpg
http://inaturalist-open-data.s3.amazonaws.com/photos/80750563/large.jpeg,Serrognathus titanus fafner,48460/1/47120/372739/47158/184884/47208/71130/702480/48202/49083/373469/794938/794851/794859,jpeg
http://inaturalist-open-data.s3.amazonaws.com/photos/80750567/large.jpeg,Serrognathus titanus fafner,48460/1/47120/372739/47158/184884/47208/71130/702480/48202/49083/373469/794938/794851/794859,jpeg
http://inaturalist-open-data.s3.amazonaws.com/photos/80750570/large.jpeg,Serrognathus titanus fafner,48460/1/47120/372739/47158/184884/47208/71130/702480/48202/49083/373469/794938/794851/794859,jpeg
http://inaturalist-open-data.s3.amazonaws.com/photos/80750575/large.jpeg,Serrognathus titanus fafner,48460/1/47120/372739/47158/184884/47208/71130/702480/48202/49083/373469/794938/794851/794859,jpeg
http://inaturalist-open-data.s3.amazonaws.com/photos/80750583/large.jpg,Serrognathus titanus fafner,48460/1/47120/372739/47158/184884/47208/71130/702480/48202/49083/373469/794938/794851/794859,jpg
http://inaturalist-open-data.s3.amazonaws.com/photos/80750854/large.jpeg,Serrognathus titanus fafner,48460/1/47120/372739/47158/184884/47208/71130/702480/48202/49083/373469/794938/794851/794859,jpeg
http://inaturalist-open-data.s3.amazonaws.com/photos/80750857/large.jpeg,Serrognathus titanus fafner,48460/1/47120/372739/47158/184884/47208/71130/702480/48202/49083/373469/794938/794851/794859,jpeg
http://inaturalist-open-data.s3.amazonaws.com/photos/80750861/large.jpeg,Serrognathus titanus fafner,48460/1/47120/372739/47158/184884/47208/71130/702480/48202/49083/373469/794938/794851/794859,jpeg
http://inaturalist-open-data.s3.amazonaws.com/photos/80750866/large.jpeg,Serrognathus titanus fafner,48460/1/47120/372739/47158/184884/47208/71130/702480/48202/49083/373469/794938/794851/794859,jpeg
http://inaturalist-open-data.s3.amazonaws.com/photos/80750868/large.jpg,Serrognathus titanus fafner,48460/1/47120/372739/47158/184884/47208/71130/702480/48202/49083/373469/794938/794851/794859,jpg
http://inaturalist-open-data.s3.amazonaws.com/photos/80750872/large.jpg,Serrognathus titanus fafner,48460/1/47120/372739/47158/184884/47208/71130/702480/48202/49083/373469/794938/794851/794859,jpg
http://inaturalist-open-data.s3.amazonaws.com/photos/80750875/large.jpg,Serrognathus titanus fafner,48460/1/47120/372739/47158/184884/47208/71130/702480/48202/49083/373469/794938/794851/794859,jpg
http://inaturalist-open-data.s3.amazonaws.com/photos/80750877/large.jpg,Serrognathus titanus fafner,48460/1/47120/372739/47158/184884/47208/71130/702480/48202/49083/373469/794938/794851/794859,jpg
http://inaturalist-open-data.s3.amazonaws.com/photos/80751025/large.jpeg,Serrognathus titanus fafner,48460/1/47120/372739/47158/184884/47208/71130/702480/48202/49083/373469/794938/794851/794859,jpeg
http://inaturalist-open-data.s3.amazonaws.com/photos/80751033/large.jpeg,Serrognathus titanus fafner,48460/1/47120/372739/47158/184884/47208/71130/702480/48202/49083/373469/794938/794851/794859,jpeg
http://inaturalist-open-data.s3.amazonaws.com/photos/80751040/large.jpg,Serrognathus titanus fafner,48460/1/47120/372739/47158/184884/47208/71130/702480/48202/49083/373469/794938/794851/794859,jpg
http://inaturalist-open-data.s3.amazonaws.com/photos/80751042/large.jpg,Serrognathus titanus fafner,48460/1/47120/372739/47158/184884/47208/71130/702480/48202/49083/373469/794938/794851/794859,jpg
http://inaturalist-open-data.s3.amazonaws.com/photos/80751046/large.jpg,Serrognathus titanus fafner,48460/1/47120/372739/47158/184884/47208/71130/702480/48202/49083/373469/794938/794851/794859,jpg
http://inaturalist-open-data.s3.amazonaws.com/photos/80751048/large.jpg,Serrognathus titanus fafner,48460/1/47120/372739/47158/184884/47208/71130/702480/48202/49083/373469/794938/794851/794859,jpg
http://inaturalist-open-data.s3.amazonaws.com/photos/80751196/large.jpeg,Serrognathus titanus fafner,48460/1/47120/372739/47158/184884/47208/71130/702480/48202/49083/373469/794938/794851/794859,jpeg
http://inaturalist-open-data.s3.amazonaws.com/photos/80751203/large.jpeg,Serrognathus titanus fafner,48460/1/47120/372739/47158/184884/47208/71130/702480/48202/49083/373469/794938/794851/794859,jpeg
http://inaturalist-open-data.s3.amazonaws.com/photos/80751207/large.jpeg,Serrognathus titanus fafner,48460/1/47120/372739/47158/184884/47208/71130/702480/48202/49083/373469/794938/794851/794859,jpeg
http://inaturalist-open-data.s3.amazonaws.com/photos/80751212/large.jpeg,Serrognathus titanus fafner,48460/1/47120/372739/47158/184884/47208/71130/702480/48202/49083/373469/794938/794851/794859,jpeg
http://inaturalist-open-data.s3.amazonaws.com/photos/80751319/large.jpeg,Serrognathus titanus fafner,48460/1/47120/372739/47158/184884/47208/71130/702480/48202/49083/373469/794938/794851/794859,jpeg
http://inaturalist-open-data.s3.amazonaws.com/photos/80751326/large.jpeg,Serrognathus titanus fafner,48460/1/47120/372739/47158/184884/47208/71130/702480/48202/49083/373469/794938/794851/794859,jpeg
http://inaturalist-open-data.s3.amazonaws.com/photos/88518831/large.jpg,Serrognathus titanus fafner,48460/1/47120/372739/47158/184884/47208/71130/702480/48202/49083/373469/794938/794851/794859,jpg
http://inaturalist-open-data.s3.amazonaws.com/photos/131476394/large.jpeg,Serrognathus titanus fafner,48460/1/47120/372739/47158/184884/47208/71130/702480/48202/49083/373469/794938/794851/794859,jpeg
http://inaturalist-open-data.s3.amazonaws.com/photos/132283782/large.jpg,Serrognathus titanus fafner,48460/1/47120/372739/47158/184884/47208/71130/702480/48202/49083/373469/794938/794851/794859,jpg
http://inaturalist-open-data.s3.amazonaws.com/photos/132284099/large.jpg,Serrognathus titanus fafner,48460/1/47120/372739/47158/184884/47208/71130/702480/48202/49083/373469/794938/794851/794859,jpg
http://inaturalist-open-data.s3.amazonaws.com/photos/132284097/large.jpg,Serrognathus titanus fafner,48460/1/47120/372739/47158/184884/47208/71130/702480/48202/49083/373469/794938/794851/794859,jpg
http://inaturalist-open-data.s3.amazonaws.com/photos/152648321/large.jpg,Serrognathus titanus fafner,48460/1/47120/372739/47158/184884/47208/71130/702480/48202/49083/373469/794938/794851/794859,jpg
http://inaturalist-open-data.s3.amazonaws.com/photos/152648457/large.jpg,Serrognathus titanus fafner,48460/1/47120/372739/47158/184884/47208/71130/702480/48202/49083/373469/794938/794851/794859,jpg
