photo_url_large,taxon_name,ancestry,extension
http://inaturalist-open-data.s3.amazonaws.com/photos/38519903/large.jpg,Siproeta stelenes meridionalis,48460/1/47120/372739/47158/184884/47157/47224/47922/202067/202068/50337/50336,jpg
http://inaturalist-open-data.s3.amazonaws.com/photos/38969162/large.jpg,Siproeta stelenes meridionalis,48460/1/47120/372739/47158/184884/47157/47224/47922/202067/202068/50337/50336,jpg
http://inaturalist-open-data.s3.amazonaws.com/photos/45224062/large.jpg,Siproeta stelenes meridionalis,48460/1/47120/372739/47158/184884/47157/47224/47922/202067/202068/50337/50336,jpg
http://inaturalist-open-data.s3.amazonaws.com/photos/46110329/large.jpeg,Siproeta stelenes meridionalis,48460/1/47120/372739/47158/184884/47157/47224/47922/202067/202068/50337/50336,jpeg
http://inaturalist-open-data.s3.amazonaws.com/photos/46110457/large.jpeg,Siproeta stelenes meridionalis,48460/1/47120/372739/47158/184884/47157/47224/47922/202067/202068/50337/50336,jpeg
http://inaturalist-open-data.s3.amazonaws.com/photos/53337082/large.jpg,Siproeta stelenes meridionalis,48460/1/47120/372739/47158/184884/47157/47224/47922/202067/202068/50337/50336,jpg
http://inaturalist-open-data.s3.amazonaws.com/photos/53337089/large.jpg,Siproeta stelenes meridionalis,48460/1/47120/372739/47158/184884/47157/47224/47922/202067/202068/50337/50336,jpg
http://inaturalist-open-data.s3.amazonaws.com/photos/53337075/large.jpg,Siproeta stelenes meridionalis,48460/1/47120/372739/47158/184884/47157/47224/47922/202067/202068/50337/50336,jpg
http://inaturalist-open-data.s3.amazonaws.com/photos/53337104/large.jpeg,Siproeta stelenes meridionalis,48460/1/47120/372739/47158/184884/47157/47224/47922/202067/202068/50337/50336,jpeg
http://inaturalist-open-data.s3.amazonaws.com/photos/53337109/large.jpeg,Siproeta stelenes meridionalis,48460/1/47120/372739/47158/184884/47157/47224/47922/202067/202068/50337/50336,jpeg
http://inaturalist-open-data.s3.amazonaws.com/photos/60593601/large.jpg,Siproeta stelenes meridionalis,48460/1/47120/372739/47158/184884/47157/47224/47922/202067/202068/50337/50336,jpg
http://inaturalist-open-data.s3.amazonaws.com/photos/63976828/large.jpeg,Siproeta stelenes meridionalis,48460/1/47120/372739/47158/184884/47157/47224/47922/202067/202068/50337/50336,jpeg
http://inaturalist-open-data.s3.amazonaws.com/photos/72858287/large.jpg,Siproeta stelenes meridionalis,48460/1/47120/372739/47158/184884/47157/47224/47922/202067/202068/50337/50336,jpg
http://inaturalist-open-data.s3.amazonaws.com/photos/72858302/large.jpg,Siproeta stelenes meridionalis,48460/1/47120/372739/47158/184884/47157/47224/47922/202067/202068/50337/50336,jpg
http://inaturalist-open-data.s3.amazonaws.com/photos/82111148/large.jpeg,Siproeta stelenes meridionalis,48460/1/47120/372739/47158/184884/47157/47224/47922/202067/202068/50337/50336,jpeg
http://inaturalist-open-data.s3.amazonaws.com/photos/82916963/large.jpeg,Siproeta stelenes meridionalis,48460/1/47120/372739/47158/184884/47157/47224/47922/202067/202068/50337/50336,jpeg
http://inaturalist-open-data.s3.amazonaws.com/photos/82942196/large.jpeg,Siproeta stelenes meridionalis,48460/1/47120/372739/47158/184884/47157/47224/47922/202067/202068/50337/50336,jpeg
http://inaturalist-open-data.s3.amazonaws.com/photos/83766116/large.jpeg,Siproeta stelenes meridionalis,48460/1/47120/372739/47158/184884/47157/47224/47922/202067/202068/50337/50336,jpeg
http://inaturalist-open-data.s3.amazonaws.com/photos/86212446/large.jpeg,Siproeta stelenes meridionalis,48460/1/47120/372739/47158/184884/47157/47224/47922/202067/202068/50337/50336,jpeg
http://inaturalist-open-data.s3.amazonaws.com/photos/86366428/large.jpeg,Siproeta stelenes meridionalis,48460/1/47120/372739/47158/184884/47157/47224/47922/202067/202068/50337/50336,jpeg
http://inaturalist-open-data.s3.amazonaws.com/photos/92598177/large.jpeg,Siproeta stelenes meridionalis,48460/1/47120/372739/47158/184884/47157/47224/47922/202067/202068/50337/50336,jpeg
http://inaturalist-open-data.s3.amazonaws.com/photos/95424490/large.jpeg,Siproeta stelenes meridionalis,48460/1/47120/372739/47158/184884/47157/47224/47922/202067/202068/50337/50336,jpeg
http://inaturalist-open-data.s3.amazonaws.com/photos/102393004/large.jpeg,Siproeta stelenes meridionalis,48460/1/47120/372739/47158/184884/47157/47224/47922/202067/202068/50337/50336,jpeg
http://inaturalist-open-data.s3.amazonaws.com/photos/108520090/large.jpeg,Siproeta stelenes meridionalis,48460/1/47120/372739/47158/184884/47157/47224/47922/202067/202068/50337/50336,jpeg
http://inaturalist-open-data.s3.amazonaws.com/photos/108520083/large.jpeg,Siproeta stelenes meridionalis,48460/1/47120/372739/47158/184884/47157/47224/47922/202067/202068/50337/50336,jpeg
http://inaturalist-open-data.s3.amazonaws.com/photos/109319212/large.jpg,Siproeta stelenes meridionalis,48460/1/47120/372739/47158/184884/47157/47224/47922/202067/202068/50337/50336,jpg
http://inaturalist-open-data.s3.amazonaws.com/photos/109492696/large.jpeg,Siproeta stelenes meridionalis,48460/1/47120/372739/47158/184884/47157/47224/47922/202067/202068/50337/50336,jpeg
http://inaturalist-open-data.s3.amazonaws.com/photos/113218902/large.jpg,Siproeta stelenes meridionalis,48460/1/47120/372739/47158/184884/47157/47224/47922/202067/202068/50337/50336,jpg
http://inaturalist-open-data.s3.amazonaws.com/photos/113218953/large.jpeg,Siproeta stelenes meridionalis,48460/1/47120/372739/47158/184884/47157/47224/47922/202067/202068/50337/50336,jpeg
http://inaturalist-open-data.s3.amazonaws.com/photos/113218998/large.jpeg,Siproeta stelenes meridionalis,48460/1/47120/372739/47158/184884/47157/47224/47922/202067/202068/50337/50336,jpeg
http://inaturalist-open-data.s3.amazonaws.com/photos/113219074/large.jpeg,Siproeta stelenes meridionalis,48460/1/47120/372739/47158/184884/47157/47224/47922/202067/202068/50337/50336,jpeg
http://inaturalist-open-data.s3.amazonaws.com/photos/113219134/large.jpeg,Siproeta stelenes meridionalis,48460/1/47120/372739/47158/184884/47157/47224/47922/202067/202068/50337/50336,jpeg
http://inaturalist-open-data.s3.amazonaws.com/photos/117620989/large.jpeg,Siproeta stelenes meridionalis,48460/1/47120/372739/47158/184884/47157/47224/47922/202067/202068/50337/50336,jpeg
http://inaturalist-open-data.s3.amazonaws.com/photos/118950804/large.jpeg,Siproeta stelenes meridionalis,48460/1/47120/372739/47158/184884/47157/47224/47922/202067/202068/50337/50336,jpeg
http://inaturalist-open-data.s3.amazonaws.com/photos/118950842/large.jpeg,Siproeta stelenes meridionalis,48460/1/47120/372739/47158/184884/47157/47224/47922/202067/202068/50337/50336,jpeg
http://inaturalist-open-data.s3.amazonaws.com/photos/118950864/large.jpeg,Siproeta stelenes meridionalis,48460/1/47120/372739/47158/184884/47157/47224/47922/202067/202068/50337/50336,jpeg
http://inaturalist-open-data.s3.amazonaws.com/photos/122966560/large.jpg,Siproeta stelenes meridionalis,48460/1/47120/372739/47158/184884/47157/47224/47922/202067/202068/50337/50336,jpg
http://inaturalist-open-data.s3.amazonaws.com/photos/124841992/large.jpeg,Siproeta stelenes meridionalis,48460/1/47120/372739/47158/184884/47157/47224/47922/202067/202068/50337/50336,jpeg
http://inaturalist-open-data.s3.amazonaws.com/photos/129105340/large.jpeg,Siproeta stelenes meridionalis,48460/1/47120/372739/47158/184884/47157/47224/47922/202067/202068/50337/50336,jpeg
http://inaturalist-open-data.s3.amazonaws.com/photos/129105376/large.jpeg,Siproeta stelenes meridionalis,48460/1/47120/372739/47158/184884/47157/47224/47922/202067/202068/50337/50336,jpeg
http://inaturalist-open-data.s3.amazonaws.com/photos/129105416/large.jpeg,Siproeta stelenes meridionalis,48460/1/47120/372739/47158/184884/47157/47224/47922/202067/202068/50337/50336,jpeg
http://inaturalist-open-data.s3.amazonaws.com/photos/139239308/large.jpg,Siproeta stelenes meridionalis,48460/1/47120/372739/47158/184884/47157/47224/47922/202067/202068/50337/50336,jpg
http://inaturalist-open-data.s3.amazonaws.com/photos/141322380/large.jpg,Siproeta stelenes meridionalis,48460/1/47120/372739/47158/184884/47157/47224/47922/202067/202068/50337/50336,jpg
http://inaturalist-open-data.s3.amazonaws.com/photos/146059922/large.jpg,Siproeta stelenes meridionalis,48460/1/47120/372739/47158/184884/47157/47224/47922/202067/202068/50337/50336,jpg
http://inaturalist-open-data.s3.amazonaws.com/photos/148815876/large.jpeg,Siproeta stelenes meridionalis,48460/1/47120/372739/47158/184884/47157/47224/47922/202067/202068/50337/50336,jpeg
http://inaturalist-open-data.s3.amazonaws.com/photos/153736236/large.jpeg,Siproeta stelenes meridionalis,48460/1/47120/372739/47158/184884/47157/47224/47922/202067/202068/50337/50336,jpeg
http://inaturalist-open-data.s3.amazonaws.com/photos/153736251/large.jpeg,Siproeta stelenes meridionalis,48460/1/47120/372739/47158/184884/47157/47224/47922/202067/202068/50337/50336,jpeg
http://inaturalist-open-data.s3.amazonaws.com/photos/165848491/large.jpeg,Siproeta stelenes meridionalis,48460/1/47120/372739/47158/184884/47157/47224/47922/202067/202068/50337/50336,jpeg
http://inaturalist-open-data.s3.amazonaws.com/photos/165848520/large.jpeg,Siproeta stelenes meridionalis,48460/1/47120/372739/47158/184884/47157/47224/47922/202067/202068/50337/50336,jpeg
http://inaturalist-open-data.s3.amazonaws.com/photos/170807631/large.jpg,Siproeta stelenes meridionalis,48460/1/47120/372739/47158/184884/47157/47224/47922/202067/202068/50337/50336,jpg
http://inaturalist-open-data.s3.amazonaws.com/photos/172673775/large.jpeg,Siproeta stelenes meridionalis,48460/1/47120/372739/47158/184884/47157/47224/47922/202067/202068/50337/50336,jpeg
http://inaturalist-open-data.s3.amazonaws.com/photos/172673790/large.jpeg,Siproeta stelenes meridionalis,48460/1/47120/372739/47158/184884/47157/47224/47922/202067/202068/50337/50336,jpeg
http://inaturalist-open-data.s3.amazonaws.com/photos/172673801/large.jpeg,Siproeta stelenes meridionalis,48460/1/47120/372739/47158/184884/47157/47224/47922/202067/202068/50337/50336,jpeg
http://inaturalist-open-data.s3.amazonaws.com/photos/172673816/large.jpeg,Siproeta stelenes meridionalis,48460/1/47120/372739/47158/184884/47157/47224/47922/202067/202068/50337/50336,jpeg
http://inaturalist-open-data.s3.amazonaws.com/photos/173852492/large.jpeg,Siproeta stelenes meridionalis,48460/1/47120/372739/47158/184884/47157/47224/47922/202067/202068/50337/50336,jpeg
http://inaturalist-open-data.s3.amazonaws.com/photos/174643349/large.jpeg,Siproeta stelenes meridionalis,48460/1/47120/372739/47158/184884/47157/47224/47922/202067/202068/50337/50336,jpeg
