photo_url_large,taxon_name,ancestry,extension
http://inaturalist-open-data.s3.amazonaws.com/photos/90669327/large.jpg,Speyeria nokomis nokomis,48460/1/47120/372739/47158/184884/47157/47224/47922/60854/134168/47981/68271,jpg
http://inaturalist-open-data.s3.amazonaws.com/photos/152273715/large.jpg,Speyeria nokomis nokomis,48460/1/47120/372739/47158/184884/47157/47224/47922/60854/134168/47981/68271,jpg
http://inaturalist-open-data.s3.amazonaws.com/photos/152273768/large.jpg,Speyeria nokomis nokomis,48460/1/47120/372739/47158/184884/47157/47224/47922/60854/134168/47981/68271,jpg
http://inaturalist-open-data.s3.amazonaws.com/photos/152273838/large.jpg,Speyeria nokomis nokomis,48460/1/47120/372739/47158/184884/47157/47224/47922/60854/134168/47981/68271,jpg
http://inaturalist-open-data.s3.amazonaws.com/photos/152273525/large.jpg,Speyeria nokomis nokomis,48460/1/47120/372739/47158/184884/47157/47224/47922/60854/134168/47981/68271,jpg
