photo_url_large,taxon_name,ancestry,extension
http://inaturalist-open-data.s3.amazonaws.com/photos/25544370/large.jpg,Speyeria coronis snyderi,48460/1/47120/372739/47158/184884/47157/47224/47922/60854/134168/47981/59168,jpg
http://inaturalist-open-data.s3.amazonaws.com/photos/25544372/large.jpg,Speyeria coronis snyderi,48460/1/47120/372739/47158/184884/47157/47224/47922/60854/134168/47981/59168,jpg
http://inaturalist-open-data.s3.amazonaws.com/photos/87164123/large.jpg,Speyeria coronis snyderi,48460/1/47120/372739/47158/184884/47157/47224/47922/60854/134168/47981/59168,jpg
http://inaturalist-open-data.s3.amazonaws.com/photos/87164146/large.jpg,Speyeria coronis snyderi,48460/1/47120/372739/47158/184884/47157/47224/47922/60854/134168/47981/59168,jpg
http://inaturalist-open-data.s3.amazonaws.com/photos/87164168/large.jpg,Speyeria coronis snyderi,48460/1/47120/372739/47158/184884/47157/47224/47922/60854/134168/47981/59168,jpg
http://inaturalist-open-data.s3.amazonaws.com/photos/105786074/large.jpg,Speyeria coronis snyderi,48460/1/47120/372739/47158/184884/47157/47224/47922/60854/134168/47981/59168,jpg
http://inaturalist-open-data.s3.amazonaws.com/photos/105786071/large.jpg,Speyeria coronis snyderi,48460/1/47120/372739/47158/184884/47157/47224/47922/60854/134168/47981/59168,jpg
http://inaturalist-open-data.s3.amazonaws.com/photos/105690927/large.jpg,Speyeria coronis snyderi,48460/1/47120/372739/47158/184884/47157/47224/47922/60854/134168/47981/59168,jpg
http://inaturalist-open-data.s3.amazonaws.com/photos/105690929/large.jpg,Speyeria coronis snyderi,48460/1/47120/372739/47158/184884/47157/47224/47922/60854/134168/47981/59168,jpg
http://inaturalist-open-data.s3.amazonaws.com/photos/105692055/large.jpg,Speyeria coronis snyderi,48460/1/47120/372739/47158/184884/47157/47224/47922/60854/134168/47981/59168,jpg
http://inaturalist-open-data.s3.amazonaws.com/photos/105692051/large.jpg,Speyeria coronis snyderi,48460/1/47120/372739/47158/184884/47157/47224/47922/60854/134168/47981/59168,jpg
