photo_url_large,taxon_name,ancestry,extension
http://inaturalist-open-data.s3.amazonaws.com/photos/22357268/large.jpg,Speyeria zerene puntareyes,48460/1/47120/372739/47158/184884/47157/47224/47922/60854/134168/47981/68245,jpg
http://inaturalist-open-data.s3.amazonaws.com/photos/22357271/large.jpg,Speyeria zerene puntareyes,48460/1/47120/372739/47158/184884/47157/47224/47922/60854/134168/47981/68245,jpg
http://inaturalist-open-data.s3.amazonaws.com/photos/22357282/large.jpg,Speyeria zerene puntareyes,48460/1/47120/372739/47158/184884/47157/47224/47922/60854/134168/47981/68245,jpg
http://inaturalist-open-data.s3.amazonaws.com/photos/22360323/large.jpg,Speyeria zerene puntareyes,48460/1/47120/372739/47158/184884/47157/47224/47922/60854/134168/47981/68245,jpg
http://inaturalist-open-data.s3.amazonaws.com/photos/52261154/large.jpg,Speyeria zerene puntareyes,48460/1/47120/372739/47158/184884/47157/47224/47922/60854/134168/47981/68245,jpg
http://inaturalist-open-data.s3.amazonaws.com/photos/28961540/large.jpg,Speyeria zerene puntareyes,48460/1/47120/372739/47158/184884/47157/47224/47922/60854/134168/47981/68245,jpg
http://inaturalist-open-data.s3.amazonaws.com/photos/52261165/large.jpg,Speyeria zerene puntareyes,48460/1/47120/372739/47158/184884/47157/47224/47922/60854/134168/47981/68245,jpg
http://inaturalist-open-data.s3.amazonaws.com/photos/52261181/large.jpg,Speyeria zerene puntareyes,48460/1/47120/372739/47158/184884/47157/47224/47922/60854/134168/47981/68245,jpg
http://inaturalist-open-data.s3.amazonaws.com/photos/52261206/large.jpg,Speyeria zerene puntareyes,48460/1/47120/372739/47158/184884/47157/47224/47922/60854/134168/47981/68245,jpg
http://inaturalist-open-data.s3.amazonaws.com/photos/52262402/large.jpg,Speyeria zerene puntareyes,48460/1/47120/372739/47158/184884/47157/47224/47922/60854/134168/47981/68245,jpg
http://inaturalist-open-data.s3.amazonaws.com/photos/28963415/large.jpg,Speyeria zerene puntareyes,48460/1/47120/372739/47158/184884/47157/47224/47922/60854/134168/47981/68245,jpg
http://inaturalist-open-data.s3.amazonaws.com/photos/28965752/large.jpg,Speyeria zerene puntareyes,48460/1/47120/372739/47158/184884/47157/47224/47922/60854/134168/47981/68245,jpg
http://inaturalist-open-data.s3.amazonaws.com/photos/28966168/large.jpg,Speyeria zerene puntareyes,48460/1/47120/372739/47158/184884/47157/47224/47922/60854/134168/47981/68245,jpg
http://inaturalist-open-data.s3.amazonaws.com/photos/28967472/large.jpg,Speyeria zerene puntareyes,48460/1/47120/372739/47158/184884/47157/47224/47922/60854/134168/47981/68245,jpg
http://inaturalist-open-data.s3.amazonaws.com/photos/28967677/large.jpg,Speyeria zerene puntareyes,48460/1/47120/372739/47158/184884/47157/47224/47922/60854/134168/47981/68245,jpg
http://inaturalist-open-data.s3.amazonaws.com/photos/28969315/large.jpg,Speyeria zerene puntareyes,48460/1/47120/372739/47158/184884/47157/47224/47922/60854/134168/47981/68245,jpg
http://inaturalist-open-data.s3.amazonaws.com/photos/28969543/large.jpg,Speyeria zerene puntareyes,48460/1/47120/372739/47158/184884/47157/47224/47922/60854/134168/47981/68245,jpg
http://inaturalist-open-data.s3.amazonaws.com/photos/28978457/large.jpg,Speyeria zerene puntareyes,48460/1/47120/372739/47158/184884/47157/47224/47922/60854/134168/47981/68245,jpg
http://inaturalist-open-data.s3.amazonaws.com/photos/28978732/large.jpg,Speyeria zerene puntareyes,48460/1/47120/372739/47158/184884/47157/47224/47922/60854/134168/47981/68245,jpg
http://inaturalist-open-data.s3.amazonaws.com/photos/28978962/large.jpg,Speyeria zerene puntareyes,48460/1/47120/372739/47158/184884/47157/47224/47922/60854/134168/47981/68245,jpg
http://inaturalist-open-data.s3.amazonaws.com/photos/28980032/large.jpg,Speyeria zerene puntareyes,48460/1/47120/372739/47158/184884/47157/47224/47922/60854/134168/47981/68245,jpg
http://inaturalist-open-data.s3.amazonaws.com/photos/28980171/large.jpg,Speyeria zerene puntareyes,48460/1/47120/372739/47158/184884/47157/47224/47922/60854/134168/47981/68245,jpg
http://inaturalist-open-data.s3.amazonaws.com/photos/28980390/large.jpg,Speyeria zerene puntareyes,48460/1/47120/372739/47158/184884/47157/47224/47922/60854/134168/47981/68245,jpg
http://inaturalist-open-data.s3.amazonaws.com/photos/28985804/large.jpg,Speyeria zerene puntareyes,48460/1/47120/372739/47158/184884/47157/47224/47922/60854/134168/47981/68245,jpg
http://inaturalist-open-data.s3.amazonaws.com/photos/28985964/large.jpg,Speyeria zerene puntareyes,48460/1/47120/372739/47158/184884/47157/47224/47922/60854/134168/47981/68245,jpg
http://inaturalist-open-data.s3.amazonaws.com/photos/29009808/large.jpg,Speyeria zerene puntareyes,48460/1/47120/372739/47158/184884/47157/47224/47922/60854/134168/47981/68245,jpg
http://inaturalist-open-data.s3.amazonaws.com/photos/29010048/large.jpg,Speyeria zerene puntareyes,48460/1/47120/372739/47158/184884/47157/47224/47922/60854/134168/47981/68245,jpg
http://inaturalist-open-data.s3.amazonaws.com/photos/29021188/large.jpg,Speyeria zerene puntareyes,48460/1/47120/372739/47158/184884/47157/47224/47922/60854/134168/47981/68245,jpg
http://inaturalist-open-data.s3.amazonaws.com/photos/29025143/large.jpg,Speyeria zerene puntareyes,48460/1/47120/372739/47158/184884/47157/47224/47922/60854/134168/47981/68245,jpg
http://inaturalist-open-data.s3.amazonaws.com/photos/29025281/large.jpg,Speyeria zerene puntareyes,48460/1/47120/372739/47158/184884/47157/47224/47922/60854/134168/47981/68245,jpg
http://inaturalist-open-data.s3.amazonaws.com/photos/29025450/large.jpg,Speyeria zerene puntareyes,48460/1/47120/372739/47158/184884/47157/47224/47922/60854/134168/47981/68245,jpg
http://inaturalist-open-data.s3.amazonaws.com/photos/29036462/large.jpg,Speyeria zerene puntareyes,48460/1/47120/372739/47158/184884/47157/47224/47922/60854/134168/47981/68245,jpg
http://inaturalist-open-data.s3.amazonaws.com/photos/29037331/large.jpg,Speyeria zerene puntareyes,48460/1/47120/372739/47158/184884/47157/47224/47922/60854/134168/47981/68245,jpg
http://inaturalist-open-data.s3.amazonaws.com/photos/29037505/large.jpg,Speyeria zerene puntareyes,48460/1/47120/372739/47158/184884/47157/47224/47922/60854/134168/47981/68245,jpg
http://inaturalist-open-data.s3.amazonaws.com/photos/29037808/large.jpg,Speyeria zerene puntareyes,48460/1/47120/372739/47158/184884/47157/47224/47922/60854/134168/47981/68245,jpg
http://inaturalist-open-data.s3.amazonaws.com/photos/29037983/large.jpg,Speyeria zerene puntareyes,48460/1/47120/372739/47158/184884/47157/47224/47922/60854/134168/47981/68245,jpg
http://inaturalist-open-data.s3.amazonaws.com/photos/29038752/large.jpg,Speyeria zerene puntareyes,48460/1/47120/372739/47158/184884/47157/47224/47922/60854/134168/47981/68245,jpg
http://inaturalist-open-data.s3.amazonaws.com/photos/29038933/large.jpg,Speyeria zerene puntareyes,48460/1/47120/372739/47158/184884/47157/47224/47922/60854/134168/47981/68245,jpg
http://inaturalist-open-data.s3.amazonaws.com/photos/29040287/large.jpg,Speyeria zerene puntareyes,48460/1/47120/372739/47158/184884/47157/47224/47922/60854/134168/47981/68245,jpg
http://inaturalist-open-data.s3.amazonaws.com/photos/29041131/large.jpg,Speyeria zerene puntareyes,48460/1/47120/372739/47158/184884/47157/47224/47922/60854/134168/47981/68245,jpg
http://inaturalist-open-data.s3.amazonaws.com/photos/29041320/large.jpg,Speyeria zerene puntareyes,48460/1/47120/372739/47158/184884/47157/47224/47922/60854/134168/47981/68245,jpg
http://inaturalist-open-data.s3.amazonaws.com/photos/29042818/large.jpg,Speyeria zerene puntareyes,48460/1/47120/372739/47158/184884/47157/47224/47922/60854/134168/47981/68245,jpg
http://inaturalist-open-data.s3.amazonaws.com/photos/29044535/large.jpg,Speyeria zerene puntareyes,48460/1/47120/372739/47158/184884/47157/47224/47922/60854/134168/47981/68245,jpg
http://inaturalist-open-data.s3.amazonaws.com/photos/29044888/large.jpg,Speyeria zerene puntareyes,48460/1/47120/372739/47158/184884/47157/47224/47922/60854/134168/47981/68245,jpg
http://inaturalist-open-data.s3.amazonaws.com/photos/29045194/large.jpg,Speyeria zerene puntareyes,48460/1/47120/372739/47158/184884/47157/47224/47922/60854/134168/47981/68245,jpg
http://inaturalist-open-data.s3.amazonaws.com/photos/29045657/large.jpg,Speyeria zerene puntareyes,48460/1/47120/372739/47158/184884/47157/47224/47922/60854/134168/47981/68245,jpg
http://inaturalist-open-data.s3.amazonaws.com/photos/29049241/large.jpg,Speyeria zerene puntareyes,48460/1/47120/372739/47158/184884/47157/47224/47922/60854/134168/47981/68245,jpg
http://inaturalist-open-data.s3.amazonaws.com/photos/29051054/large.jpg,Speyeria zerene puntareyes,48460/1/47120/372739/47158/184884/47157/47224/47922/60854/134168/47981/68245,jpg
http://inaturalist-open-data.s3.amazonaws.com/photos/29051653/large.jpg,Speyeria zerene puntareyes,48460/1/47120/372739/47158/184884/47157/47224/47922/60854/134168/47981/68245,jpg
http://inaturalist-open-data.s3.amazonaws.com/photos/29051913/large.jpg,Speyeria zerene puntareyes,48460/1/47120/372739/47158/184884/47157/47224/47922/60854/134168/47981/68245,jpg
http://inaturalist-open-data.s3.amazonaws.com/photos/29052719/large.jpg,Speyeria zerene puntareyes,48460/1/47120/372739/47158/184884/47157/47224/47922/60854/134168/47981/68245,jpg
http://inaturalist-open-data.s3.amazonaws.com/photos/29084012/large.jpg,Speyeria zerene puntareyes,48460/1/47120/372739/47158/184884/47157/47224/47922/60854/134168/47981/68245,jpg
http://inaturalist-open-data.s3.amazonaws.com/photos/91015705/large.jpg,Speyeria zerene puntareyes,48460/1/47120/372739/47158/184884/47157/47224/47922/60854/134168/47981/68245,jpg
http://inaturalist-open-data.s3.amazonaws.com/photos/91015383/large.jpg,Speyeria zerene puntareyes,48460/1/47120/372739/47158/184884/47157/47224/47922/60854/134168/47981/68245,jpg
http://inaturalist-open-data.s3.amazonaws.com/photos/91015646/large.jpg,Speyeria zerene puntareyes,48460/1/47120/372739/47158/184884/47157/47224/47922/60854/134168/47981/68245,jpg
http://inaturalist-open-data.s3.amazonaws.com/photos/91015613/large.jpg,Speyeria zerene puntareyes,48460/1/47120/372739/47158/184884/47157/47224/47922/60854/134168/47981/68245,jpg
http://inaturalist-open-data.s3.amazonaws.com/photos/91015518/large.jpg,Speyeria zerene puntareyes,48460/1/47120/372739/47158/184884/47157/47224/47922/60854/134168/47981/68245,jpg
http://inaturalist-open-data.s3.amazonaws.com/photos/91015553/large.jpg,Speyeria zerene puntareyes,48460/1/47120/372739/47158/184884/47157/47224/47922/60854/134168/47981/68245,jpg
http://inaturalist-open-data.s3.amazonaws.com/photos/91015747/large.jpg,Speyeria zerene puntareyes,48460/1/47120/372739/47158/184884/47157/47224/47922/60854/134168/47981/68245,jpg
http://inaturalist-open-data.s3.amazonaws.com/photos/91015444/large.jpg,Speyeria zerene puntareyes,48460/1/47120/372739/47158/184884/47157/47224/47922/60854/134168/47981/68245,jpg
http://inaturalist-open-data.s3.amazonaws.com/photos/29087118/large.jpg,Speyeria zerene puntareyes,48460/1/47120/372739/47158/184884/47157/47224/47922/60854/134168/47981/68245,jpg
http://inaturalist-open-data.s3.amazonaws.com/photos/29087697/large.jpg,Speyeria zerene puntareyes,48460/1/47120/372739/47158/184884/47157/47224/47922/60854/134168/47981/68245,jpg
http://inaturalist-open-data.s3.amazonaws.com/photos/29087997/large.jpg,Speyeria zerene puntareyes,48460/1/47120/372739/47158/184884/47157/47224/47922/60854/134168/47981/68245,jpg
http://inaturalist-open-data.s3.amazonaws.com/photos/90499520/large.jpg,Speyeria zerene puntareyes,48460/1/47120/372739/47158/184884/47157/47224/47922/60854/134168/47981/68245,jpg
http://inaturalist-open-data.s3.amazonaws.com/photos/29092393/large.jpg,Speyeria zerene puntareyes,48460/1/47120/372739/47158/184884/47157/47224/47922/60854/134168/47981/68245,jpg
http://inaturalist-open-data.s3.amazonaws.com/photos/44594834/large.jpg,Speyeria zerene puntareyes,48460/1/47120/372739/47158/184884/47157/47224/47922/60854/134168/47981/68245,jpg
http://inaturalist-open-data.s3.amazonaws.com/photos/44628650/large.jpeg,Speyeria zerene puntareyes,48460/1/47120/372739/47158/184884/47157/47224/47922/60854/134168/47981/68245,jpeg
http://inaturalist-open-data.s3.amazonaws.com/photos/44627710/large.jpeg,Speyeria zerene puntareyes,48460/1/47120/372739/47158/184884/47157/47224/47922/60854/134168/47981/68245,jpeg
http://inaturalist-open-data.s3.amazonaws.com/photos/45199085/large.jpeg,Speyeria zerene puntareyes,48460/1/47120/372739/47158/184884/47157/47224/47922/60854/134168/47981/68245,jpeg
http://inaturalist-open-data.s3.amazonaws.com/photos/45199132/large.jpeg,Speyeria zerene puntareyes,48460/1/47120/372739/47158/184884/47157/47224/47922/60854/134168/47981/68245,jpeg
http://inaturalist-open-data.s3.amazonaws.com/photos/46113546/large.jpeg,Speyeria zerene puntareyes,48460/1/47120/372739/47158/184884/47157/47224/47922/60854/134168/47981/68245,jpeg
http://inaturalist-open-data.s3.amazonaws.com/photos/46113566/large.jpg,Speyeria zerene puntareyes,48460/1/47120/372739/47158/184884/47157/47224/47922/60854/134168/47981/68245,jpg
http://inaturalist-open-data.s3.amazonaws.com/photos/46113879/large.jpeg,Speyeria zerene puntareyes,48460/1/47120/372739/47158/184884/47157/47224/47922/60854/134168/47981/68245,jpeg
http://inaturalist-open-data.s3.amazonaws.com/photos/46113895/large.jpg,Speyeria zerene puntareyes,48460/1/47120/372739/47158/184884/47157/47224/47922/60854/134168/47981/68245,jpg
http://inaturalist-open-data.s3.amazonaws.com/photos/46114456/large.jpeg,Speyeria zerene puntareyes,48460/1/47120/372739/47158/184884/47157/47224/47922/60854/134168/47981/68245,jpeg
http://inaturalist-open-data.s3.amazonaws.com/photos/46114445/large.jpeg,Speyeria zerene puntareyes,48460/1/47120/372739/47158/184884/47157/47224/47922/60854/134168/47981/68245,jpeg
http://inaturalist-open-data.s3.amazonaws.com/photos/46114466/large.jpeg,Speyeria zerene puntareyes,48460/1/47120/372739/47158/184884/47157/47224/47922/60854/134168/47981/68245,jpeg
http://inaturalist-open-data.s3.amazonaws.com/photos/46114479/large.jpeg,Speyeria zerene puntareyes,48460/1/47120/372739/47158/184884/47157/47224/47922/60854/134168/47981/68245,jpeg
http://inaturalist-open-data.s3.amazonaws.com/photos/46114495/large.jpg,Speyeria zerene puntareyes,48460/1/47120/372739/47158/184884/47157/47224/47922/60854/134168/47981/68245,jpg
http://inaturalist-open-data.s3.amazonaws.com/photos/46114505/large.jpeg,Speyeria zerene puntareyes,48460/1/47120/372739/47158/184884/47157/47224/47922/60854/134168/47981/68245,jpeg
http://inaturalist-open-data.s3.amazonaws.com/photos/46114514/large.jpeg,Speyeria zerene puntareyes,48460/1/47120/372739/47158/184884/47157/47224/47922/60854/134168/47981/68245,jpeg
http://inaturalist-open-data.s3.amazonaws.com/photos/46126154/large.jpg,Speyeria zerene puntareyes,48460/1/47120/372739/47158/184884/47157/47224/47922/60854/134168/47981/68245,jpg
http://inaturalist-open-data.s3.amazonaws.com/photos/46126074/large.jpeg,Speyeria zerene puntareyes,48460/1/47120/372739/47158/184884/47157/47224/47922/60854/134168/47981/68245,jpeg
http://inaturalist-open-data.s3.amazonaws.com/photos/46126085/large.jpeg,Speyeria zerene puntareyes,48460/1/47120/372739/47158/184884/47157/47224/47922/60854/134168/47981/68245,jpeg
http://inaturalist-open-data.s3.amazonaws.com/photos/46126102/large.jpg,Speyeria zerene puntareyes,48460/1/47120/372739/47158/184884/47157/47224/47922/60854/134168/47981/68245,jpg
http://inaturalist-open-data.s3.amazonaws.com/photos/46126124/large.jpeg,Speyeria zerene puntareyes,48460/1/47120/372739/47158/184884/47157/47224/47922/60854/134168/47981/68245,jpeg
http://inaturalist-open-data.s3.amazonaws.com/photos/47404644/large.jpg,Speyeria zerene puntareyes,48460/1/47120/372739/47158/184884/47157/47224/47922/60854/134168/47981/68245,jpg
http://inaturalist-open-data.s3.amazonaws.com/photos/47405478/large.jpg,Speyeria zerene puntareyes,48460/1/47120/372739/47158/184884/47157/47224/47922/60854/134168/47981/68245,jpg
http://inaturalist-open-data.s3.amazonaws.com/photos/52263602/large.jpg,Speyeria zerene puntareyes,48460/1/47120/372739/47158/184884/47157/47224/47922/60854/134168/47981/68245,jpg
http://inaturalist-open-data.s3.amazonaws.com/photos/52264377/large.jpg,Speyeria zerene puntareyes,48460/1/47120/372739/47158/184884/47157/47224/47922/60854/134168/47981/68245,jpg
http://inaturalist-open-data.s3.amazonaws.com/photos/52264437/large.jpg,Speyeria zerene puntareyes,48460/1/47120/372739/47158/184884/47157/47224/47922/60854/134168/47981/68245,jpg
http://inaturalist-open-data.s3.amazonaws.com/photos/84548461/large.jpg,Speyeria zerene puntareyes,48460/1/47120/372739/47158/184884/47157/47224/47922/60854/134168/47981/68245,jpg
http://inaturalist-open-data.s3.amazonaws.com/photos/85134583/large.jpeg,Speyeria zerene puntareyes,48460/1/47120/372739/47158/184884/47157/47224/47922/60854/134168/47981/68245,jpeg
http://inaturalist-open-data.s3.amazonaws.com/photos/85134739/large.jpeg,Speyeria zerene puntareyes,48460/1/47120/372739/47158/184884/47157/47224/47922/60854/134168/47981/68245,jpeg
http://inaturalist-open-data.s3.amazonaws.com/photos/85134979/large.jpeg,Speyeria zerene puntareyes,48460/1/47120/372739/47158/184884/47157/47224/47922/60854/134168/47981/68245,jpeg
http://inaturalist-open-data.s3.amazonaws.com/photos/85136863/large.jpeg,Speyeria zerene puntareyes,48460/1/47120/372739/47158/184884/47157/47224/47922/60854/134168/47981/68245,jpeg
http://inaturalist-open-data.s3.amazonaws.com/photos/85137082/large.jpeg,Speyeria zerene puntareyes,48460/1/47120/372739/47158/184884/47157/47224/47922/60854/134168/47981/68245,jpeg
http://inaturalist-open-data.s3.amazonaws.com/photos/85136792/large.jpeg,Speyeria zerene puntareyes,48460/1/47120/372739/47158/184884/47157/47224/47922/60854/134168/47981/68245,jpeg
http://inaturalist-open-data.s3.amazonaws.com/photos/85146505/large.jpeg,Speyeria zerene puntareyes,48460/1/47120/372739/47158/184884/47157/47224/47922/60854/134168/47981/68245,jpeg
http://inaturalist-open-data.s3.amazonaws.com/photos/85146215/large.jpeg,Speyeria zerene puntareyes,48460/1/47120/372739/47158/184884/47157/47224/47922/60854/134168/47981/68245,jpeg
http://inaturalist-open-data.s3.amazonaws.com/photos/85146392/large.jpeg,Speyeria zerene puntareyes,48460/1/47120/372739/47158/184884/47157/47224/47922/60854/134168/47981/68245,jpeg
http://inaturalist-open-data.s3.amazonaws.com/photos/85146554/large.jpeg,Speyeria zerene puntareyes,48460/1/47120/372739/47158/184884/47157/47224/47922/60854/134168/47981/68245,jpeg
http://inaturalist-open-data.s3.amazonaws.com/photos/85146644/large.jpeg,Speyeria zerene puntareyes,48460/1/47120/372739/47158/184884/47157/47224/47922/60854/134168/47981/68245,jpeg
http://inaturalist-open-data.s3.amazonaws.com/photos/85146768/large.jpeg,Speyeria zerene puntareyes,48460/1/47120/372739/47158/184884/47157/47224/47922/60854/134168/47981/68245,jpeg
http://inaturalist-open-data.s3.amazonaws.com/photos/85149455/large.jpeg,Speyeria zerene puntareyes,48460/1/47120/372739/47158/184884/47157/47224/47922/60854/134168/47981/68245,jpeg
http://inaturalist-open-data.s3.amazonaws.com/photos/85149662/large.jpeg,Speyeria zerene puntareyes,48460/1/47120/372739/47158/184884/47157/47224/47922/60854/134168/47981/68245,jpeg
http://inaturalist-open-data.s3.amazonaws.com/photos/85149748/large.jpeg,Speyeria zerene puntareyes,48460/1/47120/372739/47158/184884/47157/47224/47922/60854/134168/47981/68245,jpeg
http://inaturalist-open-data.s3.amazonaws.com/photos/85149909/large.jpeg,Speyeria zerene puntareyes,48460/1/47120/372739/47158/184884/47157/47224/47922/60854/134168/47981/68245,jpeg
http://inaturalist-open-data.s3.amazonaws.com/photos/85150066/large.jpeg,Speyeria zerene puntareyes,48460/1/47120/372739/47158/184884/47157/47224/47922/60854/134168/47981/68245,jpeg
http://inaturalist-open-data.s3.amazonaws.com/photos/85149534/large.jpeg,Speyeria zerene puntareyes,48460/1/47120/372739/47158/184884/47157/47224/47922/60854/134168/47981/68245,jpeg
http://inaturalist-open-data.s3.amazonaws.com/photos/85149228/large.jpeg,Speyeria zerene puntareyes,48460/1/47120/372739/47158/184884/47157/47224/47922/60854/134168/47981/68245,jpeg
http://inaturalist-open-data.s3.amazonaws.com/photos/85149298/large.jpeg,Speyeria zerene puntareyes,48460/1/47120/372739/47158/184884/47157/47224/47922/60854/134168/47981/68245,jpeg
http://inaturalist-open-data.s3.amazonaws.com/photos/85149314/large.jpeg,Speyeria zerene puntareyes,48460/1/47120/372739/47158/184884/47157/47224/47922/60854/134168/47981/68245,jpeg
http://inaturalist-open-data.s3.amazonaws.com/photos/85149402/large.jpeg,Speyeria zerene puntareyes,48460/1/47120/372739/47158/184884/47157/47224/47922/60854/134168/47981/68245,jpeg
http://inaturalist-open-data.s3.amazonaws.com/photos/85168207/large.jpeg,Speyeria zerene puntareyes,48460/1/47120/372739/47158/184884/47157/47224/47922/60854/134168/47981/68245,jpeg
http://inaturalist-open-data.s3.amazonaws.com/photos/85168055/large.jpeg,Speyeria zerene puntareyes,48460/1/47120/372739/47158/184884/47157/47224/47922/60854/134168/47981/68245,jpeg
http://inaturalist-open-data.s3.amazonaws.com/photos/85167652/large.jpeg,Speyeria zerene puntareyes,48460/1/47120/372739/47158/184884/47157/47224/47922/60854/134168/47981/68245,jpeg
http://inaturalist-open-data.s3.amazonaws.com/photos/85167696/large.jpeg,Speyeria zerene puntareyes,48460/1/47120/372739/47158/184884/47157/47224/47922/60854/134168/47981/68245,jpeg
http://inaturalist-open-data.s3.amazonaws.com/photos/85167717/large.jpeg,Speyeria zerene puntareyes,48460/1/47120/372739/47158/184884/47157/47224/47922/60854/134168/47981/68245,jpeg
http://inaturalist-open-data.s3.amazonaws.com/photos/85167813/large.jpeg,Speyeria zerene puntareyes,48460/1/47120/372739/47158/184884/47157/47224/47922/60854/134168/47981/68245,jpeg
http://inaturalist-open-data.s3.amazonaws.com/photos/85168132/large.jpeg,Speyeria zerene puntareyes,48460/1/47120/372739/47158/184884/47157/47224/47922/60854/134168/47981/68245,jpeg
http://inaturalist-open-data.s3.amazonaws.com/photos/142432623/large.jpeg,Speyeria zerene puntareyes,48460/1/47120/372739/47158/184884/47157/47224/47922/60854/134168/47981/68245,jpeg
http://inaturalist-open-data.s3.amazonaws.com/photos/142432801/large.jpeg,Speyeria zerene puntareyes,48460/1/47120/372739/47158/184884/47157/47224/47922/60854/134168/47981/68245,jpeg
http://inaturalist-open-data.s3.amazonaws.com/photos/142432908/large.jpeg,Speyeria zerene puntareyes,48460/1/47120/372739/47158/184884/47157/47224/47922/60854/134168/47981/68245,jpeg
http://inaturalist-open-data.s3.amazonaws.com/photos/142435218/large.jpeg,Speyeria zerene puntareyes,48460/1/47120/372739/47158/184884/47157/47224/47922/60854/134168/47981/68245,jpeg
http://inaturalist-open-data.s3.amazonaws.com/photos/142435918/large.jpeg,Speyeria zerene puntareyes,48460/1/47120/372739/47158/184884/47157/47224/47922/60854/134168/47981/68245,jpeg
http://inaturalist-open-data.s3.amazonaws.com/photos/142438242/large.jpeg,Speyeria zerene puntareyes,48460/1/47120/372739/47158/184884/47157/47224/47922/60854/134168/47981/68245,jpeg
http://inaturalist-open-data.s3.amazonaws.com/photos/145737545/large.jpeg,Speyeria zerene puntareyes,48460/1/47120/372739/47158/184884/47157/47224/47922/60854/134168/47981/68245,jpeg
http://inaturalist-open-data.s3.amazonaws.com/photos/145737550/large.jpeg,Speyeria zerene puntareyes,48460/1/47120/372739/47158/184884/47157/47224/47922/60854/134168/47981/68245,jpeg
http://inaturalist-open-data.s3.amazonaws.com/photos/145737558/large.jpeg,Speyeria zerene puntareyes,48460/1/47120/372739/47158/184884/47157/47224/47922/60854/134168/47981/68245,jpeg
http://inaturalist-open-data.s3.amazonaws.com/photos/145737573/large.jpeg,Speyeria zerene puntareyes,48460/1/47120/372739/47158/184884/47157/47224/47922/60854/134168/47981/68245,jpeg
http://inaturalist-open-data.s3.amazonaws.com/photos/145737594/large.jpeg,Speyeria zerene puntareyes,48460/1/47120/372739/47158/184884/47157/47224/47922/60854/134168/47981/68245,jpeg
http://inaturalist-open-data.s3.amazonaws.com/photos/145737611/large.jpeg,Speyeria zerene puntareyes,48460/1/47120/372739/47158/184884/47157/47224/47922/60854/134168/47981/68245,jpeg
