photo_url_large,taxon_name,ancestry,extension
http://inaturalist-open-data.s3.amazonaws.com/photos/390113/large.jpg,Speyeria zerene myrtleae,48460/1/47120/372739/47158/184884/47157/47224/47922/60854/134168/47981/68245,jpg
http://inaturalist-open-data.s3.amazonaws.com/photos/973562/large.jpg,Speyeria zerene myrtleae,48460/1/47120/372739/47158/184884/47157/47224/47922/60854/134168/47981/68245,jpg
http://inaturalist-open-data.s3.amazonaws.com/photos/973563/large.jpg,Speyeria zerene myrtleae,48460/1/47120/372739/47158/184884/47157/47224/47922/60854/134168/47981/68245,jpg
http://inaturalist-open-data.s3.amazonaws.com/photos/973564/large.jpg,Speyeria zerene myrtleae,48460/1/47120/372739/47158/184884/47157/47224/47922/60854/134168/47981/68245,jpg
http://inaturalist-open-data.s3.amazonaws.com/photos/973565/large.jpg,Speyeria zerene myrtleae,48460/1/47120/372739/47158/184884/47157/47224/47922/60854/134168/47981/68245,jpg
http://inaturalist-open-data.s3.amazonaws.com/photos/1005456/large.jpg,Speyeria zerene myrtleae,48460/1/47120/372739/47158/184884/47157/47224/47922/60854/134168/47981/68245,jpg
http://inaturalist-open-data.s3.amazonaws.com/photos/1315401/large.jpg,Speyeria zerene myrtleae,48460/1/47120/372739/47158/184884/47157/47224/47922/60854/134168/47981/68245,jpg
http://inaturalist-open-data.s3.amazonaws.com/photos/2138254/large.JPG,Speyeria zerene myrtleae,48460/1/47120/372739/47158/184884/47157/47224/47922/60854/134168/47981/68245,JPG
http://inaturalist-open-data.s3.amazonaws.com/photos/2137933/large.JPG,Speyeria zerene myrtleae,48460/1/47120/372739/47158/184884/47157/47224/47922/60854/134168/47981/68245,JPG
http://inaturalist-open-data.s3.amazonaws.com/photos/2137928/large.JPG,Speyeria zerene myrtleae,48460/1/47120/372739/47158/184884/47157/47224/47922/60854/134168/47981/68245,JPG
http://inaturalist-open-data.s3.amazonaws.com/photos/2157158/large.jpg,Speyeria zerene myrtleae,48460/1/47120/372739/47158/184884/47157/47224/47922/60854/134168/47981/68245,jpg
http://inaturalist-open-data.s3.amazonaws.com/photos/2157295/large.jpg,Speyeria zerene myrtleae,48460/1/47120/372739/47158/184884/47157/47224/47922/60854/134168/47981/68245,jpg
http://inaturalist-open-data.s3.amazonaws.com/photos/8346008/large.jpeg,Speyeria zerene myrtleae,48460/1/47120/372739/47158/184884/47157/47224/47922/60854/134168/47981/68245,jpeg
http://inaturalist-open-data.s3.amazonaws.com/photos/20491265/large.jpg,Speyeria zerene myrtleae,48460/1/47120/372739/47158/184884/47157/47224/47922/60854/134168/47981/68245,jpg
http://inaturalist-open-data.s3.amazonaws.com/photos/20491135/large.jpeg,Speyeria zerene myrtleae,48460/1/47120/372739/47158/184884/47157/47224/47922/60854/134168/47981/68245,jpeg
http://inaturalist-open-data.s3.amazonaws.com/photos/20491100/large.jpeg,Speyeria zerene myrtleae,48460/1/47120/372739/47158/184884/47157/47224/47922/60854/134168/47981/68245,jpeg
http://inaturalist-open-data.s3.amazonaws.com/photos/20698634/large.jpeg,Speyeria zerene myrtleae,48460/1/47120/372739/47158/184884/47157/47224/47922/60854/134168/47981/68245,jpeg
http://inaturalist-open-data.s3.amazonaws.com/photos/20967574/large.jpeg,Speyeria zerene myrtleae,48460/1/47120/372739/47158/184884/47157/47224/47922/60854/134168/47981/68245,jpeg
http://inaturalist-open-data.s3.amazonaws.com/photos/21277558/large.jpg,Speyeria zerene myrtleae,48460/1/47120/372739/47158/184884/47157/47224/47922/60854/134168/47981/68245,jpg
http://inaturalist-open-data.s3.amazonaws.com/photos/21277550/large.jpg,Speyeria zerene myrtleae,48460/1/47120/372739/47158/184884/47157/47224/47922/60854/134168/47981/68245,jpg
http://inaturalist-open-data.s3.amazonaws.com/photos/21277568/large.jpg,Speyeria zerene myrtleae,48460/1/47120/372739/47158/184884/47157/47224/47922/60854/134168/47981/68245,jpg
http://inaturalist-open-data.s3.amazonaws.com/photos/21277576/large.jpg,Speyeria zerene myrtleae,48460/1/47120/372739/47158/184884/47157/47224/47922/60854/134168/47981/68245,jpg
http://inaturalist-open-data.s3.amazonaws.com/photos/21277588/large.jpg,Speyeria zerene myrtleae,48460/1/47120/372739/47158/184884/47157/47224/47922/60854/134168/47981/68245,jpg
http://inaturalist-open-data.s3.amazonaws.com/photos/21277601/large.jpg,Speyeria zerene myrtleae,48460/1/47120/372739/47158/184884/47157/47224/47922/60854/134168/47981/68245,jpg
http://inaturalist-open-data.s3.amazonaws.com/photos/21277608/large.jpg,Speyeria zerene myrtleae,48460/1/47120/372739/47158/184884/47157/47224/47922/60854/134168/47981/68245,jpg
http://inaturalist-open-data.s3.amazonaws.com/photos/21277615/large.jpg,Speyeria zerene myrtleae,48460/1/47120/372739/47158/184884/47157/47224/47922/60854/134168/47981/68245,jpg
http://inaturalist-open-data.s3.amazonaws.com/photos/21277633/large.jpg,Speyeria zerene myrtleae,48460/1/47120/372739/47158/184884/47157/47224/47922/60854/134168/47981/68245,jpg
http://inaturalist-open-data.s3.amazonaws.com/photos/21277667/large.jpg,Speyeria zerene myrtleae,48460/1/47120/372739/47158/184884/47157/47224/47922/60854/134168/47981/68245,jpg
http://inaturalist-open-data.s3.amazonaws.com/photos/21277692/large.jpg,Speyeria zerene myrtleae,48460/1/47120/372739/47158/184884/47157/47224/47922/60854/134168/47981/68245,jpg
http://inaturalist-open-data.s3.amazonaws.com/photos/21277708/large.jpg,Speyeria zerene myrtleae,48460/1/47120/372739/47158/184884/47157/47224/47922/60854/134168/47981/68245,jpg
http://inaturalist-open-data.s3.amazonaws.com/photos/21277773/large.jpg,Speyeria zerene myrtleae,48460/1/47120/372739/47158/184884/47157/47224/47922/60854/134168/47981/68245,jpg
http://inaturalist-open-data.s3.amazonaws.com/photos/21277792/large.jpg,Speyeria zerene myrtleae,48460/1/47120/372739/47158/184884/47157/47224/47922/60854/134168/47981/68245,jpg
http://inaturalist-open-data.s3.amazonaws.com/photos/21277802/large.jpg,Speyeria zerene myrtleae,48460/1/47120/372739/47158/184884/47157/47224/47922/60854/134168/47981/68245,jpg
http://inaturalist-open-data.s3.amazonaws.com/photos/21277811/large.jpg,Speyeria zerene myrtleae,48460/1/47120/372739/47158/184884/47157/47224/47922/60854/134168/47981/68245,jpg
http://inaturalist-open-data.s3.amazonaws.com/photos/21277822/large.jpg,Speyeria zerene myrtleae,48460/1/47120/372739/47158/184884/47157/47224/47922/60854/134168/47981/68245,jpg
http://inaturalist-open-data.s3.amazonaws.com/photos/21277833/large.jpg,Speyeria zerene myrtleae,48460/1/47120/372739/47158/184884/47157/47224/47922/60854/134168/47981/68245,jpg
http://inaturalist-open-data.s3.amazonaws.com/photos/21277853/large.jpg,Speyeria zerene myrtleae,48460/1/47120/372739/47158/184884/47157/47224/47922/60854/134168/47981/68245,jpg
http://inaturalist-open-data.s3.amazonaws.com/photos/29024988/large.jpg,Speyeria zerene myrtleae,48460/1/47120/372739/47158/184884/47157/47224/47922/60854/134168/47981/68245,jpg
