photo_url_large,taxon_name,ancestry,extension
http://inaturalist-open-data.s3.amazonaws.com/photos/15921912/large.jpg,Sternocera orissa bertolonii,48460/1/47120/372739/47158/184884/47208/71130/372854/54965/54964/510103/201324/450851,jpg
http://inaturalist-open-data.s3.amazonaws.com/photos/15921920/large.jpg,Sternocera orissa bertolonii,48460/1/47120/372739/47158/184884/47208/71130/372854/54965/54964/510103/201324/450851,jpg
http://inaturalist-open-data.s3.amazonaws.com/photos/114747586/large.jpeg,Sternocera orissa bertolonii,48460/1/47120/372739/47158/184884/47208/71130/372854/54965/54964/510103/201324/450851,jpeg
http://inaturalist-open-data.s3.amazonaws.com/photos/114747422/large.jpeg,Sternocera orissa bertolonii,48460/1/47120/372739/47158/184884/47208/71130/372854/54965/54964/510103/201324/450851,jpeg
http://inaturalist-open-data.s3.amazonaws.com/photos/114747475/large.jpeg,Sternocera orissa bertolonii,48460/1/47120/372739/47158/184884/47208/71130/372854/54965/54964/510103/201324/450851,jpeg
http://inaturalist-open-data.s3.amazonaws.com/photos/114747436/large.jpeg,Sternocera orissa bertolonii,48460/1/47120/372739/47158/184884/47208/71130/372854/54965/54964/510103/201324/450851,jpeg
http://inaturalist-open-data.s3.amazonaws.com/photos/114747455/large.jpeg,Sternocera orissa bertolonii,48460/1/47120/372739/47158/184884/47208/71130/372854/54965/54964/510103/201324/450851,jpeg
http://inaturalist-open-data.s3.amazonaws.com/photos/114747503/large.jpeg,Sternocera orissa bertolonii,48460/1/47120/372739/47158/184884/47208/71130/372854/54965/54964/510103/201324/450851,jpeg
http://inaturalist-open-data.s3.amazonaws.com/photos/114747545/large.jpeg,Sternocera orissa bertolonii,48460/1/47120/372739/47158/184884/47208/71130/372854/54965/54964/510103/201324/450851,jpeg
http://inaturalist-open-data.s3.amazonaws.com/photos/114747516/large.jpeg,Sternocera orissa bertolonii,48460/1/47120/372739/47158/184884/47208/71130/372854/54965/54964/510103/201324/450851,jpeg
http://inaturalist-open-data.s3.amazonaws.com/photos/114747555/large.jpeg,Sternocera orissa bertolonii,48460/1/47120/372739/47158/184884/47208/71130/372854/54965/54964/510103/201324/450851,jpeg
http://inaturalist-open-data.s3.amazonaws.com/photos/114747583/large.jpeg,Sternocera orissa bertolonii,48460/1/47120/372739/47158/184884/47208/71130/372854/54965/54964/510103/201324/450851,jpeg
http://inaturalist-open-data.s3.amazonaws.com/photos/114747589/large.jpeg,Sternocera orissa bertolonii,48460/1/47120/372739/47158/184884/47208/71130/372854/54965/54964/510103/201324/450851,jpeg
http://inaturalist-open-data.s3.amazonaws.com/photos/116375710/large.jpeg,Sternocera orissa bertolonii,48460/1/47120/372739/47158/184884/47208/71130/372854/54965/54964/510103/201324/450851,jpeg
http://inaturalist-open-data.s3.amazonaws.com/photos/116375724/large.jpeg,Sternocera orissa bertolonii,48460/1/47120/372739/47158/184884/47208/71130/372854/54965/54964/510103/201324/450851,jpeg
http://inaturalist-open-data.s3.amazonaws.com/photos/118734183/large.jpeg,Sternocera orissa bertolonii,48460/1/47120/372739/47158/184884/47208/71130/372854/54965/54964/510103/201324/450851,jpeg
