photo_url_large,taxon_name,ancestry,extension
http://inaturalist-open-data.s3.amazonaws.com/photos/9501566/large.jpeg,Surendra vivarna amisena,48460/1/47120/372739/47158/184884/47157/47224/47923/125830/125843/429763/429762,jpeg
http://inaturalist-open-data.s3.amazonaws.com/photos/10022626/large.jpeg,Surendra vivarna amisena,48460/1/47120/372739/47158/184884/47157/47224/47923/125830/125843/429763/429762,jpeg
http://inaturalist-open-data.s3.amazonaws.com/photos/10621730/large.jpg,Surendra vivarna amisena,48460/1/47120/372739/47158/184884/47157/47224/47923/125830/125843/429763/429762,jpg
http://inaturalist-open-data.s3.amazonaws.com/photos/11929432/large.jpeg,Surendra vivarna amisena,48460/1/47120/372739/47158/184884/47157/47224/47923/125830/125843/429763/429762,jpeg
http://inaturalist-open-data.s3.amazonaws.com/photos/32680426/large.jpg,Surendra vivarna amisena,48460/1/47120/372739/47158/184884/47157/47224/47923/125830/125843/429763/429762,jpg
http://inaturalist-open-data.s3.amazonaws.com/photos/36891833/large.jpeg,Surendra vivarna amisena,48460/1/47120/372739/47158/184884/47157/47224/47923/125830/125843/429763/429762,jpeg
http://inaturalist-open-data.s3.amazonaws.com/photos/36891900/large.jpeg,Surendra vivarna amisena,48460/1/47120/372739/47158/184884/47157/47224/47923/125830/125843/429763/429762,jpeg
http://inaturalist-open-data.s3.amazonaws.com/photos/36928333/large.jpeg,Surendra vivarna amisena,48460/1/47120/372739/47158/184884/47157/47224/47923/125830/125843/429763/429762,jpeg
http://inaturalist-open-data.s3.amazonaws.com/photos/36929084/large.jpeg,Surendra vivarna amisena,48460/1/47120/372739/47158/184884/47157/47224/47923/125830/125843/429763/429762,jpeg
http://inaturalist-open-data.s3.amazonaws.com/photos/37796062/large.jpg,Surendra vivarna amisena,48460/1/47120/372739/47158/184884/47157/47224/47923/125830/125843/429763/429762,jpg
http://inaturalist-open-data.s3.amazonaws.com/photos/46062522/large.jpg,Surendra vivarna amisena,48460/1/47120/372739/47158/184884/47157/47224/47923/125830/125843/429763/429762,jpg
http://inaturalist-open-data.s3.amazonaws.com/photos/60696671/large.jpg,Surendra vivarna amisena,48460/1/47120/372739/47158/184884/47157/47224/47923/125830/125843/429763/429762,jpg
http://inaturalist-open-data.s3.amazonaws.com/photos/103616992/large.jpeg,Surendra vivarna amisena,48460/1/47120/372739/47158/184884/47157/47224/47923/125830/125843/429763/429762,jpeg
http://inaturalist-open-data.s3.amazonaws.com/photos/103616907/large.jpeg,Surendra vivarna amisena,48460/1/47120/372739/47158/184884/47157/47224/47923/125830/125843/429763/429762,jpeg
http://inaturalist-open-data.s3.amazonaws.com/photos/103616886/large.jpeg,Surendra vivarna amisena,48460/1/47120/372739/47158/184884/47157/47224/47923/125830/125843/429763/429762,jpeg
http://inaturalist-open-data.s3.amazonaws.com/photos/103616955/large.jpeg,Surendra vivarna amisena,48460/1/47120/372739/47158/184884/47157/47224/47923/125830/125843/429763/429762,jpeg
http://inaturalist-open-data.s3.amazonaws.com/photos/105598891/large.jpeg,Surendra vivarna amisena,48460/1/47120/372739/47158/184884/47157/47224/47923/125830/125843/429763/429762,jpeg
http://inaturalist-open-data.s3.amazonaws.com/photos/105598881/large.jpeg,Surendra vivarna amisena,48460/1/47120/372739/47158/184884/47157/47224/47923/125830/125843/429763/429762,jpeg
http://inaturalist-open-data.s3.amazonaws.com/photos/105598903/large.jpeg,Surendra vivarna amisena,48460/1/47120/372739/47158/184884/47157/47224/47923/125830/125843/429763/429762,jpeg
http://inaturalist-open-data.s3.amazonaws.com/photos/107073786/large.jpeg,Surendra vivarna amisena,48460/1/47120/372739/47158/184884/47157/47224/47923/125830/125843/429763/429762,jpeg
http://inaturalist-open-data.s3.amazonaws.com/photos/107073790/large.jpeg,Surendra vivarna amisena,48460/1/47120/372739/47158/184884/47157/47224/47923/125830/125843/429763/429762,jpeg
http://inaturalist-open-data.s3.amazonaws.com/photos/107073796/large.jpeg,Surendra vivarna amisena,48460/1/47120/372739/47158/184884/47157/47224/47923/125830/125843/429763/429762,jpeg
http://inaturalist-open-data.s3.amazonaws.com/photos/107728726/large.jpeg,Surendra vivarna amisena,48460/1/47120/372739/47158/184884/47157/47224/47923/125830/125843/429763/429762,jpeg
http://inaturalist-open-data.s3.amazonaws.com/photos/109546860/large.jpeg,Surendra vivarna amisena,48460/1/47120/372739/47158/184884/47157/47224/47923/125830/125843/429763/429762,jpeg
http://inaturalist-open-data.s3.amazonaws.com/photos/109546858/large.jpeg,Surendra vivarna amisena,48460/1/47120/372739/47158/184884/47157/47224/47923/125830/125843/429763/429762,jpeg
http://inaturalist-open-data.s3.amazonaws.com/photos/112125441/large.jpeg,Surendra vivarna amisena,48460/1/47120/372739/47158/184884/47157/47224/47923/125830/125843/429763/429762,jpeg
http://inaturalist-open-data.s3.amazonaws.com/photos/113099552/large.jpeg,Surendra vivarna amisena,48460/1/47120/372739/47158/184884/47157/47224/47923/125830/125843/429763/429762,jpeg
http://inaturalist-open-data.s3.amazonaws.com/photos/115898328/large.jpeg,Surendra vivarna amisena,48460/1/47120/372739/47158/184884/47157/47224/47923/125830/125843/429763/429762,jpeg
http://inaturalist-open-data.s3.amazonaws.com/photos/134028618/large.jpg,Surendra vivarna amisena,48460/1/47120/372739/47158/184884/47157/47224/47923/125830/125843/429763/429762,jpg
http://inaturalist-open-data.s3.amazonaws.com/photos/135759584/large.jpeg,Surendra vivarna amisena,48460/1/47120/372739/47158/184884/47157/47224/47923/125830/125843/429763/429762,jpeg
http://inaturalist-open-data.s3.amazonaws.com/photos/135759607/large.jpeg,Surendra vivarna amisena,48460/1/47120/372739/47158/184884/47157/47224/47923/125830/125843/429763/429762,jpeg
http://inaturalist-open-data.s3.amazonaws.com/photos/153442137/large.jpeg,Surendra vivarna amisena,48460/1/47120/372739/47158/184884/47157/47224/47923/125830/125843/429763/429762,jpeg
http://inaturalist-open-data.s3.amazonaws.com/photos/169323882/large.jpeg,Surendra vivarna amisena,48460/1/47120/372739/47158/184884/47157/47224/47923/125830/125843/429763/429762,jpeg
