photo_url_large,taxon_name,ancestry,extension
http://inaturalist-open-data.s3.amazonaws.com/photos/9194641/large.jpg,Symbrenthia lilaea luciana,48460/1/47120/372739/47158/184884/47157/47224/47922/202067/202066/124576/245783,jpg
http://inaturalist-open-data.s3.amazonaws.com/photos/36461888/large.jpg,Symbrenthia lilaea luciana,48460/1/47120/372739/47158/184884/47157/47224/47922/202067/202066/124576/245783,jpg
http://inaturalist-open-data.s3.amazonaws.com/photos/36461508/large.jpg,Symbrenthia lilaea luciana,48460/1/47120/372739/47158/184884/47157/47224/47922/202067/202066/124576/245783,jpg
http://inaturalist-open-data.s3.amazonaws.com/photos/36462100/large.jpg,Symbrenthia lilaea luciana,48460/1/47120/372739/47158/184884/47157/47224/47922/202067/202066/124576/245783,jpg
http://inaturalist-open-data.s3.amazonaws.com/photos/97077583/large.jpg,Symbrenthia lilaea luciana,48460/1/47120/372739/47158/184884/47157/47224/47922/202067/202066/124576/245783,jpg
