photo_url_large,taxon_name,ancestry,extension
http://inaturalist-open-data.s3.amazonaws.com/photos/2253092/large.jpg,Sympetrum eroticum eroticum,48460/1/47120/372739/47158/184884/47792/47927/1317176/47819/51556/113505,jpg
http://inaturalist-open-data.s3.amazonaws.com/photos/2434205/large.jpg,Sympetrum eroticum eroticum,48460/1/47120/372739/47158/184884/47792/47927/1317176/47819/51556/113505,jpg
http://inaturalist-open-data.s3.amazonaws.com/photos/2549287/large.jpg,Sympetrum eroticum eroticum,48460/1/47120/372739/47158/184884/47792/47927/1317176/47819/51556/113505,jpg
http://inaturalist-open-data.s3.amazonaws.com/photos/10172412/large.jpeg,Sympetrum eroticum eroticum,48460/1/47120/372739/47158/184884/47792/47927/1317176/47819/51556/113505,jpeg
http://inaturalist-open-data.s3.amazonaws.com/photos/10694344/large.jpeg,Sympetrum eroticum eroticum,48460/1/47120/372739/47158/184884/47792/47927/1317176/47819/51556/113505,jpeg
http://inaturalist-open-data.s3.amazonaws.com/photos/13230462/large.jpeg,Sympetrum eroticum eroticum,48460/1/47120/372739/47158/184884/47792/47927/1317176/47819/51556/113505,jpeg
http://inaturalist-open-data.s3.amazonaws.com/photos/13230449/large.jpeg,Sympetrum eroticum eroticum,48460/1/47120/372739/47158/184884/47792/47927/1317176/47819/51556/113505,jpeg
http://inaturalist-open-data.s3.amazonaws.com/photos/13466439/large.jpg,Sympetrum eroticum eroticum,48460/1/47120/372739/47158/184884/47792/47927/1317176/47819/51556/113505,jpg
http://inaturalist-open-data.s3.amazonaws.com/photos/13466438/large.jpg,Sympetrum eroticum eroticum,48460/1/47120/372739/47158/184884/47792/47927/1317176/47819/51556/113505,jpg
http://inaturalist-open-data.s3.amazonaws.com/photos/13466441/large.jpg,Sympetrum eroticum eroticum,48460/1/47120/372739/47158/184884/47792/47927/1317176/47819/51556/113505,jpg
http://inaturalist-open-data.s3.amazonaws.com/photos/46794605/large.jpeg,Sympetrum eroticum eroticum,48460/1/47120/372739/47158/184884/47792/47927/1317176/47819/51556/113505,jpeg
http://inaturalist-open-data.s3.amazonaws.com/photos/46794600/large.jpeg,Sympetrum eroticum eroticum,48460/1/47120/372739/47158/184884/47792/47927/1317176/47819/51556/113505,jpeg
http://inaturalist-open-data.s3.amazonaws.com/photos/46794612/large.jpeg,Sympetrum eroticum eroticum,48460/1/47120/372739/47158/184884/47792/47927/1317176/47819/51556/113505,jpeg
http://inaturalist-open-data.s3.amazonaws.com/photos/49471002/large.jpg,Sympetrum eroticum eroticum,48460/1/47120/372739/47158/184884/47792/47927/1317176/47819/51556/113505,jpg
http://inaturalist-open-data.s3.amazonaws.com/photos/50577003/large.jpeg,Sympetrum eroticum eroticum,48460/1/47120/372739/47158/184884/47792/47927/1317176/47819/51556/113505,jpeg
http://inaturalist-open-data.s3.amazonaws.com/photos/59325543/large.jpg,Sympetrum eroticum eroticum,48460/1/47120/372739/47158/184884/47792/47927/1317176/47819/51556/113505,jpg
http://inaturalist-open-data.s3.amazonaws.com/photos/59325545/large.jpg,Sympetrum eroticum eroticum,48460/1/47120/372739/47158/184884/47792/47927/1317176/47819/51556/113505,jpg
http://inaturalist-open-data.s3.amazonaws.com/photos/59325547/large.jpg,Sympetrum eroticum eroticum,48460/1/47120/372739/47158/184884/47792/47927/1317176/47819/51556/113505,jpg
http://inaturalist-open-data.s3.amazonaws.com/photos/59395117/large.jpg,Sympetrum eroticum eroticum,48460/1/47120/372739/47158/184884/47792/47927/1317176/47819/51556/113505,jpg
http://inaturalist-open-data.s3.amazonaws.com/photos/59549518/large.jpg,Sympetrum eroticum eroticum,48460/1/47120/372739/47158/184884/47792/47927/1317176/47819/51556/113505,jpg
http://inaturalist-open-data.s3.amazonaws.com/photos/59549520/large.jpg,Sympetrum eroticum eroticum,48460/1/47120/372739/47158/184884/47792/47927/1317176/47819/51556/113505,jpg
http://inaturalist-open-data.s3.amazonaws.com/photos/59549569/large.jpg,Sympetrum eroticum eroticum,48460/1/47120/372739/47158/184884/47792/47927/1317176/47819/51556/113505,jpg
http://inaturalist-open-data.s3.amazonaws.com/photos/59549602/large.jpg,Sympetrum eroticum eroticum,48460/1/47120/372739/47158/184884/47792/47927/1317176/47819/51556/113505,jpg
http://inaturalist-open-data.s3.amazonaws.com/photos/59549597/large.jpg,Sympetrum eroticum eroticum,48460/1/47120/372739/47158/184884/47792/47927/1317176/47819/51556/113505,jpg
http://inaturalist-open-data.s3.amazonaws.com/photos/59549599/large.jpg,Sympetrum eroticum eroticum,48460/1/47120/372739/47158/184884/47792/47927/1317176/47819/51556/113505,jpg
http://inaturalist-open-data.s3.amazonaws.com/photos/59549622/large.jpg,Sympetrum eroticum eroticum,48460/1/47120/372739/47158/184884/47792/47927/1317176/47819/51556/113505,jpg
http://inaturalist-open-data.s3.amazonaws.com/photos/59549638/large.jpg,Sympetrum eroticum eroticum,48460/1/47120/372739/47158/184884/47792/47927/1317176/47819/51556/113505,jpg
http://inaturalist-open-data.s3.amazonaws.com/photos/59549636/large.jpg,Sympetrum eroticum eroticum,48460/1/47120/372739/47158/184884/47792/47927/1317176/47819/51556/113505,jpg
http://inaturalist-open-data.s3.amazonaws.com/photos/59549648/large.jpg,Sympetrum eroticum eroticum,48460/1/47120/372739/47158/184884/47792/47927/1317176/47819/51556/113505,jpg
http://inaturalist-open-data.s3.amazonaws.com/photos/59549646/large.jpg,Sympetrum eroticum eroticum,48460/1/47120/372739/47158/184884/47792/47927/1317176/47819/51556/113505,jpg
http://inaturalist-open-data.s3.amazonaws.com/photos/59549651/large.jpg,Sympetrum eroticum eroticum,48460/1/47120/372739/47158/184884/47792/47927/1317176/47819/51556/113505,jpg
http://inaturalist-open-data.s3.amazonaws.com/photos/59549652/large.jpg,Sympetrum eroticum eroticum,48460/1/47120/372739/47158/184884/47792/47927/1317176/47819/51556/113505,jpg
http://inaturalist-open-data.s3.amazonaws.com/photos/59549654/large.jpg,Sympetrum eroticum eroticum,48460/1/47120/372739/47158/184884/47792/47927/1317176/47819/51556/113505,jpg
http://inaturalist-open-data.s3.amazonaws.com/photos/59549655/large.jpg,Sympetrum eroticum eroticum,48460/1/47120/372739/47158/184884/47792/47927/1317176/47819/51556/113505,jpg
http://inaturalist-open-data.s3.amazonaws.com/photos/59795961/large.jpg,Sympetrum eroticum eroticum,48460/1/47120/372739/47158/184884/47792/47927/1317176/47819/51556/113505,jpg
http://inaturalist-open-data.s3.amazonaws.com/photos/59795968/large.jpg,Sympetrum eroticum eroticum,48460/1/47120/372739/47158/184884/47792/47927/1317176/47819/51556/113505,jpg
http://inaturalist-open-data.s3.amazonaws.com/photos/59795974/large.jpg,Sympetrum eroticum eroticum,48460/1/47120/372739/47158/184884/47792/47927/1317176/47819/51556/113505,jpg
http://inaturalist-open-data.s3.amazonaws.com/photos/59796085/large.jpg,Sympetrum eroticum eroticum,48460/1/47120/372739/47158/184884/47792/47927/1317176/47819/51556/113505,jpg
http://inaturalist-open-data.s3.amazonaws.com/photos/59796088/large.jpg,Sympetrum eroticum eroticum,48460/1/47120/372739/47158/184884/47792/47927/1317176/47819/51556/113505,jpg
http://inaturalist-open-data.s3.amazonaws.com/photos/74716841/large.jpg,Sympetrum eroticum eroticum,48460/1/47120/372739/47158/184884/47792/47927/1317176/47819/51556/113505,jpg
http://inaturalist-open-data.s3.amazonaws.com/photos/75939929/large.jpg,Sympetrum eroticum eroticum,48460/1/47120/372739/47158/184884/47792/47927/1317176/47819/51556/113505,jpg
http://inaturalist-open-data.s3.amazonaws.com/photos/82715230/large.jpg,Sympetrum eroticum eroticum,48460/1/47120/372739/47158/184884/47792/47927/1317176/47819/51556/113505,jpg
http://inaturalist-open-data.s3.amazonaws.com/photos/82715209/large.jpg,Sympetrum eroticum eroticum,48460/1/47120/372739/47158/184884/47792/47927/1317176/47819/51556/113505,jpg
http://inaturalist-open-data.s3.amazonaws.com/photos/93532324/large.jpeg,Sympetrum eroticum eroticum,48460/1/47120/372739/47158/184884/47792/47927/1317176/47819/51556/113505,jpeg
http://inaturalist-open-data.s3.amazonaws.com/photos/95687254/large.jpeg,Sympetrum eroticum eroticum,48460/1/47120/372739/47158/184884/47792/47927/1317176/47819/51556/113505,jpeg
http://inaturalist-open-data.s3.amazonaws.com/photos/95687260/large.jpeg,Sympetrum eroticum eroticum,48460/1/47120/372739/47158/184884/47792/47927/1317176/47819/51556/113505,jpeg
http://inaturalist-open-data.s3.amazonaws.com/photos/95687265/large.jpeg,Sympetrum eroticum eroticum,48460/1/47120/372739/47158/184884/47792/47927/1317176/47819/51556/113505,jpeg
http://inaturalist-open-data.s3.amazonaws.com/photos/99273324/large.jpeg,Sympetrum eroticum eroticum,48460/1/47120/372739/47158/184884/47792/47927/1317176/47819/51556/113505,jpeg
http://inaturalist-open-data.s3.amazonaws.com/photos/102582816/large.jpeg,Sympetrum eroticum eroticum,48460/1/47120/372739/47158/184884/47792/47927/1317176/47819/51556/113505,jpeg
http://inaturalist-open-data.s3.amazonaws.com/photos/104696632/large.jpeg,Sympetrum eroticum eroticum,48460/1/47120/372739/47158/184884/47792/47927/1317176/47819/51556/113505,jpeg
http://inaturalist-open-data.s3.amazonaws.com/photos/104876996/large.jpeg,Sympetrum eroticum eroticum,48460/1/47120/372739/47158/184884/47792/47927/1317176/47819/51556/113505,jpeg
http://inaturalist-open-data.s3.amazonaws.com/photos/106057610/large.jpeg,Sympetrum eroticum eroticum,48460/1/47120/372739/47158/184884/47792/47927/1317176/47819/51556/113505,jpeg
http://inaturalist-open-data.s3.amazonaws.com/photos/106057616/large.jpeg,Sympetrum eroticum eroticum,48460/1/47120/372739/47158/184884/47792/47927/1317176/47819/51556/113505,jpeg
http://inaturalist-open-data.s3.amazonaws.com/photos/151163015/large.jpeg,Sympetrum eroticum eroticum,48460/1/47120/372739/47158/184884/47792/47927/1317176/47819/51556/113505,jpeg
http://inaturalist-open-data.s3.amazonaws.com/photos/151316116/large.jpeg,Sympetrum eroticum eroticum,48460/1/47120/372739/47158/184884/47792/47927/1317176/47819/51556/113505,jpeg
http://inaturalist-open-data.s3.amazonaws.com/photos/151178169/large.jpeg,Sympetrum eroticum eroticum,48460/1/47120/372739/47158/184884/47792/47927/1317176/47819/51556/113505,jpeg
http://inaturalist-open-data.s3.amazonaws.com/photos/151316171/large.jpeg,Sympetrum eroticum eroticum,48460/1/47120/372739/47158/184884/47792/47927/1317176/47819/51556/113505,jpeg
http://inaturalist-open-data.s3.amazonaws.com/photos/151316199/large.jpeg,Sympetrum eroticum eroticum,48460/1/47120/372739/47158/184884/47792/47927/1317176/47819/51556/113505,jpeg
