photo_url_large,taxon_name,ancestry,extension
http://inaturalist-open-data.s3.amazonaws.com/photos/30089542/large.jpg,Syntypistis charistera fraseriana,48460/1/47120/372739/47158/184884/47157/47607/47718/122424/557791/151780/556682,jpg
http://inaturalist-open-data.s3.amazonaws.com/photos/30303878/large.jpg,Syntypistis charistera fraseriana,48460/1/47120/372739/47158/184884/47157/47607/47718/122424/557791/151780/556682,jpg
http://inaturalist-open-data.s3.amazonaws.com/photos/30303886/large.jpg,Syntypistis charistera fraseriana,48460/1/47120/372739/47158/184884/47157/47607/47718/122424/557791/151780/556682,jpg
http://inaturalist-open-data.s3.amazonaws.com/photos/30303893/large.jpg,Syntypistis charistera fraseriana,48460/1/47120/372739/47158/184884/47157/47607/47718/122424/557791/151780/556682,jpg
http://inaturalist-open-data.s3.amazonaws.com/photos/30303899/large.jpg,Syntypistis charistera fraseriana,48460/1/47120/372739/47158/184884/47157/47607/47718/122424/557791/151780/556682,jpg
http://inaturalist-open-data.s3.amazonaws.com/photos/30303907/large.jpg,Syntypistis charistera fraseriana,48460/1/47120/372739/47158/184884/47157/47607/47718/122424/557791/151780/556682,jpg
http://inaturalist-open-data.s3.amazonaws.com/photos/30303911/large.jpg,Syntypistis charistera fraseriana,48460/1/47120/372739/47158/184884/47157/47607/47718/122424/557791/151780/556682,jpg
http://inaturalist-open-data.s3.amazonaws.com/photos/30303916/large.jpg,Syntypistis charistera fraseriana,48460/1/47120/372739/47158/184884/47157/47607/47718/122424/557791/151780/556682,jpg
http://inaturalist-open-data.s3.amazonaws.com/photos/62008114/large.jpg,Syntypistis charistera fraseriana,48460/1/47120/372739/47158/184884/47157/47607/47718/122424/557791/151780/556682,jpg
http://inaturalist-open-data.s3.amazonaws.com/photos/62008120/large.jpg,Syntypistis charistera fraseriana,48460/1/47120/372739/47158/184884/47157/47607/47718/122424/557791/151780/556682,jpg
http://inaturalist-open-data.s3.amazonaws.com/photos/62008125/large.jpg,Syntypistis charistera fraseriana,48460/1/47120/372739/47158/184884/47157/47607/47718/122424/557791/151780/556682,jpg
http://inaturalist-open-data.s3.amazonaws.com/photos/62008424/large.jpg,Syntypistis charistera fraseriana,48460/1/47120/372739/47158/184884/47157/47607/47718/122424/557791/151780/556682,jpg
