photo_url_large,taxon_name,ancestry,extension
http://inaturalist-open-data.s3.amazonaws.com/photos/55108691/large.jpeg,Tachypompilus ferrugineus bicolor,48460/1/47120/372739/47158/184884/47201/124417/326777/1269342/54028/201315/366768/147352/147347,jpeg
http://inaturalist-open-data.s3.amazonaws.com/photos/55108695/large.jpeg,Tachypompilus ferrugineus bicolor,48460/1/47120/372739/47158/184884/47201/124417/326777/1269342/54028/201315/366768/147352/147347,jpeg
http://inaturalist-open-data.s3.amazonaws.com/photos/55108697/large.jpeg,Tachypompilus ferrugineus bicolor,48460/1/47120/372739/47158/184884/47201/124417/326777/1269342/54028/201315/366768/147352/147347,jpeg
http://inaturalist-open-data.s3.amazonaws.com/photos/119539958/large.jpeg,Tachypompilus ferrugineus bicolor,48460/1/47120/372739/47158/184884/47201/124417/326777/1269342/54028/201315/366768/147352/147347,jpeg
http://inaturalist-open-data.s3.amazonaws.com/photos/119539888/large.jpeg,Tachypompilus ferrugineus bicolor,48460/1/47120/372739/47158/184884/47201/124417/326777/1269342/54028/201315/366768/147352/147347,jpeg
http://inaturalist-open-data.s3.amazonaws.com/photos/119544210/large.jpeg,Tachypompilus ferrugineus bicolor,48460/1/47120/372739/47158/184884/47201/124417/326777/1269342/54028/201315/366768/147352/147347,jpeg
