photo_url_large,taxon_name,ancestry,extension
http://inaturalist-open-data.s3.amazonaws.com/photos/7739995/large.jpg,Tagiades gana gana,48460/1/47120/372739/47158/184884/47157/47224/47653/51312/320511/141633/194351,jpg
http://inaturalist-open-data.s3.amazonaws.com/photos/50586944/large.jpg,Tagiades gana gana,48460/1/47120/372739/47158/184884/47157/47224/47653/51312/320511/141633/194351,jpg
http://inaturalist-open-data.s3.amazonaws.com/photos/60241624/large.jpeg,Tagiades gana gana,48460/1/47120/372739/47158/184884/47157/47224/47653/51312/320511/141633/194351,jpeg
http://inaturalist-open-data.s3.amazonaws.com/photos/90901037/large.jpeg,Tagiades gana gana,48460/1/47120/372739/47158/184884/47157/47224/47653/51312/320511/141633/194351,jpeg
http://inaturalist-open-data.s3.amazonaws.com/photos/94590196/large.jpeg,Tagiades gana gana,48460/1/47120/372739/47158/184884/47157/47224/47653/51312/320511/141633/194351,jpeg
http://inaturalist-open-data.s3.amazonaws.com/photos/95387173/large.jpg,Tagiades gana gana,48460/1/47120/372739/47158/184884/47157/47224/47653/51312/320511/141633/194351,jpg
http://inaturalist-open-data.s3.amazonaws.com/photos/95702966/large.jpg,Tagiades gana gana,48460/1/47120/372739/47158/184884/47157/47224/47653/51312/320511/141633/194351,jpg
http://inaturalist-open-data.s3.amazonaws.com/photos/95990262/large.jpg,Tagiades gana gana,48460/1/47120/372739/47158/184884/47157/47224/47653/51312/320511/141633/194351,jpg
http://inaturalist-open-data.s3.amazonaws.com/photos/96598923/large.jpeg,Tagiades gana gana,48460/1/47120/372739/47158/184884/47157/47224/47653/51312/320511/141633/194351,jpeg
http://inaturalist-open-data.s3.amazonaws.com/photos/96598888/large.jpeg,Tagiades gana gana,48460/1/47120/372739/47158/184884/47157/47224/47653/51312/320511/141633/194351,jpeg
http://inaturalist-open-data.s3.amazonaws.com/photos/101150021/large.jpeg,Tagiades gana gana,48460/1/47120/372739/47158/184884/47157/47224/47653/51312/320511/141633/194351,jpeg
http://inaturalist-open-data.s3.amazonaws.com/photos/101464141/large.jpg,Tagiades gana gana,48460/1/47120/372739/47158/184884/47157/47224/47653/51312/320511/141633/194351,jpg
http://inaturalist-open-data.s3.amazonaws.com/photos/101464149/large.jpg,Tagiades gana gana,48460/1/47120/372739/47158/184884/47157/47224/47653/51312/320511/141633/194351,jpg
http://inaturalist-open-data.s3.amazonaws.com/photos/102276499/large.jpeg,Tagiades gana gana,48460/1/47120/372739/47158/184884/47157/47224/47653/51312/320511/141633/194351,jpeg
http://inaturalist-open-data.s3.amazonaws.com/photos/102276520/large.jpeg,Tagiades gana gana,48460/1/47120/372739/47158/184884/47157/47224/47653/51312/320511/141633/194351,jpeg
http://inaturalist-open-data.s3.amazonaws.com/photos/102276508/large.jpeg,Tagiades gana gana,48460/1/47120/372739/47158/184884/47157/47224/47653/51312/320511/141633/194351,jpeg
http://inaturalist-open-data.s3.amazonaws.com/photos/102276527/large.jpeg,Tagiades gana gana,48460/1/47120/372739/47158/184884/47157/47224/47653/51312/320511/141633/194351,jpeg
http://inaturalist-open-data.s3.amazonaws.com/photos/102505980/large.jpeg,Tagiades gana gana,48460/1/47120/372739/47158/184884/47157/47224/47653/51312/320511/141633/194351,jpeg
http://inaturalist-open-data.s3.amazonaws.com/photos/105863423/large.jpg,Tagiades gana gana,48460/1/47120/372739/47158/184884/47157/47224/47653/51312/320511/141633/194351,jpg
http://inaturalist-open-data.s3.amazonaws.com/photos/106984703/large.jpeg,Tagiades gana gana,48460/1/47120/372739/47158/184884/47157/47224/47653/51312/320511/141633/194351,jpeg
http://inaturalist-open-data.s3.amazonaws.com/photos/106984708/large.jpeg,Tagiades gana gana,48460/1/47120/372739/47158/184884/47157/47224/47653/51312/320511/141633/194351,jpeg
http://inaturalist-open-data.s3.amazonaws.com/photos/106984699/large.jpeg,Tagiades gana gana,48460/1/47120/372739/47158/184884/47157/47224/47653/51312/320511/141633/194351,jpeg
http://inaturalist-open-data.s3.amazonaws.com/photos/106984736/large.jpeg,Tagiades gana gana,48460/1/47120/372739/47158/184884/47157/47224/47653/51312/320511/141633/194351,jpeg
http://inaturalist-open-data.s3.amazonaws.com/photos/106984797/large.jpeg,Tagiades gana gana,48460/1/47120/372739/47158/184884/47157/47224/47653/51312/320511/141633/194351,jpeg
http://inaturalist-open-data.s3.amazonaws.com/photos/106984801/large.jpeg,Tagiades gana gana,48460/1/47120/372739/47158/184884/47157/47224/47653/51312/320511/141633/194351,jpeg
http://inaturalist-open-data.s3.amazonaws.com/photos/106984794/large.jpeg,Tagiades gana gana,48460/1/47120/372739/47158/184884/47157/47224/47653/51312/320511/141633/194351,jpeg
http://inaturalist-open-data.s3.amazonaws.com/photos/114265369/large.jpeg,Tagiades gana gana,48460/1/47120/372739/47158/184884/47157/47224/47653/51312/320511/141633/194351,jpeg
http://inaturalist-open-data.s3.amazonaws.com/photos/116781182/large.jpeg,Tagiades gana gana,48460/1/47120/372739/47158/184884/47157/47224/47653/51312/320511/141633/194351,jpeg
http://inaturalist-open-data.s3.amazonaws.com/photos/121987248/large.jpeg,Tagiades gana gana,48460/1/47120/372739/47158/184884/47157/47224/47653/51312/320511/141633/194351,jpeg
http://inaturalist-open-data.s3.amazonaws.com/photos/130950665/large.jpeg,Tagiades gana gana,48460/1/47120/372739/47158/184884/47157/47224/47653/51312/320511/141633/194351,jpeg
http://inaturalist-open-data.s3.amazonaws.com/photos/131485862/large.jpeg,Tagiades gana gana,48460/1/47120/372739/47158/184884/47157/47224/47653/51312/320511/141633/194351,jpeg
http://inaturalist-open-data.s3.amazonaws.com/photos/143813066/large.jpeg,Tagiades gana gana,48460/1/47120/372739/47158/184884/47157/47224/47653/51312/320511/141633/194351,jpeg
http://inaturalist-open-data.s3.amazonaws.com/photos/162350270/large.jpeg,Tagiades gana gana,48460/1/47120/372739/47158/184884/47157/47224/47653/51312/320511/141633/194351,jpeg
http://inaturalist-open-data.s3.amazonaws.com/photos/162350281/large.jpeg,Tagiades gana gana,48460/1/47120/372739/47158/184884/47157/47224/47653/51312/320511/141633/194351,jpeg
http://inaturalist-open-data.s3.amazonaws.com/photos/162350293/large.jpeg,Tagiades gana gana,48460/1/47120/372739/47158/184884/47157/47224/47653/51312/320511/141633/194351,jpeg
http://inaturalist-open-data.s3.amazonaws.com/photos/162350301/large.jpeg,Tagiades gana gana,48460/1/47120/372739/47158/184884/47157/47224/47653/51312/320511/141633/194351,jpeg
http://inaturalist-open-data.s3.amazonaws.com/photos/162350312/large.jpeg,Tagiades gana gana,48460/1/47120/372739/47158/184884/47157/47224/47653/51312/320511/141633/194351,jpeg
http://inaturalist-open-data.s3.amazonaws.com/photos/170979620/large.jpeg,Tagiades gana gana,48460/1/47120/372739/47158/184884/47157/47224/47653/51312/320511/141633/194351,jpeg
