photo_url_large,taxon_name,ancestry,extension
http://inaturalist-open-data.s3.amazonaws.com/photos/98877352/large.jpg,Tajuria cippus cippus,48460/1/47120/372739/47158/184884/47157/47224/47923/125830/125831/204010/204009,jpg
http://inaturalist-open-data.s3.amazonaws.com/photos/98877359/large.jpg,Tajuria cippus cippus,48460/1/47120/372739/47158/184884/47157/47224/47923/125830/125831/204010/204009,jpg
http://inaturalist-open-data.s3.amazonaws.com/photos/98877371/large.jpg,Tajuria cippus cippus,48460/1/47120/372739/47158/184884/47157/47224/47923/125830/125831/204010/204009,jpg
http://inaturalist-open-data.s3.amazonaws.com/photos/98877379/large.jpg,Tajuria cippus cippus,48460/1/47120/372739/47158/184884/47157/47224/47923/125830/125831/204010/204009,jpg
http://inaturalist-open-data.s3.amazonaws.com/photos/98877388/large.jpg,Tajuria cippus cippus,48460/1/47120/372739/47158/184884/47157/47224/47923/125830/125831/204010/204009,jpg
http://inaturalist-open-data.s3.amazonaws.com/photos/105483799/large.jpeg,Tajuria cippus cippus,48460/1/47120/372739/47158/184884/47157/47224/47923/125830/125831/204010/204009,jpeg
http://inaturalist-open-data.s3.amazonaws.com/photos/107659427/large.jpg,Tajuria cippus cippus,48460/1/47120/372739/47158/184884/47157/47224/47923/125830/125831/204010/204009,jpg
http://inaturalist-open-data.s3.amazonaws.com/photos/107659422/large.jpg,Tajuria cippus cippus,48460/1/47120/372739/47158/184884/47157/47224/47923/125830/125831/204010/204009,jpg
http://inaturalist-open-data.s3.amazonaws.com/photos/107659430/large.jpg,Tajuria cippus cippus,48460/1/47120/372739/47158/184884/47157/47224/47923/125830/125831/204010/204009,jpg
http://inaturalist-open-data.s3.amazonaws.com/photos/107659436/large.jpg,Tajuria cippus cippus,48460/1/47120/372739/47158/184884/47157/47224/47923/125830/125831/204010/204009,jpg
http://inaturalist-open-data.s3.amazonaws.com/photos/107659441/large.jpg,Tajuria cippus cippus,48460/1/47120/372739/47158/184884/47157/47224/47923/125830/125831/204010/204009,jpg
http://inaturalist-open-data.s3.amazonaws.com/photos/108226040/large.jpg,Tajuria cippus cippus,48460/1/47120/372739/47158/184884/47157/47224/47923/125830/125831/204010/204009,jpg
http://inaturalist-open-data.s3.amazonaws.com/photos/171939651/large.jpeg,Tajuria cippus cippus,48460/1/47120/372739/47158/184884/47157/47224/47923/125830/125831/204010/204009,jpeg
