photo_url_large,taxon_name,ancestry,extension
http://inaturalist-open-data.s3.amazonaws.com/photos/12976595/large.jpg,Tanaecia julii odilina,48460/1/47120/372739/47158/184884/47157/47224/47922/134171/202076/133433/322021,jpg
http://inaturalist-open-data.s3.amazonaws.com/photos/61001016/large.jpg,Tanaecia julii odilina,48460/1/47120/372739/47158/184884/47157/47224/47922/134171/202076/133433/322021,jpg
http://inaturalist-open-data.s3.amazonaws.com/photos/62007215/large.jpg,Tanaecia julii odilina,48460/1/47120/372739/47158/184884/47157/47224/47922/134171/202076/133433/322021,jpg
http://inaturalist-open-data.s3.amazonaws.com/photos/62286970/large.jpg,Tanaecia julii odilina,48460/1/47120/372739/47158/184884/47157/47224/47922/134171/202076/133433/322021,jpg
http://inaturalist-open-data.s3.amazonaws.com/photos/62299346/large.jpg,Tanaecia julii odilina,48460/1/47120/372739/47158/184884/47157/47224/47922/134171/202076/133433/322021,jpg
http://inaturalist-open-data.s3.amazonaws.com/photos/62299349/large.jpg,Tanaecia julii odilina,48460/1/47120/372739/47158/184884/47157/47224/47922/134171/202076/133433/322021,jpg
http://inaturalist-open-data.s3.amazonaws.com/photos/62365220/large.jpg,Tanaecia julii odilina,48460/1/47120/372739/47158/184884/47157/47224/47922/134171/202076/133433/322021,jpg
http://inaturalist-open-data.s3.amazonaws.com/photos/62407893/large.jpg,Tanaecia julii odilina,48460/1/47120/372739/47158/184884/47157/47224/47922/134171/202076/133433/322021,jpg
http://inaturalist-open-data.s3.amazonaws.com/photos/62407896/large.jpg,Tanaecia julii odilina,48460/1/47120/372739/47158/184884/47157/47224/47922/134171/202076/133433/322021,jpg
http://inaturalist-open-data.s3.amazonaws.com/photos/62407901/large.jpg,Tanaecia julii odilina,48460/1/47120/372739/47158/184884/47157/47224/47922/134171/202076/133433/322021,jpg
http://inaturalist-open-data.s3.amazonaws.com/photos/62407911/large.jpg,Tanaecia julii odilina,48460/1/47120/372739/47158/184884/47157/47224/47922/134171/202076/133433/322021,jpg
http://inaturalist-open-data.s3.amazonaws.com/photos/62710189/large.jpg,Tanaecia julii odilina,48460/1/47120/372739/47158/184884/47157/47224/47922/134171/202076/133433/322021,jpg
http://inaturalist-open-data.s3.amazonaws.com/photos/62792166/large.jpg,Tanaecia julii odilina,48460/1/47120/372739/47158/184884/47157/47224/47922/134171/202076/133433/322021,jpg
http://inaturalist-open-data.s3.amazonaws.com/photos/63109679/large.jpg,Tanaecia julii odilina,48460/1/47120/372739/47158/184884/47157/47224/47922/134171/202076/133433/322021,jpg
http://inaturalist-open-data.s3.amazonaws.com/photos/64323490/large.jpg,Tanaecia julii odilina,48460/1/47120/372739/47158/184884/47157/47224/47922/134171/202076/133433/322021,jpg
http://inaturalist-open-data.s3.amazonaws.com/photos/64330549/large.jpg,Tanaecia julii odilina,48460/1/47120/372739/47158/184884/47157/47224/47922/134171/202076/133433/322021,jpg
http://inaturalist-open-data.s3.amazonaws.com/photos/64502504/large.jpeg,Tanaecia julii odilina,48460/1/47120/372739/47158/184884/47157/47224/47922/134171/202076/133433/322021,jpeg
http://inaturalist-open-data.s3.amazonaws.com/photos/67410226/large.jpg,Tanaecia julii odilina,48460/1/47120/372739/47158/184884/47157/47224/47922/134171/202076/133433/322021,jpg
http://inaturalist-open-data.s3.amazonaws.com/photos/67412264/large.jpg,Tanaecia julii odilina,48460/1/47120/372739/47158/184884/47157/47224/47922/134171/202076/133433/322021,jpg
http://inaturalist-open-data.s3.amazonaws.com/photos/67412277/large.jpg,Tanaecia julii odilina,48460/1/47120/372739/47158/184884/47157/47224/47922/134171/202076/133433/322021,jpg
http://inaturalist-open-data.s3.amazonaws.com/photos/67412280/large.jpg,Tanaecia julii odilina,48460/1/47120/372739/47158/184884/47157/47224/47922/134171/202076/133433/322021,jpg
http://inaturalist-open-data.s3.amazonaws.com/photos/67412282/large.jpg,Tanaecia julii odilina,48460/1/47120/372739/47158/184884/47157/47224/47922/134171/202076/133433/322021,jpg
http://inaturalist-open-data.s3.amazonaws.com/photos/67412408/large.jpg,Tanaecia julii odilina,48460/1/47120/372739/47158/184884/47157/47224/47922/134171/202076/133433/322021,jpg
http://inaturalist-open-data.s3.amazonaws.com/photos/67412424/large.jpg,Tanaecia julii odilina,48460/1/47120/372739/47158/184884/47157/47224/47922/134171/202076/133433/322021,jpg
http://inaturalist-open-data.s3.amazonaws.com/photos/67412411/large.jpg,Tanaecia julii odilina,48460/1/47120/372739/47158/184884/47157/47224/47922/134171/202076/133433/322021,jpg
http://inaturalist-open-data.s3.amazonaws.com/photos/67412409/large.jpg,Tanaecia julii odilina,48460/1/47120/372739/47158/184884/47157/47224/47922/134171/202076/133433/322021,jpg
http://inaturalist-open-data.s3.amazonaws.com/photos/67973908/large.jpeg,Tanaecia julii odilina,48460/1/47120/372739/47158/184884/47157/47224/47922/134171/202076/133433/322021,jpeg
http://inaturalist-open-data.s3.amazonaws.com/photos/70337119/large.jpg,Tanaecia julii odilina,48460/1/47120/372739/47158/184884/47157/47224/47922/134171/202076/133433/322021,jpg
http://inaturalist-open-data.s3.amazonaws.com/photos/72412793/large.jpg,Tanaecia julii odilina,48460/1/47120/372739/47158/184884/47157/47224/47922/134171/202076/133433/322021,jpg
http://inaturalist-open-data.s3.amazonaws.com/photos/99967585/large.jpg,Tanaecia julii odilina,48460/1/47120/372739/47158/184884/47157/47224/47922/134171/202076/133433/322021,jpg
http://inaturalist-open-data.s3.amazonaws.com/photos/99967526/large.jpg,Tanaecia julii odilina,48460/1/47120/372739/47158/184884/47157/47224/47922/134171/202076/133433/322021,jpg
http://inaturalist-open-data.s3.amazonaws.com/photos/99967595/large.jpg,Tanaecia julii odilina,48460/1/47120/372739/47158/184884/47157/47224/47922/134171/202076/133433/322021,jpg
http://inaturalist-open-data.s3.amazonaws.com/photos/99967633/large.jpg,Tanaecia julii odilina,48460/1/47120/372739/47158/184884/47157/47224/47922/134171/202076/133433/322021,jpg
http://inaturalist-open-data.s3.amazonaws.com/photos/99967659/large.jpg,Tanaecia julii odilina,48460/1/47120/372739/47158/184884/47157/47224/47922/134171/202076/133433/322021,jpg
http://inaturalist-open-data.s3.amazonaws.com/photos/99967691/large.jpg,Tanaecia julii odilina,48460/1/47120/372739/47158/184884/47157/47224/47922/134171/202076/133433/322021,jpg
http://inaturalist-open-data.s3.amazonaws.com/photos/99967734/large.jpg,Tanaecia julii odilina,48460/1/47120/372739/47158/184884/47157/47224/47922/134171/202076/133433/322021,jpg
http://inaturalist-open-data.s3.amazonaws.com/photos/99967716/large.jpg,Tanaecia julii odilina,48460/1/47120/372739/47158/184884/47157/47224/47922/134171/202076/133433/322021,jpg
http://inaturalist-open-data.s3.amazonaws.com/photos/99967761/large.jpg,Tanaecia julii odilina,48460/1/47120/372739/47158/184884/47157/47224/47922/134171/202076/133433/322021,jpg
http://inaturalist-open-data.s3.amazonaws.com/photos/99967785/large.jpg,Tanaecia julii odilina,48460/1/47120/372739/47158/184884/47157/47224/47922/134171/202076/133433/322021,jpg
http://inaturalist-open-data.s3.amazonaws.com/photos/99967805/large.jpg,Tanaecia julii odilina,48460/1/47120/372739/47158/184884/47157/47224/47922/134171/202076/133433/322021,jpg
http://inaturalist-open-data.s3.amazonaws.com/photos/99967819/large.jpg,Tanaecia julii odilina,48460/1/47120/372739/47158/184884/47157/47224/47922/134171/202076/133433/322021,jpg
http://inaturalist-open-data.s3.amazonaws.com/photos/99967871/large.jpg,Tanaecia julii odilina,48460/1/47120/372739/47158/184884/47157/47224/47922/134171/202076/133433/322021,jpg
http://inaturalist-open-data.s3.amazonaws.com/photos/99967850/large.jpg,Tanaecia julii odilina,48460/1/47120/372739/47158/184884/47157/47224/47922/134171/202076/133433/322021,jpg
http://inaturalist-open-data.s3.amazonaws.com/photos/99967882/large.jpg,Tanaecia julii odilina,48460/1/47120/372739/47158/184884/47157/47224/47922/134171/202076/133433/322021,jpg
http://inaturalist-open-data.s3.amazonaws.com/photos/99967894/large.jpg,Tanaecia julii odilina,48460/1/47120/372739/47158/184884/47157/47224/47922/134171/202076/133433/322021,jpg
http://inaturalist-open-data.s3.amazonaws.com/photos/99967920/large.jpg,Tanaecia julii odilina,48460/1/47120/372739/47158/184884/47157/47224/47922/134171/202076/133433/322021,jpg
http://inaturalist-open-data.s3.amazonaws.com/photos/99967938/large.jpg,Tanaecia julii odilina,48460/1/47120/372739/47158/184884/47157/47224/47922/134171/202076/133433/322021,jpg
http://inaturalist-open-data.s3.amazonaws.com/photos/99967965/large.jpg,Tanaecia julii odilina,48460/1/47120/372739/47158/184884/47157/47224/47922/134171/202076/133433/322021,jpg
http://inaturalist-open-data.s3.amazonaws.com/photos/99967985/large.jpg,Tanaecia julii odilina,48460/1/47120/372739/47158/184884/47157/47224/47922/134171/202076/133433/322021,jpg
http://inaturalist-open-data.s3.amazonaws.com/photos/99968014/large.jpg,Tanaecia julii odilina,48460/1/47120/372739/47158/184884/47157/47224/47922/134171/202076/133433/322021,jpg
http://inaturalist-open-data.s3.amazonaws.com/photos/99968048/large.jpg,Tanaecia julii odilina,48460/1/47120/372739/47158/184884/47157/47224/47922/134171/202076/133433/322021,jpg
http://inaturalist-open-data.s3.amazonaws.com/photos/102172039/large.jpg,Tanaecia julii odilina,48460/1/47120/372739/47158/184884/47157/47224/47922/134171/202076/133433/322021,jpg
http://inaturalist-open-data.s3.amazonaws.com/photos/102172047/large.jpeg,Tanaecia julii odilina,48460/1/47120/372739/47158/184884/47157/47224/47922/134171/202076/133433/322021,jpeg
http://inaturalist-open-data.s3.amazonaws.com/photos/102172573/large.jpg,Tanaecia julii odilina,48460/1/47120/372739/47158/184884/47157/47224/47922/134171/202076/133433/322021,jpg
http://inaturalist-open-data.s3.amazonaws.com/photos/109092163/large.jpeg,Tanaecia julii odilina,48460/1/47120/372739/47158/184884/47157/47224/47922/134171/202076/133433/322021,jpeg
