photo_url_large,taxon_name,ancestry,extension
http://inaturalist-open-data.s3.amazonaws.com/photos/40612822/large.jpeg,Taractrocera papyria agraulia,48460/1/47120/372739/47158/184884/47157/47224/47653/122493/320682/205225/323069,jpeg
http://inaturalist-open-data.s3.amazonaws.com/photos/40612826/large.jpeg,Taractrocera papyria agraulia,48460/1/47120/372739/47158/184884/47157/47224/47653/122493/320682/205225/323069,jpeg
http://inaturalist-open-data.s3.amazonaws.com/photos/101172096/large.jpg,Taractrocera papyria agraulia,48460/1/47120/372739/47158/184884/47157/47224/47653/122493/320682/205225/323069,jpg
http://inaturalist-open-data.s3.amazonaws.com/photos/101171703/large.jpg,Taractrocera papyria agraulia,48460/1/47120/372739/47158/184884/47157/47224/47653/122493/320682/205225/323069,jpg
http://inaturalist-open-data.s3.amazonaws.com/photos/105733756/large.jpg,Taractrocera papyria agraulia,48460/1/47120/372739/47158/184884/47157/47224/47653/122493/320682/205225/323069,jpg
http://inaturalist-open-data.s3.amazonaws.com/photos/105733758/large.jpg,Taractrocera papyria agraulia,48460/1/47120/372739/47158/184884/47157/47224/47653/122493/320682/205225/323069,jpg
http://inaturalist-open-data.s3.amazonaws.com/photos/105733757/large.jpg,Taractrocera papyria agraulia,48460/1/47120/372739/47158/184884/47157/47224/47653/122493/320682/205225/323069,jpg
http://inaturalist-open-data.s3.amazonaws.com/photos/105733662/large.jpg,Taractrocera papyria agraulia,48460/1/47120/372739/47158/184884/47157/47224/47653/122493/320682/205225/323069,jpg
http://inaturalist-open-data.s3.amazonaws.com/photos/105841924/large.jpeg,Taractrocera papyria agraulia,48460/1/47120/372739/47158/184884/47157/47224/47653/122493/320682/205225/323069,jpeg
http://inaturalist-open-data.s3.amazonaws.com/photos/113089857/large.jpeg,Taractrocera papyria agraulia,48460/1/47120/372739/47158/184884/47157/47224/47653/122493/320682/205225/323069,jpeg
http://inaturalist-open-data.s3.amazonaws.com/photos/114801797/large.jpeg,Taractrocera papyria agraulia,48460/1/47120/372739/47158/184884/47157/47224/47653/122493/320682/205225/323069,jpeg
http://inaturalist-open-data.s3.amazonaws.com/photos/114801423/large.jpeg,Taractrocera papyria agraulia,48460/1/47120/372739/47158/184884/47157/47224/47653/122493/320682/205225/323069,jpeg
http://inaturalist-open-data.s3.amazonaws.com/photos/114801795/large.jpeg,Taractrocera papyria agraulia,48460/1/47120/372739/47158/184884/47157/47224/47653/122493/320682/205225/323069,jpeg
http://inaturalist-open-data.s3.amazonaws.com/photos/114801794/large.jpeg,Taractrocera papyria agraulia,48460/1/47120/372739/47158/184884/47157/47224/47653/122493/320682/205225/323069,jpeg
http://inaturalist-open-data.s3.amazonaws.com/photos/116254342/large.jpg,Taractrocera papyria agraulia,48460/1/47120/372739/47158/184884/47157/47224/47653/122493/320682/205225/323069,jpg
http://inaturalist-open-data.s3.amazonaws.com/photos/116254349/large.jpg,Taractrocera papyria agraulia,48460/1/47120/372739/47158/184884/47157/47224/47653/122493/320682/205225/323069,jpg
http://inaturalist-open-data.s3.amazonaws.com/photos/116254360/large.jpg,Taractrocera papyria agraulia,48460/1/47120/372739/47158/184884/47157/47224/47653/122493/320682/205225/323069,jpg
http://inaturalist-open-data.s3.amazonaws.com/photos/116254399/large.jpg,Taractrocera papyria agraulia,48460/1/47120/372739/47158/184884/47157/47224/47653/122493/320682/205225/323069,jpg
http://inaturalist-open-data.s3.amazonaws.com/photos/116254411/large.jpg,Taractrocera papyria agraulia,48460/1/47120/372739/47158/184884/47157/47224/47653/122493/320682/205225/323069,jpg
http://inaturalist-open-data.s3.amazonaws.com/photos/118882597/large.jpeg,Taractrocera papyria agraulia,48460/1/47120/372739/47158/184884/47157/47224/47653/122493/320682/205225/323069,jpeg
http://inaturalist-open-data.s3.amazonaws.com/photos/119318401/large.jpeg,Taractrocera papyria agraulia,48460/1/47120/372739/47158/184884/47157/47224/47653/122493/320682/205225/323069,jpeg
http://inaturalist-open-data.s3.amazonaws.com/photos/120936612/large.jpg,Taractrocera papyria agraulia,48460/1/47120/372739/47158/184884/47157/47224/47653/122493/320682/205225/323069,jpg
http://inaturalist-open-data.s3.amazonaws.com/photos/121506920/large.jpeg,Taractrocera papyria agraulia,48460/1/47120/372739/47158/184884/47157/47224/47653/122493/320682/205225/323069,jpeg
http://inaturalist-open-data.s3.amazonaws.com/photos/121750425/large.jpg,Taractrocera papyria agraulia,48460/1/47120/372739/47158/184884/47157/47224/47653/122493/320682/205225/323069,jpg
http://inaturalist-open-data.s3.amazonaws.com/photos/122160359/large.jpeg,Taractrocera papyria agraulia,48460/1/47120/372739/47158/184884/47157/47224/47653/122493/320682/205225/323069,jpeg
http://inaturalist-open-data.s3.amazonaws.com/photos/122160445/large.jpeg,Taractrocera papyria agraulia,48460/1/47120/372739/47158/184884/47157/47224/47653/122493/320682/205225/323069,jpeg
http://inaturalist-open-data.s3.amazonaws.com/photos/123750539/large.jpeg,Taractrocera papyria agraulia,48460/1/47120/372739/47158/184884/47157/47224/47653/122493/320682/205225/323069,jpeg
http://inaturalist-open-data.s3.amazonaws.com/photos/123750708/large.jpeg,Taractrocera papyria agraulia,48460/1/47120/372739/47158/184884/47157/47224/47653/122493/320682/205225/323069,jpeg
http://inaturalist-open-data.s3.amazonaws.com/photos/124531096/large.jpg,Taractrocera papyria agraulia,48460/1/47120/372739/47158/184884/47157/47224/47653/122493/320682/205225/323069,jpg
http://inaturalist-open-data.s3.amazonaws.com/photos/124531130/large.jpg,Taractrocera papyria agraulia,48460/1/47120/372739/47158/184884/47157/47224/47653/122493/320682/205225/323069,jpg
http://inaturalist-open-data.s3.amazonaws.com/photos/124531180/large.jpg,Taractrocera papyria agraulia,48460/1/47120/372739/47158/184884/47157/47224/47653/122493/320682/205225/323069,jpg
http://inaturalist-open-data.s3.amazonaws.com/photos/124531213/large.jpg,Taractrocera papyria agraulia,48460/1/47120/372739/47158/184884/47157/47224/47653/122493/320682/205225/323069,jpg
http://inaturalist-open-data.s3.amazonaws.com/photos/158056659/large.jpeg,Taractrocera papyria agraulia,48460/1/47120/372739/47158/184884/47157/47224/47653/122493/320682/205225/323069,jpeg
http://inaturalist-open-data.s3.amazonaws.com/photos/158056638/large.jpeg,Taractrocera papyria agraulia,48460/1/47120/372739/47158/184884/47157/47224/47653/122493/320682/205225/323069,jpeg
http://inaturalist-open-data.s3.amazonaws.com/photos/158261546/large.jpeg,Taractrocera papyria agraulia,48460/1/47120/372739/47158/184884/47157/47224/47653/122493/320682/205225/323069,jpeg
http://inaturalist-open-data.s3.amazonaws.com/photos/158261561/large.jpeg,Taractrocera papyria agraulia,48460/1/47120/372739/47158/184884/47157/47224/47653/122493/320682/205225/323069,jpeg
http://inaturalist-open-data.s3.amazonaws.com/photos/161841071/large.jpg,Taractrocera papyria agraulia,48460/1/47120/372739/47158/184884/47157/47224/47653/122493/320682/205225/323069,jpg
http://inaturalist-open-data.s3.amazonaws.com/photos/166407929/large.jpeg,Taractrocera papyria agraulia,48460/1/47120/372739/47158/184884/47157/47224/47653/122493/320682/205225/323069,jpeg
http://inaturalist-open-data.s3.amazonaws.com/photos/168045664/large.jpg,Taractrocera papyria agraulia,48460/1/47120/372739/47158/184884/47157/47224/47653/122493/320682/205225/323069,jpg
