photo_url_large,taxon_name,ancestry,extension
http://inaturalist-open-data.s3.amazonaws.com/photos/69346411/large.jpeg,Tatochila mercedis fueguensis,48460/1/47120/372739/47158/184884/47157/47224/48508/209720/321384/346463/424215,jpeg
http://inaturalist-open-data.s3.amazonaws.com/photos/69346344/large.jpeg,Tatochila mercedis fueguensis,48460/1/47120/372739/47158/184884/47157/47224/48508/209720/321384/346463/424215,jpeg
http://inaturalist-open-data.s3.amazonaws.com/photos/69346383/large.jpg,Tatochila mercedis fueguensis,48460/1/47120/372739/47158/184884/47157/47224/48508/209720/321384/346463/424215,jpg
http://inaturalist-open-data.s3.amazonaws.com/photos/69346229/large.jpeg,Tatochila mercedis fueguensis,48460/1/47120/372739/47158/184884/47157/47224/48508/209720/321384/346463/424215,jpeg
http://inaturalist-open-data.s3.amazonaws.com/photos/69349235/large.jpg,Tatochila mercedis fueguensis,48460/1/47120/372739/47158/184884/47157/47224/48508/209720/321384/346463/424215,jpg
http://inaturalist-open-data.s3.amazonaws.com/photos/69349280/large.jpeg,Tatochila mercedis fueguensis,48460/1/47120/372739/47158/184884/47157/47224/48508/209720/321384/346463/424215,jpeg
http://inaturalist-open-data.s3.amazonaws.com/photos/69349155/large.jpeg,Tatochila mercedis fueguensis,48460/1/47120/372739/47158/184884/47157/47224/48508/209720/321384/346463/424215,jpeg
http://inaturalist-open-data.s3.amazonaws.com/photos/69349037/large.jpeg,Tatochila mercedis fueguensis,48460/1/47120/372739/47158/184884/47157/47224/48508/209720/321384/346463/424215,jpeg
