photo_url_large,taxon_name,ancestry,extension
http://inaturalist-open-data.s3.amazonaws.com/photos/71757126/large.jpeg,Tenthredo bifasciata bifasciata,48460/1/47120/372739/47158/184884/47201/84643/49452/60628/473423/551369/60623/564153,jpeg
http://inaturalist-open-data.s3.amazonaws.com/photos/71757156/large.jpeg,Tenthredo bifasciata bifasciata,48460/1/47120/372739/47158/184884/47201/84643/49452/60628/473423/551369/60623/564153,jpeg
http://inaturalist-open-data.s3.amazonaws.com/photos/71757209/large.jpeg,Tenthredo bifasciata bifasciata,48460/1/47120/372739/47158/184884/47201/84643/49452/60628/473423/551369/60623/564153,jpeg
http://inaturalist-open-data.s3.amazonaws.com/photos/102658509/large.jpg,Tenthredo bifasciata bifasciata,48460/1/47120/372739/47158/184884/47201/84643/49452/60628/473423/551369/60623/564153,jpg
http://inaturalist-open-data.s3.amazonaws.com/photos/102658530/large.jpg,Tenthredo bifasciata bifasciata,48460/1/47120/372739/47158/184884/47201/84643/49452/60628/473423/551369/60623/564153,jpg
http://inaturalist-open-data.s3.amazonaws.com/photos/110402360/large.jpeg,Tenthredo bifasciata bifasciata,48460/1/47120/372739/47158/184884/47201/84643/49452/60628/473423/551369/60623/564153,jpeg
http://inaturalist-open-data.s3.amazonaws.com/photos/110402368/large.jpeg,Tenthredo bifasciata bifasciata,48460/1/47120/372739/47158/184884/47201/84643/49452/60628/473423/551369/60623/564153,jpeg
http://inaturalist-open-data.s3.amazonaws.com/photos/119661750/large.jpeg,Tenthredo bifasciata bifasciata,48460/1/47120/372739/47158/184884/47201/84643/49452/60628/473423/551369/60623/564153,jpeg
http://inaturalist-open-data.s3.amazonaws.com/photos/129427542/large.jpg,Tenthredo bifasciata bifasciata,48460/1/47120/372739/47158/184884/47201/84643/49452/60628/473423/551369/60623/564153,jpg
http://inaturalist-open-data.s3.amazonaws.com/photos/129594900/large.jpeg,Tenthredo bifasciata bifasciata,48460/1/47120/372739/47158/184884/47201/84643/49452/60628/473423/551369/60623/564153,jpeg
http://inaturalist-open-data.s3.amazonaws.com/photos/130738201/large.jpg,Tenthredo bifasciata bifasciata,48460/1/47120/372739/47158/184884/47201/84643/49452/60628/473423/551369/60623/564153,jpg
http://inaturalist-open-data.s3.amazonaws.com/photos/130749770/large.jpg,Tenthredo bifasciata bifasciata,48460/1/47120/372739/47158/184884/47201/84643/49452/60628/473423/551369/60623/564153,jpg
http://inaturalist-open-data.s3.amazonaws.com/photos/130749793/large.jpg,Tenthredo bifasciata bifasciata,48460/1/47120/372739/47158/184884/47201/84643/49452/60628/473423/551369/60623/564153,jpg
