photo_url_large,taxon_name,ancestry,extension
http://inaturalist-open-data.s3.amazonaws.com/photos/6105905/large.jpeg,Tentyria rugosa floresi,48460/1/47120/372739/47158/184884/47208/71130/372852/47593/53816/373517/510280/326564/1110928,jpeg
http://inaturalist-open-data.s3.amazonaws.com/photos/6105903/large.jpeg,Tentyria rugosa floresi,48460/1/47120/372739/47158/184884/47208/71130/372852/47593/53816/373517/510280/326564/1110928,jpeg
http://inaturalist-open-data.s3.amazonaws.com/photos/6105904/large.jpeg,Tentyria rugosa floresi,48460/1/47120/372739/47158/184884/47208/71130/372852/47593/53816/373517/510280/326564/1110928,jpeg
http://inaturalist-open-data.s3.amazonaws.com/photos/6105907/large.jpeg,Tentyria rugosa floresi,48460/1/47120/372739/47158/184884/47208/71130/372852/47593/53816/373517/510280/326564/1110928,jpeg
