photo_url_large,taxon_name,ancestry,extension
http://inaturalist-open-data.s3.amazonaws.com/photos/39702524/large.jpg,Tentyria rotundata orbicollis,48460/1/47120/372739/47158/184884/47208/71130/372852/47593/53816/373517/510280/326564/927282,jpg
http://inaturalist-open-data.s3.amazonaws.com/photos/42618870/large.jpeg,Tentyria rotundata orbicollis,48460/1/47120/372739/47158/184884/47208/71130/372852/47593/53816/373517/510280/326564/927282,jpeg
http://inaturalist-open-data.s3.amazonaws.com/photos/57858768/large.jpeg,Tentyria rotundata orbicollis,48460/1/47120/372739/47158/184884/47208/71130/372852/47593/53816/373517/510280/326564/927282,jpeg
http://inaturalist-open-data.s3.amazonaws.com/photos/70425628/large.jpg,Tentyria rotundata orbicollis,48460/1/47120/372739/47158/184884/47208/71130/372852/47593/53816/373517/510280/326564/927282,jpg
http://inaturalist-open-data.s3.amazonaws.com/photos/70726817/large.jpg,Tentyria rotundata orbicollis,48460/1/47120/372739/47158/184884/47208/71130/372852/47593/53816/373517/510280/326564/927282,jpg
http://inaturalist-open-data.s3.amazonaws.com/photos/70727828/large.jpg,Tentyria rotundata orbicollis,48460/1/47120/372739/47158/184884/47208/71130/372852/47593/53816/373517/510280/326564/927282,jpg
http://inaturalist-open-data.s3.amazonaws.com/photos/70726981/large.jpg,Tentyria rotundata orbicollis,48460/1/47120/372739/47158/184884/47208/71130/372852/47593/53816/373517/510280/326564/927282,jpg
http://inaturalist-open-data.s3.amazonaws.com/photos/70727057/large.jpg,Tentyria rotundata orbicollis,48460/1/47120/372739/47158/184884/47208/71130/372852/47593/53816/373517/510280/326564/927282,jpg
http://inaturalist-open-data.s3.amazonaws.com/photos/70726863/large.jpg,Tentyria rotundata orbicollis,48460/1/47120/372739/47158/184884/47208/71130/372852/47593/53816/373517/510280/326564/927282,jpg
http://inaturalist-open-data.s3.amazonaws.com/photos/102767846/large.jpeg,Tentyria rotundata orbicollis,48460/1/47120/372739/47158/184884/47208/71130/372852/47593/53816/373517/510280/326564/927282,jpeg
http://inaturalist-open-data.s3.amazonaws.com/photos/105480251/large.jpeg,Tentyria rotundata orbicollis,48460/1/47120/372739/47158/184884/47208/71130/372852/47593/53816/373517/510280/326564/927282,jpeg
http://inaturalist-open-data.s3.amazonaws.com/photos/105480266/large.jpeg,Tentyria rotundata orbicollis,48460/1/47120/372739/47158/184884/47208/71130/372852/47593/53816/373517/510280/326564/927282,jpeg
http://inaturalist-open-data.s3.amazonaws.com/photos/107143598/large.jpeg,Tentyria rotundata orbicollis,48460/1/47120/372739/47158/184884/47208/71130/372852/47593/53816/373517/510280/326564/927282,jpeg
http://inaturalist-open-data.s3.amazonaws.com/photos/107143588/large.jpeg,Tentyria rotundata orbicollis,48460/1/47120/372739/47158/184884/47208/71130/372852/47593/53816/373517/510280/326564/927282,jpeg
http://inaturalist-open-data.s3.amazonaws.com/photos/107143573/large.jpeg,Tentyria rotundata orbicollis,48460/1/47120/372739/47158/184884/47208/71130/372852/47593/53816/373517/510280/326564/927282,jpeg
http://inaturalist-open-data.s3.amazonaws.com/photos/110607211/large.jpeg,Tentyria rotundata orbicollis,48460/1/47120/372739/47158/184884/47208/71130/372852/47593/53816/373517/510280/326564/927282,jpeg
http://inaturalist-open-data.s3.amazonaws.com/photos/110607229/large.jpeg,Tentyria rotundata orbicollis,48460/1/47120/372739/47158/184884/47208/71130/372852/47593/53816/373517/510280/326564/927282,jpeg
http://inaturalist-open-data.s3.amazonaws.com/photos/126399324/large.jpg,Tentyria rotundata orbicollis,48460/1/47120/372739/47158/184884/47208/71130/372852/47593/53816/373517/510280/326564/927282,jpg
http://inaturalist-open-data.s3.amazonaws.com/photos/167120434/large.jpeg,Tentyria rotundata orbicollis,48460/1/47120/372739/47158/184884/47208/71130/372852/47593/53816/373517/510280/326564/927282,jpeg
http://inaturalist-open-data.s3.amazonaws.com/photos/168074365/large.jpeg,Tentyria rotundata orbicollis,48460/1/47120/372739/47158/184884/47208/71130/372852/47593/53816/373517/510280/326564/927282,jpeg
http://inaturalist-open-data.s3.amazonaws.com/photos/168074398/large.jpeg,Tentyria rotundata orbicollis,48460/1/47120/372739/47158/184884/47208/71130/372852/47593/53816/373517/510280/326564/927282,jpeg
http://inaturalist-open-data.s3.amazonaws.com/photos/168632813/large.jpeg,Tentyria rotundata orbicollis,48460/1/47120/372739/47158/184884/47208/71130/372852/47593/53816/373517/510280/326564/927282,jpeg
http://inaturalist-open-data.s3.amazonaws.com/photos/168632747/large.jpeg,Tentyria rotundata orbicollis,48460/1/47120/372739/47158/184884/47208/71130/372852/47593/53816/373517/510280/326564/927282,jpeg
http://inaturalist-open-data.s3.amazonaws.com/photos/170645355/large.jpeg,Tentyria rotundata orbicollis,48460/1/47120/372739/47158/184884/47208/71130/372852/47593/53816/373517/510280/326564/927282,jpeg
