photo_url_large,taxon_name,ancestry,extension
http://inaturalist-open-data.s3.amazonaws.com/photos/9856529/large.jpg,Theretra silhetensis intersecta,48460/1/47120/372739/47158/184884/47157/47214/47213/124071/124065/124055/52005/121856,jpg
http://inaturalist-open-data.s3.amazonaws.com/photos/9856536/large.jpg,Theretra silhetensis intersecta,48460/1/47120/372739/47158/184884/47157/47214/47213/124071/124065/124055/52005/121856,jpg
http://inaturalist-open-data.s3.amazonaws.com/photos/12934778/large.jpg,Theretra silhetensis intersecta,48460/1/47120/372739/47158/184884/47157/47214/47213/124071/124065/124055/52005/121856,jpg
http://inaturalist-open-data.s3.amazonaws.com/photos/14192057/large.jpg,Theretra silhetensis intersecta,48460/1/47120/372739/47158/184884/47157/47214/47213/124071/124065/124055/52005/121856,jpg
http://inaturalist-open-data.s3.amazonaws.com/photos/59650437/large.jpeg,Theretra silhetensis intersecta,48460/1/47120/372739/47158/184884/47157/47214/47213/124071/124065/124055/52005/121856,jpeg
http://inaturalist-open-data.s3.amazonaws.com/photos/59650441/large.jpeg,Theretra silhetensis intersecta,48460/1/47120/372739/47158/184884/47157/47214/47213/124071/124065/124055/52005/121856,jpeg
http://inaturalist-open-data.s3.amazonaws.com/photos/59650443/large.jpeg,Theretra silhetensis intersecta,48460/1/47120/372739/47158/184884/47157/47214/47213/124071/124065/124055/52005/121856,jpeg
http://inaturalist-open-data.s3.amazonaws.com/photos/133510667/large.jpg,Theretra silhetensis intersecta,48460/1/47120/372739/47158/184884/47157/47214/47213/124071/124065/124055/52005/121856,jpg
