photo_url_large,taxon_name,ancestry,extension
http://inaturalist-open-data.s3.amazonaws.com/photos/172056245/large.jpeg,Thorectes brullei syriacus,48460/1/47120/372739/47158/184884/47208/71130/702480/48202/60539/489349/633942/491036/326485/974758,jpeg
http://inaturalist-open-data.s3.amazonaws.com/photos/172056212/large.jpeg,Thorectes brullei syriacus,48460/1/47120/372739/47158/184884/47208/71130/702480/48202/60539/489349/633942/491036/326485/974758,jpeg
http://inaturalist-open-data.s3.amazonaws.com/photos/172056222/large.jpeg,Thorectes brullei syriacus,48460/1/47120/372739/47158/184884/47208/71130/702480/48202/60539/489349/633942/491036/326485/974758,jpeg
http://inaturalist-open-data.s3.amazonaws.com/photos/172056230/large.jpeg,Thorectes brullei syriacus,48460/1/47120/372739/47158/184884/47208/71130/702480/48202/60539/489349/633942/491036/326485/974758,jpeg
http://inaturalist-open-data.s3.amazonaws.com/photos/172056243/large.jpeg,Thorectes brullei syriacus,48460/1/47120/372739/47158/184884/47208/71130/702480/48202/60539/489349/633942/491036/326485/974758,jpeg
http://inaturalist-open-data.s3.amazonaws.com/photos/172056260/large.jpeg,Thorectes brullei syriacus,48460/1/47120/372739/47158/184884/47208/71130/702480/48202/60539/489349/633942/491036/326485/974758,jpeg
http://inaturalist-open-data.s3.amazonaws.com/photos/172056270/large.jpeg,Thorectes brullei syriacus,48460/1/47120/372739/47158/184884/47208/71130/702480/48202/60539/489349/633942/491036/326485/974758,jpeg
http://inaturalist-open-data.s3.amazonaws.com/photos/172056278/large.jpeg,Thorectes brullei syriacus,48460/1/47120/372739/47158/184884/47208/71130/702480/48202/60539/489349/633942/491036/326485/974758,jpeg
http://inaturalist-open-data.s3.amazonaws.com/photos/172056294/large.jpeg,Thorectes brullei syriacus,48460/1/47120/372739/47158/184884/47208/71130/702480/48202/60539/489349/633942/491036/326485/974758,jpeg
http://inaturalist-open-data.s3.amazonaws.com/photos/172056305/large.jpeg,Thorectes brullei syriacus,48460/1/47120/372739/47158/184884/47208/71130/702480/48202/60539/489349/633942/491036/326485/974758,jpeg
