photo_url_large,taxon_name,ancestry,extension
http://inaturalist-open-data.s3.amazonaws.com/photos/3889974/large.JPG,Thorybes pylades albosuffusa,48460/1/47120/372739/47158/184884/47157/47224/47653/320509/1070950/58471/58469,JPG
http://inaturalist-open-data.s3.amazonaws.com/photos/6520266/large.jpg,Thorybes pylades albosuffusa,48460/1/47120/372739/47158/184884/47157/47224/47653/320509/1070950/58471/58469,jpg
http://inaturalist-open-data.s3.amazonaws.com/photos/8590559/large.jpeg,Thorybes pylades albosuffusa,48460/1/47120/372739/47158/184884/47157/47224/47653/320509/1070950/58471/58469,jpeg
http://inaturalist-open-data.s3.amazonaws.com/photos/14632823/large.jpeg,Thorybes pylades albosuffusa,48460/1/47120/372739/47158/184884/47157/47224/47653/320509/1070950/58471/58469,jpeg
http://inaturalist-open-data.s3.amazonaws.com/photos/14632827/large.jpeg,Thorybes pylades albosuffusa,48460/1/47120/372739/47158/184884/47157/47224/47653/320509/1070950/58471/58469,jpeg
http://inaturalist-open-data.s3.amazonaws.com/photos/31334926/large.jpg,Thorybes pylades albosuffusa,48460/1/47120/372739/47158/184884/47157/47224/47653/320509/1070950/58471/58469,jpg
http://inaturalist-open-data.s3.amazonaws.com/photos/31334937/large.jpg,Thorybes pylades albosuffusa,48460/1/47120/372739/47158/184884/47157/47224/47653/320509/1070950/58471/58469,jpg
http://inaturalist-open-data.s3.amazonaws.com/photos/31353233/large.jpg,Thorybes pylades albosuffusa,48460/1/47120/372739/47158/184884/47157/47224/47653/320509/1070950/58471/58469,jpg
http://inaturalist-open-data.s3.amazonaws.com/photos/31361604/large.jpg,Thorybes pylades albosuffusa,48460/1/47120/372739/47158/184884/47157/47224/47653/320509/1070950/58471/58469,jpg
http://inaturalist-open-data.s3.amazonaws.com/photos/71730841/large.jpg,Thorybes pylades albosuffusa,48460/1/47120/372739/47158/184884/47157/47224/47653/320509/1070950/58471/58469,jpg
http://inaturalist-open-data.s3.amazonaws.com/photos/111366643/large.jpeg,Thorybes pylades albosuffusa,48460/1/47120/372739/47158/184884/47157/47224/47653/320509/1070950/58471/58469,jpeg
http://inaturalist-open-data.s3.amazonaws.com/photos/112401604/large.jpg,Thorybes pylades albosuffusa,48460/1/47120/372739/47158/184884/47157/47224/47653/320509/1070950/58471/58469,jpg
http://inaturalist-open-data.s3.amazonaws.com/photos/112401847/large.jpg,Thorybes pylades albosuffusa,48460/1/47120/372739/47158/184884/47157/47224/47653/320509/1070950/58471/58469,jpg
http://inaturalist-open-data.s3.amazonaws.com/photos/114473930/large.jpg,Thorybes pylades albosuffusa,48460/1/47120/372739/47158/184884/47157/47224/47653/320509/1070950/58471/58469,jpg
http://inaturalist-open-data.s3.amazonaws.com/photos/123939016/large.jpeg,Thorybes pylades albosuffusa,48460/1/47120/372739/47158/184884/47157/47224/47653/320509/1070950/58471/58469,jpeg
