photo_url_large,taxon_name,ancestry,extension
http://inaturalist-open-data.s3.amazonaws.com/photos/13316550/large.jpeg,Tithorea harmonia hippothous,48460/1/47120/372739/47158/184884/47157/47224/47922/61244/134170/148799/294022,jpeg
http://inaturalist-open-data.s3.amazonaws.com/photos/13316561/large.jpeg,Tithorea harmonia hippothous,48460/1/47120/372739/47158/184884/47157/47224/47922/61244/134170/148799/294022,jpeg
http://inaturalist-open-data.s3.amazonaws.com/photos/13316494/large.jpeg,Tithorea harmonia hippothous,48460/1/47120/372739/47158/184884/47157/47224/47922/61244/134170/148799/294022,jpeg
http://inaturalist-open-data.s3.amazonaws.com/photos/13316488/large.jpeg,Tithorea harmonia hippothous,48460/1/47120/372739/47158/184884/47157/47224/47922/61244/134170/148799/294022,jpeg
http://inaturalist-open-data.s3.amazonaws.com/photos/13316491/large.jpeg,Tithorea harmonia hippothous,48460/1/47120/372739/47158/184884/47157/47224/47922/61244/134170/148799/294022,jpeg
http://inaturalist-open-data.s3.amazonaws.com/photos/13316508/large.jpeg,Tithorea harmonia hippothous,48460/1/47120/372739/47158/184884/47157/47224/47922/61244/134170/148799/294022,jpeg
http://inaturalist-open-data.s3.amazonaws.com/photos/13316519/large.jpeg,Tithorea harmonia hippothous,48460/1/47120/372739/47158/184884/47157/47224/47922/61244/134170/148799/294022,jpeg
http://inaturalist-open-data.s3.amazonaws.com/photos/13316515/large.jpeg,Tithorea harmonia hippothous,48460/1/47120/372739/47158/184884/47157/47224/47922/61244/134170/148799/294022,jpeg
http://inaturalist-open-data.s3.amazonaws.com/photos/13316538/large.jpeg,Tithorea harmonia hippothous,48460/1/47120/372739/47158/184884/47157/47224/47922/61244/134170/148799/294022,jpeg
http://inaturalist-open-data.s3.amazonaws.com/photos/13316537/large.jpeg,Tithorea harmonia hippothous,48460/1/47120/372739/47158/184884/47157/47224/47922/61244/134170/148799/294022,jpeg
http://inaturalist-open-data.s3.amazonaws.com/photos/34650985/large.jpeg,Tithorea harmonia hippothous,48460/1/47120/372739/47158/184884/47157/47224/47922/61244/134170/148799/294022,jpeg
http://inaturalist-open-data.s3.amazonaws.com/photos/34650997/large.jpeg,Tithorea harmonia hippothous,48460/1/47120/372739/47158/184884/47157/47224/47922/61244/134170/148799/294022,jpeg
http://inaturalist-open-data.s3.amazonaws.com/photos/40568422/large.jpg,Tithorea harmonia hippothous,48460/1/47120/372739/47158/184884/47157/47224/47922/61244/134170/148799/294022,jpg
http://inaturalist-open-data.s3.amazonaws.com/photos/58263654/large.jpeg,Tithorea harmonia hippothous,48460/1/47120/372739/47158/184884/47157/47224/47922/61244/134170/148799/294022,jpeg
http://inaturalist-open-data.s3.amazonaws.com/photos/58263650/large.jpeg,Tithorea harmonia hippothous,48460/1/47120/372739/47158/184884/47157/47224/47922/61244/134170/148799/294022,jpeg
http://inaturalist-open-data.s3.amazonaws.com/photos/58263652/large.jpeg,Tithorea harmonia hippothous,48460/1/47120/372739/47158/184884/47157/47224/47922/61244/134170/148799/294022,jpeg
http://inaturalist-open-data.s3.amazonaws.com/photos/58263655/large.jpeg,Tithorea harmonia hippothous,48460/1/47120/372739/47158/184884/47157/47224/47922/61244/134170/148799/294022,jpeg
http://inaturalist-open-data.s3.amazonaws.com/photos/65332232/large.jpeg,Tithorea harmonia hippothous,48460/1/47120/372739/47158/184884/47157/47224/47922/61244/134170/148799/294022,jpeg
http://inaturalist-open-data.s3.amazonaws.com/photos/79741916/large.jpeg,Tithorea harmonia hippothous,48460/1/47120/372739/47158/184884/47157/47224/47922/61244/134170/148799/294022,jpeg
http://inaturalist-open-data.s3.amazonaws.com/photos/80541737/large.jpg,Tithorea harmonia hippothous,48460/1/47120/372739/47158/184884/47157/47224/47922/61244/134170/148799/294022,jpg
http://inaturalist-open-data.s3.amazonaws.com/photos/141582394/large.jpeg,Tithorea harmonia hippothous,48460/1/47120/372739/47158/184884/47157/47224/47922/61244/134170/148799/294022,jpeg
