photo_url_large,taxon_name,ancestry,extension
http://inaturalist-open-data.s3.amazonaws.com/photos/51383039/large.jpeg,Trigonodes hyppasia hyppasia,48460/1/47120/372739/47158/184884/47157/47607/121850/122426/121535/203111/203110,jpeg
http://inaturalist-open-data.s3.amazonaws.com/photos/51383043/large.jpeg,Trigonodes hyppasia hyppasia,48460/1/47120/372739/47158/184884/47157/47607/121850/122426/121535/203111/203110,jpeg
http://inaturalist-open-data.s3.amazonaws.com/photos/51383015/large.jpeg,Trigonodes hyppasia hyppasia,48460/1/47120/372739/47158/184884/47157/47607/121850/122426/121535/203111/203110,jpeg
http://inaturalist-open-data.s3.amazonaws.com/photos/51383020/large.jpeg,Trigonodes hyppasia hyppasia,48460/1/47120/372739/47158/184884/47157/47607/121850/122426/121535/203111/203110,jpeg
http://inaturalist-open-data.s3.amazonaws.com/photos/51383026/large.jpeg,Trigonodes hyppasia hyppasia,48460/1/47120/372739/47158/184884/47157/47607/121850/122426/121535/203111/203110,jpeg
http://inaturalist-open-data.s3.amazonaws.com/photos/51383033/large.jpeg,Trigonodes hyppasia hyppasia,48460/1/47120/372739/47158/184884/47157/47607/121850/122426/121535/203111/203110,jpeg
http://inaturalist-open-data.s3.amazonaws.com/photos/51383049/large.jpeg,Trigonodes hyppasia hyppasia,48460/1/47120/372739/47158/184884/47157/47607/121850/122426/121535/203111/203110,jpeg
http://inaturalist-open-data.s3.amazonaws.com/photos/51383057/large.jpeg,Trigonodes hyppasia hyppasia,48460/1/47120/372739/47158/184884/47157/47607/121850/122426/121535/203111/203110,jpeg
http://inaturalist-open-data.s3.amazonaws.com/photos/51383069/large.jpeg,Trigonodes hyppasia hyppasia,48460/1/47120/372739/47158/184884/47157/47607/121850/122426/121535/203111/203110,jpeg
