photo_url_large,taxon_name,ancestry,extension
http://inaturalist-open-data.s3.amazonaws.com/photos/14027811/large.jpg,Trithemis annulata annulata,48460/1/47120/372739/47158/184884/47792/47927/1317176/47819/92658/114463,jpg
http://inaturalist-open-data.s3.amazonaws.com/photos/15406102/large.jpg,Trithemis annulata annulata,48460/1/47120/372739/47158/184884/47792/47927/1317176/47819/92658/114463,jpg
http://inaturalist-open-data.s3.amazonaws.com/photos/15406103/large.jpg,Trithemis annulata annulata,48460/1/47120/372739/47158/184884/47792/47927/1317176/47819/92658/114463,jpg
http://inaturalist-open-data.s3.amazonaws.com/photos/15517214/large.jpg,Trithemis annulata annulata,48460/1/47120/372739/47158/184884/47792/47927/1317176/47819/92658/114463,jpg
http://inaturalist-open-data.s3.amazonaws.com/photos/15517217/large.jpg,Trithemis annulata annulata,48460/1/47120/372739/47158/184884/47792/47927/1317176/47819/92658/114463,jpg
http://inaturalist-open-data.s3.amazonaws.com/photos/15722882/large.jpg,Trithemis annulata annulata,48460/1/47120/372739/47158/184884/47792/47927/1317176/47819/92658/114463,jpg
http://inaturalist-open-data.s3.amazonaws.com/photos/15722878/large.jpg,Trithemis annulata annulata,48460/1/47120/372739/47158/184884/47792/47927/1317176/47819/92658/114463,jpg
http://inaturalist-open-data.s3.amazonaws.com/photos/15776026/large.jpg,Trithemis annulata annulata,48460/1/47120/372739/47158/184884/47792/47927/1317176/47819/92658/114463,jpg
http://inaturalist-open-data.s3.amazonaws.com/photos/15777983/large.jpg,Trithemis annulata annulata,48460/1/47120/372739/47158/184884/47792/47927/1317176/47819/92658/114463,jpg
http://inaturalist-open-data.s3.amazonaws.com/photos/15783462/large.jpg,Trithemis annulata annulata,48460/1/47120/372739/47158/184884/47792/47927/1317176/47819/92658/114463,jpg
http://inaturalist-open-data.s3.amazonaws.com/photos/15796101/large.jpg,Trithemis annulata annulata,48460/1/47120/372739/47158/184884/47792/47927/1317176/47819/92658/114463,jpg
http://inaturalist-open-data.s3.amazonaws.com/photos/15796102/large.jpg,Trithemis annulata annulata,48460/1/47120/372739/47158/184884/47792/47927/1317176/47819/92658/114463,jpg
http://inaturalist-open-data.s3.amazonaws.com/photos/15831207/large.jpg,Trithemis annulata annulata,48460/1/47120/372739/47158/184884/47792/47927/1317176/47819/92658/114463,jpg
http://inaturalist-open-data.s3.amazonaws.com/photos/15811637/large.jpg,Trithemis annulata annulata,48460/1/47120/372739/47158/184884/47792/47927/1317176/47819/92658/114463,jpg
http://inaturalist-open-data.s3.amazonaws.com/photos/15956295/large.jpg,Trithemis annulata annulata,48460/1/47120/372739/47158/184884/47792/47927/1317176/47819/92658/114463,jpg
http://inaturalist-open-data.s3.amazonaws.com/photos/15956291/large.jpg,Trithemis annulata annulata,48460/1/47120/372739/47158/184884/47792/47927/1317176/47819/92658/114463,jpg
http://inaturalist-open-data.s3.amazonaws.com/photos/15956293/large.jpg,Trithemis annulata annulata,48460/1/47120/372739/47158/184884/47792/47927/1317176/47819/92658/114463,jpg
http://inaturalist-open-data.s3.amazonaws.com/photos/15956301/large.jpg,Trithemis annulata annulata,48460/1/47120/372739/47158/184884/47792/47927/1317176/47819/92658/114463,jpg
http://inaturalist-open-data.s3.amazonaws.com/photos/15956305/large.jpg,Trithemis annulata annulata,48460/1/47120/372739/47158/184884/47792/47927/1317176/47819/92658/114463,jpg
http://inaturalist-open-data.s3.amazonaws.com/photos/15962691/large.jpg,Trithemis annulata annulata,48460/1/47120/372739/47158/184884/47792/47927/1317176/47819/92658/114463,jpg
http://inaturalist-open-data.s3.amazonaws.com/photos/15962693/large.jpg,Trithemis annulata annulata,48460/1/47120/372739/47158/184884/47792/47927/1317176/47819/92658/114463,jpg
http://inaturalist-open-data.s3.amazonaws.com/photos/15962695/large.jpg,Trithemis annulata annulata,48460/1/47120/372739/47158/184884/47792/47927/1317176/47819/92658/114463,jpg
http://inaturalist-open-data.s3.amazonaws.com/photos/15962699/large.jpg,Trithemis annulata annulata,48460/1/47120/372739/47158/184884/47792/47927/1317176/47819/92658/114463,jpg
http://inaturalist-open-data.s3.amazonaws.com/photos/15962704/large.jpg,Trithemis annulata annulata,48460/1/47120/372739/47158/184884/47792/47927/1317176/47819/92658/114463,jpg
http://inaturalist-open-data.s3.amazonaws.com/photos/15962705/large.jpg,Trithemis annulata annulata,48460/1/47120/372739/47158/184884/47792/47927/1317176/47819/92658/114463,jpg
http://inaturalist-open-data.s3.amazonaws.com/photos/15968300/large.jpg,Trithemis annulata annulata,48460/1/47120/372739/47158/184884/47792/47927/1317176/47819/92658/114463,jpg
http://inaturalist-open-data.s3.amazonaws.com/photos/15968302/large.jpg,Trithemis annulata annulata,48460/1/47120/372739/47158/184884/47792/47927/1317176/47819/92658/114463,jpg
http://inaturalist-open-data.s3.amazonaws.com/photos/15968304/large.jpg,Trithemis annulata annulata,48460/1/47120/372739/47158/184884/47792/47927/1317176/47819/92658/114463,jpg
http://inaturalist-open-data.s3.amazonaws.com/photos/15968306/large.jpg,Trithemis annulata annulata,48460/1/47120/372739/47158/184884/47792/47927/1317176/47819/92658/114463,jpg
http://inaturalist-open-data.s3.amazonaws.com/photos/15968309/large.jpg,Trithemis annulata annulata,48460/1/47120/372739/47158/184884/47792/47927/1317176/47819/92658/114463,jpg
http://inaturalist-open-data.s3.amazonaws.com/photos/16063523/large.jpg,Trithemis annulata annulata,48460/1/47120/372739/47158/184884/47792/47927/1317176/47819/92658/114463,jpg
http://inaturalist-open-data.s3.amazonaws.com/photos/16063525/large.jpg,Trithemis annulata annulata,48460/1/47120/372739/47158/184884/47792/47927/1317176/47819/92658/114463,jpg
http://inaturalist-open-data.s3.amazonaws.com/photos/16063521/large.jpg,Trithemis annulata annulata,48460/1/47120/372739/47158/184884/47792/47927/1317176/47819/92658/114463,jpg
http://inaturalist-open-data.s3.amazonaws.com/photos/16105927/large.jpg,Trithemis annulata annulata,48460/1/47120/372739/47158/184884/47792/47927/1317176/47819/92658/114463,jpg
http://inaturalist-open-data.s3.amazonaws.com/photos/16080792/large.jpg,Trithemis annulata annulata,48460/1/47120/372739/47158/184884/47792/47927/1317176/47819/92658/114463,jpg
http://inaturalist-open-data.s3.amazonaws.com/photos/16080794/large.jpg,Trithemis annulata annulata,48460/1/47120/372739/47158/184884/47792/47927/1317176/47819/92658/114463,jpg
http://inaturalist-open-data.s3.amazonaws.com/photos/16080795/large.jpg,Trithemis annulata annulata,48460/1/47120/372739/47158/184884/47792/47927/1317176/47819/92658/114463,jpg
http://inaturalist-open-data.s3.amazonaws.com/photos/16080798/large.jpg,Trithemis annulata annulata,48460/1/47120/372739/47158/184884/47792/47927/1317176/47819/92658/114463,jpg
http://inaturalist-open-data.s3.amazonaws.com/photos/20447293/large.jpeg,Trithemis annulata annulata,48460/1/47120/372739/47158/184884/47792/47927/1317176/47819/92658/114463,jpeg
http://inaturalist-open-data.s3.amazonaws.com/photos/31144867/large.jpeg,Trithemis annulata annulata,48460/1/47120/372739/47158/184884/47792/47927/1317176/47819/92658/114463,jpeg
http://inaturalist-open-data.s3.amazonaws.com/photos/118299877/large.jpg,Trithemis annulata annulata,48460/1/47120/372739/47158/184884/47792/47927/1317176/47819/92658/114463,jpg
http://inaturalist-open-data.s3.amazonaws.com/photos/176478458/large.jpeg,Trithemis annulata annulata,48460/1/47120/372739/47158/184884/47792/47927/1317176/47819/92658/114463,jpeg
http://inaturalist-open-data.s3.amazonaws.com/photos/176478489/large.jpeg,Trithemis annulata annulata,48460/1/47120/372739/47158/184884/47792/47927/1317176/47819/92658/114463,jpeg
http://inaturalist-open-data.s3.amazonaws.com/photos/176478508/large.jpeg,Trithemis annulata annulata,48460/1/47120/372739/47158/184884/47792/47927/1317176/47819/92658/114463,jpeg
http://inaturalist-open-data.s3.amazonaws.com/photos/176478511/large.jpeg,Trithemis annulata annulata,48460/1/47120/372739/47158/184884/47792/47927/1317176/47819/92658/114463,jpeg
