photo_url_large,taxon_name,ancestry,extension
http://inaturalist-open-data.s3.amazonaws.com/photos/29124570/large.jpeg,Troides aeacus formosanus,48460/1/47120/372739/47158/184884/47157/47224/47223/49973/49974/522890/92675/207784,jpeg
http://inaturalist-open-data.s3.amazonaws.com/photos/30291332/large.jpg,Troides aeacus formosanus,48460/1/47120/372739/47158/184884/47157/47224/47223/49973/49974/522890/92675/207784,jpg
http://inaturalist-open-data.s3.amazonaws.com/photos/30291640/large.jpg,Troides aeacus formosanus,48460/1/47120/372739/47158/184884/47157/47224/47223/49973/49974/522890/92675/207784,jpg
http://inaturalist-open-data.s3.amazonaws.com/photos/30657692/large.jpg,Troides aeacus formosanus,48460/1/47120/372739/47158/184884/47157/47224/47223/49973/49974/522890/92675/207784,jpg
http://inaturalist-open-data.s3.amazonaws.com/photos/30657691/large.jpg,Troides aeacus formosanus,48460/1/47120/372739/47158/184884/47157/47224/47223/49973/49974/522890/92675/207784,jpg
http://inaturalist-open-data.s3.amazonaws.com/photos/30908970/large.jpeg,Troides aeacus formosanus,48460/1/47120/372739/47158/184884/47157/47224/47223/49973/49974/522890/92675/207784,jpeg
http://inaturalist-open-data.s3.amazonaws.com/photos/30908971/large.jpeg,Troides aeacus formosanus,48460/1/47120/372739/47158/184884/47157/47224/47223/49973/49974/522890/92675/207784,jpeg
http://inaturalist-open-data.s3.amazonaws.com/photos/35831637/large.jpg,Troides aeacus formosanus,48460/1/47120/372739/47158/184884/47157/47224/47223/49973/49974/522890/92675/207784,jpg
http://inaturalist-open-data.s3.amazonaws.com/photos/41420436/large.jpg,Troides aeacus formosanus,48460/1/47120/372739/47158/184884/47157/47224/47223/49973/49974/522890/92675/207784,jpg
http://inaturalist-open-data.s3.amazonaws.com/photos/41420444/large.jpg,Troides aeacus formosanus,48460/1/47120/372739/47158/184884/47157/47224/47223/49973/49974/522890/92675/207784,jpg
http://inaturalist-open-data.s3.amazonaws.com/photos/42872172/large.jpeg,Troides aeacus formosanus,48460/1/47120/372739/47158/184884/47157/47224/47223/49973/49974/522890/92675/207784,jpeg
http://inaturalist-open-data.s3.amazonaws.com/photos/49463654/large.jpg,Troides aeacus formosanus,48460/1/47120/372739/47158/184884/47157/47224/47223/49973/49974/522890/92675/207784,jpg
http://inaturalist-open-data.s3.amazonaws.com/photos/58056060/large.jpeg,Troides aeacus formosanus,48460/1/47120/372739/47158/184884/47157/47224/47223/49973/49974/522890/92675/207784,jpeg
http://inaturalist-open-data.s3.amazonaws.com/photos/58615943/large.jpeg,Troides aeacus formosanus,48460/1/47120/372739/47158/184884/47157/47224/47223/49973/49974/522890/92675/207784,jpeg
http://inaturalist-open-data.s3.amazonaws.com/photos/65492163/large.jpeg,Troides aeacus formosanus,48460/1/47120/372739/47158/184884/47157/47224/47223/49973/49974/522890/92675/207784,jpeg
http://inaturalist-open-data.s3.amazonaws.com/photos/65492178/large.jpeg,Troides aeacus formosanus,48460/1/47120/372739/47158/184884/47157/47224/47223/49973/49974/522890/92675/207784,jpeg
http://inaturalist-open-data.s3.amazonaws.com/photos/65492191/large.jpeg,Troides aeacus formosanus,48460/1/47120/372739/47158/184884/47157/47224/47223/49973/49974/522890/92675/207784,jpeg
http://inaturalist-open-data.s3.amazonaws.com/photos/65492207/large.jpeg,Troides aeacus formosanus,48460/1/47120/372739/47158/184884/47157/47224/47223/49973/49974/522890/92675/207784,jpeg
http://inaturalist-open-data.s3.amazonaws.com/photos/65492217/large.jpeg,Troides aeacus formosanus,48460/1/47120/372739/47158/184884/47157/47224/47223/49973/49974/522890/92675/207784,jpeg
http://inaturalist-open-data.s3.amazonaws.com/photos/65601374/large.jpeg,Troides aeacus formosanus,48460/1/47120/372739/47158/184884/47157/47224/47223/49973/49974/522890/92675/207784,jpeg
http://inaturalist-open-data.s3.amazonaws.com/photos/67566849/large.jpeg,Troides aeacus formosanus,48460/1/47120/372739/47158/184884/47157/47224/47223/49973/49974/522890/92675/207784,jpeg
http://inaturalist-open-data.s3.amazonaws.com/photos/67566817/large.jpeg,Troides aeacus formosanus,48460/1/47120/372739/47158/184884/47157/47224/47223/49973/49974/522890/92675/207784,jpeg
http://inaturalist-open-data.s3.amazonaws.com/photos/67566823/large.jpeg,Troides aeacus formosanus,48460/1/47120/372739/47158/184884/47157/47224/47223/49973/49974/522890/92675/207784,jpeg
http://inaturalist-open-data.s3.amazonaws.com/photos/67566831/large.jpeg,Troides aeacus formosanus,48460/1/47120/372739/47158/184884/47157/47224/47223/49973/49974/522890/92675/207784,jpeg
http://inaturalist-open-data.s3.amazonaws.com/photos/67566837/large.jpeg,Troides aeacus formosanus,48460/1/47120/372739/47158/184884/47157/47224/47223/49973/49974/522890/92675/207784,jpeg
http://inaturalist-open-data.s3.amazonaws.com/photos/67566973/large.jpeg,Troides aeacus formosanus,48460/1/47120/372739/47158/184884/47157/47224/47223/49973/49974/522890/92675/207784,jpeg
http://inaturalist-open-data.s3.amazonaws.com/photos/68673897/large.jpg,Troides aeacus formosanus,48460/1/47120/372739/47158/184884/47157/47224/47223/49973/49974/522890/92675/207784,jpg
http://inaturalist-open-data.s3.amazonaws.com/photos/68674496/large.jpg,Troides aeacus formosanus,48460/1/47120/372739/47158/184884/47157/47224/47223/49973/49974/522890/92675/207784,jpg
http://inaturalist-open-data.s3.amazonaws.com/photos/69868040/large.jpg,Troides aeacus formosanus,48460/1/47120/372739/47158/184884/47157/47224/47223/49973/49974/522890/92675/207784,jpg
http://inaturalist-open-data.s3.amazonaws.com/photos/69887778/large.jpg,Troides aeacus formosanus,48460/1/47120/372739/47158/184884/47157/47224/47223/49973/49974/522890/92675/207784,jpg
http://inaturalist-open-data.s3.amazonaws.com/photos/71907274/large.jpeg,Troides aeacus formosanus,48460/1/47120/372739/47158/184884/47157/47224/47223/49973/49974/522890/92675/207784,jpeg
http://inaturalist-open-data.s3.amazonaws.com/photos/79712324/large.jpeg,Troides aeacus formosanus,48460/1/47120/372739/47158/184884/47157/47224/47223/49973/49974/522890/92675/207784,jpeg
http://inaturalist-open-data.s3.amazonaws.com/photos/79712379/large.jpeg,Troides aeacus formosanus,48460/1/47120/372739/47158/184884/47157/47224/47223/49973/49974/522890/92675/207784,jpeg
http://inaturalist-open-data.s3.amazonaws.com/photos/79712429/large.jpeg,Troides aeacus formosanus,48460/1/47120/372739/47158/184884/47157/47224/47223/49973/49974/522890/92675/207784,jpeg
http://inaturalist-open-data.s3.amazonaws.com/photos/79712489/large.jpeg,Troides aeacus formosanus,48460/1/47120/372739/47158/184884/47157/47224/47223/49973/49974/522890/92675/207784,jpeg
http://inaturalist-open-data.s3.amazonaws.com/photos/79712471/large.jpeg,Troides aeacus formosanus,48460/1/47120/372739/47158/184884/47157/47224/47223/49973/49974/522890/92675/207784,jpeg
http://inaturalist-open-data.s3.amazonaws.com/photos/79714054/large.jpeg,Troides aeacus formosanus,48460/1/47120/372739/47158/184884/47157/47224/47223/49973/49974/522890/92675/207784,jpeg
http://inaturalist-open-data.s3.amazonaws.com/photos/90392743/large.jpg,Troides aeacus formosanus,48460/1/47120/372739/47158/184884/47157/47224/47223/49973/49974/522890/92675/207784,jpg
http://inaturalist-open-data.s3.amazonaws.com/photos/90548254/large.jpg,Troides aeacus formosanus,48460/1/47120/372739/47158/184884/47157/47224/47223/49973/49974/522890/92675/207784,jpg
http://inaturalist-open-data.s3.amazonaws.com/photos/90548270/large.jpg,Troides aeacus formosanus,48460/1/47120/372739/47158/184884/47157/47224/47223/49973/49974/522890/92675/207784,jpg
http://inaturalist-open-data.s3.amazonaws.com/photos/91073069/large.jpg,Troides aeacus formosanus,48460/1/47120/372739/47158/184884/47157/47224/47223/49973/49974/522890/92675/207784,jpg
http://inaturalist-open-data.s3.amazonaws.com/photos/91073055/large.jpg,Troides aeacus formosanus,48460/1/47120/372739/47158/184884/47157/47224/47223/49973/49974/522890/92675/207784,jpg
http://inaturalist-open-data.s3.amazonaws.com/photos/91073060/large.jpg,Troides aeacus formosanus,48460/1/47120/372739/47158/184884/47157/47224/47223/49973/49974/522890/92675/207784,jpg
http://inaturalist-open-data.s3.amazonaws.com/photos/91073063/large.jpg,Troides aeacus formosanus,48460/1/47120/372739/47158/184884/47157/47224/47223/49973/49974/522890/92675/207784,jpg
http://inaturalist-open-data.s3.amazonaws.com/photos/91073074/large.jpg,Troides aeacus formosanus,48460/1/47120/372739/47158/184884/47157/47224/47223/49973/49974/522890/92675/207784,jpg
http://inaturalist-open-data.s3.amazonaws.com/photos/92100800/large.jpeg,Troides aeacus formosanus,48460/1/47120/372739/47158/184884/47157/47224/47223/49973/49974/522890/92675/207784,jpeg
http://inaturalist-open-data.s3.amazonaws.com/photos/92101188/large.jpeg,Troides aeacus formosanus,48460/1/47120/372739/47158/184884/47157/47224/47223/49973/49974/522890/92675/207784,jpeg
http://inaturalist-open-data.s3.amazonaws.com/photos/92101217/large.jpeg,Troides aeacus formosanus,48460/1/47120/372739/47158/184884/47157/47224/47223/49973/49974/522890/92675/207784,jpeg
http://inaturalist-open-data.s3.amazonaws.com/photos/92101212/large.jpeg,Troides aeacus formosanus,48460/1/47120/372739/47158/184884/47157/47224/47223/49973/49974/522890/92675/207784,jpeg
http://inaturalist-open-data.s3.amazonaws.com/photos/96375091/large.jpeg,Troides aeacus formosanus,48460/1/47120/372739/47158/184884/47157/47224/47223/49973/49974/522890/92675/207784,jpeg
http://inaturalist-open-data.s3.amazonaws.com/photos/109930089/large.jpg,Troides aeacus formosanus,48460/1/47120/372739/47158/184884/47157/47224/47223/49973/49974/522890/92675/207784,jpg
http://inaturalist-open-data.s3.amazonaws.com/photos/109930320/large.jpg,Troides aeacus formosanus,48460/1/47120/372739/47158/184884/47157/47224/47223/49973/49974/522890/92675/207784,jpg
http://inaturalist-open-data.s3.amazonaws.com/photos/109930636/large.jpg,Troides aeacus formosanus,48460/1/47120/372739/47158/184884/47157/47224/47223/49973/49974/522890/92675/207784,jpg
http://inaturalist-open-data.s3.amazonaws.com/photos/112795640/large.jpg,Troides aeacus formosanus,48460/1/47120/372739/47158/184884/47157/47224/47223/49973/49974/522890/92675/207784,jpg
http://inaturalist-open-data.s3.amazonaws.com/photos/112795657/large.jpg,Troides aeacus formosanus,48460/1/47120/372739/47158/184884/47157/47224/47223/49973/49974/522890/92675/207784,jpg
http://inaturalist-open-data.s3.amazonaws.com/photos/112795672/large.jpg,Troides aeacus formosanus,48460/1/47120/372739/47158/184884/47157/47224/47223/49973/49974/522890/92675/207784,jpg
http://inaturalist-open-data.s3.amazonaws.com/photos/112795685/large.jpg,Troides aeacus formosanus,48460/1/47120/372739/47158/184884/47157/47224/47223/49973/49974/522890/92675/207784,jpg
http://inaturalist-open-data.s3.amazonaws.com/photos/112795702/large.jpg,Troides aeacus formosanus,48460/1/47120/372739/47158/184884/47157/47224/47223/49973/49974/522890/92675/207784,jpg
http://inaturalist-open-data.s3.amazonaws.com/photos/112795711/large.jpg,Troides aeacus formosanus,48460/1/47120/372739/47158/184884/47157/47224/47223/49973/49974/522890/92675/207784,jpg
http://inaturalist-open-data.s3.amazonaws.com/photos/112795719/large.jpg,Troides aeacus formosanus,48460/1/47120/372739/47158/184884/47157/47224/47223/49973/49974/522890/92675/207784,jpg
http://inaturalist-open-data.s3.amazonaws.com/photos/112795727/large.jpg,Troides aeacus formosanus,48460/1/47120/372739/47158/184884/47157/47224/47223/49973/49974/522890/92675/207784,jpg
http://inaturalist-open-data.s3.amazonaws.com/photos/124338888/large.jpeg,Troides aeacus formosanus,48460/1/47120/372739/47158/184884/47157/47224/47223/49973/49974/522890/92675/207784,jpeg
http://inaturalist-open-data.s3.amazonaws.com/photos/124338932/large.jpeg,Troides aeacus formosanus,48460/1/47120/372739/47158/184884/47157/47224/47223/49973/49974/522890/92675/207784,jpeg
http://inaturalist-open-data.s3.amazonaws.com/photos/124338956/large.jpeg,Troides aeacus formosanus,48460/1/47120/372739/47158/184884/47157/47224/47223/49973/49974/522890/92675/207784,jpeg
http://inaturalist-open-data.s3.amazonaws.com/photos/153558483/large.jpeg,Troides aeacus formosanus,48460/1/47120/372739/47158/184884/47157/47224/47223/49973/49974/522890/92675/207784,jpeg
