photo_url_large,taxon_name,ancestry,extension
http://inaturalist-open-data.s3.amazonaws.com/photos/403985/large.jpg,Typocerus lunulatus texanus,48460/1/47120/372739/47158/184884/47208/71130/372852/963992/47961/321450/373727/131863/322703,jpg
http://inaturalist-open-data.s3.amazonaws.com/photos/442532/large.jpg,Typocerus lunulatus texanus,48460/1/47120/372739/47158/184884/47208/71130/372852/963992/47961/321450/373727/131863/322703,jpg
http://inaturalist-open-data.s3.amazonaws.com/photos/13001047/large.jpg,Typocerus lunulatus texanus,48460/1/47120/372739/47158/184884/47208/71130/372852/963992/47961/321450/373727/131863/322703,jpg
http://inaturalist-open-data.s3.amazonaws.com/photos/16521282/large.jpeg,Typocerus lunulatus texanus,48460/1/47120/372739/47158/184884/47208/71130/372852/963992/47961/321450/373727/131863/322703,jpeg
http://inaturalist-open-data.s3.amazonaws.com/photos/35056393/large.jpg,Typocerus lunulatus texanus,48460/1/47120/372739/47158/184884/47208/71130/372852/963992/47961/321450/373727/131863/322703,jpg
http://inaturalist-open-data.s3.amazonaws.com/photos/38709592/large.jpg,Typocerus lunulatus texanus,48460/1/47120/372739/47158/184884/47208/71130/372852/963992/47961/321450/373727/131863/322703,jpg
http://inaturalist-open-data.s3.amazonaws.com/photos/39546627/large.jpg,Typocerus lunulatus texanus,48460/1/47120/372739/47158/184884/47208/71130/372852/963992/47961/321450/373727/131863/322703,jpg
http://inaturalist-open-data.s3.amazonaws.com/photos/58431544/large.jpg,Typocerus lunulatus texanus,48460/1/47120/372739/47158/184884/47208/71130/372852/963992/47961/321450/373727/131863/322703,jpg
http://inaturalist-open-data.s3.amazonaws.com/photos/69412123/large.jpg,Typocerus lunulatus texanus,48460/1/47120/372739/47158/184884/47208/71130/372852/963992/47961/321450/373727/131863/322703,jpg
