photo_url_large,taxon_name,ancestry,extension
http://inaturalist-open-data.s3.amazonaws.com/photos/5989959/large.jpeg,Uromenus brevicollis insularis,48460/1/47120/372739/47158/184884/47651/132694/488701/48125/48124/346104/523123/122691/447049,jpeg
http://inaturalist-open-data.s3.amazonaws.com/photos/5989961/large.jpeg,Uromenus brevicollis insularis,48460/1/47120/372739/47158/184884/47651/132694/488701/48125/48124/346104/523123/122691/447049,jpeg
http://inaturalist-open-data.s3.amazonaws.com/photos/5989930/large.jpeg,Uromenus brevicollis insularis,48460/1/47120/372739/47158/184884/47651/132694/488701/48125/48124/346104/523123/122691/447049,jpeg
http://inaturalist-open-data.s3.amazonaws.com/photos/5989957/large.jpeg,Uromenus brevicollis insularis,48460/1/47120/372739/47158/184884/47651/132694/488701/48125/48124/346104/523123/122691/447049,jpeg
http://inaturalist-open-data.s3.amazonaws.com/photos/5989963/large.jpeg,Uromenus brevicollis insularis,48460/1/47120/372739/47158/184884/47651/132694/488701/48125/48124/346104/523123/122691/447049,jpeg
http://inaturalist-open-data.s3.amazonaws.com/photos/5989965/large.jpeg,Uromenus brevicollis insularis,48460/1/47120/372739/47158/184884/47651/132694/488701/48125/48124/346104/523123/122691/447049,jpeg
http://inaturalist-open-data.s3.amazonaws.com/photos/5992461/large.jpeg,Uromenus brevicollis insularis,48460/1/47120/372739/47158/184884/47651/132694/488701/48125/48124/346104/523123/122691/447049,jpeg
http://inaturalist-open-data.s3.amazonaws.com/photos/5992463/large.jpeg,Uromenus brevicollis insularis,48460/1/47120/372739/47158/184884/47651/132694/488701/48125/48124/346104/523123/122691/447049,jpeg
http://inaturalist-open-data.s3.amazonaws.com/photos/5992465/large.jpeg,Uromenus brevicollis insularis,48460/1/47120/372739/47158/184884/47651/132694/488701/48125/48124/346104/523123/122691/447049,jpeg
http://inaturalist-open-data.s3.amazonaws.com/photos/5998624/large.jpeg,Uromenus brevicollis insularis,48460/1/47120/372739/47158/184884/47651/132694/488701/48125/48124/346104/523123/122691/447049,jpeg
http://inaturalist-open-data.s3.amazonaws.com/photos/5998626/large.jpeg,Uromenus brevicollis insularis,48460/1/47120/372739/47158/184884/47651/132694/488701/48125/48124/346104/523123/122691/447049,jpeg
http://inaturalist-open-data.s3.amazonaws.com/photos/5998628/large.jpeg,Uromenus brevicollis insularis,48460/1/47120/372739/47158/184884/47651/132694/488701/48125/48124/346104/523123/122691/447049,jpeg
http://inaturalist-open-data.s3.amazonaws.com/photos/6015865/large.jpeg,Uromenus brevicollis insularis,48460/1/47120/372739/47158/184884/47651/132694/488701/48125/48124/346104/523123/122691/447049,jpeg
http://inaturalist-open-data.s3.amazonaws.com/photos/16105779/large.jpeg,Uromenus brevicollis insularis,48460/1/47120/372739/47158/184884/47651/132694/488701/48125/48124/346104/523123/122691/447049,jpeg
http://inaturalist-open-data.s3.amazonaws.com/photos/20731748/large.jpg,Uromenus brevicollis insularis,48460/1/47120/372739/47158/184884/47651/132694/488701/48125/48124/346104/523123/122691/447049,jpg
http://inaturalist-open-data.s3.amazonaws.com/photos/20732052/large.jpg,Uromenus brevicollis insularis,48460/1/47120/372739/47158/184884/47651/132694/488701/48125/48124/346104/523123/122691/447049,jpg
http://inaturalist-open-data.s3.amazonaws.com/photos/20909159/large.jpg,Uromenus brevicollis insularis,48460/1/47120/372739/47158/184884/47651/132694/488701/48125/48124/346104/523123/122691/447049,jpg
http://inaturalist-open-data.s3.amazonaws.com/photos/20909163/large.jpg,Uromenus brevicollis insularis,48460/1/47120/372739/47158/184884/47651/132694/488701/48125/48124/346104/523123/122691/447049,jpg
http://inaturalist-open-data.s3.amazonaws.com/photos/42230777/large.jpeg,Uromenus brevicollis insularis,48460/1/47120/372739/47158/184884/47651/132694/488701/48125/48124/346104/523123/122691/447049,jpeg
http://inaturalist-open-data.s3.amazonaws.com/photos/42231486/large.jpeg,Uromenus brevicollis insularis,48460/1/47120/372739/47158/184884/47651/132694/488701/48125/48124/346104/523123/122691/447049,jpeg
http://inaturalist-open-data.s3.amazonaws.com/photos/42231883/large.jpeg,Uromenus brevicollis insularis,48460/1/47120/372739/47158/184884/47651/132694/488701/48125/48124/346104/523123/122691/447049,jpeg
http://inaturalist-open-data.s3.amazonaws.com/photos/42331069/large.jpeg,Uromenus brevicollis insularis,48460/1/47120/372739/47158/184884/47651/132694/488701/48125/48124/346104/523123/122691/447049,jpeg
http://inaturalist-open-data.s3.amazonaws.com/photos/44501274/large.jpeg,Uromenus brevicollis insularis,48460/1/47120/372739/47158/184884/47651/132694/488701/48125/48124/346104/523123/122691/447049,jpeg
http://inaturalist-open-data.s3.amazonaws.com/photos/44501279/large.jpeg,Uromenus brevicollis insularis,48460/1/47120/372739/47158/184884/47651/132694/488701/48125/48124/346104/523123/122691/447049,jpeg
http://inaturalist-open-data.s3.amazonaws.com/photos/44531193/large.jpeg,Uromenus brevicollis insularis,48460/1/47120/372739/47158/184884/47651/132694/488701/48125/48124/346104/523123/122691/447049,jpeg
http://inaturalist-open-data.s3.amazonaws.com/photos/44531379/large.jpeg,Uromenus brevicollis insularis,48460/1/47120/372739/47158/184884/47651/132694/488701/48125/48124/346104/523123/122691/447049,jpeg
http://inaturalist-open-data.s3.amazonaws.com/photos/47422312/large.jpg,Uromenus brevicollis insularis,48460/1/47120/372739/47158/184884/47651/132694/488701/48125/48124/346104/523123/122691/447049,jpg
http://inaturalist-open-data.s3.amazonaws.com/photos/59254082/large.jpg,Uromenus brevicollis insularis,48460/1/47120/372739/47158/184884/47651/132694/488701/48125/48124/346104/523123/122691/447049,jpg
http://inaturalist-open-data.s3.amazonaws.com/photos/67793399/large.jpeg,Uromenus brevicollis insularis,48460/1/47120/372739/47158/184884/47651/132694/488701/48125/48124/346104/523123/122691/447049,jpeg
http://inaturalist-open-data.s3.amazonaws.com/photos/67803676/large.jpeg,Uromenus brevicollis insularis,48460/1/47120/372739/47158/184884/47651/132694/488701/48125/48124/346104/523123/122691/447049,jpeg
http://inaturalist-open-data.s3.amazonaws.com/photos/67803703/large.jpeg,Uromenus brevicollis insularis,48460/1/47120/372739/47158/184884/47651/132694/488701/48125/48124/346104/523123/122691/447049,jpeg
http://inaturalist-open-data.s3.amazonaws.com/photos/67803732/large.jpeg,Uromenus brevicollis insularis,48460/1/47120/372739/47158/184884/47651/132694/488701/48125/48124/346104/523123/122691/447049,jpeg
http://inaturalist-open-data.s3.amazonaws.com/photos/68248239/large.jpg,Uromenus brevicollis insularis,48460/1/47120/372739/47158/184884/47651/132694/488701/48125/48124/346104/523123/122691/447049,jpg
http://inaturalist-open-data.s3.amazonaws.com/photos/103160973/large.jpg,Uromenus brevicollis insularis,48460/1/47120/372739/47158/184884/47651/132694/488701/48125/48124/346104/523123/122691/447049,jpg
http://inaturalist-open-data.s3.amazonaws.com/photos/103160982/large.jpg,Uromenus brevicollis insularis,48460/1/47120/372739/47158/184884/47651/132694/488701/48125/48124/346104/523123/122691/447049,jpg
http://inaturalist-open-data.s3.amazonaws.com/photos/154200824/large.jpeg,Uromenus brevicollis insularis,48460/1/47120/372739/47158/184884/47651/132694/488701/48125/48124/346104/523123/122691/447049,jpeg
http://inaturalist-open-data.s3.amazonaws.com/photos/171677059/large.jpeg,Uromenus brevicollis insularis,48460/1/47120/372739/47158/184884/47651/132694/488701/48125/48124/346104/523123/122691/447049,jpeg
http://inaturalist-open-data.s3.amazonaws.com/photos/171677058/large.jpeg,Uromenus brevicollis insularis,48460/1/47120/372739/47158/184884/47651/132694/488701/48125/48124/346104/523123/122691/447049,jpeg
http://inaturalist-open-data.s3.amazonaws.com/photos/171678496/large.jpeg,Uromenus brevicollis insularis,48460/1/47120/372739/47158/184884/47651/132694/488701/48125/48124/346104/523123/122691/447049,jpeg
