photo_url_large,taxon_name,ancestry,extension
http://inaturalist-open-data.s3.amazonaws.com/photos/11720432/large.jpg,Vanessa dimorphica dimorphica,48460/1/47120/372739/47158/184884/47157/47224/47922/202067/202066/48507/357631,jpg
http://inaturalist-open-data.s3.amazonaws.com/photos/12906286/large.jpg,Vanessa dimorphica dimorphica,48460/1/47120/372739/47158/184884/47157/47224/47922/202067/202066/48507/357631,jpg
http://inaturalist-open-data.s3.amazonaws.com/photos/12906287/large.jpg,Vanessa dimorphica dimorphica,48460/1/47120/372739/47158/184884/47157/47224/47922/202067/202066/48507/357631,jpg
http://inaturalist-open-data.s3.amazonaws.com/photos/14259295/large.jpeg,Vanessa dimorphica dimorphica,48460/1/47120/372739/47158/184884/47157/47224/47922/202067/202066/48507/357631,jpeg
http://inaturalist-open-data.s3.amazonaws.com/photos/31094916/large.jpg,Vanessa dimorphica dimorphica,48460/1/47120/372739/47158/184884/47157/47224/47922/202067/202066/48507/357631,jpg
http://inaturalist-open-data.s3.amazonaws.com/photos/31094917/large.jpg,Vanessa dimorphica dimorphica,48460/1/47120/372739/47158/184884/47157/47224/47922/202067/202066/48507/357631,jpg
http://inaturalist-open-data.s3.amazonaws.com/photos/42036213/large.jpeg,Vanessa dimorphica dimorphica,48460/1/47120/372739/47158/184884/47157/47224/47922/202067/202066/48507/357631,jpeg
http://inaturalist-open-data.s3.amazonaws.com/photos/42036312/large.jpeg,Vanessa dimorphica dimorphica,48460/1/47120/372739/47158/184884/47157/47224/47922/202067/202066/48507/357631,jpeg
http://inaturalist-open-data.s3.amazonaws.com/photos/42036092/large.jpeg,Vanessa dimorphica dimorphica,48460/1/47120/372739/47158/184884/47157/47224/47922/202067/202066/48507/357631,jpeg
http://inaturalist-open-data.s3.amazonaws.com/photos/42036621/large.jpeg,Vanessa dimorphica dimorphica,48460/1/47120/372739/47158/184884/47157/47224/47922/202067/202066/48507/357631,jpeg
http://inaturalist-open-data.s3.amazonaws.com/photos/42036372/large.jpeg,Vanessa dimorphica dimorphica,48460/1/47120/372739/47158/184884/47157/47224/47922/202067/202066/48507/357631,jpeg
http://inaturalist-open-data.s3.amazonaws.com/photos/42036530/large.jpeg,Vanessa dimorphica dimorphica,48460/1/47120/372739/47158/184884/47157/47224/47922/202067/202066/48507/357631,jpeg
http://inaturalist-open-data.s3.amazonaws.com/photos/56112646/large.jpeg,Vanessa dimorphica dimorphica,48460/1/47120/372739/47158/184884/47157/47224/47922/202067/202066/48507/357631,jpeg
http://inaturalist-open-data.s3.amazonaws.com/photos/57462708/large.jpeg,Vanessa dimorphica dimorphica,48460/1/47120/372739/47158/184884/47157/47224/47922/202067/202066/48507/357631,jpeg
http://inaturalist-open-data.s3.amazonaws.com/photos/67731921/large.jpeg,Vanessa dimorphica dimorphica,48460/1/47120/372739/47158/184884/47157/47224/47922/202067/202066/48507/357631,jpeg
http://inaturalist-open-data.s3.amazonaws.com/photos/76738674/large.jpeg,Vanessa dimorphica dimorphica,48460/1/47120/372739/47158/184884/47157/47224/47922/202067/202066/48507/357631,jpeg
http://inaturalist-open-data.s3.amazonaws.com/photos/82850372/large.jpeg,Vanessa dimorphica dimorphica,48460/1/47120/372739/47158/184884/47157/47224/47922/202067/202066/48507/357631,jpeg
http://inaturalist-open-data.s3.amazonaws.com/photos/101845509/large.jpeg,Vanessa dimorphica dimorphica,48460/1/47120/372739/47158/184884/47157/47224/47922/202067/202066/48507/357631,jpeg
http://inaturalist-open-data.s3.amazonaws.com/photos/101845524/large.jpeg,Vanessa dimorphica dimorphica,48460/1/47120/372739/47158/184884/47157/47224/47922/202067/202066/48507/357631,jpeg
http://inaturalist-open-data.s3.amazonaws.com/photos/101906369/large.jpg,Vanessa dimorphica dimorphica,48460/1/47120/372739/47158/184884/47157/47224/47922/202067/202066/48507/357631,jpg
http://inaturalist-open-data.s3.amazonaws.com/photos/157076419/large.jpg,Vanessa dimorphica dimorphica,48460/1/47120/372739/47158/184884/47157/47224/47922/202067/202066/48507/357631,jpg
http://inaturalist-open-data.s3.amazonaws.com/photos/161258360/large.jpg,Vanessa dimorphica dimorphica,48460/1/47120/372739/47158/184884/47157/47224/47922/202067/202066/48507/357631,jpg
http://inaturalist-open-data.s3.amazonaws.com/photos/161258414/large.jpg,Vanessa dimorphica dimorphica,48460/1/47120/372739/47158/184884/47157/47224/47922/202067/202066/48507/357631,jpg
http://inaturalist-open-data.s3.amazonaws.com/photos/161258444/large.jpg,Vanessa dimorphica dimorphica,48460/1/47120/372739/47158/184884/47157/47224/47922/202067/202066/48507/357631,jpg
http://inaturalist-open-data.s3.amazonaws.com/photos/166656735/large.jpeg,Vanessa dimorphica dimorphica,48460/1/47120/372739/47158/184884/47157/47224/47922/202067/202066/48507/357631,jpeg
http://inaturalist-open-data.s3.amazonaws.com/photos/166656764/large.jpeg,Vanessa dimorphica dimorphica,48460/1/47120/372739/47158/184884/47157/47224/47922/202067/202066/48507/357631,jpeg
http://inaturalist-open-data.s3.amazonaws.com/photos/172760583/large.jpg,Vanessa dimorphica dimorphica,48460/1/47120/372739/47158/184884/47157/47224/47922/202067/202066/48507/357631,jpg
http://inaturalist-open-data.s3.amazonaws.com/photos/172777008/large.jpg,Vanessa dimorphica dimorphica,48460/1/47120/372739/47158/184884/47157/47224/47922/202067/202066/48507/357631,jpg
