photo_url_large,taxon_name,ancestry,extension
http://inaturalist-open-data.s3.amazonaws.com/photos/46185605/large.jpeg,Xanthorhoe abrasaria congregata,48460/1/47120/372739/47158/184884/47157/49531/49530/123032/123052/81693/233736,jpeg
http://inaturalist-open-data.s3.amazonaws.com/photos/46185478/large.jpg,Xanthorhoe abrasaria congregata,48460/1/47120/372739/47158/184884/47157/49531/49530/123032/123052/81693/233736,jpg
http://inaturalist-open-data.s3.amazonaws.com/photos/46186183/large.jpg,Xanthorhoe abrasaria congregata,48460/1/47120/372739/47158/184884/47157/49531/49530/123032/123052/81693/233736,jpg
http://inaturalist-open-data.s3.amazonaws.com/photos/46186236/large.jpg,Xanthorhoe abrasaria congregata,48460/1/47120/372739/47158/184884/47157/49531/49530/123032/123052/81693/233736,jpg
http://inaturalist-open-data.s3.amazonaws.com/photos/46186357/large.jpg,Xanthorhoe abrasaria congregata,48460/1/47120/372739/47158/184884/47157/49531/49530/123032/123052/81693/233736,jpg
http://inaturalist-open-data.s3.amazonaws.com/photos/107161210/large.jpeg,Xanthorhoe abrasaria congregata,48460/1/47120/372739/47158/184884/47157/49531/49530/123032/123052/81693/233736,jpeg
http://inaturalist-open-data.s3.amazonaws.com/photos/107161236/large.jpeg,Xanthorhoe abrasaria congregata,48460/1/47120/372739/47158/184884/47157/49531/49530/123032/123052/81693/233736,jpeg
http://inaturalist-open-data.s3.amazonaws.com/photos/107224590/large.jpeg,Xanthorhoe abrasaria congregata,48460/1/47120/372739/47158/184884/47157/49531/49530/123032/123052/81693/233736,jpeg
http://inaturalist-open-data.s3.amazonaws.com/photos/107225433/large.jpeg,Xanthorhoe abrasaria congregata,48460/1/47120/372739/47158/184884/47157/49531/49530/123032/123052/81693/233736,jpeg
http://inaturalist-open-data.s3.amazonaws.com/photos/107225453/large.jpeg,Xanthorhoe abrasaria congregata,48460/1/47120/372739/47158/184884/47157/49531/49530/123032/123052/81693/233736,jpeg
http://inaturalist-open-data.s3.amazonaws.com/photos/107397830/large.jpeg,Xanthorhoe abrasaria congregata,48460/1/47120/372739/47158/184884/47157/49531/49530/123032/123052/81693/233736,jpeg
