photo_url_large,taxon_name,ancestry,extension
http://inaturalist-open-data.s3.amazonaws.com/photos/30654500/large.jpg,Xylotrupes socrates tonkinensis,48460/1/47120/372739/47158/184884/47208/71130/702480/48202/48201/136361/424299/123158/425886,jpg
http://inaturalist-open-data.s3.amazonaws.com/photos/45731570/large.jpeg,Xylotrupes socrates tonkinensis,48460/1/47120/372739/47158/184884/47208/71130/702480/48202/48201/136361/424299/123158/425886,jpeg
http://inaturalist-open-data.s3.amazonaws.com/photos/106803146/large.jpeg,Xylotrupes socrates tonkinensis,48460/1/47120/372739/47158/184884/47208/71130/702480/48202/48201/136361/424299/123158/425886,jpeg
http://inaturalist-open-data.s3.amazonaws.com/photos/106803222/large.jpeg,Xylotrupes socrates tonkinensis,48460/1/47120/372739/47158/184884/47208/71130/702480/48202/48201/136361/424299/123158/425886,jpeg
http://inaturalist-open-data.s3.amazonaws.com/photos/127167874/large.jpg,Xylotrupes socrates tonkinensis,48460/1/47120/372739/47158/184884/47208/71130/702480/48202/48201/136361/424299/123158/425886,jpg
http://inaturalist-open-data.s3.amazonaws.com/photos/127167923/large.jpg,Xylotrupes socrates tonkinensis,48460/1/47120/372739/47158/184884/47208/71130/702480/48202/48201/136361/424299/123158/425886,jpg
http://inaturalist-open-data.s3.amazonaws.com/photos/138323947/large.jpg,Xylotrupes socrates tonkinensis,48460/1/47120/372739/47158/184884/47208/71130/702480/48202/48201/136361/424299/123158/425886,jpg
http://inaturalist-open-data.s3.amazonaws.com/photos/138323910/large.jpg,Xylotrupes socrates tonkinensis,48460/1/47120/372739/47158/184884/47208/71130/702480/48202/48201/136361/424299/123158/425886,jpg
http://inaturalist-open-data.s3.amazonaws.com/photos/138323934/large.jpg,Xylotrupes socrates tonkinensis,48460/1/47120/372739/47158/184884/47208/71130/702480/48202/48201/136361/424299/123158/425886,jpg
http://inaturalist-open-data.s3.amazonaws.com/photos/138323960/large.jpg,Xylotrupes socrates tonkinensis,48460/1/47120/372739/47158/184884/47208/71130/702480/48202/48201/136361/424299/123158/425886,jpg
http://inaturalist-open-data.s3.amazonaws.com/photos/144607490/large.jpeg,Xylotrupes socrates tonkinensis,48460/1/47120/372739/47158/184884/47208/71130/702480/48202/48201/136361/424299/123158/425886,jpeg
http://inaturalist-open-data.s3.amazonaws.com/photos/145791721/large.jpeg,Xylotrupes socrates tonkinensis,48460/1/47120/372739/47158/184884/47208/71130/702480/48202/48201/136361/424299/123158/425886,jpeg
http://inaturalist-open-data.s3.amazonaws.com/photos/145851755/large.jpg,Xylotrupes socrates tonkinensis,48460/1/47120/372739/47158/184884/47208/71130/702480/48202/48201/136361/424299/123158/425886,jpg
http://inaturalist-open-data.s3.amazonaws.com/photos/145851782/large.jpg,Xylotrupes socrates tonkinensis,48460/1/47120/372739/47158/184884/47208/71130/702480/48202/48201/136361/424299/123158/425886,jpg
http://inaturalist-open-data.s3.amazonaws.com/photos/145851807/large.jpg,Xylotrupes socrates tonkinensis,48460/1/47120/372739/47158/184884/47208/71130/702480/48202/48201/136361/424299/123158/425886,jpg
http://inaturalist-open-data.s3.amazonaws.com/photos/145851794/large.jpg,Xylotrupes socrates tonkinensis,48460/1/47120/372739/47158/184884/47208/71130/702480/48202/48201/136361/424299/123158/425886,jpg
http://inaturalist-open-data.s3.amazonaws.com/photos/145851832/large.jpg,Xylotrupes socrates tonkinensis,48460/1/47120/372739/47158/184884/47208/71130/702480/48202/48201/136361/424299/123158/425886,jpg
http://inaturalist-open-data.s3.amazonaws.com/photos/145851850/large.jpg,Xylotrupes socrates tonkinensis,48460/1/47120/372739/47158/184884/47208/71130/702480/48202/48201/136361/424299/123158/425886,jpg
http://inaturalist-open-data.s3.amazonaws.com/photos/145851866/large.jpg,Xylotrupes socrates tonkinensis,48460/1/47120/372739/47158/184884/47208/71130/702480/48202/48201/136361/424299/123158/425886,jpg
http://inaturalist-open-data.s3.amazonaws.com/photos/145851890/large.jpg,Xylotrupes socrates tonkinensis,48460/1/47120/372739/47158/184884/47208/71130/702480/48202/48201/136361/424299/123158/425886,jpg
http://inaturalist-open-data.s3.amazonaws.com/photos/146799681/large.jpg,Xylotrupes socrates tonkinensis,48460/1/47120/372739/47158/184884/47208/71130/702480/48202/48201/136361/424299/123158/425886,jpg
http://inaturalist-open-data.s3.amazonaws.com/photos/146799695/large.jpg,Xylotrupes socrates tonkinensis,48460/1/47120/372739/47158/184884/47208/71130/702480/48202/48201/136361/424299/123158/425886,jpg
http://inaturalist-open-data.s3.amazonaws.com/photos/151220086/large.jpg,Xylotrupes socrates tonkinensis,48460/1/47120/372739/47158/184884/47208/71130/702480/48202/48201/136361/424299/123158/425886,jpg
http://inaturalist-open-data.s3.amazonaws.com/photos/151220137/large.jpg,Xylotrupes socrates tonkinensis,48460/1/47120/372739/47158/184884/47208/71130/702480/48202/48201/136361/424299/123158/425886,jpg
http://inaturalist-open-data.s3.amazonaws.com/photos/151220557/large.jpg,Xylotrupes socrates tonkinensis,48460/1/47120/372739/47158/184884/47208/71130/702480/48202/48201/136361/424299/123158/425886,jpg
http://inaturalist-open-data.s3.amazonaws.com/photos/151220465/large.jpg,Xylotrupes socrates tonkinensis,48460/1/47120/372739/47158/184884/47208/71130/702480/48202/48201/136361/424299/123158/425886,jpg
http://inaturalist-open-data.s3.amazonaws.com/photos/151220495/large.jpg,Xylotrupes socrates tonkinensis,48460/1/47120/372739/47158/184884/47208/71130/702480/48202/48201/136361/424299/123158/425886,jpg
http://inaturalist-open-data.s3.amazonaws.com/photos/151220525/large.jpg,Xylotrupes socrates tonkinensis,48460/1/47120/372739/47158/184884/47208/71130/702480/48202/48201/136361/424299/123158/425886,jpg
http://inaturalist-open-data.s3.amazonaws.com/photos/151743778/large.jpg,Xylotrupes socrates tonkinensis,48460/1/47120/372739/47158/184884/47208/71130/702480/48202/48201/136361/424299/123158/425886,jpg
http://inaturalist-open-data.s3.amazonaws.com/photos/151743804/large.jpg,Xylotrupes socrates tonkinensis,48460/1/47120/372739/47158/184884/47208/71130/702480/48202/48201/136361/424299/123158/425886,jpg
http://inaturalist-open-data.s3.amazonaws.com/photos/151743789/large.jpg,Xylotrupes socrates tonkinensis,48460/1/47120/372739/47158/184884/47208/71130/702480/48202/48201/136361/424299/123158/425886,jpg
http://inaturalist-open-data.s3.amazonaws.com/photos/154245823/large.jpeg,Xylotrupes socrates tonkinensis,48460/1/47120/372739/47158/184884/47208/71130/702480/48202/48201/136361/424299/123158/425886,jpeg
http://inaturalist-open-data.s3.amazonaws.com/photos/154245843/large.jpeg,Xylotrupes socrates tonkinensis,48460/1/47120/372739/47158/184884/47208/71130/702480/48202/48201/136361/424299/123158/425886,jpeg
http://inaturalist-open-data.s3.amazonaws.com/photos/154501708/large.jpeg,Xylotrupes socrates tonkinensis,48460/1/47120/372739/47158/184884/47208/71130/702480/48202/48201/136361/424299/123158/425886,jpeg
http://inaturalist-open-data.s3.amazonaws.com/photos/154561193/large.jpg,Xylotrupes socrates tonkinensis,48460/1/47120/372739/47158/184884/47208/71130/702480/48202/48201/136361/424299/123158/425886,jpg
http://inaturalist-open-data.s3.amazonaws.com/photos/156043104/large.jpg,Xylotrupes socrates tonkinensis,48460/1/47120/372739/47158/184884/47208/71130/702480/48202/48201/136361/424299/123158/425886,jpg
http://inaturalist-open-data.s3.amazonaws.com/photos/162073246/large.jpeg,Xylotrupes socrates tonkinensis,48460/1/47120/372739/47158/184884/47208/71130/702480/48202/48201/136361/424299/123158/425886,jpeg
http://inaturalist-open-data.s3.amazonaws.com/photos/162073269/large.jpeg,Xylotrupes socrates tonkinensis,48460/1/47120/372739/47158/184884/47208/71130/702480/48202/48201/136361/424299/123158/425886,jpeg
