photo_url_large,taxon_name,ancestry,extension
http://inaturalist-open-data.s3.amazonaws.com/photos/22218877/large.jpeg,Yoma sabina podium,48460/1/47120/372739/47158/184884/47157/47224/47922/202067/202224/358963/358951,jpeg
http://inaturalist-open-data.s3.amazonaws.com/photos/43502500/large.jpeg,Yoma sabina podium,48460/1/47120/372739/47158/184884/47157/47224/47922/202067/202224/358963/358951,jpeg
http://inaturalist-open-data.s3.amazonaws.com/photos/45229634/large.jpeg,Yoma sabina podium,48460/1/47120/372739/47158/184884/47157/47224/47922/202067/202224/358963/358951,jpeg
http://inaturalist-open-data.s3.amazonaws.com/photos/59416033/large.jpg,Yoma sabina podium,48460/1/47120/372739/47158/184884/47157/47224/47922/202067/202224/358963/358951,jpg
http://inaturalist-open-data.s3.amazonaws.com/photos/64509419/large.jpeg,Yoma sabina podium,48460/1/47120/372739/47158/184884/47157/47224/47922/202067/202224/358963/358951,jpeg
http://inaturalist-open-data.s3.amazonaws.com/photos/69291840/large.jpg,Yoma sabina podium,48460/1/47120/372739/47158/184884/47157/47224/47922/202067/202224/358963/358951,jpg
http://inaturalist-open-data.s3.amazonaws.com/photos/69292294/large.jpg,Yoma sabina podium,48460/1/47120/372739/47158/184884/47157/47224/47922/202067/202224/358963/358951,jpg
http://inaturalist-open-data.s3.amazonaws.com/photos/69293604/large.jpg,Yoma sabina podium,48460/1/47120/372739/47158/184884/47157/47224/47922/202067/202224/358963/358951,jpg
http://inaturalist-open-data.s3.amazonaws.com/photos/94099930/large.jpg,Yoma sabina podium,48460/1/47120/372739/47158/184884/47157/47224/47922/202067/202224/358963/358951,jpg
http://inaturalist-open-data.s3.amazonaws.com/photos/160054521/large.jpg,Yoma sabina podium,48460/1/47120/372739/47158/184884/47157/47224/47922/202067/202224/358963/358951,jpg
http://inaturalist-open-data.s3.amazonaws.com/photos/160054536/large.jpg,Yoma sabina podium,48460/1/47120/372739/47158/184884/47157/47224/47922/202067/202224/358963/358951,jpg
http://inaturalist-open-data.s3.amazonaws.com/photos/160054556/large.jpg,Yoma sabina podium,48460/1/47120/372739/47158/184884/47157/47224/47922/202067/202224/358963/358951,jpg
http://inaturalist-open-data.s3.amazonaws.com/photos/160054563/large.jpg,Yoma sabina podium,48460/1/47120/372739/47158/184884/47157/47224/47922/202067/202224/358963/358951,jpg
