photo_url_large,taxon_name,ancestry,extension
http://inaturalist-open-data.s3.amazonaws.com/photos/45113477/large.jpeg,Ypthima asterope mahratta,48460/1/47120/372739/47158/184884/47157/47224/47922/58597/58598/977101/52085/347592,jpeg
http://inaturalist-open-data.s3.amazonaws.com/photos/89397006/large.jpeg,Ypthima asterope mahratta,48460/1/47120/372739/47158/184884/47157/47224/47922/58597/58598/977101/52085/347592,jpeg
http://inaturalist-open-data.s3.amazonaws.com/photos/89402734/large.jpeg,Ypthima asterope mahratta,48460/1/47120/372739/47158/184884/47157/47224/47922/58597/58598/977101/52085/347592,jpeg
http://inaturalist-open-data.s3.amazonaws.com/photos/90470159/large.jpeg,Ypthima asterope mahratta,48460/1/47120/372739/47158/184884/47157/47224/47922/58597/58598/977101/52085/347592,jpeg
http://inaturalist-open-data.s3.amazonaws.com/photos/92305253/large.jpeg,Ypthima asterope mahratta,48460/1/47120/372739/47158/184884/47157/47224/47922/58597/58598/977101/52085/347592,jpeg
http://inaturalist-open-data.s3.amazonaws.com/photos/95834857/large.jpg,Ypthima asterope mahratta,48460/1/47120/372739/47158/184884/47157/47224/47922/58597/58598/977101/52085/347592,jpg
http://inaturalist-open-data.s3.amazonaws.com/photos/96009805/large.jpg,Ypthima asterope mahratta,48460/1/47120/372739/47158/184884/47157/47224/47922/58597/58598/977101/52085/347592,jpg
http://inaturalist-open-data.s3.amazonaws.com/photos/96188783/large.jpg,Ypthima asterope mahratta,48460/1/47120/372739/47158/184884/47157/47224/47922/58597/58598/977101/52085/347592,jpg
http://inaturalist-open-data.s3.amazonaws.com/photos/96889713/large.jpeg,Ypthima asterope mahratta,48460/1/47120/372739/47158/184884/47157/47224/47922/58597/58598/977101/52085/347592,jpeg
http://inaturalist-open-data.s3.amazonaws.com/photos/98216839/large.jpg,Ypthima asterope mahratta,48460/1/47120/372739/47158/184884/47157/47224/47922/58597/58598/977101/52085/347592,jpg
http://inaturalist-open-data.s3.amazonaws.com/photos/98216845/large.jpg,Ypthima asterope mahratta,48460/1/47120/372739/47158/184884/47157/47224/47922/58597/58598/977101/52085/347592,jpg
http://inaturalist-open-data.s3.amazonaws.com/photos/98216962/large.jpg,Ypthima asterope mahratta,48460/1/47120/372739/47158/184884/47157/47224/47922/58597/58598/977101/52085/347592,jpg
http://inaturalist-open-data.s3.amazonaws.com/photos/103706222/large.jpeg,Ypthima asterope mahratta,48460/1/47120/372739/47158/184884/47157/47224/47922/58597/58598/977101/52085/347592,jpeg
http://inaturalist-open-data.s3.amazonaws.com/photos/103706249/large.jpeg,Ypthima asterope mahratta,48460/1/47120/372739/47158/184884/47157/47224/47922/58597/58598/977101/52085/347592,jpeg
http://inaturalist-open-data.s3.amazonaws.com/photos/103706277/large.jpeg,Ypthima asterope mahratta,48460/1/47120/372739/47158/184884/47157/47224/47922/58597/58598/977101/52085/347592,jpeg
http://inaturalist-open-data.s3.amazonaws.com/photos/99159256/large.jpg,Ypthima asterope mahratta,48460/1/47120/372739/47158/184884/47157/47224/47922/58597/58598/977101/52085/347592,jpg
http://inaturalist-open-data.s3.amazonaws.com/photos/99740183/large.jpeg,Ypthima asterope mahratta,48460/1/47120/372739/47158/184884/47157/47224/47922/58597/58598/977101/52085/347592,jpeg
http://inaturalist-open-data.s3.amazonaws.com/photos/99740197/large.jpeg,Ypthima asterope mahratta,48460/1/47120/372739/47158/184884/47157/47224/47922/58597/58598/977101/52085/347592,jpeg
http://inaturalist-open-data.s3.amazonaws.com/photos/99740234/large.jpeg,Ypthima asterope mahratta,48460/1/47120/372739/47158/184884/47157/47224/47922/58597/58598/977101/52085/347592,jpeg
http://inaturalist-open-data.s3.amazonaws.com/photos/99740264/large.jpeg,Ypthima asterope mahratta,48460/1/47120/372739/47158/184884/47157/47224/47922/58597/58598/977101/52085/347592,jpeg
http://inaturalist-open-data.s3.amazonaws.com/photos/99740291/large.jpeg,Ypthima asterope mahratta,48460/1/47120/372739/47158/184884/47157/47224/47922/58597/58598/977101/52085/347592,jpeg
http://inaturalist-open-data.s3.amazonaws.com/photos/99740309/large.jpeg,Ypthima asterope mahratta,48460/1/47120/372739/47158/184884/47157/47224/47922/58597/58598/977101/52085/347592,jpeg
http://inaturalist-open-data.s3.amazonaws.com/photos/99740327/large.jpeg,Ypthima asterope mahratta,48460/1/47120/372739/47158/184884/47157/47224/47922/58597/58598/977101/52085/347592,jpeg
http://inaturalist-open-data.s3.amazonaws.com/photos/100865916/large.jpg,Ypthima asterope mahratta,48460/1/47120/372739/47158/184884/47157/47224/47922/58597/58598/977101/52085/347592,jpg
http://inaturalist-open-data.s3.amazonaws.com/photos/102043227/large.jpeg,Ypthima asterope mahratta,48460/1/47120/372739/47158/184884/47157/47224/47922/58597/58598/977101/52085/347592,jpeg
http://inaturalist-open-data.s3.amazonaws.com/photos/102043364/large.jpeg,Ypthima asterope mahratta,48460/1/47120/372739/47158/184884/47157/47224/47922/58597/58598/977101/52085/347592,jpeg
http://inaturalist-open-data.s3.amazonaws.com/photos/102043411/large.jpeg,Ypthima asterope mahratta,48460/1/47120/372739/47158/184884/47157/47224/47922/58597/58598/977101/52085/347592,jpeg
http://inaturalist-open-data.s3.amazonaws.com/photos/102043434/large.jpeg,Ypthima asterope mahratta,48460/1/47120/372739/47158/184884/47157/47224/47922/58597/58598/977101/52085/347592,jpeg
http://inaturalist-open-data.s3.amazonaws.com/photos/102043473/large.jpeg,Ypthima asterope mahratta,48460/1/47120/372739/47158/184884/47157/47224/47922/58597/58598/977101/52085/347592,jpeg
http://inaturalist-open-data.s3.amazonaws.com/photos/102047045/large.jpeg,Ypthima asterope mahratta,48460/1/47120/372739/47158/184884/47157/47224/47922/58597/58598/977101/52085/347592,jpeg
http://inaturalist-open-data.s3.amazonaws.com/photos/102047092/large.jpeg,Ypthima asterope mahratta,48460/1/47120/372739/47158/184884/47157/47224/47922/58597/58598/977101/52085/347592,jpeg
http://inaturalist-open-data.s3.amazonaws.com/photos/102057945/large.jpeg,Ypthima asterope mahratta,48460/1/47120/372739/47158/184884/47157/47224/47922/58597/58598/977101/52085/347592,jpeg
http://inaturalist-open-data.s3.amazonaws.com/photos/102058022/large.jpeg,Ypthima asterope mahratta,48460/1/47120/372739/47158/184884/47157/47224/47922/58597/58598/977101/52085/347592,jpeg
http://inaturalist-open-data.s3.amazonaws.com/photos/102284512/large.jpg,Ypthima asterope mahratta,48460/1/47120/372739/47158/184884/47157/47224/47922/58597/58598/977101/52085/347592,jpg
http://inaturalist-open-data.s3.amazonaws.com/photos/108598831/large.jpg,Ypthima asterope mahratta,48460/1/47120/372739/47158/184884/47157/47224/47922/58597/58598/977101/52085/347592,jpg
http://inaturalist-open-data.s3.amazonaws.com/photos/108598836/large.jpg,Ypthima asterope mahratta,48460/1/47120/372739/47158/184884/47157/47224/47922/58597/58598/977101/52085/347592,jpg
http://inaturalist-open-data.s3.amazonaws.com/photos/108598842/large.jpg,Ypthima asterope mahratta,48460/1/47120/372739/47158/184884/47157/47224/47922/58597/58598/977101/52085/347592,jpg
http://inaturalist-open-data.s3.amazonaws.com/photos/108602029/large.jpg,Ypthima asterope mahratta,48460/1/47120/372739/47158/184884/47157/47224/47922/58597/58598/977101/52085/347592,jpg
http://inaturalist-open-data.s3.amazonaws.com/photos/108602037/large.jpg,Ypthima asterope mahratta,48460/1/47120/372739/47158/184884/47157/47224/47922/58597/58598/977101/52085/347592,jpg
http://inaturalist-open-data.s3.amazonaws.com/photos/109385024/large.jpg,Ypthima asterope mahratta,48460/1/47120/372739/47158/184884/47157/47224/47922/58597/58598/977101/52085/347592,jpg
http://inaturalist-open-data.s3.amazonaws.com/photos/109720682/large.jpg,Ypthima asterope mahratta,48460/1/47120/372739/47158/184884/47157/47224/47922/58597/58598/977101/52085/347592,jpg
http://inaturalist-open-data.s3.amazonaws.com/photos/113279075/large.jpg,Ypthima asterope mahratta,48460/1/47120/372739/47158/184884/47157/47224/47922/58597/58598/977101/52085/347592,jpg
http://inaturalist-open-data.s3.amazonaws.com/photos/118686022/large.jpeg,Ypthima asterope mahratta,48460/1/47120/372739/47158/184884/47157/47224/47922/58597/58598/977101/52085/347592,jpeg
http://inaturalist-open-data.s3.amazonaws.com/photos/142152450/large.jpeg,Ypthima asterope mahratta,48460/1/47120/372739/47158/184884/47157/47224/47922/58597/58598/977101/52085/347592,jpeg
