photo_url_large,taxon_name,ancestry,extension
http://inaturalist-open-data.s3.amazonaws.com/photos/13208995/large.jpeg,Zizina otis riukuensis,48460/1/47120/372739/47158/184884/47157/47224/47923/58558/125833/522672/125541/125537,jpeg
http://inaturalist-open-data.s3.amazonaws.com/photos/13209026/large.jpeg,Zizina otis riukuensis,48460/1/47120/372739/47158/184884/47157/47224/47923/58558/125833/522672/125541/125537,jpeg
http://inaturalist-open-data.s3.amazonaws.com/photos/30130672/large.jpg,Zizina otis riukuensis,48460/1/47120/372739/47158/184884/47157/47224/47923/58558/125833/522672/125541/125537,jpg
http://inaturalist-open-data.s3.amazonaws.com/photos/30130675/large.jpg,Zizina otis riukuensis,48460/1/47120/372739/47158/184884/47157/47224/47923/58558/125833/522672/125541/125537,jpg
http://inaturalist-open-data.s3.amazonaws.com/photos/30130680/large.jpg,Zizina otis riukuensis,48460/1/47120/372739/47158/184884/47157/47224/47923/58558/125833/522672/125541/125537,jpg
http://inaturalist-open-data.s3.amazonaws.com/photos/30621015/large.jpg,Zizina otis riukuensis,48460/1/47120/372739/47158/184884/47157/47224/47923/58558/125833/522672/125541/125537,jpg
http://inaturalist-open-data.s3.amazonaws.com/photos/30621013/large.jpg,Zizina otis riukuensis,48460/1/47120/372739/47158/184884/47157/47224/47923/58558/125833/522672/125541/125537,jpg
http://inaturalist-open-data.s3.amazonaws.com/photos/30621012/large.jpg,Zizina otis riukuensis,48460/1/47120/372739/47158/184884/47157/47224/47923/58558/125833/522672/125541/125537,jpg
http://inaturalist-open-data.s3.amazonaws.com/photos/30621439/large.jpg,Zizina otis riukuensis,48460/1/47120/372739/47158/184884/47157/47224/47923/58558/125833/522672/125541/125537,jpg
http://inaturalist-open-data.s3.amazonaws.com/photos/42787205/large.jpg,Zizina otis riukuensis,48460/1/47120/372739/47158/184884/47157/47224/47923/58558/125833/522672/125541/125537,jpg
http://inaturalist-open-data.s3.amazonaws.com/photos/45480175/large.jpg,Zizina otis riukuensis,48460/1/47120/372739/47158/184884/47157/47224/47923/58558/125833/522672/125541/125537,jpg
http://inaturalist-open-data.s3.amazonaws.com/photos/48673182/large.jpeg,Zizina otis riukuensis,48460/1/47120/372739/47158/184884/47157/47224/47923/58558/125833/522672/125541/125537,jpeg
http://inaturalist-open-data.s3.amazonaws.com/photos/49035875/large.jpg,Zizina otis riukuensis,48460/1/47120/372739/47158/184884/47157/47224/47923/58558/125833/522672/125541/125537,jpg
http://inaturalist-open-data.s3.amazonaws.com/photos/49224837/large.jpeg,Zizina otis riukuensis,48460/1/47120/372739/47158/184884/47157/47224/47923/58558/125833/522672/125541/125537,jpeg
http://inaturalist-open-data.s3.amazonaws.com/photos/49758993/large.jpeg,Zizina otis riukuensis,48460/1/47120/372739/47158/184884/47157/47224/47923/58558/125833/522672/125541/125537,jpeg
http://inaturalist-open-data.s3.amazonaws.com/photos/49759027/large.jpeg,Zizina otis riukuensis,48460/1/47120/372739/47158/184884/47157/47224/47923/58558/125833/522672/125541/125537,jpeg
http://inaturalist-open-data.s3.amazonaws.com/photos/49759022/large.jpeg,Zizina otis riukuensis,48460/1/47120/372739/47158/184884/47157/47224/47923/58558/125833/522672/125541/125537,jpeg
http://inaturalist-open-data.s3.amazonaws.com/photos/49759026/large.jpeg,Zizina otis riukuensis,48460/1/47120/372739/47158/184884/47157/47224/47923/58558/125833/522672/125541/125537,jpeg
http://inaturalist-open-data.s3.amazonaws.com/photos/51105471/large.jpeg,Zizina otis riukuensis,48460/1/47120/372739/47158/184884/47157/47224/47923/58558/125833/522672/125541/125537,jpeg
http://inaturalist-open-data.s3.amazonaws.com/photos/51874231/large.jpeg,Zizina otis riukuensis,48460/1/47120/372739/47158/184884/47157/47224/47923/58558/125833/522672/125541/125537,jpeg
http://inaturalist-open-data.s3.amazonaws.com/photos/51874237/large.jpeg,Zizina otis riukuensis,48460/1/47120/372739/47158/184884/47157/47224/47923/58558/125833/522672/125541/125537,jpeg
http://inaturalist-open-data.s3.amazonaws.com/photos/51874250/large.jpeg,Zizina otis riukuensis,48460/1/47120/372739/47158/184884/47157/47224/47923/58558/125833/522672/125541/125537,jpeg
http://inaturalist-open-data.s3.amazonaws.com/photos/52470139/large.jpg,Zizina otis riukuensis,48460/1/47120/372739/47158/184884/47157/47224/47923/58558/125833/522672/125541/125537,jpg
http://inaturalist-open-data.s3.amazonaws.com/photos/52953264/large.jpg,Zizina otis riukuensis,48460/1/47120/372739/47158/184884/47157/47224/47923/58558/125833/522672/125541/125537,jpg
http://inaturalist-open-data.s3.amazonaws.com/photos/52953709/large.jpg,Zizina otis riukuensis,48460/1/47120/372739/47158/184884/47157/47224/47923/58558/125833/522672/125541/125537,jpg
http://inaturalist-open-data.s3.amazonaws.com/photos/52953802/large.jpg,Zizina otis riukuensis,48460/1/47120/372739/47158/184884/47157/47224/47923/58558/125833/522672/125541/125537,jpg
http://inaturalist-open-data.s3.amazonaws.com/photos/54230925/large.jpeg,Zizina otis riukuensis,48460/1/47120/372739/47158/184884/47157/47224/47923/58558/125833/522672/125541/125537,jpeg
http://inaturalist-open-data.s3.amazonaws.com/photos/55088518/large.jpg,Zizina otis riukuensis,48460/1/47120/372739/47158/184884/47157/47224/47923/58558/125833/522672/125541/125537,jpg
http://inaturalist-open-data.s3.amazonaws.com/photos/56750278/large.jpg,Zizina otis riukuensis,48460/1/47120/372739/47158/184884/47157/47224/47923/58558/125833/522672/125541/125537,jpg
http://inaturalist-open-data.s3.amazonaws.com/photos/56749939/large.jpg,Zizina otis riukuensis,48460/1/47120/372739/47158/184884/47157/47224/47923/58558/125833/522672/125541/125537,jpg
http://inaturalist-open-data.s3.amazonaws.com/photos/58862530/large.jpg,Zizina otis riukuensis,48460/1/47120/372739/47158/184884/47157/47224/47923/58558/125833/522672/125541/125537,jpg
http://inaturalist-open-data.s3.amazonaws.com/photos/64957142/large.jpeg,Zizina otis riukuensis,48460/1/47120/372739/47158/184884/47157/47224/47923/58558/125833/522672/125541/125537,jpeg
http://inaturalist-open-data.s3.amazonaws.com/photos/67741340/large.jpeg,Zizina otis riukuensis,48460/1/47120/372739/47158/184884/47157/47224/47923/58558/125833/522672/125541/125537,jpeg
http://inaturalist-open-data.s3.amazonaws.com/photos/67741354/large.jpeg,Zizina otis riukuensis,48460/1/47120/372739/47158/184884/47157/47224/47923/58558/125833/522672/125541/125537,jpeg
http://inaturalist-open-data.s3.amazonaws.com/photos/75343822/large.jpeg,Zizina otis riukuensis,48460/1/47120/372739/47158/184884/47157/47224/47923/58558/125833/522672/125541/125537,jpeg
http://inaturalist-open-data.s3.amazonaws.com/photos/75343835/large.jpeg,Zizina otis riukuensis,48460/1/47120/372739/47158/184884/47157/47224/47923/58558/125833/522672/125541/125537,jpeg
http://inaturalist-open-data.s3.amazonaws.com/photos/77766348/large.jpg,Zizina otis riukuensis,48460/1/47120/372739/47158/184884/47157/47224/47923/58558/125833/522672/125541/125537,jpg
http://inaturalist-open-data.s3.amazonaws.com/photos/84149674/large.jpg,Zizina otis riukuensis,48460/1/47120/372739/47158/184884/47157/47224/47923/58558/125833/522672/125541/125537,jpg
http://inaturalist-open-data.s3.amazonaws.com/photos/85260291/large.jpg,Zizina otis riukuensis,48460/1/47120/372739/47158/184884/47157/47224/47923/58558/125833/522672/125541/125537,jpg
http://inaturalist-open-data.s3.amazonaws.com/photos/90921622/large.jpeg,Zizina otis riukuensis,48460/1/47120/372739/47158/184884/47157/47224/47923/58558/125833/522672/125541/125537,jpeg
http://inaturalist-open-data.s3.amazonaws.com/photos/93099619/large.jpg,Zizina otis riukuensis,48460/1/47120/372739/47158/184884/47157/47224/47923/58558/125833/522672/125541/125537,jpg
http://inaturalist-open-data.s3.amazonaws.com/photos/93945583/large.jpg,Zizina otis riukuensis,48460/1/47120/372739/47158/184884/47157/47224/47923/58558/125833/522672/125541/125537,jpg
http://inaturalist-open-data.s3.amazonaws.com/photos/94100104/large.jpg,Zizina otis riukuensis,48460/1/47120/372739/47158/184884/47157/47224/47923/58558/125833/522672/125541/125537,jpg
http://inaturalist-open-data.s3.amazonaws.com/photos/99193155/large.jpeg,Zizina otis riukuensis,48460/1/47120/372739/47158/184884/47157/47224/47923/58558/125833/522672/125541/125537,jpeg
http://inaturalist-open-data.s3.amazonaws.com/photos/99193174/large.jpeg,Zizina otis riukuensis,48460/1/47120/372739/47158/184884/47157/47224/47923/58558/125833/522672/125541/125537,jpeg
http://inaturalist-open-data.s3.amazonaws.com/photos/99193224/large.jpeg,Zizina otis riukuensis,48460/1/47120/372739/47158/184884/47157/47224/47923/58558/125833/522672/125541/125537,jpeg
http://inaturalist-open-data.s3.amazonaws.com/photos/99193227/large.jpeg,Zizina otis riukuensis,48460/1/47120/372739/47158/184884/47157/47224/47923/58558/125833/522672/125541/125537,jpeg
http://inaturalist-open-data.s3.amazonaws.com/photos/100772050/large.jpeg,Zizina otis riukuensis,48460/1/47120/372739/47158/184884/47157/47224/47923/58558/125833/522672/125541/125537,jpeg
http://inaturalist-open-data.s3.amazonaws.com/photos/101163778/large.jpeg,Zizina otis riukuensis,48460/1/47120/372739/47158/184884/47157/47224/47923/58558/125833/522672/125541/125537,jpeg
http://inaturalist-open-data.s3.amazonaws.com/photos/101164254/large.jpeg,Zizina otis riukuensis,48460/1/47120/372739/47158/184884/47157/47224/47923/58558/125833/522672/125541/125537,jpeg
http://inaturalist-open-data.s3.amazonaws.com/photos/102491598/large.jpg,Zizina otis riukuensis,48460/1/47120/372739/47158/184884/47157/47224/47923/58558/125833/522672/125541/125537,jpg
http://inaturalist-open-data.s3.amazonaws.com/photos/103239370/large.jpg,Zizina otis riukuensis,48460/1/47120/372739/47158/184884/47157/47224/47923/58558/125833/522672/125541/125537,jpg
http://inaturalist-open-data.s3.amazonaws.com/photos/103240482/large.jpg,Zizina otis riukuensis,48460/1/47120/372739/47158/184884/47157/47224/47923/58558/125833/522672/125541/125537,jpg
http://inaturalist-open-data.s3.amazonaws.com/photos/103240778/large.jpg,Zizina otis riukuensis,48460/1/47120/372739/47158/184884/47157/47224/47923/58558/125833/522672/125541/125537,jpg
http://inaturalist-open-data.s3.amazonaws.com/photos/105348464/large.jpg,Zizina otis riukuensis,48460/1/47120/372739/47158/184884/47157/47224/47923/58558/125833/522672/125541/125537,jpg
http://inaturalist-open-data.s3.amazonaws.com/photos/106538224/large.jpg,Zizina otis riukuensis,48460/1/47120/372739/47158/184884/47157/47224/47923/58558/125833/522672/125541/125537,jpg
http://inaturalist-open-data.s3.amazonaws.com/photos/106538229/large.jpg,Zizina otis riukuensis,48460/1/47120/372739/47158/184884/47157/47224/47923/58558/125833/522672/125541/125537,jpg
http://inaturalist-open-data.s3.amazonaws.com/photos/106538236/large.jpg,Zizina otis riukuensis,48460/1/47120/372739/47158/184884/47157/47224/47923/58558/125833/522672/125541/125537,jpg
http://inaturalist-open-data.s3.amazonaws.com/photos/106538242/large.jpg,Zizina otis riukuensis,48460/1/47120/372739/47158/184884/47157/47224/47923/58558/125833/522672/125541/125537,jpg
http://inaturalist-open-data.s3.amazonaws.com/photos/111100597/large.jpg,Zizina otis riukuensis,48460/1/47120/372739/47158/184884/47157/47224/47923/58558/125833/522672/125541/125537,jpg
http://inaturalist-open-data.s3.amazonaws.com/photos/134572354/large.jpg,Zizina otis riukuensis,48460/1/47120/372739/47158/184884/47157/47224/47923/58558/125833/522672/125541/125537,jpg
http://inaturalist-open-data.s3.amazonaws.com/photos/144037884/large.jpeg,Zizina otis riukuensis,48460/1/47120/372739/47158/184884/47157/47224/47923/58558/125833/522672/125541/125537,jpeg
http://inaturalist-open-data.s3.amazonaws.com/photos/145779937/large.jpg,Zizina otis riukuensis,48460/1/47120/372739/47158/184884/47157/47224/47923/58558/125833/522672/125541/125537,jpg
http://inaturalist-open-data.s3.amazonaws.com/photos/145779944/large.jpg,Zizina otis riukuensis,48460/1/47120/372739/47158/184884/47157/47224/47923/58558/125833/522672/125541/125537,jpg
http://inaturalist-open-data.s3.amazonaws.com/photos/145779956/large.jpg,Zizina otis riukuensis,48460/1/47120/372739/47158/184884/47157/47224/47923/58558/125833/522672/125541/125537,jpg
http://inaturalist-open-data.s3.amazonaws.com/photos/145780009/large.jpg,Zizina otis riukuensis,48460/1/47120/372739/47158/184884/47157/47224/47923/58558/125833/522672/125541/125537,jpg
http://inaturalist-open-data.s3.amazonaws.com/photos/145780023/large.jpg,Zizina otis riukuensis,48460/1/47120/372739/47158/184884/47157/47224/47923/58558/125833/522672/125541/125537,jpg
http://inaturalist-open-data.s3.amazonaws.com/photos/145780036/large.jpg,Zizina otis riukuensis,48460/1/47120/372739/47158/184884/47157/47224/47923/58558/125833/522672/125541/125537,jpg
http://inaturalist-open-data.s3.amazonaws.com/photos/145780052/large.jpg,Zizina otis riukuensis,48460/1/47120/372739/47158/184884/47157/47224/47923/58558/125833/522672/125541/125537,jpg
http://inaturalist-open-data.s3.amazonaws.com/photos/145780330/large.jpg,Zizina otis riukuensis,48460/1/47120/372739/47158/184884/47157/47224/47923/58558/125833/522672/125541/125537,jpg
http://inaturalist-open-data.s3.amazonaws.com/photos/145780336/large.jpg,Zizina otis riukuensis,48460/1/47120/372739/47158/184884/47157/47224/47923/58558/125833/522672/125541/125537,jpg
http://inaturalist-open-data.s3.amazonaws.com/photos/145780339/large.jpg,Zizina otis riukuensis,48460/1/47120/372739/47158/184884/47157/47224/47923/58558/125833/522672/125541/125537,jpg
http://inaturalist-open-data.s3.amazonaws.com/photos/145780351/large.jpg,Zizina otis riukuensis,48460/1/47120/372739/47158/184884/47157/47224/47923/58558/125833/522672/125541/125537,jpg
http://inaturalist-open-data.s3.amazonaws.com/photos/145797390/large.jpg,Zizina otis riukuensis,48460/1/47120/372739/47158/184884/47157/47224/47923/58558/125833/522672/125541/125537,jpg
http://inaturalist-open-data.s3.amazonaws.com/photos/145797397/large.jpg,Zizina otis riukuensis,48460/1/47120/372739/47158/184884/47157/47224/47923/58558/125833/522672/125541/125537,jpg
http://inaturalist-open-data.s3.amazonaws.com/photos/145797405/large.jpg,Zizina otis riukuensis,48460/1/47120/372739/47158/184884/47157/47224/47923/58558/125833/522672/125541/125537,jpg
http://inaturalist-open-data.s3.amazonaws.com/photos/145797416/large.jpg,Zizina otis riukuensis,48460/1/47120/372739/47158/184884/47157/47224/47923/58558/125833/522672/125541/125537,jpg
http://inaturalist-open-data.s3.amazonaws.com/photos/165054658/large.jpg,Zizina otis riukuensis,48460/1/47120/372739/47158/184884/47157/47224/47923/58558/125833/522672/125541/125537,jpg
http://inaturalist-open-data.s3.amazonaws.com/photos/165054669/large.jpg,Zizina otis riukuensis,48460/1/47120/372739/47158/184884/47157/47224/47923/58558/125833/522672/125541/125537,jpg
http://inaturalist-open-data.s3.amazonaws.com/photos/165708656/large.jpg,Zizina otis riukuensis,48460/1/47120/372739/47158/184884/47157/47224/47923/58558/125833/522672/125541/125537,jpg
http://inaturalist-open-data.s3.amazonaws.com/photos/166407433/large.jpeg,Zizina otis riukuensis,48460/1/47120/372739/47158/184884/47157/47224/47923/58558/125833/522672/125541/125537,jpeg
http://inaturalist-open-data.s3.amazonaws.com/photos/166407883/large.jpeg,Zizina otis riukuensis,48460/1/47120/372739/47158/184884/47157/47224/47923/58558/125833/522672/125541/125537,jpeg
http://inaturalist-open-data.s3.amazonaws.com/photos/166409209/large.jpeg,Zizina otis riukuensis,48460/1/47120/372739/47158/184884/47157/47224/47923/58558/125833/522672/125541/125537,jpeg
http://inaturalist-open-data.s3.amazonaws.com/photos/168908119/large.jpeg,Zizina otis riukuensis,48460/1/47120/372739/47158/184884/47157/47224/47923/58558/125833/522672/125541/125537,jpeg
http://inaturalist-open-data.s3.amazonaws.com/photos/170415350/large.jpeg,Zizina otis riukuensis,48460/1/47120/372739/47158/184884/47157/47224/47923/58558/125833/522672/125541/125537,jpeg
